id_event,title,event_date,type,event_sk
1585,Guess.,Sun Nov 30 00:00:00 GMT+01:00 2025,Private Party,1585
2146,Bar.,Fri Apr 19 00:00:00 GMT+01:00 2024,Wedding,2146
2825,Nor trip.,Sun May 19 00:00:00 GMT+01:00 2024,Birthday,2826
4718,Win seven.,Mon Dec 01 00:00:00 GMT+01:00 2025,Wedding,4718
4921,He.,Wed Jan 11 00:00:00 GMT+01:00 2023,Birthday,4921
6662,Add me.,Fri Dec 02 00:00:00 GMT+01:00 2022,Birthday,6663
7210,Pm less.,Sun May 01 00:00:00 GMT+01:00 2022,Birthday,7210
8155,Among could.,Sat Apr 20 00:00:00 GMT+01:00 2024,Wedding,8155
8398,Have him.,Fri Apr 14 00:00:00 GMT+01:00 2023,Birthday,8398
8551,Wife PM.,Mon Oct 16 00:00:00 GMT+01:00 2023,Wedding,8551
8937,Ten book.,Sun Jul 24 00:00:00 GMT+01:00 2022,Wedding,8937
9334,Boy inside.,Sat Jul 20 00:00:00 GMT+01:00 2024,Birthday,9334
9504,No lot.,Thu May 29 00:00:00 GMT+01:00 2025,Wedding,9504
10001,Effect number police.,Tue Jan 03 00:00:00 GMT+01:00 2023,Birthday,10001
10002,Market stand.,Tue Nov 25 00:00:00 GMT+01:00 2025,Private Party,10002
10003,Doctor strong test.,Sat Jan 22 00:00:00 GMT+01:00 2022,Corporate Event,10003
10004,Degree mention successful.,Mon Aug 22 00:00:00 GMT+01:00 2022,Corporate Event,10004
10005,Foreign nation.,Sat Jan 21 00:00:00 GMT+01:00 2023,Private Party,10005
10006,Specific such city.,Sat Sep 28 00:00:00 GMT+01:00 2024,Birthday,10006
10007,Miss culture.,Sun Jun 04 00:00:00 GMT+01:00 2023,Birthday,10007
10008,Energy set behind.,Tue Apr 22 00:00:00 GMT+01:00 2025,Wedding,10008
10009,Provide player but will.,Tue Sep 06 00:00:00 GMT+01:00 2022,Birthday,10009
10010,Significant bit compare.,Tue Mar 14 00:00:00 GMT+01:00 2023,Private Party,10010
10011,Use owner see.,Tue Apr 12 00:00:00 GMT+01:00 2022,Birthday,10011
10012,Late because set.,Sat Oct 29 00:00:00 GMT+01:00 2022,Birthday,10012
10013,People little.,Sun Jan 09 00:00:00 GMT+01:00 2022,Wedding,10013
10014,Study young.,Sat Feb 19 00:00:00 GMT+01:00 2022,Wedding,10014
10015,Before.,Wed Apr 12 00:00:00 GMT+01:00 2023,Birthday,10015
10016,Evening be.,Mon Jul 29 00:00:00 GMT+01:00 2024,Birthday,10016
10017,Anything discover attorney.,Tue Mar 08 00:00:00 GMT+01:00 2022,Corporate Event,10017
10018,Hard next middle.,Thu Aug 22 00:00:00 GMT+01:00 2024,Corporate Event,10018
10019,Minute.,Mon May 15 00:00:00 GMT+01:00 2023,Corporate Event,10019
10020,Laugh goal a.,Tue Sep 17 00:00:00 GMT+01:00 2024,Birthday,10020
10021,Man.,Wed Sep 11 00:00:00 GMT+01:00 2024,Corporate Event,10021
10022,Like feel.,Sat Mar 29 00:00:00 GMT+01:00 2025,Private Party,10022
10023,Front.,Fri Nov 15 00:00:00 GMT+01:00 2024,Private Party,10023
10024,Hour forget.,Sun Mar 23 00:00:00 GMT+01:00 2025,Wedding,10024
10025,Eat reveal world.,Fri Nov 29 00:00:00 GMT+01:00 2024,Private Party,10025
10026,Century best change.,Tue Jan 16 00:00:00 GMT+01:00 2024,Corporate Event,10026
10027,Will manager.,Sat Feb 19 00:00:00 GMT+01:00 2022,Birthday,10027
10028,Miss threat toward team.,Sun Mar 13 00:00:00 GMT+01:00 2022,Birthday,10028
10029,Key control.,Tue Dec 30 00:00:00 GMT+01:00 2025,Private Party,10029
10030,Smile show line.,Wed Aug 23 00:00:00 GMT+01:00 2023,Birthday,10030
10031,Pick.,Fri Jun 24 00:00:00 GMT+01:00 2022,Private Party,10031
11692,Degree at.,Tue Apr 29 00:00:00 GMT+01:00 2025,Wedding,11692
1,Whether require bank.,Thu May 29 00:00:00 GMT+01:00 2025,Birthday,1
2,Environmental decide talk.,Mon May 16 00:00:00 GMT+01:00 2022,Private Party,2
3,Of believe.,Mon May 15 00:00:00 GMT+01:00 2023,Wedding,3
4,Theory middle.,Tue Jan 03 00:00:00 GMT+01:00 2023,Birthday,4
5,And reality heart.,Thu Jul 24 00:00:00 GMT+01:00 2025,Private Party,5
6,Young recently its build.,Sun May 18 00:00:00 GMT+01:00 2025,Corporate Event,6
7,Job point.,Mon Dec 05 00:00:00 GMT+01:00 2022,Corporate Event,7
8,No cause throw benefit.,Sun Jun 11 00:00:00 GMT+01:00 2023,Corporate Event,8
9,Move fund according.,Thu Dec 11 00:00:00 GMT+01:00 2025,Private Party,9
10,Worry degree.,Fri Aug 26 00:00:00 GMT+01:00 2022,Birthday,10
11,Fire whatever.,Sat Feb 19 00:00:00 GMT+01:00 2022,Wedding,11
12,Under last.,Fri Jun 24 00:00:00 GMT+01:00 2022,Corporate Event,12
13,Author catch.,Sat Nov 22 00:00:00 GMT+01:00 2025,Private Party,13
14,Provide answer thank recent.,Mon Jun 02 00:00:00 GMT+01:00 2025,Corporate Event,14
15,Join front example.,Wed Feb 02 00:00:00 GMT+01:00 2022,Corporate Event,15
16,Site worker.,Sat Aug 27 00:00:00 GMT+01:00 2022,Private Party,16
17,Night in billion.,Wed Oct 26 00:00:00 GMT+01:00 2022,Corporate Event,17
18,Offer ask.,Sun Dec 25 00:00:00 GMT+01:00 2022,Corporate Event,18
19,Popular sure whether into.,Sat Aug 17 00:00:00 GMT+01:00 2024,Private Party,19
20,Detail speak firm.,Sat Jan 06 00:00:00 GMT+01:00 2024,Corporate Event,20
21,Simply manager.,Sun Aug 10 00:00:00 GMT+01:00 2025,Corporate Event,21
22,Method president.,Tue May 31 00:00:00 GMT+01:00 2022,Birthday,22
23,Artist body.,Fri Dec 26 00:00:00 GMT+01:00 2025,Birthday,23
24,Short model cover.,Tue Aug 06 00:00:00 GMT+01:00 2024,Wedding,24
25,Yeah commercial.,Tue Feb 11 00:00:00 GMT+01:00 2025,Birthday,25
26,Simple article.,Sun Jan 30 00:00:00 GMT+01:00 2022,Corporate Event,26
27,Usually I.,Wed Nov 06 00:00:00 GMT+01:00 2024,Birthday,27
28,Decision phone in.,Wed Nov 13 00:00:00 GMT+01:00 2024,Birthday,28
29,Pass ahead him season.,Thu Oct 30 00:00:00 GMT+01:00 2025,Birthday,29
30,Religious eat research.,Sun Apr 16 00:00:00 GMT+01:00 2023,Corporate Event,30
31,Heart evidence general.,Thu Jan 12 00:00:00 GMT+01:00 2023,Birthday,31
32,Note base.,Wed Feb 16 00:00:00 GMT+01:00 2022,Birthday,32
33,Instead.,Sat Oct 11 00:00:00 GMT+01:00 2025,Birthday,33
34,Heavy figure analysis.,Sun Mar 05 00:00:00 GMT+01:00 2023,Corporate Event,34
35,Its quickly important.,Thu Nov 02 00:00:00 GMT+01:00 2023,Wedding,35
36,Though west could.,Wed Jun 15 00:00:00 GMT+01:00 2022,Wedding,36
37,Meet pull truth voice.,Fri Jun 09 00:00:00 GMT+01:00 2023,Birthday,37
38,Miss before.,Fri Apr 08 00:00:00 GMT+01:00 2022,Private Party,38
39,Range tree.,Mon May 08 00:00:00 GMT+01:00 2023,Birthday,39
40,Not admit likely.,Wed Jan 25 00:00:00 GMT+01:00 2023,Birthday,40
41,Network mother nation.,Thu Nov 09 00:00:00 GMT+01:00 2023,Wedding,41
42,Both budget again.,Fri Feb 21 00:00:00 GMT+01:00 2025,Wedding,42
43,Image to space.,Sun Sep 11 00:00:00 GMT+01:00 2022,Private Party,43
44,There mother if.,Thu Oct 16 00:00:00 GMT+01:00 2025,Birthday,44
45,House Mr special.,Tue Jul 25 00:00:00 GMT+01:00 2023,Wedding,45
46,Evidence ready water.,Mon Mar 11 00:00:00 GMT+01:00 2024,Private Party,46
47,Result game.,Sat Aug 12 00:00:00 GMT+01:00 2023,Corporate Event,47
48,Trade over already.,Fri Sep 05 00:00:00 GMT+01:00 2025,Private Party,48
49,Morning different thought yeah.,Thu Apr 25 00:00:00 GMT+01:00 2024,Birthday,49
50,Ok very young.,Tue Aug 29 00:00:00 GMT+01:00 2023,Corporate Event,50
51,Whose age.,Mon Sep 01 00:00:00 GMT+01:00 2025,Private Party,51
52,So trade.,Sat Feb 04 00:00:00 GMT+01:00 2023,Birthday,52
53,Other air education.,Tue May 16 00:00:00 GMT+01:00 2023,Birthday,53
54,Guess law feel.,Mon Jan 27 00:00:00 GMT+01:00 2025,Private Party,54
55,Ahead building care.,Mon Dec 18 00:00:00 GMT+01:00 2023,Wedding,55
56,Might picture eight.,Sat Dec 24 00:00:00 GMT+01:00 2022,Birthday,56
57,Attack media arm.,Sun Aug 07 00:00:00 GMT+01:00 2022,Corporate Event,57
58,Phone wait.,Wed Nov 05 00:00:00 GMT+01:00 2025,Birthday,58
59,Program themselves.,Tue Feb 04 00:00:00 GMT+01:00 2025,Private Party,59
60,Idea range point.,Sun Jun 30 00:00:00 GMT+01:00 2024,Wedding,60
61,Upon office.,Fri Jan 05 00:00:00 GMT+01:00 2024,Wedding,61
62,Message image.,Sat Jan 18 00:00:00 GMT+01:00 2025,Corporate Event,62
63,Eat coach.,Mon Mar 27 00:00:00 GMT+01:00 2023,Corporate Event,63
64,Available kind.,Tue May 06 00:00:00 GMT+01:00 2025,Wedding,64
65,Sort smile nor.,Fri Feb 28 00:00:00 GMT+01:00 2025,Corporate Event,65
66,Manager.,Thu Jun 30 00:00:00 GMT+01:00 2022,Birthday,66
67,Staff determine.,Mon Apr 03 00:00:00 GMT+01:00 2023,Corporate Event,67
68,Process fight.,Thu Oct 20 00:00:00 GMT+01:00 2022,Corporate Event,68
69,Later condition onto.,Thu Mar 07 00:00:00 GMT+01:00 2024,Corporate Event,69
70,Would leader.,Mon Mar 21 00:00:00 GMT+01:00 2022,Wedding,70
71,Size.,Sat Dec 10 00:00:00 GMT+01:00 2022,Birthday,71
72,Cover low performance tonight.,Sat May 03 00:00:00 GMT+01:00 2025,Wedding,72
73,Around full.,Sun Jul 28 00:00:00 GMT+01:00 2024,Wedding,73
74,Picture job action region.,Sat Mar 29 00:00:00 GMT+01:00 2025,Birthday,74
75,Space head.,Sat Oct 12 00:00:00 GMT+01:00 2024,Wedding,75
76,Yard throw drive.,Mon Mar 17 00:00:00 GMT+01:00 2025,Private Party,76
77,Sense air great.,Thu Aug 04 00:00:00 GMT+01:00 2022,Corporate Event,77
78,Trip travel.,Tue Mar 28 00:00:00 GMT+01:00 2023,Private Party,78
79,Near light.,Wed Oct 26 00:00:00 GMT+01:00 2022,Private Party,79
80,Lose Mrs along.,Tue Jun 13 00:00:00 GMT+01:00 2023,Private Party,80
81,Mother yard.,Sun Dec 28 00:00:00 GMT+01:00 2025,Wedding,81
82,Name also author whom.,Thu Apr 17 00:00:00 GMT+01:00 2025,Corporate Event,82
83,Reality page.,Fri Aug 08 00:00:00 GMT+01:00 2025,Corporate Event,83
84,Throughout how carry.,Wed Mar 30 00:00:00 GMT+01:00 2022,Birthday,84
85,While article.,Tue Dec 05 00:00:00 GMT+01:00 2023,Birthday,85
86,Support technology any.,Sun Mar 09 00:00:00 GMT+01:00 2025,Private Party,86
87,Central check.,Thu Nov 30 00:00:00 GMT+01:00 2023,Birthday,87
88,Computer their.,Mon Jul 28 00:00:00 GMT+01:00 2025,Wedding,88
89,Appear keep begin.,Tue Mar 18 00:00:00 GMT+01:00 2025,Corporate Event,89
90,Available source measure person.,Sun Apr 02 00:00:00 GMT+01:00 2023,Private Party,90
91,Practice participant company.,Tue Feb 04 00:00:00 GMT+01:00 2025,Private Party,91
92,Enter machine.,Thu Mar 23 00:00:00 GMT+01:00 2023,Wedding,92
93,Just.,Tue Jun 25 00:00:00 GMT+01:00 2024,Wedding,93
94,Either decision.,Tue Jul 12 00:00:00 GMT+01:00 2022,Birthday,94
95,Move cup successful garden.,Sun Jul 06 00:00:00 GMT+01:00 2025,Birthday,95
96,Look when.,Thu Jan 26 00:00:00 GMT+01:00 2023,Corporate Event,96
97,Opportunity yard democratic.,Mon Jan 23 00:00:00 GMT+01:00 2023,Corporate Event,97
98,Book notice.,Wed Mar 30 00:00:00 GMT+01:00 2022,Birthday,98
99,Young energy.,Fri Oct 31 00:00:00 GMT+01:00 2025,Corporate Event,99
100,Glass see.,Thu Oct 05 00:00:00 GMT+01:00 2023,Corporate Event,100
101,Exist.,Wed Nov 16 00:00:00 GMT+01:00 2022,Wedding,101
102,Look truth.,Fri May 19 00:00:00 GMT+01:00 2023,Private Party,102
103,Probably attention option.,Sun Jun 08 00:00:00 GMT+01:00 2025,Wedding,103
104,Card pull food should.,Thu Oct 05 00:00:00 GMT+01:00 2023,Private Party,104
105,Visit day raise.,Sun Apr 21 00:00:00 GMT+01:00 2024,Corporate Event,105
106,Better.,Tue Sep 26 00:00:00 GMT+01:00 2023,Corporate Event,106
107,Conference market.,Wed Mar 13 00:00:00 GMT+01:00 2024,Birthday,107
108,Effort available song.,Fri Sep 19 00:00:00 GMT+01:00 2025,Birthday,108
109,While PM herself.,Sun Jan 30 00:00:00 GMT+01:00 2022,Corporate Event,109
110,Training research.,Sun Jul 31 00:00:00 GMT+01:00 2022,Birthday,110
111,Night family big together.,Fri Sep 05 00:00:00 GMT+01:00 2025,Wedding,111
112,Practice energy.,Wed May 08 00:00:00 GMT+01:00 2024,Corporate Event,112
113,Economic only.,Sat Jun 10 00:00:00 GMT+01:00 2023,Corporate Event,113
114,Determine member.,Fri Sep 16 00:00:00 GMT+01:00 2022,Birthday,114
115,Probably live here.,Thu Oct 17 00:00:00 GMT+01:00 2024,Corporate Event,115
116,Trial official.,Thu Sep 26 00:00:00 GMT+01:00 2024,Birthday,116
117,Goal no.,Fri Jun 23 00:00:00 GMT+01:00 2023,Private Party,117
118,Could night.,Sat Nov 22 00:00:00 GMT+01:00 2025,Birthday,118
119,Several.,Mon Sep 15 00:00:00 GMT+01:00 2025,Birthday,119
120,Employee movie hospital able.,Wed Nov 05 00:00:00 GMT+01:00 2025,Wedding,120
121,Really believe.,Wed Nov 22 00:00:00 GMT+01:00 2023,Private Party,121
122,Heavy often doctor.,Fri Mar 18 00:00:00 GMT+01:00 2022,Private Party,122
123,Range member.,Wed Nov 29 00:00:00 GMT+01:00 2023,Birthday,123
124,Foot before.,Sat Mar 04 00:00:00 GMT+01:00 2023,Wedding,124
125,Talk office.,Fri Dec 02 00:00:00 GMT+01:00 2022,Private Party,125
126,Fall story.,Fri Aug 22 00:00:00 GMT+01:00 2025,Birthday,126
127,Today some staff.,Sun May 29 00:00:00 GMT+01:00 2022,Birthday,127
128,Staff my.,Mon Jun 02 00:00:00 GMT+01:00 2025,Wedding,128
129,Win work business.,Fri Jun 24 00:00:00 GMT+01:00 2022,Private Party,129
130,Job quickly argue.,Thu Sep 15 00:00:00 GMT+01:00 2022,Birthday,130
131,Hospital wide into.,Sun Jan 08 00:00:00 GMT+01:00 2023,Wedding,131
132,Surface maybe the.,Thu Oct 26 00:00:00 GMT+01:00 2023,Private Party,132
133,Woman way return.,Sun May 08 00:00:00 GMT+01:00 2022,Birthday,133
134,Travel Republican.,Fri Nov 21 00:00:00 GMT+01:00 2025,Wedding,134
135,Eight vote.,Thu Mar 27 00:00:00 GMT+01:00 2025,Corporate Event,135
136,Detail decision.,Fri Jan 19 00:00:00 GMT+01:00 2024,Corporate Event,136
137,Fact beautiful ahead push.,Wed Oct 02 00:00:00 GMT+01:00 2024,Private Party,137
138,Machine very.,Wed Jun 28 00:00:00 GMT+01:00 2023,Corporate Event,138
139,Traditional provide.,Wed Mar 22 00:00:00 GMT+01:00 2023,Private Party,139
140,Fact always.,Fri Jan 03 00:00:00 GMT+01:00 2025,Private Party,140
141,Argue Democrat drug.,Thu Jul 13 00:00:00 GMT+01:00 2023,Private Party,141
142,Themselves trouble.,Tue Apr 19 00:00:00 GMT+01:00 2022,Wedding,142
143,Office property check.,Tue May 27 00:00:00 GMT+01:00 2025,Birthday,143
144,Performance fact by.,Thu Dec 05 00:00:00 GMT+01:00 2024,Birthday,144
145,Discuss century financial.,Sat Nov 08 00:00:00 GMT+01:00 2025,Private Party,145
146,Born decide something.,Mon Jan 03 00:00:00 GMT+01:00 2022,Private Party,146
147,Whose resource.,Sat May 18 00:00:00 GMT+01:00 2024,Private Party,147
148,Culture enjoy.,Fri Feb 17 00:00:00 GMT+01:00 2023,Private Party,148
149,The according should.,Fri Mar 28 00:00:00 GMT+01:00 2025,Wedding,149
150,Similar.,Thu Jan 26 00:00:00 GMT+01:00 2023,Birthday,150
151,Discover ok.,Wed Jan 10 00:00:00 GMT+01:00 2024,Corporate Event,151
152,Director.,Sun Feb 06 00:00:00 GMT+01:00 2022,Wedding,152
153,Southern management training.,Thu Feb 10 00:00:00 GMT+01:00 2022,Wedding,153
154,Cell black.,Tue Nov 19 00:00:00 GMT+01:00 2024,Private Party,154
155,Food scientist involve development.,Tue Mar 22 00:00:00 GMT+01:00 2022,Wedding,155
156,Individual week series.,Sat Apr 30 00:00:00 GMT+01:00 2022,Birthday,156
157,Court tough.,Tue Jun 25 00:00:00 GMT+01:00 2024,Private Party,157
158,Church executive example.,Wed Apr 24 00:00:00 GMT+01:00 2024,Wedding,158
159,Fact affect network.,Fri Mar 14 00:00:00 GMT+01:00 2025,Wedding,159
160,More maybe.,Sun Oct 13 00:00:00 GMT+01:00 2024,Corporate Event,160
161,Per news control.,Fri Feb 02 00:00:00 GMT+01:00 2024,Corporate Event,161
162,Practice class to.,Thu Nov 06 00:00:00 GMT+01:00 2025,Birthday,162
163,Couple record tough.,Mon Oct 13 00:00:00 GMT+01:00 2025,Private Party,163
164,Behavior western.,Tue Aug 27 00:00:00 GMT+01:00 2024,Private Party,164
165,Benefit market beautiful.,Mon May 12 00:00:00 GMT+01:00 2025,Private Party,165
166,Democrat team.,Fri Dec 09 00:00:00 GMT+01:00 2022,Private Party,166
167,Item reach.,Tue Apr 26 00:00:00 GMT+01:00 2022,Private Party,167
168,Property always situation.,Thu Mar 09 00:00:00 GMT+01:00 2023,Wedding,168
169,Professional strategy pattern.,Fri Jan 20 00:00:00 GMT+01:00 2023,Birthday,169
170,Exactly fight without.,Wed Mar 20 00:00:00 GMT+01:00 2024,Private Party,170
171,Research whatever.,Thu Oct 16 00:00:00 GMT+01:00 2025,Wedding,171
172,None.,Fri Jul 01 00:00:00 GMT+01:00 2022,Private Party,172
173,Price wind.,Sun Jan 14 00:00:00 GMT+01:00 2024,Private Party,173
174,Why hundred until.,Thu Jul 13 00:00:00 GMT+01:00 2023,Wedding,174
175,Garden woman likely.,Thu Nov 23 00:00:00 GMT+01:00 2023,Birthday,175
176,Old protect page.,Sat Dec 30 00:00:00 GMT+01:00 2023,Corporate Event,176
177,Lay benefit.,Fri Mar 28 00:00:00 GMT+01:00 2025,Birthday,177
178,Small remember.,Sun May 14 00:00:00 GMT+01:00 2023,Private Party,178
179,Employee really.,Sat Aug 27 00:00:00 GMT+01:00 2022,Wedding,179
180,Fall language send.,Thu May 26 00:00:00 GMT+01:00 2022,Corporate Event,180
181,Yet.,Wed Nov 13 00:00:00 GMT+01:00 2024,Corporate Event,181
182,Simple responsibility stock.,Mon Jun 06 00:00:00 GMT+01:00 2022,Private Party,182
183,Huge something.,Mon Apr 18 00:00:00 GMT+01:00 2022,Private Party,183
184,Score mission or.,Wed Dec 25 00:00:00 GMT+01:00 2024,Wedding,184
185,Station per suffer.,Tue May 07 00:00:00 GMT+01:00 2024,Corporate Event,185
186,Task also.,Tue Jan 18 00:00:00 GMT+01:00 2022,Corporate Event,186
187,Hot officer the drop.,Sat Mar 22 00:00:00 GMT+01:00 2025,Private Party,187
188,Can radio.,Sun Oct 16 00:00:00 GMT+01:00 2022,Corporate Event,188
189,Interview fly material power.,Fri Jan 10 00:00:00 GMT+01:00 2025,Corporate Event,189
190,Account difficult.,Thu Apr 10 00:00:00 GMT+01:00 2025,Private Party,190
191,Bag can.,Thu Jun 01 00:00:00 GMT+01:00 2023,Birthday,191
192,Them likely.,Sat Jul 27 00:00:00 GMT+01:00 2024,Corporate Event,192
193,Program tonight.,Wed Dec 06 00:00:00 GMT+01:00 2023,Birthday,193
194,Clear imagine your.,Sun May 26 00:00:00 GMT+01:00 2024,Private Party,194
195,System amount boy.,Wed Aug 21 00:00:00 GMT+01:00 2024,Corporate Event,195
196,Also assume.,Sun Jul 14 00:00:00 GMT+01:00 2024,Wedding,196
197,Decade occur loss.,Wed Jun 04 00:00:00 GMT+01:00 2025,Birthday,197
198,Front dream state.,Wed May 01 00:00:00 GMT+01:00 2024,Wedding,198
199,Teach each tell might.,Tue Nov 25 00:00:00 GMT+01:00 2025,Wedding,199
200,Stage apply.,Fri May 26 00:00:00 GMT+01:00 2023,Wedding,200
201,Last imagine their parent.,Tue Dec 17 00:00:00 GMT+01:00 2024,Corporate Event,201
202,Mouth right.,Thu Oct 02 00:00:00 GMT+01:00 2025,Wedding,202
203,Black note boy.,Wed Apr 03 00:00:00 GMT+01:00 2024,Birthday,203
204,Four air.,Sun Aug 11 00:00:00 GMT+01:00 2024,Private Party,204
205,Very pattern.,Thu Mar 03 00:00:00 GMT+01:00 2022,Birthday,205
206,Forward live.,Thu Dec 18 00:00:00 GMT+01:00 2025,Corporate Event,206
207,Employee yourself trial.,Thu Jun 20 00:00:00 GMT+01:00 2024,Birthday,207
208,Beat voice.,Fri Jul 25 00:00:00 GMT+01:00 2025,Corporate Event,208
209,However change.,Sat Dec 23 00:00:00 GMT+01:00 2023,Wedding,209
210,She second care.,Mon Mar 06 00:00:00 GMT+01:00 2023,Wedding,210
211,Window.,Sat Feb 15 00:00:00 GMT+01:00 2025,Wedding,211
212,We news a.,Fri Nov 28 00:00:00 GMT+01:00 2025,Corporate Event,212
213,Finally with television.,Sun Feb 11 00:00:00 GMT+01:00 2024,Private Party,213
214,Continue card.,Mon Jun 13 00:00:00 GMT+01:00 2022,Wedding,214
215,Chair meet even.,Sat Oct 25 00:00:00 GMT+01:00 2025,Corporate Event,215
216,Clearly total play.,Fri Sep 19 00:00:00 GMT+01:00 2025,Private Party,216
217,Draw skin.,Tue Oct 10 00:00:00 GMT+01:00 2023,Corporate Event,217
218,Federal administration.,Sun May 25 00:00:00 GMT+01:00 2025,Corporate Event,218
219,Significant keep.,Thu Nov 17 00:00:00 GMT+01:00 2022,Corporate Event,219
220,Cell and.,Sat Apr 02 00:00:00 GMT+01:00 2022,Birthday,220
221,They give garden.,Wed Jul 31 00:00:00 GMT+01:00 2024,Birthday,221
222,Even.,Fri Feb 04 00:00:00 GMT+01:00 2022,Private Party,222
223,Throughout enough them.,Thu Aug 24 00:00:00 GMT+01:00 2023,Private Party,223
224,Away room.,Sat May 25 00:00:00 GMT+01:00 2024,Corporate Event,224
225,Participant chair.,Mon Aug 05 00:00:00 GMT+01:00 2024,Wedding,225
226,Business detail.,Mon Sep 16 00:00:00 GMT+01:00 2024,Birthday,226
227,Several policy.,Sat Jan 15 00:00:00 GMT+01:00 2022,Birthday,227
228,Nature.,Tue Dec 12 00:00:00 GMT+01:00 2023,Corporate Event,228
229,Before threat during.,Mon May 20 00:00:00 GMT+01:00 2024,Birthday,229
230,Have.,Wed Mar 16 00:00:00 GMT+01:00 2022,Corporate Event,230
231,Yeah theory spend.,Tue Dec 16 00:00:00 GMT+01:00 2025,Birthday,231
232,Write report.,Tue Mar 28 00:00:00 GMT+01:00 2023,Birthday,232
233,Too.,Sat Jul 06 00:00:00 GMT+01:00 2024,Wedding,233
234,Social people build.,Tue Jun 06 00:00:00 GMT+01:00 2023,Birthday,234
235,Represent voice.,Sat Apr 20 00:00:00 GMT+01:00 2024,Birthday,235
236,Computer take.,Sat Jul 27 00:00:00 GMT+01:00 2024,Corporate Event,236
237,Star growth western.,Sun Feb 16 00:00:00 GMT+01:00 2025,Wedding,237
238,Point no once.,Tue Aug 08 00:00:00 GMT+01:00 2023,Private Party,238
239,Edge body now.,Tue Dec 05 00:00:00 GMT+01:00 2023,Wedding,239
240,My view.,Mon Jun 26 00:00:00 GMT+01:00 2023,Private Party,240
241,Age dream window.,Thu Jan 19 00:00:00 GMT+01:00 2023,Wedding,241
242,Bag wind.,Wed Nov 08 00:00:00 GMT+01:00 2023,Private Party,242
243,Couple high.,Thu May 16 00:00:00 GMT+01:00 2024,Birthday,243
244,Focus look mention.,Tue Apr 29 00:00:00 GMT+01:00 2025,Corporate Event,244
245,Why.,Thu Sep 26 00:00:00 GMT+01:00 2024,Corporate Event,245
246,Instead benefit.,Thu Apr 07 00:00:00 GMT+01:00 2022,Birthday,246
247,Eight then.,Mon Aug 29 00:00:00 GMT+01:00 2022,Private Party,247
248,Hospital your coach.,Tue Apr 04 00:00:00 GMT+01:00 2023,Private Party,248
249,Draw determine only.,Mon Jan 27 00:00:00 GMT+01:00 2025,Wedding,249
250,Catch piece.,Sun Aug 28 00:00:00 GMT+01:00 2022,Birthday,250
251,Good everybody.,Thu Feb 09 00:00:00 GMT+01:00 2023,Private Party,251
252,Camera station start.,Wed Jul 10 00:00:00 GMT+01:00 2024,Private Party,252
253,Result provide scene.,Sat Jan 20 00:00:00 GMT+01:00 2024,Corporate Event,253
254,May until.,Mon Sep 29 00:00:00 GMT+01:00 2025,Corporate Event,254
255,Possible one thought.,Fri Jun 06 00:00:00 GMT+01:00 2025,Corporate Event,255
256,Prevent environmental small take.,Thu Aug 21 00:00:00 GMT+01:00 2025,Private Party,256
257,Resource response.,Sun Jun 19 00:00:00 GMT+01:00 2022,Corporate Event,257
258,Development real.,Thu Aug 10 00:00:00 GMT+01:00 2023,Birthday,258
259,Chance great kid.,Mon Sep 26 00:00:00 GMT+01:00 2022,Corporate Event,259
260,Serious learn arm send.,Wed Oct 01 00:00:00 GMT+01:00 2025,Birthday,260
261,Low number.,Sun Jul 17 00:00:00 GMT+01:00 2022,Birthday,261
262,Win.,Tue Feb 06 00:00:00 GMT+01:00 2024,Corporate Event,262
263,Recognize hundred left.,Thu Feb 23 00:00:00 GMT+01:00 2023,Birthday,263
264,So music worker.,Sun Jun 29 00:00:00 GMT+01:00 2025,Private Party,264
265,Either point away.,Sat Jan 25 00:00:00 GMT+01:00 2025,Wedding,265
266,Surface factor media financial.,Thu May 11 00:00:00 GMT+01:00 2023,Wedding,266
267,Growth light this.,Wed Aug 09 00:00:00 GMT+01:00 2023,Birthday,267
268,Worry now.,Wed Jun 12 00:00:00 GMT+01:00 2024,Wedding,268
269,Forward improve.,Fri Jul 01 00:00:00 GMT+01:00 2022,Wedding,269
270,Commercial think next.,Sun Dec 04 00:00:00 GMT+01:00 2022,Corporate Event,270
271,Popular moment spring responsibility.,Fri Feb 25 00:00:00 GMT+01:00 2022,Private Party,271
272,Resource collection.,Thu Sep 04 00:00:00 GMT+01:00 2025,Birthday,272
273,Perhaps ever.,Sun Jun 26 00:00:00 GMT+01:00 2022,Wedding,273
274,Miss create.,Sun Apr 23 00:00:00 GMT+01:00 2023,Corporate Event,274
275,Young senior conference.,Thu May 15 00:00:00 GMT+01:00 2025,Private Party,275
276,Over.,Wed May 01 00:00:00 GMT+01:00 2024,Private Party,276
277,Meeting democratic bank.,Fri Aug 26 00:00:00 GMT+01:00 2022,Birthday,277
278,Forget particular necessary.,Wed Nov 26 00:00:00 GMT+01:00 2025,Wedding,278
279,Might process could.,Sun Apr 27 00:00:00 GMT+01:00 2025,Wedding,279
280,Inside time these.,Sun May 18 00:00:00 GMT+01:00 2025,Wedding,280
281,Cover technology number.,Mon Sep 11 00:00:00 GMT+01:00 2023,Birthday,281
282,Organization floor.,Tue Aug 09 00:00:00 GMT+01:00 2022,Wedding,282
283,Whose account claim.,Tue Mar 21 00:00:00 GMT+01:00 2023,Private Party,283
284,Attack wind job.,Tue Feb 28 00:00:00 GMT+01:00 2023,Birthday,284
285,Discussion.,Sun Jul 06 00:00:00 GMT+01:00 2025,Wedding,285
286,Suddenly subject.,Sun May 22 00:00:00 GMT+01:00 2022,Wedding,286
287,Check.,Mon Jan 27 00:00:00 GMT+01:00 2025,Wedding,287
288,Avoid final any.,Sun Sep 08 00:00:00 GMT+01:00 2024,Corporate Event,288
289,See best bar.,Sun Feb 26 00:00:00 GMT+01:00 2023,Wedding,289
290,Southern energy.,Sat Jun 24 00:00:00 GMT+01:00 2023,Private Party,290
291,Friend according.,Fri Nov 29 00:00:00 GMT+01:00 2024,Private Party,291
292,Matter study.,Sat Oct 12 00:00:00 GMT+01:00 2024,Birthday,292
293,On wide.,Mon Jul 29 00:00:00 GMT+01:00 2024,Wedding,293
294,Night reason peace.,Mon Mar 18 00:00:00 GMT+01:00 2024,Birthday,294
295,Radio run.,Tue Jun 07 00:00:00 GMT+01:00 2022,Wedding,295
296,Later order specific.,Sat Mar 05 00:00:00 GMT+01:00 2022,Private Party,296
297,Surface decide.,Sat Aug 03 00:00:00 GMT+01:00 2024,Corporate Event,297
298,Join find everybody safe.,Thu May 08 00:00:00 GMT+01:00 2025,Private Party,298
299,Power keep thank.,Sat Oct 08 00:00:00 GMT+01:00 2022,Birthday,299
300,Feeling cup hospital.,Tue Mar 01 00:00:00 GMT+01:00 2022,Corporate Event,300
301,Head guy market.,Wed Apr 02 00:00:00 GMT+01:00 2025,Wedding,301
302,Store what.,Sat May 11 00:00:00 GMT+01:00 2024,Birthday,302
303,Writer card.,Fri Mar 04 00:00:00 GMT+01:00 2022,Private Party,303
304,Turn theory wait.,Thu Aug 24 00:00:00 GMT+01:00 2023,Birthday,304
305,Statement pull.,Tue May 13 00:00:00 GMT+01:00 2025,Private Party,305
306,Continue unit begin.,Sat Oct 28 00:00:00 GMT+01:00 2023,Birthday,306
307,Claim dark range decide.,Sun Jul 16 00:00:00 GMT+01:00 2023,Wedding,307
308,Actually personal sound.,Tue Mar 25 00:00:00 GMT+01:00 2025,Wedding,308
309,Fact writer career.,Mon Dec 05 00:00:00 GMT+01:00 2022,Birthday,309
310,Field five moment.,Mon Feb 27 00:00:00 GMT+01:00 2023,Private Party,310
311,Former morning through.,Thu Jul 24 00:00:00 GMT+01:00 2025,Birthday,311
312,Create foot may.,Mon Nov 24 00:00:00 GMT+01:00 2025,Corporate Event,312
313,Expect degree.,Fri Apr 26 00:00:00 GMT+01:00 2024,Corporate Event,313
314,Prepare feeling with car.,Sun Dec 28 00:00:00 GMT+01:00 2025,Private Party,314
315,Until court.,Sat Sep 24 00:00:00 GMT+01:00 2022,Birthday,315
316,Camera voice thing.,Mon Dec 12 00:00:00 GMT+01:00 2022,Private Party,316
317,Realize defense rest.,Thu Jan 04 00:00:00 GMT+01:00 2024,Wedding,317
318,Certain school.,Thu Jul 06 00:00:00 GMT+01:00 2023,Wedding,318
319,Travel book down.,Fri Aug 19 00:00:00 GMT+01:00 2022,Birthday,319
320,Not senior second.,Wed Jan 08 00:00:00 GMT+01:00 2025,Wedding,320
321,Home question sea.,Sat Feb 11 00:00:00 GMT+01:00 2023,Wedding,321
322,Maintain choose.,Fri Mar 29 00:00:00 GMT+01:00 2024,Wedding,322
323,Business machine world.,Tue Jul 15 00:00:00 GMT+01:00 2025,Corporate Event,323
324,Say church.,Tue Oct 22 00:00:00 GMT+01:00 2024,Private Party,324
325,Economy late short.,Thu Apr 20 00:00:00 GMT+01:00 2023,Wedding,325
326,Blood political decision.,Fri Oct 17 00:00:00 GMT+01:00 2025,Corporate Event,326
327,Drug poor senior painting.,Wed Dec 27 00:00:00 GMT+01:00 2023,Private Party,327
328,Soon low.,Sat Jan 15 00:00:00 GMT+01:00 2022,Wedding,328
329,Morning wall commercial.,Sun Oct 09 00:00:00 GMT+01:00 2022,Birthday,329
330,Establish in.,Thu Apr 17 00:00:00 GMT+01:00 2025,Corporate Event,330
331,Onto high character.,Sun Jun 30 00:00:00 GMT+01:00 2024,Birthday,331
332,Table.,Tue Jan 23 00:00:00 GMT+01:00 2024,Wedding,332
333,Lose last.,Wed Jul 16 00:00:00 GMT+01:00 2025,Birthday,333
334,Move more.,Fri May 23 00:00:00 GMT+01:00 2025,Private Party,334
335,Stage commercial number.,Mon May 23 00:00:00 GMT+01:00 2022,Corporate Event,335
336,Care indeed.,Mon Dec 16 00:00:00 GMT+01:00 2024,Corporate Event,336
337,Single describe.,Wed Aug 07 00:00:00 GMT+01:00 2024,Private Party,337
338,Occur then.,Thu Nov 09 00:00:00 GMT+01:00 2023,Corporate Event,338
339,Keep nation guess.,Thu May 01 00:00:00 GMT+01:00 2025,Corporate Event,339
340,Election try.,Sun May 26 00:00:00 GMT+01:00 2024,Corporate Event,340
341,How evidence.,Thu Nov 27 00:00:00 GMT+01:00 2025,Corporate Event,341
342,Yourself.,Mon Dec 12 00:00:00 GMT+01:00 2022,Wedding,342
343,Father year.,Tue May 17 00:00:00 GMT+01:00 2022,Private Party,343
344,Food experience.,Wed Apr 02 00:00:00 GMT+01:00 2025,Corporate Event,344
345,Easy have.,Wed Oct 04 00:00:00 GMT+01:00 2023,Private Party,345
346,Half difficult.,Tue Nov 29 00:00:00 GMT+01:00 2022,Private Party,346
347,Hair born page.,Tue Apr 05 00:00:00 GMT+01:00 2022,Private Party,347
348,Than answer result.,Sun Jul 31 00:00:00 GMT+01:00 2022,Corporate Event,348
349,His research tend.,Fri Jun 03 00:00:00 GMT+01:00 2022,Birthday,349
350,Social mind today.,Wed Mar 05 00:00:00 GMT+01:00 2025,Corporate Event,350
351,Collection have organization.,Mon Aug 14 00:00:00 GMT+01:00 2023,Birthday,351
352,Land perhaps including.,Thu Nov 03 00:00:00 GMT+01:00 2022,Birthday,352
353,Plant research.,Tue Dec 31 00:00:00 GMT+01:00 2024,Corporate Event,353
354,Six pretty.,Mon Feb 10 00:00:00 GMT+01:00 2025,Birthday,354
355,Available market medical.,Mon Oct 30 00:00:00 GMT+01:00 2023,Private Party,355
356,Authority right.,Fri Dec 01 00:00:00 GMT+01:00 2023,Birthday,356
357,Capital drug available.,Sat Aug 17 00:00:00 GMT+01:00 2024,Corporate Event,357
358,Also pick production.,Wed Sep 25 00:00:00 GMT+01:00 2024,Wedding,358
359,Those leg such billion.,Fri Sep 08 00:00:00 GMT+01:00 2023,Corporate Event,359
360,Indicate pressure.,Fri Jun 17 00:00:00 GMT+01:00 2022,Birthday,360
361,Successful require.,Thu Sep 14 00:00:00 GMT+01:00 2023,Corporate Event,361
362,Second have.,Sun Oct 05 00:00:00 GMT+01:00 2025,Corporate Event,362
363,Statement clear report with.,Thu Oct 02 00:00:00 GMT+01:00 2025,Corporate Event,363
364,Green alone.,Fri Oct 11 00:00:00 GMT+01:00 2024,Wedding,364
365,Appear former.,Mon Sep 05 00:00:00 GMT+01:00 2022,Corporate Event,365
366,Including wind.,Thu Jul 14 00:00:00 GMT+01:00 2022,Wedding,366
367,Feel performance part.,Thu Apr 11 00:00:00 GMT+01:00 2024,Wedding,367
368,Represent machine group.,Wed Feb 09 00:00:00 GMT+01:00 2022,Private Party,368
369,Fact its picture.,Wed Jan 29 00:00:00 GMT+01:00 2025,Corporate Event,369
370,Power despite.,Thu Apr 04 00:00:00 GMT+01:00 2024,Birthday,370
371,Kid stop full.,Sat Jan 29 00:00:00 GMT+01:00 2022,Private Party,371
372,Become until.,Sun Feb 13 00:00:00 GMT+01:00 2022,Birthday,372
373,Low story picture.,Mon Dec 16 00:00:00 GMT+01:00 2024,Private Party,373
374,Teach relationship commercial.,Wed Mar 16 00:00:00 GMT+01:00 2022,Wedding,374
375,Difficult language green.,Wed Oct 30 00:00:00 GMT+01:00 2024,Birthday,375
376,Professional phone friend.,Sun Jan 12 00:00:00 GMT+01:00 2025,Private Party,376
377,Education upon full.,Mon May 02 00:00:00 GMT+01:00 2022,Corporate Event,377
378,Modern machine out front.,Sun Jun 23 00:00:00 GMT+01:00 2024,Private Party,378
379,Relationship third.,Sun Jul 03 00:00:00 GMT+01:00 2022,Birthday,379
380,Present go.,Tue Apr 15 00:00:00 GMT+01:00 2025,Private Party,380
381,Some.,Thu Mar 24 00:00:00 GMT+01:00 2022,Corporate Event,381
382,Seem social television.,Fri Jun 14 00:00:00 GMT+01:00 2024,Private Party,382
383,Might face reach.,Thu Mar 07 00:00:00 GMT+01:00 2024,Corporate Event,383
384,Chair foot argue.,Wed Jan 31 00:00:00 GMT+01:00 2024,Birthday,384
385,Than according.,Wed Mar 09 00:00:00 GMT+01:00 2022,Private Party,385
386,Fast simple let.,Tue Apr 11 00:00:00 GMT+01:00 2023,Private Party,386
387,Take.,Tue Nov 01 00:00:00 GMT+01:00 2022,Private Party,387
388,Surface fish next.,Sun Dec 03 00:00:00 GMT+01:00 2023,Birthday,388
389,Rest.,Sun Feb 20 00:00:00 GMT+01:00 2022,Corporate Event,389
390,Receive third.,Mon Apr 15 00:00:00 GMT+01:00 2024,Birthday,390
391,Own line.,Tue Apr 18 00:00:00 GMT+01:00 2023,Corporate Event,391
392,Expert house various.,Thu Dec 28 00:00:00 GMT+01:00 2023,Birthday,392
393,Kid level right into.,Sat Mar 25 00:00:00 GMT+01:00 2023,Birthday,393
394,Site window.,Thu Mar 02 00:00:00 GMT+01:00 2023,Birthday,394
395,See sea.,Tue Dec 02 00:00:00 GMT+01:00 2025,Wedding,395
396,Few city.,Mon Oct 02 00:00:00 GMT+01:00 2023,Birthday,396
397,Once.,Mon Jul 01 00:00:00 GMT+01:00 2024,Birthday,397
398,Thought price.,Tue Feb 07 00:00:00 GMT+01:00 2023,Birthday,398
399,Born drug specific.,Wed Jul 23 00:00:00 GMT+01:00 2025,Wedding,399
400,Term point door.,Sun Jan 26 00:00:00 GMT+01:00 2025,Wedding,400
401,Center way.,Tue Jul 26 00:00:00 GMT+01:00 2022,Corporate Event,401
402,Administration bill suggest.,Sun Mar 16 00:00:00 GMT+01:00 2025,Wedding,402
403,Economic within.,Tue Dec 16 00:00:00 GMT+01:00 2025,Corporate Event,403
404,System choice.,Thu Sep 25 00:00:00 GMT+01:00 2025,Birthday,404
405,Community plan blue.,Mon Jun 10 00:00:00 GMT+01:00 2024,Corporate Event,405
406,Common surface end.,Thu Jul 11 00:00:00 GMT+01:00 2024,Private Party,406
407,Fine.,Thu Feb 23 00:00:00 GMT+01:00 2023,Birthday,407
408,Last already.,Mon Mar 17 00:00:00 GMT+01:00 2025,Private Party,408
409,Past and.,Sat Oct 18 00:00:00 GMT+01:00 2025,Birthday,409
410,His add.,Wed Feb 16 00:00:00 GMT+01:00 2022,Wedding,410
411,Gun long.,Sun Apr 06 00:00:00 GMT+01:00 2025,Private Party,411
412,Tell walk respond.,Sun Oct 26 00:00:00 GMT+01:00 2025,Wedding,412
413,Ok collection.,Tue Jun 11 00:00:00 GMT+01:00 2024,Private Party,413
414,Ball program.,Mon Apr 03 00:00:00 GMT+01:00 2023,Private Party,414
415,Condition I.,Sat Sep 02 00:00:00 GMT+01:00 2023,Private Party,415
416,Morning road.,Thu Jan 04 00:00:00 GMT+01:00 2024,Wedding,416
417,Hundred probably.,Sun Jan 15 00:00:00 GMT+01:00 2023,Private Party,417
418,Budget thus.,Sun Oct 29 00:00:00 GMT+01:00 2023,Private Party,418
419,Hit.,Sun Feb 26 00:00:00 GMT+01:00 2023,Private Party,419
420,Natural.,Fri Jun 13 00:00:00 GMT+01:00 2025,Corporate Event,420
421,Itself fall.,Thu Dec 14 00:00:00 GMT+01:00 2023,Corporate Event,421
422,Accept mission cost.,Thu Sep 18 00:00:00 GMT+01:00 2025,Birthday,422
423,Cultural evidence.,Tue Oct 01 00:00:00 GMT+01:00 2024,Wedding,423
424,Beat laugh field.,Wed Feb 02 00:00:00 GMT+01:00 2022,Private Party,424
425,Long.,Thu Mar 30 00:00:00 GMT+01:00 2023,Birthday,425
426,Ask trip international.,Fri Aug 02 00:00:00 GMT+01:00 2024,Birthday,426
427,Pattern.,Thu Oct 31 00:00:00 GMT+01:00 2024,Birthday,427
428,Car trouble.,Tue Mar 12 00:00:00 GMT+01:00 2024,Wedding,428
429,Tonight amount herself.,Sat Jan 22 00:00:00 GMT+01:00 2022,Private Party,429
430,Speech fish.,Wed Feb 16 00:00:00 GMT+01:00 2022,Birthday,430
431,Concern.,Fri Jul 05 00:00:00 GMT+01:00 2024,Birthday,431
432,Bring strategy treat.,Sun Jan 14 00:00:00 GMT+01:00 2024,Corporate Event,432
433,Later if writer.,Sat Apr 30 00:00:00 GMT+01:00 2022,Wedding,433
434,Term.,Mon Apr 29 00:00:00 GMT+01:00 2024,Corporate Event,434
435,Feeling respond how.,Mon Dec 18 00:00:00 GMT+01:00 2023,Birthday,435
436,Over remain force.,Sat Mar 22 00:00:00 GMT+01:00 2025,Corporate Event,436
437,Focus way grow.,Mon Apr 24 00:00:00 GMT+01:00 2023,Wedding,437
438,Ask time story.,Tue Mar 18 00:00:00 GMT+01:00 2025,Corporate Event,438
439,Card kind according.,Wed Jun 29 00:00:00 GMT+01:00 2022,Private Party,439
440,Not sister.,Tue Jun 25 00:00:00 GMT+01:00 2024,Birthday,440
441,Avoid million blood.,Sun Jun 25 00:00:00 GMT+01:00 2023,Private Party,441
442,She party television.,Sun Oct 27 00:00:00 GMT+01:00 2024,Birthday,442
443,Show generation meet.,Sun Apr 03 00:00:00 GMT+01:00 2022,Private Party,443
444,Course reason.,Sun Aug 03 00:00:00 GMT+01:00 2025,Birthday,444
445,Well consider forward.,Wed Dec 18 00:00:00 GMT+01:00 2024,Corporate Event,445
446,Discover.,Fri Jul 29 00:00:00 GMT+01:00 2022,Private Party,446
447,Pressure town.,Wed May 11 00:00:00 GMT+01:00 2022,Wedding,447
448,Hand pay.,Thu May 09 00:00:00 GMT+01:00 2024,Private Party,448
449,Religious ten.,Fri Apr 18 00:00:00 GMT+01:00 2025,Birthday,449
450,Table development.,Thu Jul 20 00:00:00 GMT+01:00 2023,Wedding,450
451,Factor research.,Fri Dec 30 00:00:00 GMT+01:00 2022,Corporate Event,451
452,Here although television.,Sat Oct 25 00:00:00 GMT+01:00 2025,Corporate Event,452
453,Until mission.,Thu Dec 25 00:00:00 GMT+01:00 2025,Wedding,453
454,Service it particularly.,Tue Sep 12 00:00:00 GMT+01:00 2023,Birthday,454
455,Main whose.,Sat Jan 18 00:00:00 GMT+01:00 2025,Private Party,455
456,So mission.,Thu Nov 21 00:00:00 GMT+01:00 2024,Wedding,456
457,Like course commercial.,Fri Sep 13 00:00:00 GMT+01:00 2024,Wedding,457
458,Fall American.,Sat Aug 26 00:00:00 GMT+01:00 2023,Private Party,458
459,Improve tree.,Wed Feb 07 00:00:00 GMT+01:00 2024,Private Party,459
460,Even visit.,Sun Mar 09 00:00:00 GMT+01:00 2025,Wedding,460
461,Hand can end.,Mon Feb 05 00:00:00 GMT+01:00 2024,Corporate Event,461
462,Week position light.,Tue Oct 07 00:00:00 GMT+01:00 2025,Birthday,462
463,Describe official.,Thu Jun 16 00:00:00 GMT+01:00 2022,Private Party,463
464,Picture sort.,Mon Jan 24 00:00:00 GMT+01:00 2022,Birthday,464
465,Hotel hair sure course.,Mon Feb 17 00:00:00 GMT+01:00 2025,Corporate Event,465
466,Head bill.,Mon Dec 08 00:00:00 GMT+01:00 2025,Private Party,466
467,In take upon.,Mon Mar 27 00:00:00 GMT+01:00 2023,Birthday,467
468,Develop seek address never.,Sun Dec 24 00:00:00 GMT+01:00 2023,Birthday,468
469,Environment fall.,Wed Jun 28 00:00:00 GMT+01:00 2023,Wedding,469
470,Shoulder drive forget.,Mon May 30 00:00:00 GMT+01:00 2022,Private Party,470
471,Father sell church.,Sat Dec 16 00:00:00 GMT+01:00 2023,Private Party,471
472,Color whose.,Fri Mar 29 00:00:00 GMT+01:00 2024,Birthday,472
473,They part.,Wed Mar 09 00:00:00 GMT+01:00 2022,Wedding,473
474,Television those.,Mon Jan 29 00:00:00 GMT+01:00 2024,Private Party,474
475,Budget than.,Sun Dec 11 00:00:00 GMT+01:00 2022,Private Party,475
476,Level deal.,Fri Jun 17 00:00:00 GMT+01:00 2022,Birthday,476
477,Teacher old.,Sat May 31 00:00:00 GMT+01:00 2025,Birthday,477
478,Institution.,Thu Apr 10 00:00:00 GMT+01:00 2025,Private Party,478
479,Must impact.,Mon May 02 00:00:00 GMT+01:00 2022,Birthday,479
480,True especially.,Fri Sep 19 00:00:00 GMT+01:00 2025,Private Party,480
481,Be training arrive.,Sat Dec 06 00:00:00 GMT+01:00 2025,Wedding,481
482,Hope member late.,Sun Jul 20 00:00:00 GMT+01:00 2025,Private Party,482
483,Growth each.,Sat Jan 06 00:00:00 GMT+01:00 2024,Birthday,483
484,Into receive.,Mon Apr 11 00:00:00 GMT+01:00 2022,Private Party,484
485,Recognize work minute.,Sun Jul 16 00:00:00 GMT+01:00 2023,Wedding,485
486,Region road movie smile.,Sat Apr 13 00:00:00 GMT+01:00 2024,Wedding,486
487,Better.,Tue Feb 04 00:00:00 GMT+01:00 2025,Corporate Event,487
488,Clearly woman stop.,Sat Jul 29 00:00:00 GMT+01:00 2023,Corporate Event,488
489,Level speak myself.,Fri Oct 24 00:00:00 GMT+01:00 2025,Corporate Event,489
490,Available which.,Tue Sep 27 00:00:00 GMT+01:00 2022,Private Party,490
491,Compare then economy.,Thu May 01 00:00:00 GMT+01:00 2025,Corporate Event,491
492,Understand throughout sell.,Tue Jun 13 00:00:00 GMT+01:00 2023,Corporate Event,492
493,Look work grow.,Sat Jun 21 00:00:00 GMT+01:00 2025,Corporate Event,493
494,Opportunity less.,Mon Aug 25 00:00:00 GMT+01:00 2025,Private Party,494
495,Serious resource.,Mon Oct 13 00:00:00 GMT+01:00 2025,Corporate Event,495
496,Forget many main.,Fri May 23 00:00:00 GMT+01:00 2025,Corporate Event,496
497,Task lot chair.,Wed Aug 09 00:00:00 GMT+01:00 2023,Private Party,497
498,Present foreign.,Wed Oct 08 00:00:00 GMT+01:00 2025,Corporate Event,498
499,Manage deal young.,Thu Nov 06 00:00:00 GMT+01:00 2025,Private Party,499
500,Tv national.,Sun Mar 10 00:00:00 GMT+01:00 2024,Private Party,500
501,Economy why.,Sun Sep 24 00:00:00 GMT+01:00 2023,Birthday,501
502,Enough.,Fri May 02 00:00:00 GMT+01:00 2025,Private Party,502
503,Fear specific low.,Thu Mar 21 00:00:00 GMT+01:00 2024,Birthday,503
504,Reality vote need.,Sat Nov 01 00:00:00 GMT+01:00 2025,Birthday,504
505,Red job.,Tue Oct 15 00:00:00 GMT+01:00 2024,Birthday,505
506,Offer hour.,Mon Oct 23 00:00:00 GMT+01:00 2023,Birthday,506
507,Along group low.,Sun Mar 10 00:00:00 GMT+01:00 2024,Wedding,507
508,Yet.,Fri Dec 06 00:00:00 GMT+01:00 2024,Corporate Event,508
509,Should different subject.,Mon Jul 15 00:00:00 GMT+01:00 2024,Corporate Event,509
510,Market year here.,Mon Jan 17 00:00:00 GMT+01:00 2022,Birthday,510
511,Moment mission.,Sat Jan 21 00:00:00 GMT+01:00 2023,Corporate Event,511
512,Begin state.,Sun Jun 08 00:00:00 GMT+01:00 2025,Birthday,512
513,Democratic degree image role.,Thu Nov 03 00:00:00 GMT+01:00 2022,Wedding,513
514,Local.,Fri Oct 28 00:00:00 GMT+01:00 2022,Corporate Event,514
515,Television still those.,Fri Aug 12 00:00:00 GMT+01:00 2022,Corporate Event,515
516,Tv be.,Tue Jan 07 00:00:00 GMT+01:00 2025,Private Party,516
517,Fly wish social.,Wed Feb 08 00:00:00 GMT+01:00 2023,Private Party,517
518,Rate time.,Sun Nov 06 00:00:00 GMT+01:00 2022,Corporate Event,518
519,Answer result even.,Wed Aug 24 00:00:00 GMT+01:00 2022,Birthday,519
520,Early body sense.,Sun Jun 29 00:00:00 GMT+01:00 2025,Wedding,520
521,Today you.,Tue Mar 29 00:00:00 GMT+01:00 2022,Private Party,521
522,Help.,Tue Apr 16 00:00:00 GMT+01:00 2024,Private Party,522
523,Serious Mr.,Mon Jun 10 00:00:00 GMT+01:00 2024,Corporate Event,523
524,How project stuff.,Wed Aug 02 00:00:00 GMT+01:00 2023,Corporate Event,524
525,Business bring.,Tue Dec 09 00:00:00 GMT+01:00 2025,Birthday,525
526,Until rich.,Wed Nov 02 00:00:00 GMT+01:00 2022,Corporate Event,526
527,Sound present.,Sun Feb 19 00:00:00 GMT+01:00 2023,Wedding,527
528,Those film.,Wed Jan 18 00:00:00 GMT+01:00 2023,Corporate Event,528
529,Fund.,Fri Jan 19 00:00:00 GMT+01:00 2024,Birthday,529
530,Plant their.,Wed Jun 21 00:00:00 GMT+01:00 2023,Private Party,530
531,Who could.,Mon Dec 22 00:00:00 GMT+01:00 2025,Birthday,531
532,Try imagine instead.,Tue Sep 05 00:00:00 GMT+01:00 2023,Private Party,532
533,Whose type family.,Sun Apr 24 00:00:00 GMT+01:00 2022,Corporate Event,533
534,Send seat.,Fri Mar 17 00:00:00 GMT+01:00 2023,Private Party,534
535,Check value.,Sat Jul 30 00:00:00 GMT+01:00 2022,Birthday,535
536,Matter station truth.,Wed Sep 03 00:00:00 GMT+01:00 2025,Corporate Event,536
537,Deep candidate against.,Sat Jun 24 00:00:00 GMT+01:00 2023,Wedding,537
538,Interesting eat.,Thu Aug 10 00:00:00 GMT+01:00 2023,Private Party,538
539,Anything hair truth.,Sun Oct 01 00:00:00 GMT+01:00 2023,Birthday,539
540,Although rich.,Sun Jun 08 00:00:00 GMT+01:00 2025,Wedding,540
541,Policy political discover.,Mon Apr 10 00:00:00 GMT+01:00 2023,Birthday,541
542,Especially strategy.,Sun Dec 04 00:00:00 GMT+01:00 2022,Private Party,542
622,Especially short.,Tue Dec 16 00:00:00 GMT+01:00 2025,Birthday,622
543,Read herself live.,Mon Apr 04 00:00:00 GMT+01:00 2022,Corporate Event,543
544,Outside gun wife.,Tue May 13 00:00:00 GMT+01:00 2025,Corporate Event,544
545,Stage table even.,Sat May 21 00:00:00 GMT+01:00 2022,Wedding,545
546,Form.,Fri Dec 26 00:00:00 GMT+01:00 2025,Birthday,546
547,Between major home forget.,Fri Nov 11 00:00:00 GMT+01:00 2022,Corporate Event,547
548,Attack the describe.,Sun Mar 26 00:00:00 GMT+01:00 2023,Private Party,548
549,Question why.,Wed Mar 08 00:00:00 GMT+01:00 2023,Birthday,549
550,She listen civil.,Sun May 18 00:00:00 GMT+01:00 2025,Wedding,550
551,Make when.,Tue Feb 28 00:00:00 GMT+01:00 2023,Corporate Event,551
552,Woman trade final where.,Tue Feb 11 00:00:00 GMT+01:00 2025,Private Party,552
553,Easy edge parent.,Thu Jun 08 00:00:00 GMT+01:00 2023,Wedding,553
554,Beautiful chance size.,Mon Dec 25 00:00:00 GMT+01:00 2023,Wedding,554
555,Buy different.,Thu Oct 13 00:00:00 GMT+01:00 2022,Birthday,555
556,Too after quality.,Wed Aug 13 00:00:00 GMT+01:00 2025,Wedding,556
557,Out realize may everybody.,Mon Oct 28 00:00:00 GMT+01:00 2024,Birthday,557
558,Degree theory wish.,Thu Jun 20 00:00:00 GMT+01:00 2024,Corporate Event,558
559,Bed arm country.,Sun Jan 23 00:00:00 GMT+01:00 2022,Corporate Event,559
560,Third spring much.,Thu Sep 18 00:00:00 GMT+01:00 2025,Private Party,560
561,Else exist.,Tue Mar 08 00:00:00 GMT+01:00 2022,Corporate Event,561
562,Music class full.,Thu Jun 01 00:00:00 GMT+01:00 2023,Corporate Event,562
563,Face mouth.,Sat Jul 22 00:00:00 GMT+01:00 2023,Wedding,563
564,Hundred.,Wed Jun 05 00:00:00 GMT+01:00 2024,Birthday,564
565,Politics party season.,Thu Mar 07 00:00:00 GMT+01:00 2024,Private Party,565
566,Four factor.,Sat Dec 20 00:00:00 GMT+01:00 2025,Birthday,566
567,Attention create.,Thu Dec 19 00:00:00 GMT+01:00 2024,Private Party,567
568,Picture data natural.,Thu Jan 11 00:00:00 GMT+01:00 2024,Corporate Event,568
569,Effort else.,Sun Jun 29 00:00:00 GMT+01:00 2025,Birthday,569
570,Culture senior draw.,Fri Apr 19 00:00:00 GMT+01:00 2024,Private Party,570
571,Former.,Sat Sep 28 00:00:00 GMT+01:00 2024,Private Party,571
572,Without improve.,Sat Jan 20 00:00:00 GMT+01:00 2024,Corporate Event,572
573,Down theory fund.,Mon Sep 25 00:00:00 GMT+01:00 2023,Corporate Event,573
574,Course around.,Mon Mar 27 00:00:00 GMT+01:00 2023,Wedding,574
575,Personal occur.,Sat Sep 02 00:00:00 GMT+01:00 2023,Private Party,575
576,Share none anyone.,Tue May 27 00:00:00 GMT+01:00 2025,Private Party,576
577,Wonder.,Sat Feb 26 00:00:00 GMT+01:00 2022,Wedding,577
578,Reveal action.,Thu Nov 16 00:00:00 GMT+01:00 2023,Wedding,578
579,Thought city.,Sun Feb 12 00:00:00 GMT+01:00 2023,Corporate Event,579
580,Question together.,Thu Jun 02 00:00:00 GMT+01:00 2022,Wedding,580
581,Skin.,Tue Dec 10 00:00:00 GMT+01:00 2024,Wedding,581
582,He several.,Fri Dec 12 00:00:00 GMT+01:00 2025,Corporate Event,582
583,Bag.,Sun Dec 03 00:00:00 GMT+01:00 2023,Private Party,583
584,Within last.,Thu Feb 24 00:00:00 GMT+01:00 2022,Private Party,584
585,Rise member of.,Sun Jul 14 00:00:00 GMT+01:00 2024,Wedding,585
586,Save.,Sun Apr 03 00:00:00 GMT+01:00 2022,Birthday,586
587,Phone real.,Tue Apr 04 00:00:00 GMT+01:00 2023,Wedding,587
588,Season popular.,Sat Mar 08 00:00:00 GMT+01:00 2025,Birthday,588
589,Court.,Sun Aug 18 00:00:00 GMT+01:00 2024,Corporate Event,589
590,Bit.,Sun Feb 05 00:00:00 GMT+01:00 2023,Private Party,590
591,Point physical future.,Mon Oct 27 00:00:00 GMT+01:00 2025,Wedding,591
592,Hundred a anyone.,Fri Jul 04 00:00:00 GMT+01:00 2025,Private Party,592
593,Station see military.,Tue Nov 28 00:00:00 GMT+01:00 2023,Private Party,593
594,Fine somebody.,Sun Dec 08 00:00:00 GMT+01:00 2024,Private Party,594
595,Health accept have.,Sat Sep 07 00:00:00 GMT+01:00 2024,Corporate Event,595
596,News purpose quality.,Sun Apr 21 00:00:00 GMT+01:00 2024,Private Party,596
597,Task above court.,Fri Nov 04 00:00:00 GMT+01:00 2022,Private Party,597
598,Church.,Sun Jun 25 00:00:00 GMT+01:00 2023,Private Party,598
599,Land ago chance.,Wed Apr 09 00:00:00 GMT+01:00 2025,Private Party,599
600,Quickly foreign meeting.,Thu Jul 10 00:00:00 GMT+01:00 2025,Birthday,600
601,North.,Tue Oct 17 00:00:00 GMT+01:00 2023,Birthday,601
602,Page.,Wed May 10 00:00:00 GMT+01:00 2023,Birthday,602
603,Point tell.,Thu Jul 13 00:00:00 GMT+01:00 2023,Private Party,603
604,Article image.,Wed Jun 14 00:00:00 GMT+01:00 2023,Wedding,604
605,College physical.,Sun Dec 17 00:00:00 GMT+01:00 2023,Wedding,605
606,Happy poor nothing.,Sun Apr 16 00:00:00 GMT+01:00 2023,Birthday,606
607,Couple up.,Thu Apr 03 00:00:00 GMT+01:00 2025,Wedding,607
608,Admit morning.,Wed Sep 13 00:00:00 GMT+01:00 2023,Wedding,608
609,Glass just.,Sun Jul 28 00:00:00 GMT+01:00 2024,Corporate Event,609
610,Vote according new.,Sat Mar 02 00:00:00 GMT+01:00 2024,Corporate Event,610
611,Finish Congress watch.,Mon Oct 17 00:00:00 GMT+01:00 2022,Birthday,611
612,Ever let.,Mon Jun 03 00:00:00 GMT+01:00 2024,Corporate Event,612
613,Day military responsibility.,Fri May 24 00:00:00 GMT+01:00 2024,Private Party,613
614,Middle throughout.,Fri Mar 24 00:00:00 GMT+01:00 2023,Birthday,614
615,Future into ten.,Fri Mar 14 00:00:00 GMT+01:00 2025,Corporate Event,615
616,Address left drop.,Wed Apr 20 00:00:00 GMT+01:00 2022,Corporate Event,616
617,Something provide report.,Sun Feb 13 00:00:00 GMT+01:00 2022,Private Party,617
618,Kind plan team.,Sat Dec 28 00:00:00 GMT+01:00 2024,Corporate Event,618
619,Policy attention manager.,Tue Nov 26 00:00:00 GMT+01:00 2024,Private Party,619
620,Study over indeed.,Sun Feb 19 00:00:00 GMT+01:00 2023,Birthday,620
621,Stock space.,Wed May 31 00:00:00 GMT+01:00 2023,Corporate Event,621
623,Himself author.,Wed Dec 06 00:00:00 GMT+01:00 2023,Birthday,623
624,Almost way debate.,Thu Aug 15 00:00:00 GMT+01:00 2024,Private Party,624
625,Certain ask wide.,Wed Aug 21 00:00:00 GMT+01:00 2024,Wedding,625
626,Education campaign hospital.,Thu Nov 24 00:00:00 GMT+01:00 2022,Birthday,626
627,Kitchen loss.,Thu Mar 13 00:00:00 GMT+01:00 2025,Birthday,627
628,Discussion here.,Sat May 10 00:00:00 GMT+01:00 2025,Corporate Event,628
629,Program create.,Wed Mar 01 00:00:00 GMT+01:00 2023,Birthday,629
630,Down whether.,Tue Jul 02 00:00:00 GMT+01:00 2024,Wedding,630
631,He program.,Sat Apr 02 00:00:00 GMT+01:00 2022,Private Party,631
632,Quite.,Sat May 25 00:00:00 GMT+01:00 2024,Private Party,632
633,Tough fly.,Mon Jan 06 00:00:00 GMT+01:00 2025,Corporate Event,633
634,Individual necessary.,Fri Nov 15 00:00:00 GMT+01:00 2024,Wedding,634
635,Thing key happen.,Thu Dec 21 00:00:00 GMT+01:00 2023,Private Party,635
636,Special wife.,Tue Oct 21 00:00:00 GMT+01:00 2025,Corporate Event,636
637,Among ten laugh.,Sat Jan 14 00:00:00 GMT+01:00 2023,Wedding,637
638,All.,Sat Feb 08 00:00:00 GMT+01:00 2025,Birthday,638
639,Eight boy.,Sun Jun 19 00:00:00 GMT+01:00 2022,Corporate Event,639
640,Treat recognize.,Sun Jul 02 00:00:00 GMT+01:00 2023,Corporate Event,640
641,Be commercial threat.,Tue Jan 17 00:00:00 GMT+01:00 2023,Wedding,641
642,Bag they method add.,Tue Jun 11 00:00:00 GMT+01:00 2024,Corporate Event,642
643,Game religious.,Thu Apr 21 00:00:00 GMT+01:00 2022,Corporate Event,643
644,Baby prevent.,Fri Aug 22 00:00:00 GMT+01:00 2025,Birthday,644
645,Morning occur business.,Wed Apr 03 00:00:00 GMT+01:00 2024,Birthday,645
646,Common home.,Mon Dec 05 00:00:00 GMT+01:00 2022,Corporate Event,646
647,Describe.,Fri Jan 07 00:00:00 GMT+01:00 2022,Wedding,647
648,Name have.,Mon Aug 29 00:00:00 GMT+01:00 2022,Corporate Event,648
649,Call growth serious.,Fri Mar 03 00:00:00 GMT+01:00 2023,Wedding,649
650,Anyone truth economic.,Thu Jul 10 00:00:00 GMT+01:00 2025,Birthday,650
651,Cost nothing conference.,Tue Oct 31 00:00:00 GMT+01:00 2023,Corporate Event,651
652,She although.,Tue Dec 24 00:00:00 GMT+01:00 2024,Wedding,652
653,Feel issue.,Sun Apr 24 00:00:00 GMT+01:00 2022,Wedding,653
654,Stay effect.,Mon Apr 25 00:00:00 GMT+01:00 2022,Corporate Event,654
655,Free.,Sun Jul 07 00:00:00 GMT+01:00 2024,Corporate Event,655
656,Expert air.,Thu Feb 23 00:00:00 GMT+01:00 2023,Birthday,656
657,Surface suffer.,Fri Oct 24 00:00:00 GMT+01:00 2025,Wedding,657
658,Put himself catch.,Sun Sep 22 00:00:00 GMT+01:00 2024,Birthday,658
659,Else lead face.,Mon Jul 17 00:00:00 GMT+01:00 2023,Corporate Event,659
660,Image goal box.,Sat Jan 13 00:00:00 GMT+01:00 2024,Private Party,660
661,Prove anyone.,Tue Sep 16 00:00:00 GMT+01:00 2025,Corporate Event,661
662,Lawyer toward.,Wed Apr 20 00:00:00 GMT+01:00 2022,Wedding,662
663,Five where actually.,Tue Jun 24 00:00:00 GMT+01:00 2025,Corporate Event,663
664,Our still leave.,Mon Mar 04 00:00:00 GMT+01:00 2024,Corporate Event,664
665,Leader process personal.,Fri Nov 15 00:00:00 GMT+01:00 2024,Wedding,665
666,For each before.,Mon Mar 17 00:00:00 GMT+01:00 2025,Corporate Event,666
667,Her management.,Sat Mar 26 00:00:00 GMT+01:00 2022,Corporate Event,667
668,Country.,Thu Apr 25 00:00:00 GMT+01:00 2024,Corporate Event,668
669,Case require.,Tue Mar 07 00:00:00 GMT+01:00 2023,Corporate Event,669
670,Anything level.,Sat May 07 00:00:00 GMT+01:00 2022,Birthday,670
671,Us much.,Tue Nov 07 00:00:00 GMT+01:00 2023,Private Party,671
672,Range tonight if.,Sat Mar 22 00:00:00 GMT+01:00 2025,Corporate Event,672
673,Attention.,Tue Mar 21 00:00:00 GMT+01:00 2023,Birthday,673
674,Practice book.,Wed May 24 00:00:00 GMT+01:00 2023,Private Party,674
675,Next politics.,Fri Dec 26 00:00:00 GMT+01:00 2025,Corporate Event,675
676,Born little.,Sun Jan 26 00:00:00 GMT+01:00 2025,Private Party,676
677,Box ten.,Fri Aug 05 00:00:00 GMT+01:00 2022,Birthday,677
678,List picture.,Mon May 13 00:00:00 GMT+01:00 2024,Private Party,678
679,Into near address.,Tue Apr 15 00:00:00 GMT+01:00 2025,Wedding,679
680,School smile help green.,Sat Jun 24 00:00:00 GMT+01:00 2023,Wedding,680
681,Government month.,Mon Nov 14 00:00:00 GMT+01:00 2022,Birthday,681
682,Sign.,Sun Mar 24 00:00:00 GMT+01:00 2024,Wedding,682
683,Increase.,Fri Nov 21 00:00:00 GMT+01:00 2025,Corporate Event,683
684,Before like.,Mon Jul 28 00:00:00 GMT+01:00 2025,Wedding,684
685,Wall east.,Mon Nov 20 00:00:00 GMT+01:00 2023,Corporate Event,685
686,Hotel control.,Mon Nov 20 00:00:00 GMT+01:00 2023,Corporate Event,686
687,Maintain place speak.,Sat May 18 00:00:00 GMT+01:00 2024,Birthday,687
688,Style enter season.,Tue Sep 09 00:00:00 GMT+01:00 2025,Private Party,688
689,Rate work heart.,Sun Jun 08 00:00:00 GMT+01:00 2025,Wedding,689
690,Question I almost.,Thu Mar 03 00:00:00 GMT+01:00 2022,Wedding,690
691,Evidence challenge.,Fri Jul 01 00:00:00 GMT+01:00 2022,Corporate Event,691
692,Now source teacher.,Mon Nov 21 00:00:00 GMT+01:00 2022,Private Party,692
693,Accept arrive hard.,Wed Feb 12 00:00:00 GMT+01:00 2025,Wedding,693
694,Another picture owner.,Fri May 10 00:00:00 GMT+01:00 2024,Corporate Event,694
695,Later role.,Thu Feb 01 00:00:00 GMT+01:00 2024,Birthday,695
696,Argue chair lot.,Sat Jan 27 00:00:00 GMT+01:00 2024,Birthday,696
697,Employee prove study.,Sun Apr 10 00:00:00 GMT+01:00 2022,Birthday,697
698,Somebody environmental.,Fri Mar 14 00:00:00 GMT+01:00 2025,Private Party,698
699,Out blood throughout.,Wed Jan 05 00:00:00 GMT+01:00 2022,Birthday,699
700,Soon.,Thu Nov 28 00:00:00 GMT+01:00 2024,Wedding,700
701,Spend fly.,Tue Dec 17 00:00:00 GMT+01:00 2024,Private Party,701
702,Today.,Wed Apr 24 00:00:00 GMT+01:00 2024,Private Party,702
703,Network focus.,Fri Jul 14 00:00:00 GMT+01:00 2023,Birthday,703
704,This choose when.,Fri Nov 15 00:00:00 GMT+01:00 2024,Birthday,704
705,Fish would.,Mon Apr 08 00:00:00 GMT+01:00 2024,Private Party,705
706,Point six.,Thu Apr 25 00:00:00 GMT+01:00 2024,Wedding,706
707,Major serve structure after.,Thu Feb 02 00:00:00 GMT+01:00 2023,Birthday,707
708,Bill where also.,Fri Apr 12 00:00:00 GMT+01:00 2024,Corporate Event,708
709,Talk sense.,Thu Jan 30 00:00:00 GMT+01:00 2025,Corporate Event,709
710,Themselves according.,Sat Sep 30 00:00:00 GMT+01:00 2023,Private Party,710
711,Million Democrat interest.,Sun Jun 11 00:00:00 GMT+01:00 2023,Birthday,711
712,Send region different.,Fri May 26 00:00:00 GMT+01:00 2023,Corporate Event,712
713,Really recognize bed.,Sun Aug 31 00:00:00 GMT+01:00 2025,Corporate Event,713
714,Employee someone.,Wed Apr 09 00:00:00 GMT+01:00 2025,Private Party,714
715,South condition write.,Mon May 06 00:00:00 GMT+01:00 2024,Wedding,715
716,These fly impact.,Sun Jan 08 00:00:00 GMT+01:00 2023,Birthday,716
717,Soon participant far.,Mon Jul 14 00:00:00 GMT+01:00 2025,Birthday,717
718,Occur late.,Sun Oct 09 00:00:00 GMT+01:00 2022,Wedding,718
719,At try reveal.,Sun Sep 22 00:00:00 GMT+01:00 2024,Corporate Event,719
720,Specific number score weight.,Thu May 12 00:00:00 GMT+01:00 2022,Private Party,720
721,What against and.,Mon Dec 02 00:00:00 GMT+01:00 2024,Private Party,721
722,Well area certain system.,Wed Jun 28 00:00:00 GMT+01:00 2023,Corporate Event,722
723,Magazine once law.,Sun Oct 29 00:00:00 GMT+01:00 2023,Private Party,723
724,Big everything.,Thu Feb 01 00:00:00 GMT+01:00 2024,Private Party,724
725,Recognize main economic.,Wed Jan 05 00:00:00 GMT+01:00 2022,Corporate Event,725
726,Spring available blood.,Tue Sep 27 00:00:00 GMT+01:00 2022,Private Party,726
727,Now including address.,Sat May 17 00:00:00 GMT+01:00 2025,Private Party,727
728,Land.,Tue Jan 23 00:00:00 GMT+01:00 2024,Corporate Event,728
729,Other while.,Tue May 30 00:00:00 GMT+01:00 2023,Birthday,729
730,Black stay.,Wed Jun 29 00:00:00 GMT+01:00 2022,Private Party,730
731,Another natural language.,Sun Jul 24 00:00:00 GMT+01:00 2022,Birthday,731
732,Old citizen voice.,Thu Jul 17 00:00:00 GMT+01:00 2025,Corporate Event,732
733,Present.,Tue Jul 08 00:00:00 GMT+01:00 2025,Birthday,733
734,Over official.,Fri Jan 17 00:00:00 GMT+01:00 2025,Corporate Event,734
735,Money consumer throw.,Wed Dec 24 00:00:00 GMT+01:00 2025,Private Party,735
736,Discover add.,Fri Feb 24 00:00:00 GMT+01:00 2023,Private Party,736
737,Mrs weight bed herself.,Wed Jul 26 00:00:00 GMT+01:00 2023,Birthday,737
738,Which theory.,Fri Mar 25 00:00:00 GMT+01:00 2022,Wedding,738
739,Now participant.,Sun Nov 06 00:00:00 GMT+01:00 2022,Wedding,739
740,Team keep.,Tue Sep 02 00:00:00 GMT+01:00 2025,Corporate Event,740
741,Several someone indeed weight.,Sat May 10 00:00:00 GMT+01:00 2025,Birthday,741
742,However notice.,Thu Dec 21 00:00:00 GMT+01:00 2023,Private Party,742
743,Safe point next.,Sat Mar 18 00:00:00 GMT+01:00 2023,Birthday,743
744,Record without reality.,Thu Jan 13 00:00:00 GMT+01:00 2022,Private Party,744
745,Effort true dark.,Sun May 26 00:00:00 GMT+01:00 2024,Birthday,745
746,Major beyond.,Fri Apr 18 00:00:00 GMT+01:00 2025,Corporate Event,746
747,Lay federal see.,Thu Jul 04 00:00:00 GMT+01:00 2024,Birthday,747
748,Myself nice rest.,Mon Jun 02 00:00:00 GMT+01:00 2025,Corporate Event,748
749,Smile the.,Mon May 20 00:00:00 GMT+01:00 2024,Private Party,749
750,Quite space.,Tue Apr 02 00:00:00 GMT+01:00 2024,Private Party,750
751,Participant true.,Tue May 07 00:00:00 GMT+01:00 2024,Corporate Event,751
752,Mind soldier.,Thu Nov 03 00:00:00 GMT+01:00 2022,Birthday,752
753,Opportunity piece speech.,Sat Jul 12 00:00:00 GMT+01:00 2025,Wedding,753
754,Music suddenly edge.,Fri Aug 19 00:00:00 GMT+01:00 2022,Corporate Event,754
755,Kid safe few.,Wed May 22 00:00:00 GMT+01:00 2024,Corporate Event,755
756,Throw brother.,Sat Dec 31 00:00:00 GMT+01:00 2022,Wedding,756
757,Mrs admit.,Sun May 11 00:00:00 GMT+01:00 2025,Birthday,757
758,Account machine.,Fri Jan 20 00:00:00 GMT+01:00 2023,Birthday,758
759,Woman ask serve others.,Mon Jan 29 00:00:00 GMT+01:00 2024,Corporate Event,759
760,Vote stock.,Fri Jun 17 00:00:00 GMT+01:00 2022,Private Party,760
761,Service herself arrive career.,Mon Jun 24 00:00:00 GMT+01:00 2024,Birthday,761
762,Defense suggest feel.,Tue Apr 11 00:00:00 GMT+01:00 2023,Corporate Event,762
763,After such certain likely.,Wed Apr 24 00:00:00 GMT+01:00 2024,Corporate Event,763
764,Environmental candidate treatment.,Sun Feb 20 00:00:00 GMT+01:00 2022,Wedding,764
765,Piece for single.,Fri Aug 29 00:00:00 GMT+01:00 2025,Corporate Event,765
766,Low really teach.,Tue Oct 10 00:00:00 GMT+01:00 2023,Birthday,766
767,Many along quickly.,Thu Jan 18 00:00:00 GMT+01:00 2024,Birthday,767
768,Down interview attention.,Fri Jan 14 00:00:00 GMT+01:00 2022,Corporate Event,768
769,Democrat few.,Tue Apr 19 00:00:00 GMT+01:00 2022,Corporate Event,769
770,Conference seek.,Sat Jun 24 00:00:00 GMT+01:00 2023,Private Party,770
771,Letter sit require.,Sat Jul 16 00:00:00 GMT+01:00 2022,Wedding,771
772,Next per simple.,Thu Jan 12 00:00:00 GMT+01:00 2023,Birthday,772
773,Politics image light nation.,Tue Apr 04 00:00:00 GMT+01:00 2023,Private Party,773
774,Top.,Thu Jan 09 00:00:00 GMT+01:00 2025,Wedding,774
775,Recognize opportunity there yes.,Wed Feb 07 00:00:00 GMT+01:00 2024,Wedding,775
776,Yeah behavior.,Wed Nov 12 00:00:00 GMT+01:00 2025,Birthday,776
777,Purpose marriage long help.,Thu Apr 28 00:00:00 GMT+01:00 2022,Corporate Event,777
778,Tend five.,Tue May 27 00:00:00 GMT+01:00 2025,Birthday,778
779,Attention data accept.,Thu Sep 26 00:00:00 GMT+01:00 2024,Private Party,779
780,See.,Fri Nov 29 00:00:00 GMT+01:00 2024,Corporate Event,780
781,Develop interview manage.,Sat Dec 13 00:00:00 GMT+01:00 2025,Corporate Event,781
782,We another new.,Thu Nov 16 00:00:00 GMT+01:00 2023,Corporate Event,782
783,Still.,Thu Feb 22 00:00:00 GMT+01:00 2024,Wedding,783
784,Help young easy service.,Wed Jan 26 00:00:00 GMT+01:00 2022,Corporate Event,784
785,Idea paper system.,Mon Jan 09 00:00:00 GMT+01:00 2023,Birthday,785
786,Up little half.,Thu Jul 17 00:00:00 GMT+01:00 2025,Wedding,786
787,Relationship who.,Thu Feb 10 00:00:00 GMT+01:00 2022,Wedding,787
788,Raise travel.,Fri Jan 07 00:00:00 GMT+01:00 2022,Wedding,788
789,Like possible so.,Sat Jan 08 00:00:00 GMT+01:00 2022,Wedding,789
790,View pass.,Tue Feb 07 00:00:00 GMT+01:00 2023,Private Party,790
791,Government training all.,Sat Feb 19 00:00:00 GMT+01:00 2022,Private Party,791
792,Many.,Tue Apr 12 00:00:00 GMT+01:00 2022,Private Party,792
793,Wonder go.,Fri Sep 23 00:00:00 GMT+01:00 2022,Wedding,793
794,Under executive under.,Tue Aug 19 00:00:00 GMT+01:00 2025,Private Party,794
795,Speech ever.,Wed Oct 02 00:00:00 GMT+01:00 2024,Corporate Event,795
796,Until drive behind.,Wed Feb 26 00:00:00 GMT+01:00 2025,Birthday,796
797,Third very.,Sun Sep 04 00:00:00 GMT+01:00 2022,Corporate Event,797
798,Box cold kid.,Tue Mar 11 00:00:00 GMT+01:00 2025,Private Party,798
799,Learn government.,Sat Oct 04 00:00:00 GMT+01:00 2025,Corporate Event,799
800,Member source.,Fri Aug 05 00:00:00 GMT+01:00 2022,Corporate Event,800
801,Mind rule.,Mon Jan 23 00:00:00 GMT+01:00 2023,Wedding,801
802,Campaign level assume type.,Mon Sep 30 00:00:00 GMT+01:00 2024,Corporate Event,802
803,Attorney bank.,Tue Aug 01 00:00:00 GMT+01:00 2023,Birthday,803
804,Blue politics.,Sat Sep 27 00:00:00 GMT+01:00 2025,Corporate Event,804
805,Possible visit.,Thu Apr 27 00:00:00 GMT+01:00 2023,Private Party,805
806,Training party.,Tue Mar 15 00:00:00 GMT+01:00 2022,Birthday,806
807,Or.,Mon Jun 05 00:00:00 GMT+01:00 2023,Wedding,807
808,With among.,Thu Aug 18 00:00:00 GMT+01:00 2022,Private Party,808
809,Positive national.,Sat Jan 27 00:00:00 GMT+01:00 2024,Wedding,809
810,Free explain statement.,Mon Feb 10 00:00:00 GMT+01:00 2025,Birthday,810
811,Occur hope.,Sun Dec 22 00:00:00 GMT+01:00 2024,Private Party,811
812,Stuff account evening.,Fri Nov 10 00:00:00 GMT+01:00 2023,Birthday,812
813,Election white than.,Fri Jul 21 00:00:00 GMT+01:00 2023,Private Party,813
814,Real relationship value.,Sun Aug 21 00:00:00 GMT+01:00 2022,Birthday,814
815,Usually.,Mon Apr 21 00:00:00 GMT+01:00 2025,Corporate Event,815
816,Item ask.,Mon Dec 05 00:00:00 GMT+01:00 2022,Birthday,816
817,Increase life next.,Wed Aug 13 00:00:00 GMT+01:00 2025,Private Party,817
818,Push month scientist.,Sat Mar 08 00:00:00 GMT+01:00 2025,Private Party,818
819,Method PM position.,Tue Oct 10 00:00:00 GMT+01:00 2023,Private Party,819
820,Occur help.,Wed Feb 26 00:00:00 GMT+01:00 2025,Corporate Event,820
821,The able.,Thu Oct 02 00:00:00 GMT+01:00 2025,Corporate Event,821
822,Painting thus.,Sat Oct 26 00:00:00 GMT+01:00 2024,Wedding,822
823,Suffer pick recognize.,Fri Dec 22 00:00:00 GMT+01:00 2023,Birthday,823
824,Recently various mission specific.,Tue Jul 11 00:00:00 GMT+01:00 2023,Birthday,824
825,Agreement investment seek.,Sun Feb 04 00:00:00 GMT+01:00 2024,Corporate Event,825
826,Order hit.,Sat Jun 10 00:00:00 GMT+01:00 2023,Wedding,826
827,Control choice second.,Thu Aug 01 00:00:00 GMT+01:00 2024,Corporate Event,827
828,Several between.,Wed Jul 12 00:00:00 GMT+01:00 2023,Corporate Event,828
829,Either phone program power.,Thu May 19 00:00:00 GMT+01:00 2022,Birthday,829
830,Subject partner floor.,Sat Jun 28 00:00:00 GMT+01:00 2025,Corporate Event,830
831,Billion worker.,Mon Jan 03 00:00:00 GMT+01:00 2022,Wedding,831
832,Six hope.,Fri Jun 13 00:00:00 GMT+01:00 2025,Wedding,832
833,Month draw.,Wed Jul 09 00:00:00 GMT+01:00 2025,Corporate Event,833
834,Then coach.,Thu Sep 21 00:00:00 GMT+01:00 2023,Wedding,834
835,Only bill.,Sat Oct 19 00:00:00 GMT+01:00 2024,Birthday,835
836,Guess teach third.,Tue Apr 19 00:00:00 GMT+01:00 2022,Private Party,836
837,Start someone discover.,Thu Jan 19 00:00:00 GMT+01:00 2023,Corporate Event,837
838,Bill suddenly program.,Wed Nov 30 00:00:00 GMT+01:00 2022,Birthday,838
839,Memory finally.,Mon May 29 00:00:00 GMT+01:00 2023,Birthday,839
840,Science them.,Sun Aug 06 00:00:00 GMT+01:00 2023,Wedding,840
841,Value involve view.,Sat Apr 15 00:00:00 GMT+01:00 2023,Private Party,841
842,Kitchen generation up.,Thu Jun 15 00:00:00 GMT+01:00 2023,Wedding,842
843,Music too door.,Sat May 27 00:00:00 GMT+01:00 2023,Wedding,843
844,Stay back.,Wed Jan 03 00:00:00 GMT+01:00 2024,Birthday,844
845,Star compare.,Sat Jul 19 00:00:00 GMT+01:00 2025,Wedding,845
846,Book consumer.,Mon Dec 05 00:00:00 GMT+01:00 2022,Wedding,846
847,Approach life term.,Sat Feb 24 00:00:00 GMT+01:00 2024,Corporate Event,847
848,Century management moment.,Sat Jun 25 00:00:00 GMT+01:00 2022,Corporate Event,848
849,To until.,Sun Oct 12 00:00:00 GMT+01:00 2025,Private Party,849
850,Long economy.,Sat Oct 15 00:00:00 GMT+01:00 2022,Wedding,850
851,Film half cultural.,Tue Oct 17 00:00:00 GMT+01:00 2023,Private Party,851
852,Community training record.,Tue Aug 27 00:00:00 GMT+01:00 2024,Wedding,852
853,Without lay.,Fri Sep 15 00:00:00 GMT+01:00 2023,Birthday,853
854,Writer fund.,Sun Aug 10 00:00:00 GMT+01:00 2025,Corporate Event,854
855,Beyond quality country.,Thu May 29 00:00:00 GMT+01:00 2025,Wedding,855
856,Lawyer own.,Wed Jun 22 00:00:00 GMT+01:00 2022,Corporate Event,856
857,Car carry writer.,Thu Apr 03 00:00:00 GMT+01:00 2025,Birthday,857
858,Figure with.,Mon Sep 05 00:00:00 GMT+01:00 2022,Wedding,858
859,Value song training.,Tue Mar 29 00:00:00 GMT+01:00 2022,Corporate Event,859
860,Happen about which.,Sun Oct 27 00:00:00 GMT+01:00 2024,Private Party,860
861,Yeah ask risk.,Sat Jan 18 00:00:00 GMT+01:00 2025,Birthday,861
862,Others article.,Tue May 13 00:00:00 GMT+01:00 2025,Private Party,862
863,Owner city.,Tue May 27 00:00:00 GMT+01:00 2025,Private Party,863
864,Give visit.,Thu Mar 27 00:00:00 GMT+01:00 2025,Corporate Event,864
865,Pretty.,Thu Feb 20 00:00:00 GMT+01:00 2025,Wedding,865
866,Police lead step.,Sat Oct 07 00:00:00 GMT+01:00 2023,Birthday,866
867,Car myself.,Sat Dec 28 00:00:00 GMT+01:00 2024,Birthday,867
868,Agent decade.,Wed Jan 26 00:00:00 GMT+01:00 2022,Birthday,868
869,Yes foot specific onto.,Fri Mar 15 00:00:00 GMT+01:00 2024,Wedding,869
870,Officer remain manage.,Thu Oct 13 00:00:00 GMT+01:00 2022,Corporate Event,870
871,Total story network.,Sat Jun 22 00:00:00 GMT+01:00 2024,Private Party,871
872,Choice concern red.,Mon Oct 03 00:00:00 GMT+01:00 2022,Birthday,872
873,Occur already provide.,Wed Dec 17 00:00:00 GMT+01:00 2025,Private Party,873
874,Billion.,Thu Jan 09 00:00:00 GMT+01:00 2025,Private Party,874
875,Popular art guess.,Mon Jul 08 00:00:00 GMT+01:00 2024,Birthday,875
876,Accept wind American.,Tue May 09 00:00:00 GMT+01:00 2023,Wedding,876
877,Agent company.,Fri Oct 10 00:00:00 GMT+01:00 2025,Private Party,877
878,Thing order lot.,Sun Oct 09 00:00:00 GMT+01:00 2022,Birthday,878
879,Science responsibility with.,Fri May 13 00:00:00 GMT+01:00 2022,Birthday,879
880,Admit piece result.,Sat Jun 08 00:00:00 GMT+01:00 2024,Birthday,880
881,Long sing.,Sun Jan 15 00:00:00 GMT+01:00 2023,Wedding,881
882,Move director.,Wed Nov 13 00:00:00 GMT+01:00 2024,Private Party,882
883,Discussion involve hour.,Mon Jul 29 00:00:00 GMT+01:00 2024,Private Party,883
884,Between class.,Wed Mar 23 00:00:00 GMT+01:00 2022,Birthday,884
885,Somebody all.,Wed Apr 19 00:00:00 GMT+01:00 2023,Corporate Event,885
886,Get.,Wed Jun 15 00:00:00 GMT+01:00 2022,Birthday,886
887,Ever stay.,Fri May 26 00:00:00 GMT+01:00 2023,Private Party,887
888,Money have image.,Mon Aug 19 00:00:00 GMT+01:00 2024,Wedding,888
889,Manage size act.,Mon Feb 17 00:00:00 GMT+01:00 2025,Corporate Event,889
890,Fire carry.,Mon Jun 02 00:00:00 GMT+01:00 2025,Private Party,890
891,Far environmental.,Wed Oct 30 00:00:00 GMT+01:00 2024,Private Party,891
892,Bank various.,Mon Jan 24 00:00:00 GMT+01:00 2022,Corporate Event,892
893,Understand vote happy.,Sun Jun 11 00:00:00 GMT+01:00 2023,Corporate Event,893
894,Network apply anyone.,Tue Jan 30 00:00:00 GMT+01:00 2024,Corporate Event,894
895,Again might.,Sun Jan 22 00:00:00 GMT+01:00 2023,Corporate Event,895
896,Road yeah card.,Sun Apr 06 00:00:00 GMT+01:00 2025,Corporate Event,896
897,More.,Sat Jul 23 00:00:00 GMT+01:00 2022,Private Party,897
898,Including.,Thu Oct 09 00:00:00 GMT+01:00 2025,Private Party,898
899,Billion cell.,Sat May 24 00:00:00 GMT+01:00 2025,Corporate Event,899
900,Mind consumer.,Tue May 02 00:00:00 GMT+01:00 2023,Birthday,900
901,If affect.,Thu May 09 00:00:00 GMT+01:00 2024,Private Party,901
902,Character their.,Tue Mar 22 00:00:00 GMT+01:00 2022,Birthday,902
903,Western study.,Tue Jan 21 00:00:00 GMT+01:00 2025,Wedding,903
904,Order treatment.,Fri Dec 13 00:00:00 GMT+01:00 2024,Birthday,904
905,Surface among.,Tue Oct 28 00:00:00 GMT+01:00 2025,Corporate Event,905
906,Only believe able.,Sun Nov 27 00:00:00 GMT+01:00 2022,Corporate Event,906
907,Force.,Wed Oct 16 00:00:00 GMT+01:00 2024,Birthday,907
908,Technology field.,Sun Feb 26 00:00:00 GMT+01:00 2023,Wedding,908
909,All begin control.,Mon Nov 28 00:00:00 GMT+01:00 2022,Wedding,909
910,Stop service.,Sat Apr 05 00:00:00 GMT+01:00 2025,Wedding,910
911,Ever.,Thu Dec 26 00:00:00 GMT+01:00 2024,Wedding,911
912,Approach world high.,Sat Jan 25 00:00:00 GMT+01:00 2025,Wedding,912
913,Audience red rock cause.,Tue Oct 22 00:00:00 GMT+01:00 2024,Wedding,913
914,Apply network.,Fri Jul 05 00:00:00 GMT+01:00 2024,Corporate Event,914
915,Main couple future.,Fri Jan 31 00:00:00 GMT+01:00 2025,Private Party,915
916,Cost continue speech act.,Mon Jul 31 00:00:00 GMT+01:00 2023,Private Party,916
917,Rest mean security open.,Sat Feb 12 00:00:00 GMT+01:00 2022,Corporate Event,917
918,General common get.,Fri Feb 24 00:00:00 GMT+01:00 2023,Birthday,918
919,Southern color range.,Mon May 16 00:00:00 GMT+01:00 2022,Wedding,919
920,Become road front.,Tue Jan 25 00:00:00 GMT+01:00 2022,Wedding,920
921,Any meeting hour.,Sun Jan 21 00:00:00 GMT+01:00 2024,Private Party,921
922,Show north.,Sun Aug 25 00:00:00 GMT+01:00 2024,Birthday,922
923,Stuff drug.,Tue Jan 02 00:00:00 GMT+01:00 2024,Private Party,923
924,Interview everyone center.,Tue Feb 13 00:00:00 GMT+01:00 2024,Wedding,924
925,Republican big system same.,Wed Feb 19 00:00:00 GMT+01:00 2025,Private Party,925
926,Night action generation.,Mon Sep 02 00:00:00 GMT+01:00 2024,Corporate Event,926
927,Goal glass above.,Fri Aug 09 00:00:00 GMT+01:00 2024,Birthday,927
928,Question.,Fri Dec 27 00:00:00 GMT+01:00 2024,Birthday,928
929,Begin certainly.,Sat Nov 26 00:00:00 GMT+01:00 2022,Private Party,929
930,Television fight mother.,Sun Aug 28 00:00:00 GMT+01:00 2022,Corporate Event,930
931,Economy smile.,Sun Nov 10 00:00:00 GMT+01:00 2024,Wedding,931
932,Them keep.,Sun Aug 21 00:00:00 GMT+01:00 2022,Wedding,932
933,Simple international.,Sun Oct 01 00:00:00 GMT+01:00 2023,Wedding,933
934,Manage cup upon.,Mon Aug 08 00:00:00 GMT+01:00 2022,Private Party,934
935,Fill represent laugh necessary.,Mon Jan 30 00:00:00 GMT+01:00 2023,Wedding,935
936,Increase start.,Wed Sep 17 00:00:00 GMT+01:00 2025,Birthday,936
937,Term pull.,Tue Sep 19 00:00:00 GMT+01:00 2023,Birthday,937
938,Might practice college.,Sun Oct 12 00:00:00 GMT+01:00 2025,Corporate Event,938
939,Hospital business trial.,Fri Oct 06 00:00:00 GMT+01:00 2023,Private Party,939
940,Network after.,Fri Aug 16 00:00:00 GMT+01:00 2024,Wedding,940
941,Republican somebody reflect.,Sat Sep 06 00:00:00 GMT+01:00 2025,Wedding,941
942,Rise eight.,Fri Dec 15 00:00:00 GMT+01:00 2023,Birthday,942
943,Product weight rock.,Tue Mar 15 00:00:00 GMT+01:00 2022,Private Party,943
944,Central water economy five.,Sun Oct 27 00:00:00 GMT+01:00 2024,Birthday,944
945,Allow concern increase.,Sun Mar 06 00:00:00 GMT+01:00 2022,Private Party,945
946,Peace.,Sat Jul 22 00:00:00 GMT+01:00 2023,Corporate Event,946
947,Address line push.,Thu Dec 22 00:00:00 GMT+01:00 2022,Wedding,947
948,Improve wear.,Sun Jan 05 00:00:00 GMT+01:00 2025,Corporate Event,948
949,Enter risk.,Fri Sep 29 00:00:00 GMT+01:00 2023,Private Party,949
950,Give month.,Sun Jun 11 00:00:00 GMT+01:00 2023,Birthday,950
951,Century financial service.,Fri Sep 08 00:00:00 GMT+01:00 2023,Private Party,951
952,Fight area.,Tue Jan 28 00:00:00 GMT+01:00 2025,Wedding,952
953,Near or cup.,Fri Oct 25 00:00:00 GMT+01:00 2024,Wedding,953
954,Good.,Tue Aug 06 00:00:00 GMT+01:00 2024,Corporate Event,954
955,Can doctor end.,Tue Mar 01 00:00:00 GMT+01:00 2022,Birthday,955
956,Popular parent.,Sat Dec 21 00:00:00 GMT+01:00 2024,Private Party,956
957,What explain young.,Thu Oct 23 00:00:00 GMT+01:00 2025,Birthday,957
958,Democratic face chance.,Wed Apr 12 00:00:00 GMT+01:00 2023,Wedding,958
959,Movement.,Mon Oct 21 00:00:00 GMT+01:00 2024,Birthday,959
960,Heavy own some.,Sat Nov 26 00:00:00 GMT+01:00 2022,Wedding,960
961,Tough either.,Fri Oct 24 00:00:00 GMT+01:00 2025,Wedding,961
962,Develop risk.,Mon Aug 14 00:00:00 GMT+01:00 2023,Birthday,962
963,Cut end.,Wed Nov 12 00:00:00 GMT+01:00 2025,Corporate Event,963
964,Talk attorney.,Wed Dec 07 00:00:00 GMT+01:00 2022,Wedding,964
965,Wall think itself.,Mon Jul 10 00:00:00 GMT+01:00 2023,Private Party,965
966,Participant check.,Sun Nov 13 00:00:00 GMT+01:00 2022,Private Party,966
967,Mention true.,Tue Nov 11 00:00:00 GMT+01:00 2025,Private Party,967
968,Note college apply.,Fri Aug 22 00:00:00 GMT+01:00 2025,Birthday,968
969,Win theory.,Tue Jun 13 00:00:00 GMT+01:00 2023,Wedding,969
970,Note enter painting.,Fri Feb 25 00:00:00 GMT+01:00 2022,Wedding,970
971,Never mother drop.,Tue May 23 00:00:00 GMT+01:00 2023,Birthday,971
972,Name since.,Wed Sep 21 00:00:00 GMT+01:00 2022,Corporate Event,972
973,Red someone.,Sat May 18 00:00:00 GMT+01:00 2024,Private Party,973
974,Less financial.,Fri Feb 21 00:00:00 GMT+01:00 2025,Birthday,974
975,Key.,Thu Apr 18 00:00:00 GMT+01:00 2024,Corporate Event,975
976,Check foreign receive.,Sat Jul 08 00:00:00 GMT+01:00 2023,Private Party,976
977,Could the.,Mon Nov 06 00:00:00 GMT+01:00 2023,Private Party,977
978,Thus place feel peace.,Tue Apr 02 00:00:00 GMT+01:00 2024,Corporate Event,978
979,If meet.,Sat Jun 07 00:00:00 GMT+01:00 2025,Corporate Event,979
980,Tell Republican charge.,Sat Oct 01 00:00:00 GMT+01:00 2022,Corporate Event,980
981,Early interesting.,Tue Nov 12 00:00:00 GMT+01:00 2024,Birthday,981
982,Operation common.,Tue Nov 26 00:00:00 GMT+01:00 2024,Wedding,982
983,Relationship race.,Tue Oct 15 00:00:00 GMT+01:00 2024,Wedding,983
984,Professional sure tree financial.,Tue Jul 15 00:00:00 GMT+01:00 2025,Birthday,984
985,Call build expert.,Sun Aug 27 00:00:00 GMT+01:00 2023,Corporate Event,985
986,Husband able lead.,Tue Aug 27 00:00:00 GMT+01:00 2024,Private Party,986
987,Edge lawyer.,Sat Jul 15 00:00:00 GMT+01:00 2023,Corporate Event,987
988,Reveal part worker.,Fri May 24 00:00:00 GMT+01:00 2024,Wedding,988
989,Me better.,Sun Mar 09 00:00:00 GMT+01:00 2025,Birthday,989
990,Yard else ten.,Thu Sep 15 00:00:00 GMT+01:00 2022,Private Party,990
991,Look amount sometimes almost.,Mon Oct 14 00:00:00 GMT+01:00 2024,Birthday,991
992,Kind ask charge.,Fri Aug 18 00:00:00 GMT+01:00 2023,Private Party,992
993,Maintain everything hit.,Tue Sep 06 00:00:00 GMT+01:00 2022,Corporate Event,993
994,Get receive science.,Tue Jan 09 00:00:00 GMT+01:00 2024,Corporate Event,994
995,Film benefit.,Sat Jul 09 00:00:00 GMT+01:00 2022,Wedding,995
996,Agreement when adult able.,Sat Apr 01 00:00:00 GMT+01:00 2023,Corporate Event,996
997,Size middle economy free.,Fri Oct 21 00:00:00 GMT+01:00 2022,Birthday,997
998,Admit material news.,Tue Aug 02 00:00:00 GMT+01:00 2022,Corporate Event,998
999,But each understand.,Wed Apr 27 00:00:00 GMT+01:00 2022,Corporate Event,999
1000,Truth off two.,Sat Oct 25 00:00:00 GMT+01:00 2025,Corporate Event,1000
1001,Main list figure.,Thu Nov 07 00:00:00 GMT+01:00 2024,Corporate Event,1001
1002,World finish.,Wed Mar 19 00:00:00 GMT+01:00 2025,Birthday,1002
1003,Center character.,Sat Oct 19 00:00:00 GMT+01:00 2024,Corporate Event,1003
1004,Author cause cut.,Mon Nov 20 00:00:00 GMT+01:00 2023,Corporate Event,1004
1005,Produce feel economic.,Wed Dec 27 00:00:00 GMT+01:00 2023,Corporate Event,1005
1006,Environment identify fly not.,Fri Aug 26 00:00:00 GMT+01:00 2022,Birthday,1006
1007,Dog stage language.,Sun Aug 13 00:00:00 GMT+01:00 2023,Birthday,1007
1008,Cost about find.,Fri Apr 14 00:00:00 GMT+01:00 2023,Birthday,1008
1009,Value clearly fill.,Tue May 13 00:00:00 GMT+01:00 2025,Private Party,1009
1010,Join room authority employee.,Sat Aug 03 00:00:00 GMT+01:00 2024,Corporate Event,1010
1011,Range turn four.,Thu Mar 24 00:00:00 GMT+01:00 2022,Private Party,1011
1012,Man home.,Wed Jun 15 00:00:00 GMT+01:00 2022,Private Party,1012
1013,Page garden.,Fri Sep 09 00:00:00 GMT+01:00 2022,Corporate Event,1013
1014,No baby.,Mon Sep 26 00:00:00 GMT+01:00 2022,Birthday,1014
1015,Investment operation western.,Mon Aug 21 00:00:00 GMT+01:00 2023,Corporate Event,1015
1016,Run care technology.,Fri Dec 13 00:00:00 GMT+01:00 2024,Birthday,1016
1017,Assume traditional.,Thu Jul 13 00:00:00 GMT+01:00 2023,Birthday,1017
1018,Option defense side.,Sat Apr 15 00:00:00 GMT+01:00 2023,Private Party,1018
1019,Behavior marriage direction.,Fri Jun 21 00:00:00 GMT+01:00 2024,Birthday,1019
1020,Job far.,Sun Mar 30 00:00:00 GMT+01:00 2025,Corporate Event,1020
1021,Stage five at.,Fri Feb 16 00:00:00 GMT+01:00 2024,Private Party,1021
1022,Sport beautiful.,Thu Jul 10 00:00:00 GMT+01:00 2025,Private Party,1022
1023,Before church.,Tue Dec 05 00:00:00 GMT+01:00 2023,Private Party,1023
1024,Behavior foot enter per.,Mon Sep 02 00:00:00 GMT+01:00 2024,Wedding,1024
1025,Laugh tell member.,Sat Mar 08 00:00:00 GMT+01:00 2025,Wedding,1025
1026,Everything paper.,Wed Sep 24 00:00:00 GMT+01:00 2025,Corporate Event,1026
1027,Remember receive.,Sun Apr 23 00:00:00 GMT+01:00 2023,Birthday,1027
1028,Animal market attorney per.,Mon Jan 30 00:00:00 GMT+01:00 2023,Corporate Event,1028
1029,Detail key public.,Tue Nov 28 00:00:00 GMT+01:00 2023,Birthday,1029
1030,Particularly move.,Sun Feb 04 00:00:00 GMT+01:00 2024,Wedding,1030
1031,Likely tend within.,Mon Feb 07 00:00:00 GMT+01:00 2022,Wedding,1031
1032,Fact.,Sat Feb 22 00:00:00 GMT+01:00 2025,Private Party,1032
1033,Watch business brother.,Tue Sep 06 00:00:00 GMT+01:00 2022,Corporate Event,1033
1034,Industry available collection.,Sun Aug 10 00:00:00 GMT+01:00 2025,Private Party,1034
1035,Contain could owner.,Sat Jun 04 00:00:00 GMT+01:00 2022,Private Party,1035
1036,Look could.,Mon Jul 01 00:00:00 GMT+01:00 2024,Wedding,1036
1037,Institution chair any.,Sun Feb 02 00:00:00 GMT+01:00 2025,Wedding,1037
1038,In customer better.,Thu Aug 03 00:00:00 GMT+01:00 2023,Private Party,1038
1039,Middle.,Thu Jul 27 00:00:00 GMT+01:00 2023,Birthday,1039
1040,Manage point.,Fri Jul 04 00:00:00 GMT+01:00 2025,Private Party,1040
1041,Box since fish modern.,Thu Sep 19 00:00:00 GMT+01:00 2024,Corporate Event,1041
1042,Shoulder Democrat suffer quickly.,Mon Jul 18 00:00:00 GMT+01:00 2022,Wedding,1042
1043,Wish middle.,Sat Jun 15 00:00:00 GMT+01:00 2024,Birthday,1043
1044,Your require.,Sat Oct 18 00:00:00 GMT+01:00 2025,Private Party,1044
1045,Most.,Sun Nov 26 00:00:00 GMT+01:00 2023,Wedding,1045
1046,Law admit you.,Sun Sep 24 00:00:00 GMT+01:00 2023,Birthday,1046
1047,Candidate sound PM.,Thu Oct 26 00:00:00 GMT+01:00 2023,Corporate Event,1047
1048,Appear within night.,Fri Mar 01 00:00:00 GMT+01:00 2024,Birthday,1048
1049,Indicate.,Fri Mar 21 00:00:00 GMT+01:00 2025,Wedding,1049
1050,Billion former wish.,Tue Feb 13 00:00:00 GMT+01:00 2024,Wedding,1050
1051,Consumer scene.,Thu Feb 20 00:00:00 GMT+01:00 2025,Private Party,1051
1052,Different with you.,Thu Nov 27 00:00:00 GMT+01:00 2025,Corporate Event,1052
1053,Just career success buy.,Tue Jun 24 00:00:00 GMT+01:00 2025,Wedding,1053
1054,Argue worker.,Thu Jun 13 00:00:00 GMT+01:00 2024,Birthday,1054
1055,Nature crime attorney.,Tue Oct 29 00:00:00 GMT+01:00 2024,Birthday,1055
1056,Job exactly.,Thu Oct 12 00:00:00 GMT+01:00 2023,Private Party,1056
1057,Off citizen TV.,Tue Jul 25 00:00:00 GMT+01:00 2023,Wedding,1057
1058,Either day.,Thu Oct 16 00:00:00 GMT+01:00 2025,Birthday,1058
1059,Voice TV through.,Mon Jun 17 00:00:00 GMT+01:00 2024,Corporate Event,1059
1060,Thought heart quality.,Sun Sep 15 00:00:00 GMT+01:00 2024,Birthday,1060
1061,All of.,Fri Nov 08 00:00:00 GMT+01:00 2024,Corporate Event,1061
1062,Open work.,Mon Jun 03 00:00:00 GMT+01:00 2024,Birthday,1062
1063,Example responsibility.,Tue Nov 22 00:00:00 GMT+01:00 2022,Birthday,1063
1064,Because pretty huge.,Tue Jan 16 00:00:00 GMT+01:00 2024,Private Party,1064
1065,Church factor car.,Fri May 26 00:00:00 GMT+01:00 2023,Corporate Event,1065
1066,Fear entire.,Tue Mar 25 00:00:00 GMT+01:00 2025,Wedding,1066
1067,Boy other which.,Sun Sep 17 00:00:00 GMT+01:00 2023,Private Party,1067
1068,A way begin.,Fri Jan 10 00:00:00 GMT+01:00 2025,Wedding,1068
1069,Fear here.,Sun Mar 12 00:00:00 GMT+01:00 2023,Wedding,1069
1070,Most including show.,Wed Jul 05 00:00:00 GMT+01:00 2023,Birthday,1070
1071,Effect mean make.,Wed Sep 14 00:00:00 GMT+01:00 2022,Corporate Event,1071
1072,Majority describe develop.,Sat Jul 01 00:00:00 GMT+01:00 2023,Private Party,1072
1073,Force with capital.,Thu Mar 31 00:00:00 GMT+01:00 2022,Wedding,1073
1074,Peace wish.,Sat Jul 23 00:00:00 GMT+01:00 2022,Birthday,1074
1075,However similar bill.,Fri Apr 15 00:00:00 GMT+01:00 2022,Wedding,1075
1076,Real kind describe.,Sat Aug 05 00:00:00 GMT+01:00 2023,Private Party,1076
1077,Be point when structure.,Wed Feb 21 00:00:00 GMT+01:00 2024,Private Party,1077
1078,Energy agree.,Wed Jan 03 00:00:00 GMT+01:00 2024,Private Party,1078
1079,Answer story art.,Wed Jun 07 00:00:00 GMT+01:00 2023,Private Party,1079
1080,Child senior carry.,Fri Aug 18 00:00:00 GMT+01:00 2023,Private Party,1080
1081,Sea these.,Sat Sep 28 00:00:00 GMT+01:00 2024,Birthday,1081
1082,Outside water.,Thu May 22 00:00:00 GMT+01:00 2025,Private Party,1082
1083,Back score.,Tue Jun 13 00:00:00 GMT+01:00 2023,Birthday,1083
1084,Much generation these.,Fri Feb 24 00:00:00 GMT+01:00 2023,Birthday,1084
1085,Value.,Fri Feb 18 00:00:00 GMT+01:00 2022,Wedding,1085
1086,Modern budget could.,Fri Jan 14 00:00:00 GMT+01:00 2022,Corporate Event,1086
1087,Must material.,Thu Dec 21 00:00:00 GMT+01:00 2023,Private Party,1087
1088,Director shoulder.,Sat Sep 27 00:00:00 GMT+01:00 2025,Private Party,1088
1089,Talk free early dream.,Mon Oct 09 00:00:00 GMT+01:00 2023,Birthday,1089
1090,Watch Republican.,Wed Apr 03 00:00:00 GMT+01:00 2024,Corporate Event,1090
1091,Low eye north.,Thu Oct 03 00:00:00 GMT+01:00 2024,Private Party,1091
1092,Color company those.,Wed Jun 05 00:00:00 GMT+01:00 2024,Corporate Event,1092
1093,Protect fall pattern.,Sun Dec 24 00:00:00 GMT+01:00 2023,Corporate Event,1093
1094,Respond majority.,Mon Nov 06 00:00:00 GMT+01:00 2023,Birthday,1094
1095,Learn why.,Sat Aug 12 00:00:00 GMT+01:00 2023,Private Party,1095
1096,Catch return.,Wed Oct 23 00:00:00 GMT+01:00 2024,Birthday,1096
1097,Suggest open.,Wed Jul 19 00:00:00 GMT+01:00 2023,Wedding,1097
1098,Loss address herself.,Sat Feb 08 00:00:00 GMT+01:00 2025,Wedding,1098
1099,Building allow.,Fri Jan 03 00:00:00 GMT+01:00 2025,Birthday,1099
1100,Future accept.,Wed Jul 19 00:00:00 GMT+01:00 2023,Private Party,1100
1101,Agree happen.,Mon Jun 03 00:00:00 GMT+01:00 2024,Wedding,1101
1102,Value condition among happy.,Wed Jun 29 00:00:00 GMT+01:00 2022,Wedding,1102
1103,Clearly store.,Tue Jan 24 00:00:00 GMT+01:00 2023,Birthday,1103
1104,Animal could system.,Thu Aug 11 00:00:00 GMT+01:00 2022,Corporate Event,1104
1105,Actually event measure.,Thu Oct 24 00:00:00 GMT+01:00 2024,Corporate Event,1105
1106,Middle get.,Sat Oct 01 00:00:00 GMT+01:00 2022,Corporate Event,1106
1107,Truth.,Tue Dec 05 00:00:00 GMT+01:00 2023,Birthday,1107
1108,Never.,Sat Jun 03 00:00:00 GMT+01:00 2023,Birthday,1108
1109,Job read full.,Mon Mar 17 00:00:00 GMT+01:00 2025,Birthday,1109
1110,Each soldier majority.,Sat Jul 02 00:00:00 GMT+01:00 2022,Corporate Event,1110
1111,Wonder reflect century.,Wed Jun 18 00:00:00 GMT+01:00 2025,Birthday,1111
1112,Decade American give.,Sun Mar 23 00:00:00 GMT+01:00 2025,Private Party,1112
1113,Man likely nature.,Sun Dec 29 00:00:00 GMT+01:00 2024,Corporate Event,1113
1114,Role firm.,Tue May 13 00:00:00 GMT+01:00 2025,Wedding,1114
1115,Door professional.,Sun May 19 00:00:00 GMT+01:00 2024,Corporate Event,1115
1116,Pattern pattern computer significant.,Sun Dec 11 00:00:00 GMT+01:00 2022,Private Party,1116
1117,Interview cold pattern world.,Wed Dec 11 00:00:00 GMT+01:00 2024,Wedding,1117
1118,Night outside.,Sat Jun 08 00:00:00 GMT+01:00 2024,Wedding,1118
1119,Win modern.,Wed Oct 09 00:00:00 GMT+01:00 2024,Wedding,1119
1120,Like but game.,Sun Sep 18 00:00:00 GMT+01:00 2022,Birthday,1120
1121,Often democratic.,Tue Jul 26 00:00:00 GMT+01:00 2022,Wedding,1121
1122,Artist science consumer.,Sat Mar 26 00:00:00 GMT+01:00 2022,Corporate Event,1122
1123,Each difference probably.,Sun Jul 09 00:00:00 GMT+01:00 2023,Birthday,1123
1124,First language.,Tue Nov 21 00:00:00 GMT+01:00 2023,Birthday,1124
1125,Heart real.,Mon Oct 20 00:00:00 GMT+01:00 2025,Birthday,1125
1126,Available bank soldier.,Sat Feb 24 00:00:00 GMT+01:00 2024,Birthday,1126
1127,Adult.,Sun Jan 30 00:00:00 GMT+01:00 2022,Private Party,1127
1128,Method community.,Sun May 04 00:00:00 GMT+01:00 2025,Corporate Event,1128
1129,Third share term.,Wed Nov 23 00:00:00 GMT+01:00 2022,Corporate Event,1129
1130,Article all.,Mon Dec 11 00:00:00 GMT+01:00 2023,Corporate Event,1130
1131,Quickly decide.,Wed May 14 00:00:00 GMT+01:00 2025,Birthday,1131
3719,Exactly above.,Sun Feb 04 00:00:00 GMT+01:00 2024,Private Party,3720
1132,Machine prepare order north.,Fri Apr 11 00:00:00 GMT+01:00 2025,Private Party,1132
1133,Western record second.,Sun Jan 09 00:00:00 GMT+01:00 2022,Birthday,1133
1134,Speak much lay.,Tue Jan 25 00:00:00 GMT+01:00 2022,Wedding,1134
1135,Within around lot.,Sat Nov 04 00:00:00 GMT+01:00 2023,Birthday,1135
1136,Fear.,Sun Aug 10 00:00:00 GMT+01:00 2025,Private Party,1136
1137,Whether special.,Mon Mar 25 00:00:00 GMT+01:00 2024,Birthday,1137
1138,Body.,Fri Apr 07 00:00:00 GMT+01:00 2023,Corporate Event,1138
1139,Even almost.,Tue Jul 19 00:00:00 GMT+01:00 2022,Private Party,1139
1140,Maintain alone.,Fri Oct 31 00:00:00 GMT+01:00 2025,Birthday,1140
1141,Away fast six.,Wed May 28 00:00:00 GMT+01:00 2025,Private Party,1141
1142,Case through.,Sun Dec 10 00:00:00 GMT+01:00 2023,Wedding,1142
1143,Teacher morning structure.,Sat Apr 01 00:00:00 GMT+01:00 2023,Wedding,1143
1144,Onto rule.,Fri Jan 10 00:00:00 GMT+01:00 2025,Corporate Event,1144
1145,Focus fact.,Wed Jul 03 00:00:00 GMT+01:00 2024,Birthday,1145
1146,Level resource.,Mon May 19 00:00:00 GMT+01:00 2025,Wedding,1146
1147,Account board.,Tue Nov 11 00:00:00 GMT+01:00 2025,Birthday,1147
1148,Little finish.,Fri Mar 07 00:00:00 GMT+01:00 2025,Corporate Event,1148
1149,Action also.,Wed Jun 29 00:00:00 GMT+01:00 2022,Birthday,1149
1150,Bar marriage really.,Sat Oct 11 00:00:00 GMT+01:00 2025,Birthday,1150
1151,Buy low.,Sun Aug 31 00:00:00 GMT+01:00 2025,Corporate Event,1151
1152,May up stand she.,Thu Jul 20 00:00:00 GMT+01:00 2023,Birthday,1152
1153,Development great.,Thu Mar 14 00:00:00 GMT+01:00 2024,Corporate Event,1153
1154,Explain debate.,Thu Feb 27 00:00:00 GMT+01:00 2025,Private Party,1154
1155,Success anything there.,Thu Nov 17 00:00:00 GMT+01:00 2022,Wedding,1155
1156,Know its.,Mon Dec 05 00:00:00 GMT+01:00 2022,Private Party,1156
1157,Authority cause.,Mon Oct 16 00:00:00 GMT+01:00 2023,Wedding,1157
1158,Surface ground sort.,Tue Oct 17 00:00:00 GMT+01:00 2023,Wedding,1158
1159,Beyond process.,Sat Jan 21 00:00:00 GMT+01:00 2023,Corporate Event,1159
1160,Full.,Sat Apr 19 00:00:00 GMT+01:00 2025,Wedding,1160
1161,Responsibility TV financial.,Sat Oct 15 00:00:00 GMT+01:00 2022,Private Party,1161
1162,Wrong.,Fri Aug 04 00:00:00 GMT+01:00 2023,Private Party,1162
1163,Down cut mother send.,Tue Sep 09 00:00:00 GMT+01:00 2025,Private Party,1163
1164,White prepare shoulder.,Sun May 12 00:00:00 GMT+01:00 2024,Birthday,1164
1165,Discuss deep.,Thu Feb 15 00:00:00 GMT+01:00 2024,Private Party,1165
1166,Marriage not.,Sat May 14 00:00:00 GMT+01:00 2022,Private Party,1166
1167,According deal.,Tue Oct 03 00:00:00 GMT+01:00 2023,Corporate Event,1167
1168,Two mother soldier.,Sun Oct 20 00:00:00 GMT+01:00 2024,Private Party,1168
1169,Catch return.,Wed Jan 10 00:00:00 GMT+01:00 2024,Private Party,1169
1170,Either mouth need hospital.,Mon Aug 04 00:00:00 GMT+01:00 2025,Birthday,1170
1171,Door might some.,Fri Nov 11 00:00:00 GMT+01:00 2022,Private Party,1171
1172,Full form.,Fri Oct 14 00:00:00 GMT+01:00 2022,Birthday,1172
1173,Beat nor specific.,Wed Jun 28 00:00:00 GMT+01:00 2023,Private Party,1173
1174,Staff network door.,Fri Feb 10 00:00:00 GMT+01:00 2023,Birthday,1174
1175,Finish if officer.,Sun Apr 03 00:00:00 GMT+01:00 2022,Corporate Event,1175
1176,Professional.,Thu Apr 28 00:00:00 GMT+01:00 2022,Private Party,1176
1177,Woman past.,Mon Sep 23 00:00:00 GMT+01:00 2024,Birthday,1177
1178,Instead remain listen.,Wed Feb 15 00:00:00 GMT+01:00 2023,Birthday,1178
1179,Institution radio mother.,Wed Nov 09 00:00:00 GMT+01:00 2022,Corporate Event,1179
1180,Exist teacher morning.,Sat Oct 11 00:00:00 GMT+01:00 2025,Corporate Event,1180
1181,Chair some.,Fri Feb 14 00:00:00 GMT+01:00 2025,Private Party,1181
1182,Produce plan her.,Sat Apr 26 00:00:00 GMT+01:00 2025,Birthday,1182
1183,Participant none.,Fri Aug 16 00:00:00 GMT+01:00 2024,Birthday,1183
1184,Young customer blue.,Sat Nov 08 00:00:00 GMT+01:00 2025,Wedding,1184
1185,Claim would.,Thu Sep 14 00:00:00 GMT+01:00 2023,Private Party,1185
1186,On professional.,Mon Feb 24 00:00:00 GMT+01:00 2025,Wedding,1186
1187,Treat artist.,Tue Nov 26 00:00:00 GMT+01:00 2024,Birthday,1187
1188,Person yeah.,Wed Nov 01 00:00:00 GMT+01:00 2023,Birthday,1188
1189,Also case center.,Sat Mar 15 00:00:00 GMT+01:00 2025,Birthday,1189
1190,Alone white.,Thu Oct 27 00:00:00 GMT+01:00 2022,Birthday,1190
1191,Major.,Tue Nov 22 00:00:00 GMT+01:00 2022,Corporate Event,1191
1192,Claim question sound.,Sun May 25 00:00:00 GMT+01:00 2025,Private Party,1192
1193,Her sense whom.,Thu Aug 15 00:00:00 GMT+01:00 2024,Birthday,1193
1194,Mother follow station.,Fri May 31 00:00:00 GMT+01:00 2024,Wedding,1194
1195,Change measure.,Sun Sep 03 00:00:00 GMT+01:00 2023,Private Party,1195
1196,Perhaps vote seven.,Thu Feb 15 00:00:00 GMT+01:00 2024,Private Party,1196
1197,View necessary.,Fri Mar 01 00:00:00 GMT+01:00 2024,Private Party,1197
1198,Medical response direction.,Thu May 22 00:00:00 GMT+01:00 2025,Corporate Event,1198
1199,Consider boy factor report.,Sun Aug 24 00:00:00 GMT+01:00 2025,Corporate Event,1199
1200,Company generation.,Fri Jun 27 00:00:00 GMT+01:00 2025,Private Party,1200
1201,Represent raise born.,Fri Jul 14 00:00:00 GMT+01:00 2023,Birthday,1201
1202,Difference.,Mon Jan 20 00:00:00 GMT+01:00 2025,Private Party,1202
1203,Traditional make.,Sun Aug 18 00:00:00 GMT+01:00 2024,Wedding,1203
1204,Mother position.,Tue Feb 21 00:00:00 GMT+01:00 2023,Private Party,1204
1205,Serious material.,Tue Jun 03 00:00:00 GMT+01:00 2025,Wedding,1205
1206,Somebody attack.,Thu Nov 24 00:00:00 GMT+01:00 2022,Wedding,1206
1207,Same chair thousand adult.,Wed Oct 23 00:00:00 GMT+01:00 2024,Birthday,1207
1208,Work sort.,Mon May 08 00:00:00 GMT+01:00 2023,Corporate Event,1208
1209,Appear morning.,Sat Feb 04 00:00:00 GMT+01:00 2023,Private Party,1209
1210,Able follow.,Mon Jan 10 00:00:00 GMT+01:00 2022,Birthday,1210
1211,Final race.,Wed Jan 11 00:00:00 GMT+01:00 2023,Private Party,1211
1212,Late ground.,Fri Aug 19 00:00:00 GMT+01:00 2022,Corporate Event,1212
1213,Number blood successful.,Wed May 17 00:00:00 GMT+01:00 2023,Private Party,1213
1214,Effort campaign.,Mon Mar 24 00:00:00 GMT+01:00 2025,Wedding,1214
1215,See least.,Thu Aug 04 00:00:00 GMT+01:00 2022,Wedding,1215
1216,Yourself box.,Sun Mar 12 00:00:00 GMT+01:00 2023,Birthday,1216
1217,Quality sell focus.,Sun Jun 11 00:00:00 GMT+01:00 2023,Private Party,1217
1218,Movie his cup.,Tue Oct 03 00:00:00 GMT+01:00 2023,Private Party,1218
1219,Where brother myself threat.,Sun Aug 21 00:00:00 GMT+01:00 2022,Wedding,1219
1220,Any economy speak.,Sun Sep 15 00:00:00 GMT+01:00 2024,Birthday,1220
1221,Baby into.,Mon Jun 30 00:00:00 GMT+01:00 2025,Wedding,1221
1222,Energy.,Tue Jul 08 00:00:00 GMT+01:00 2025,Wedding,1222
1223,Really.,Mon Feb 19 00:00:00 GMT+01:00 2024,Wedding,1223
1224,Executive stuff situation.,Thu Dec 25 00:00:00 GMT+01:00 2025,Corporate Event,1224
1225,Whether human.,Fri Oct 31 00:00:00 GMT+01:00 2025,Corporate Event,1225
1226,Maybe knowledge fine major.,Fri Nov 25 00:00:00 GMT+01:00 2022,Wedding,1226
1227,Per teacher PM.,Fri Jul 22 00:00:00 GMT+01:00 2022,Corporate Event,1227
1228,Cup.,Fri Mar 17 00:00:00 GMT+01:00 2023,Private Party,1228
1229,Bar computer.,Mon Jun 20 00:00:00 GMT+01:00 2022,Wedding,1229
1230,Garden major.,Sat Aug 17 00:00:00 GMT+01:00 2024,Private Party,1230
1231,Plant beat.,Wed Oct 18 00:00:00 GMT+01:00 2023,Birthday,1231
1232,Ok though.,Tue Dec 13 00:00:00 GMT+01:00 2022,Birthday,1232
1233,Food arm line.,Fri Jun 13 00:00:00 GMT+01:00 2025,Wedding,1233
1234,Tree service paper.,Fri Nov 24 00:00:00 GMT+01:00 2023,Wedding,1234
1235,Kitchen four cost.,Thu Feb 09 00:00:00 GMT+01:00 2023,Corporate Event,1235
1236,Rest throw.,Sat Feb 26 00:00:00 GMT+01:00 2022,Corporate Event,1236
1237,Whether pay.,Wed Oct 18 00:00:00 GMT+01:00 2023,Corporate Event,1237
1238,Message specific.,Sat Apr 22 00:00:00 GMT+01:00 2023,Corporate Event,1238
1239,Door opportunity.,Tue Apr 12 00:00:00 GMT+01:00 2022,Birthday,1239
1240,Because join plant.,Thu Jul 13 00:00:00 GMT+01:00 2023,Wedding,1240
1241,Decade present hear.,Fri Nov 03 00:00:00 GMT+01:00 2023,Wedding,1241
1242,Suggest country sell risk.,Sun Jun 23 00:00:00 GMT+01:00 2024,Private Party,1242
1243,Over expert.,Thu Jan 19 00:00:00 GMT+01:00 2023,Wedding,1243
1244,Do operation responsibility.,Wed Jan 10 00:00:00 GMT+01:00 2024,Birthday,1244
1245,Miss win.,Fri May 24 00:00:00 GMT+01:00 2024,Private Party,1245
1246,Try team.,Thu Jun 19 00:00:00 GMT+01:00 2025,Corporate Event,1246
1247,Need claim several.,Mon Apr 01 00:00:00 GMT+01:00 2024,Wedding,1247
1248,Hold toward.,Fri Jul 14 00:00:00 GMT+01:00 2023,Private Party,1248
1249,History feeling.,Mon Apr 11 00:00:00 GMT+01:00 2022,Corporate Event,1249
1250,She sit.,Wed Jun 19 00:00:00 GMT+01:00 2024,Private Party,1250
1251,Development full because.,Thu Dec 01 00:00:00 GMT+01:00 2022,Corporate Event,1251
1252,Dog compare garden.,Thu May 22 00:00:00 GMT+01:00 2025,Corporate Event,1252
1253,Name throw different base.,Sat May 20 00:00:00 GMT+01:00 2023,Wedding,1253
1254,This later.,Sun Jul 24 00:00:00 GMT+01:00 2022,Corporate Event,1254
1255,Budget here evidence.,Mon Nov 24 00:00:00 GMT+01:00 2025,Private Party,1255
1256,Sport participant beyond yourself.,Fri Nov 24 00:00:00 GMT+01:00 2023,Private Party,1256
1257,Site realize fill serious.,Sun Mar 09 00:00:00 GMT+01:00 2025,Wedding,1257
1258,Meet.,Fri Jun 03 00:00:00 GMT+01:00 2022,Private Party,1258
1259,Home stuff then.,Wed Nov 09 00:00:00 GMT+01:00 2022,Wedding,1259
1260,Movement.,Mon Apr 17 00:00:00 GMT+01:00 2023,Birthday,1260
1261,Behavior about.,Mon Oct 23 00:00:00 GMT+01:00 2023,Birthday,1261
1262,Understand sign wall.,Sat Jul 26 00:00:00 GMT+01:00 2025,Birthday,1262
1263,Cup with hand question.,Tue Feb 11 00:00:00 GMT+01:00 2025,Birthday,1263
1264,Anything draw market.,Sat Dec 24 00:00:00 GMT+01:00 2022,Birthday,1264
1265,Ok.,Mon Nov 27 00:00:00 GMT+01:00 2023,Wedding,1265
1266,Speech be.,Thu Mar 03 00:00:00 GMT+01:00 2022,Birthday,1266
1267,Four third.,Fri May 17 00:00:00 GMT+01:00 2024,Corporate Event,1267
1268,Chair great he.,Fri Jun 30 00:00:00 GMT+01:00 2023,Private Party,1268
1269,Student also black.,Mon Oct 16 00:00:00 GMT+01:00 2023,Private Party,1269
1270,Consumer understand table.,Mon May 19 00:00:00 GMT+01:00 2025,Private Party,1270
1271,Couple candidate six moment.,Tue Nov 15 00:00:00 GMT+01:00 2022,Corporate Event,1271
1272,Site people positive.,Fri Jan 07 00:00:00 GMT+01:00 2022,Birthday,1272
1273,Research instead.,Fri Feb 03 00:00:00 GMT+01:00 2023,Wedding,1273
1274,Security oil so.,Fri Sep 30 00:00:00 GMT+01:00 2022,Private Party,1274
1275,Front industry.,Tue Dec 05 00:00:00 GMT+01:00 2023,Private Party,1275
1276,Business couple.,Tue Dec 17 00:00:00 GMT+01:00 2024,Birthday,1276
1277,Inside rule both.,Mon Mar 07 00:00:00 GMT+01:00 2022,Corporate Event,1277
1278,Professor culture rock.,Mon Aug 29 00:00:00 GMT+01:00 2022,Corporate Event,1278
1279,Investment how.,Sat Oct 29 00:00:00 GMT+01:00 2022,Wedding,1279
1280,Agree think.,Tue Mar 25 00:00:00 GMT+01:00 2025,Corporate Event,1280
1281,Middle.,Wed Jun 15 00:00:00 GMT+01:00 2022,Corporate Event,1281
1282,Former matter.,Thu Feb 15 00:00:00 GMT+01:00 2024,Wedding,1282
1283,Possible employee either professor.,Tue Aug 16 00:00:00 GMT+01:00 2022,Private Party,1283
1284,Traditional figure.,Thu Dec 22 00:00:00 GMT+01:00 2022,Private Party,1284
1285,See.,Wed Oct 23 00:00:00 GMT+01:00 2024,Birthday,1285
1286,Right enough.,Tue Oct 24 00:00:00 GMT+01:00 2023,Private Party,1286
1287,International various.,Wed Aug 31 00:00:00 GMT+01:00 2022,Wedding,1287
1288,That civil.,Fri Sep 02 00:00:00 GMT+01:00 2022,Wedding,1288
1289,Writer still show.,Tue Sep 10 00:00:00 GMT+01:00 2024,Birthday,1289
1290,Second big.,Sun Aug 11 00:00:00 GMT+01:00 2024,Birthday,1290
1291,Military movement.,Mon Jun 06 00:00:00 GMT+01:00 2022,Wedding,1291
1292,Require else head military.,Thu Sep 07 00:00:00 GMT+01:00 2023,Birthday,1292
1293,Country director.,Mon Feb 26 00:00:00 GMT+01:00 2024,Corporate Event,1293
1294,Only management.,Fri Jul 25 00:00:00 GMT+01:00 2025,Corporate Event,1294
1295,Ok country.,Thu Apr 24 00:00:00 GMT+01:00 2025,Wedding,1295
1296,Rate pretty middle.,Fri May 12 00:00:00 GMT+01:00 2023,Corporate Event,1296
1297,Conference century.,Sat Oct 29 00:00:00 GMT+01:00 2022,Wedding,1297
1298,Statement race large.,Thu Dec 04 00:00:00 GMT+01:00 2025,Private Party,1298
1299,Employee fact.,Fri Jun 30 00:00:00 GMT+01:00 2023,Corporate Event,1299
1300,Professor toward fire.,Sun Dec 04 00:00:00 GMT+01:00 2022,Birthday,1300
1301,Exactly think direction.,Tue Jan 04 00:00:00 GMT+01:00 2022,Wedding,1301
1302,Happen think various our.,Wed Jun 25 00:00:00 GMT+01:00 2025,Birthday,1302
1303,Fund talk.,Wed May 04 00:00:00 GMT+01:00 2022,Wedding,1303
1304,Resource.,Mon Jan 27 00:00:00 GMT+01:00 2025,Corporate Event,1304
1305,Candidate seven baby.,Mon Feb 19 00:00:00 GMT+01:00 2024,Private Party,1305
1306,Office government.,Sat May 07 00:00:00 GMT+01:00 2022,Corporate Event,1306
1307,Home real.,Fri Oct 07 00:00:00 GMT+01:00 2022,Wedding,1307
1308,Develop near computer.,Wed Dec 14 00:00:00 GMT+01:00 2022,Private Party,1308
1309,Century key.,Mon Mar 31 00:00:00 GMT+01:00 2025,Corporate Event,1309
1310,Billion middle share work.,Fri Jul 14 00:00:00 GMT+01:00 2023,Corporate Event,1310
1311,Letter see thought.,Mon Sep 30 00:00:00 GMT+01:00 2024,Birthday,1311
1312,Rather skin.,Fri Oct 06 00:00:00 GMT+01:00 2023,Private Party,1312
1313,Sort really.,Sat Mar 04 00:00:00 GMT+01:00 2023,Private Party,1313
1314,Hundred.,Sat Jul 05 00:00:00 GMT+01:00 2025,Corporate Event,1314
1315,Run movement.,Thu Oct 09 00:00:00 GMT+01:00 2025,Corporate Event,1315
1316,Hold result require.,Sun Apr 16 00:00:00 GMT+01:00 2023,Birthday,1316
1317,Again office.,Sat Oct 01 00:00:00 GMT+01:00 2022,Private Party,1317
1318,Leave year.,Wed Jun 18 00:00:00 GMT+01:00 2025,Corporate Event,1318
1319,Miss prepare.,Fri Mar 15 00:00:00 GMT+01:00 2024,Private Party,1319
1320,Others Republican allow good.,Tue Jun 28 00:00:00 GMT+01:00 2022,Corporate Event,1320
1321,Quality popular.,Sat Oct 08 00:00:00 GMT+01:00 2022,Corporate Event,1321
1322,Parent moment oil.,Sun Sep 25 00:00:00 GMT+01:00 2022,Corporate Event,1322
1323,Activity use.,Sat Dec 16 00:00:00 GMT+01:00 2023,Birthday,1323
1324,Say lay deal.,Mon Nov 20 00:00:00 GMT+01:00 2023,Corporate Event,1324
1325,Accept visit.,Thu Apr 24 00:00:00 GMT+01:00 2025,Private Party,1325
1326,Reflect.,Mon Oct 23 00:00:00 GMT+01:00 2023,Birthday,1326
1327,Interview some.,Sun Dec 24 00:00:00 GMT+01:00 2023,Birthday,1327
1328,Water act individual.,Thu Nov 09 00:00:00 GMT+01:00 2023,Corporate Event,1328
1329,Exist and.,Mon Aug 04 00:00:00 GMT+01:00 2025,Private Party,1329
1330,Few up garden.,Tue Sep 10 00:00:00 GMT+01:00 2024,Birthday,1330
1331,What wall speak.,Sun May 26 00:00:00 GMT+01:00 2024,Birthday,1331
1332,Guy build.,Tue Jun 06 00:00:00 GMT+01:00 2023,Wedding,1332
1333,Modern production.,Tue Sep 23 00:00:00 GMT+01:00 2025,Corporate Event,1333
1334,Act door.,Fri Feb 21 00:00:00 GMT+01:00 2025,Wedding,1334
1335,Believe maintain.,Wed Sep 21 00:00:00 GMT+01:00 2022,Private Party,1335
1336,Myself sport.,Wed Oct 18 00:00:00 GMT+01:00 2023,Corporate Event,1336
1337,Tax create.,Wed Oct 15 00:00:00 GMT+01:00 2025,Private Party,1337
1338,Much value.,Sat Nov 26 00:00:00 GMT+01:00 2022,Private Party,1338
1339,Network raise.,Sat Jun 08 00:00:00 GMT+01:00 2024,Wedding,1339
1340,Less will.,Sun Oct 16 00:00:00 GMT+01:00 2022,Birthday,1340
1341,Product support million.,Mon Jun 06 00:00:00 GMT+01:00 2022,Private Party,1341
1342,Southern office.,Sat Oct 22 00:00:00 GMT+01:00 2022,Private Party,1342
1343,Sell score about.,Sun Jan 22 00:00:00 GMT+01:00 2023,Wedding,1343
1344,Whether help.,Mon Jun 09 00:00:00 GMT+01:00 2025,Wedding,1344
1345,Itself loss all.,Sun Feb 19 00:00:00 GMT+01:00 2023,Birthday,1345
1346,Free pay note.,Mon Aug 21 00:00:00 GMT+01:00 2023,Corporate Event,1346
1347,Take partner visit.,Thu May 30 00:00:00 GMT+01:00 2024,Birthday,1347
1348,Deal.,Sun Feb 12 00:00:00 GMT+01:00 2023,Private Party,1348
1349,Increase pay if drop.,Mon Nov 21 00:00:00 GMT+01:00 2022,Wedding,1349
1350,No could price.,Tue Apr 30 00:00:00 GMT+01:00 2024,Private Party,1350
1351,To deep.,Sat Jul 20 00:00:00 GMT+01:00 2024,Private Party,1351
1352,Couple rock ready.,Tue Jan 02 00:00:00 GMT+01:00 2024,Corporate Event,1352
1353,Minute yes such.,Tue Oct 29 00:00:00 GMT+01:00 2024,Corporate Event,1353
1354,Fill able some.,Tue Aug 16 00:00:00 GMT+01:00 2022,Wedding,1354
1355,Least give.,Fri Mar 21 00:00:00 GMT+01:00 2025,Birthday,1355
1356,Simply result.,Wed Oct 05 00:00:00 GMT+01:00 2022,Birthday,1356
1357,Hope year early it.,Sat Jun 18 00:00:00 GMT+01:00 2022,Wedding,1357
1358,Store new without.,Mon Nov 20 00:00:00 GMT+01:00 2023,Wedding,1358
1359,Book answer various.,Sun May 28 00:00:00 GMT+01:00 2023,Birthday,1359
1360,Establish control piece serve.,Mon Jul 31 00:00:00 GMT+01:00 2023,Corporate Event,1360
1361,Matter effort.,Tue Sep 19 00:00:00 GMT+01:00 2023,Private Party,1361
1362,Physical future development how.,Fri May 10 00:00:00 GMT+01:00 2024,Birthday,1362
1363,So measure.,Fri Nov 28 00:00:00 GMT+01:00 2025,Private Party,1363
1364,Team appear.,Tue Aug 01 00:00:00 GMT+01:00 2023,Corporate Event,1364
1365,Case central south between.,Sat Sep 27 00:00:00 GMT+01:00 2025,Birthday,1365
1366,Well let mouth image.,Thu Jul 18 00:00:00 GMT+01:00 2024,Wedding,1366
1367,Girl ground.,Sat Jan 04 00:00:00 GMT+01:00 2025,Wedding,1367
1368,South throw.,Tue Apr 22 00:00:00 GMT+01:00 2025,Corporate Event,1368
1369,People purpose.,Mon Feb 26 00:00:00 GMT+01:00 2024,Corporate Event,1369
1370,Rather long.,Fri Dec 05 00:00:00 GMT+01:00 2025,Corporate Event,1370
1371,Glass investment interesting.,Mon Sep 04 00:00:00 GMT+01:00 2023,Corporate Event,1371
1372,Camera store kitchen.,Thu Jan 13 00:00:00 GMT+01:00 2022,Wedding,1372
1373,Everyone evening knowledge.,Wed Nov 16 00:00:00 GMT+01:00 2022,Private Party,1373
1374,Police prepare.,Thu Jun 08 00:00:00 GMT+01:00 2023,Wedding,1374
1375,Evening lead same.,Thu Sep 26 00:00:00 GMT+01:00 2024,Corporate Event,1375
1376,Win skin daughter better.,Sat Sep 09 00:00:00 GMT+01:00 2023,Wedding,1376
1377,Whom provide people.,Thu Aug 07 00:00:00 GMT+01:00 2025,Wedding,1377
1378,Explain issue.,Thu Apr 28 00:00:00 GMT+01:00 2022,Corporate Event,1378
1379,Oil leave.,Sat Dec 27 00:00:00 GMT+01:00 2025,Private Party,1379
1380,One he.,Fri May 17 00:00:00 GMT+01:00 2024,Birthday,1380
1381,Where share every.,Sun Sep 21 00:00:00 GMT+01:00 2025,Private Party,1381
1382,Rise chance system.,Tue Nov 04 00:00:00 GMT+01:00 2025,Private Party,1382
1383,Lead attorney once.,Fri Dec 30 00:00:00 GMT+01:00 2022,Corporate Event,1383
1384,Second inside television your.,Sat Sep 27 00:00:00 GMT+01:00 2025,Birthday,1384
1385,Where war language fast.,Fri Oct 25 00:00:00 GMT+01:00 2024,Wedding,1385
1386,Environmental vote.,Tue Mar 12 00:00:00 GMT+01:00 2024,Wedding,1386
1387,Medical if.,Sat Aug 13 00:00:00 GMT+01:00 2022,Corporate Event,1387
1388,Mr teacher maintain.,Sun May 12 00:00:00 GMT+01:00 2024,Corporate Event,1388
1389,Wide road.,Fri May 05 00:00:00 GMT+01:00 2023,Private Party,1389
1390,Develop field hot sound.,Mon Jan 29 00:00:00 GMT+01:00 2024,Private Party,1390
1391,Course student appear.,Thu Apr 17 00:00:00 GMT+01:00 2025,Birthday,1391
1392,You college break.,Wed Jan 31 00:00:00 GMT+01:00 2024,Birthday,1392
1393,History floor.,Wed May 18 00:00:00 GMT+01:00 2022,Wedding,1393
1394,Line game project.,Sat Mar 08 00:00:00 GMT+01:00 2025,Corporate Event,1394
1395,First operation.,Wed Apr 02 00:00:00 GMT+01:00 2025,Corporate Event,1395
1396,Last tell.,Tue Nov 05 00:00:00 GMT+01:00 2024,Private Party,1396
1397,Apply hot thing.,Wed Apr 05 00:00:00 GMT+01:00 2023,Birthday,1397
1398,Maintain.,Mon Dec 22 00:00:00 GMT+01:00 2025,Birthday,1398
1399,Billion nor might.,Fri Jun 10 00:00:00 GMT+01:00 2022,Birthday,1399
1400,Action man.,Sun Oct 02 00:00:00 GMT+01:00 2022,Private Party,1400
1401,Simply.,Mon Aug 15 00:00:00 GMT+01:00 2022,Birthday,1401
1402,Yourself to.,Fri Oct 25 00:00:00 GMT+01:00 2024,Birthday,1402
1403,People foreign open.,Mon Dec 09 00:00:00 GMT+01:00 2024,Corporate Event,1403
1404,Dinner center.,Fri Nov 04 00:00:00 GMT+01:00 2022,Wedding,1404
1405,More whole.,Wed Aug 21 00:00:00 GMT+01:00 2024,Corporate Event,1405
1406,Tough able.,Tue Jun 24 00:00:00 GMT+01:00 2025,Birthday,1406
1407,Exist.,Fri May 13 00:00:00 GMT+01:00 2022,Corporate Event,1407
1408,Low north last.,Wed Nov 23 00:00:00 GMT+01:00 2022,Wedding,1408
1409,Physical religious.,Sun Dec 08 00:00:00 GMT+01:00 2024,Private Party,1409
1410,But.,Tue Feb 28 00:00:00 GMT+01:00 2023,Corporate Event,1410
1411,Democratic worker.,Fri Dec 01 00:00:00 GMT+01:00 2023,Wedding,1411
1412,Similar almost.,Sun Nov 06 00:00:00 GMT+01:00 2022,Birthday,1412
1413,Should position.,Wed May 29 00:00:00 GMT+01:00 2024,Corporate Event,1413
1414,Dream huge best.,Wed Oct 12 00:00:00 GMT+01:00 2022,Corporate Event,1414
1415,Up city.,Thu May 12 00:00:00 GMT+01:00 2022,Wedding,1415
1416,Develop catch.,Tue Aug 13 00:00:00 GMT+01:00 2024,Wedding,1416
1417,Well network.,Wed Feb 28 00:00:00 GMT+01:00 2024,Private Party,1417
1418,Hot tell natural.,Tue May 31 00:00:00 GMT+01:00 2022,Birthday,1418
1419,Market discussion.,Fri Jul 28 00:00:00 GMT+01:00 2023,Birthday,1419
1420,Religious democratic.,Mon Apr 11 00:00:00 GMT+01:00 2022,Corporate Event,1420
1421,Happy event.,Fri Mar 24 00:00:00 GMT+01:00 2023,Birthday,1421
1422,Fire reduce.,Fri Dec 26 00:00:00 GMT+01:00 2025,Corporate Event,1422
1423,Woman may.,Tue Nov 11 00:00:00 GMT+01:00 2025,Private Party,1423
1424,Nor form.,Fri Apr 08 00:00:00 GMT+01:00 2022,Birthday,1424
1425,Week girl raise.,Sat Jul 20 00:00:00 GMT+01:00 2024,Private Party,1425
1426,Play guess PM.,Tue Mar 26 00:00:00 GMT+01:00 2024,Corporate Event,1426
1427,Admit next agent skill.,Tue Oct 22 00:00:00 GMT+01:00 2024,Birthday,1427
1428,Cost financial dream that.,Sun Jan 09 00:00:00 GMT+01:00 2022,Wedding,1428
1429,Score else.,Wed Aug 14 00:00:00 GMT+01:00 2024,Private Party,1429
1430,Task board me.,Sat Mar 30 00:00:00 GMT+01:00 2024,Private Party,1430
1431,Goal carry morning out.,Mon Dec 11 00:00:00 GMT+01:00 2023,Birthday,1431
1432,Everything wife begin.,Sun Mar 03 00:00:00 GMT+01:00 2024,Corporate Event,1432
1433,Must.,Fri Sep 26 00:00:00 GMT+01:00 2025,Birthday,1433
1434,Computer success time.,Sat Jun 24 00:00:00 GMT+01:00 2023,Corporate Event,1434
1435,Someone and answer.,Fri Jun 09 00:00:00 GMT+01:00 2023,Corporate Event,1435
1436,Spend leg.,Thu Apr 18 00:00:00 GMT+01:00 2024,Wedding,1436
1437,Example just.,Thu Jun 13 00:00:00 GMT+01:00 2024,Corporate Event,1437
1438,Family accept.,Fri Mar 11 00:00:00 GMT+01:00 2022,Wedding,1438
1439,Share air require.,Sat Mar 30 00:00:00 GMT+01:00 2024,Birthday,1439
1440,Ahead hope young.,Tue Aug 26 00:00:00 GMT+01:00 2025,Corporate Event,1440
1441,Again on out.,Tue Feb 01 00:00:00 GMT+01:00 2022,Corporate Event,1441
1442,Kind art rise.,Fri Mar 04 00:00:00 GMT+01:00 2022,Wedding,1442
1443,Value gas trade.,Fri Apr 19 00:00:00 GMT+01:00 2024,Private Party,1443
1444,Single financial.,Sun Jun 16 00:00:00 GMT+01:00 2024,Birthday,1444
1445,Cup performance us.,Mon Dec 29 00:00:00 GMT+01:00 2025,Wedding,1445
1446,Open financial treat seem.,Sat Mar 29 00:00:00 GMT+01:00 2025,Private Party,1446
1447,Improve always training.,Wed Jun 26 00:00:00 GMT+01:00 2024,Wedding,1447
1448,Think me air.,Mon Aug 28 00:00:00 GMT+01:00 2023,Birthday,1448
1449,Dog lose professor call.,Sun Jan 02 00:00:00 GMT+01:00 2022,Wedding,1449
1450,Alone culture.,Wed Dec 13 00:00:00 GMT+01:00 2023,Corporate Event,1450
1451,Gun ever.,Wed Feb 01 00:00:00 GMT+01:00 2023,Private Party,1451
1452,Dark ten event.,Mon Mar 11 00:00:00 GMT+01:00 2024,Birthday,1452
1453,Protect third.,Tue May 30 00:00:00 GMT+01:00 2023,Wedding,1453
1454,How easy everyone.,Sun Jul 09 00:00:00 GMT+01:00 2023,Private Party,1454
1455,Power chance item.,Tue Dec 26 00:00:00 GMT+01:00 2023,Private Party,1455
1456,Help matter sit.,Sat Nov 26 00:00:00 GMT+01:00 2022,Wedding,1456
1457,Fear trip.,Wed May 15 00:00:00 GMT+01:00 2024,Private Party,1457
1458,Material parent.,Fri Oct 11 00:00:00 GMT+01:00 2024,Wedding,1458
1459,No close radio.,Sat Apr 16 00:00:00 GMT+01:00 2022,Wedding,1459
1460,Commercial travel community bit.,Mon Oct 09 00:00:00 GMT+01:00 2023,Private Party,1460
1461,Ready.,Wed Apr 02 00:00:00 GMT+01:00 2025,Wedding,1461
1462,Against assume whether.,Wed Oct 18 00:00:00 GMT+01:00 2023,Private Party,1462
1463,Free big.,Sun Oct 13 00:00:00 GMT+01:00 2024,Private Party,1463
1464,Commercial war.,Sat Jul 26 00:00:00 GMT+01:00 2025,Corporate Event,1464
1465,Public bar book realize.,Mon Dec 23 00:00:00 GMT+01:00 2024,Private Party,1465
1466,Else environmental.,Fri Oct 21 00:00:00 GMT+01:00 2022,Wedding,1466
1467,Stay floor.,Sun Sep 14 00:00:00 GMT+01:00 2025,Corporate Event,1467
1468,Wife tend.,Mon Aug 01 00:00:00 GMT+01:00 2022,Wedding,1468
1469,System animal.,Sun Jan 30 00:00:00 GMT+01:00 2022,Birthday,1469
1470,Enjoy model produce.,Sat Jan 07 00:00:00 GMT+01:00 2023,Private Party,1470
1471,A week once.,Thu Apr 13 00:00:00 GMT+01:00 2023,Birthday,1471
1472,Inside leg.,Fri Jul 05 00:00:00 GMT+01:00 2024,Private Party,1472
1473,Practice away under this.,Sat Jul 19 00:00:00 GMT+01:00 2025,Birthday,1473
1474,Memory.,Thu May 26 00:00:00 GMT+01:00 2022,Corporate Event,1474
1475,Mrs reduce.,Sat Jun 07 00:00:00 GMT+01:00 2025,Private Party,1475
1476,First per benefit.,Fri Aug 11 00:00:00 GMT+01:00 2023,Birthday,1476
1477,Specific especially.,Tue Feb 07 00:00:00 GMT+01:00 2023,Birthday,1477
1478,Message structure author.,Mon Jun 30 00:00:00 GMT+01:00 2025,Private Party,1478
1479,Tell under.,Thu Feb 22 00:00:00 GMT+01:00 2024,Birthday,1479
1480,Final child.,Mon Sep 25 00:00:00 GMT+01:00 2023,Corporate Event,1480
1481,Participant site.,Thu Aug 04 00:00:00 GMT+01:00 2022,Private Party,1481
1482,Behind remain.,Sat Jun 15 00:00:00 GMT+01:00 2024,Private Party,1482
1483,Seek himself.,Fri Oct 07 00:00:00 GMT+01:00 2022,Birthday,1483
1484,Peace hair whatever.,Wed Nov 16 00:00:00 GMT+01:00 2022,Private Party,1484
1485,Senior black.,Wed Jan 03 00:00:00 GMT+01:00 2024,Birthday,1485
1486,Draw not.,Sun Mar 05 00:00:00 GMT+01:00 2023,Private Party,1486
1487,Water candidate win.,Mon Aug 15 00:00:00 GMT+01:00 2022,Birthday,1487
1488,Page sort home.,Sun Dec 25 00:00:00 GMT+01:00 2022,Corporate Event,1488
1489,Parent item article.,Tue Apr 09 00:00:00 GMT+01:00 2024,Private Party,1489
1490,Court move move.,Thu Jul 14 00:00:00 GMT+01:00 2022,Corporate Event,1490
1491,Radio family more.,Fri Dec 30 00:00:00 GMT+01:00 2022,Corporate Event,1491
1492,Also same six.,Wed Nov 27 00:00:00 GMT+01:00 2024,Corporate Event,1492
1493,Show personal.,Wed May 21 00:00:00 GMT+01:00 2025,Wedding,1493
1494,Source least.,Tue Aug 02 00:00:00 GMT+01:00 2022,Wedding,1494
1495,At we campaign.,Mon Sep 02 00:00:00 GMT+01:00 2024,Birthday,1495
1496,Allow traditional data happen.,Tue Jul 30 00:00:00 GMT+01:00 2024,Private Party,1496
1497,Over find owner.,Wed May 04 00:00:00 GMT+01:00 2022,Wedding,1497
1498,Or across carry air.,Mon Mar 06 00:00:00 GMT+01:00 2023,Birthday,1498
1499,Film nice them.,Wed May 04 00:00:00 GMT+01:00 2022,Private Party,1499
1500,Step heavy.,Sat Apr 16 00:00:00 GMT+01:00 2022,Corporate Event,1500
1501,Mean there war college.,Tue May 09 00:00:00 GMT+01:00 2023,Birthday,1501
1502,Option four along.,Sun Jan 07 00:00:00 GMT+01:00 2024,Corporate Event,1502
1503,Laugh painting.,Wed Oct 11 00:00:00 GMT+01:00 2023,Corporate Event,1503
1504,Finally network.,Wed Jul 30 00:00:00 GMT+01:00 2025,Birthday,1504
1505,Purpose strong page top.,Sun Aug 03 00:00:00 GMT+01:00 2025,Birthday,1505
1506,Better.,Tue Oct 25 00:00:00 GMT+01:00 2022,Private Party,1506
1507,South culture teacher.,Tue Oct 07 00:00:00 GMT+01:00 2025,Birthday,1507
1508,Mind home firm.,Mon Aug 05 00:00:00 GMT+01:00 2024,Corporate Event,1508
1509,Agree we.,Wed Jan 04 00:00:00 GMT+01:00 2023,Birthday,1509
1510,Space next.,Thu Feb 13 00:00:00 GMT+01:00 2025,Corporate Event,1510
1511,Rule go enjoy.,Mon Nov 24 00:00:00 GMT+01:00 2025,Wedding,1511
1512,Mr.,Wed Jun 04 00:00:00 GMT+01:00 2025,Corporate Event,1512
1513,Or leg.,Mon Dec 08 00:00:00 GMT+01:00 2025,Wedding,1513
1514,But grow traditional research.,Tue Nov 04 00:00:00 GMT+01:00 2025,Wedding,1514
1515,And get growth.,Wed Jan 24 00:00:00 GMT+01:00 2024,Birthday,1515
1516,Catch eight cause.,Fri May 05 00:00:00 GMT+01:00 2023,Wedding,1516
1517,Station report.,Thu Apr 06 00:00:00 GMT+01:00 2023,Birthday,1517
1518,Even.,Thu Jan 26 00:00:00 GMT+01:00 2023,Corporate Event,1518
1519,Building feeling.,Tue Apr 01 00:00:00 GMT+01:00 2025,Private Party,1519
1520,Song job.,Mon Oct 28 00:00:00 GMT+01:00 2024,Private Party,1520
1521,Often wear.,Sun Jan 21 00:00:00 GMT+01:00 2024,Private Party,1521
1522,Usually continue.,Fri Jan 03 00:00:00 GMT+01:00 2025,Corporate Event,1522
1523,Return.,Thu Apr 14 00:00:00 GMT+01:00 2022,Birthday,1523
1524,Base ball.,Thu Jan 11 00:00:00 GMT+01:00 2024,Birthday,1524
1525,With help.,Sun Aug 03 00:00:00 GMT+01:00 2025,Private Party,1525
1526,Form policy realize wrong.,Sat Mar 23 00:00:00 GMT+01:00 2024,Wedding,1526
1527,Boy religious.,Sun Jul 31 00:00:00 GMT+01:00 2022,Private Party,1527
1528,Almost mouth smile.,Fri Apr 28 00:00:00 GMT+01:00 2023,Private Party,1528
1529,Morning.,Sat Aug 05 00:00:00 GMT+01:00 2023,Private Party,1529
1530,Perform campaign radio.,Mon Jul 04 00:00:00 GMT+01:00 2022,Birthday,1530
1531,Require front thought.,Fri Oct 24 00:00:00 GMT+01:00 2025,Wedding,1531
1532,Wrong as rule gas.,Wed Jul 20 00:00:00 GMT+01:00 2022,Birthday,1532
1533,Than price.,Sat Oct 22 00:00:00 GMT+01:00 2022,Corporate Event,1533
1534,State action.,Thu Jan 06 00:00:00 GMT+01:00 2022,Corporate Event,1534
1535,Financial.,Wed Feb 14 00:00:00 GMT+01:00 2024,Corporate Event,1535
1536,Behind phone position.,Wed Nov 13 00:00:00 GMT+01:00 2024,Private Party,1536
1537,City wear.,Mon Apr 29 00:00:00 GMT+01:00 2024,Wedding,1537
1538,Pull partner discuss.,Wed Aug 30 00:00:00 GMT+01:00 2023,Wedding,1538
1539,Interest low.,Sat Sep 13 00:00:00 GMT+01:00 2025,Wedding,1539
1540,Evening consumer.,Sun Jul 23 00:00:00 GMT+01:00 2023,Wedding,1540
1541,End agency trouble.,Wed Jan 22 00:00:00 GMT+01:00 2025,Corporate Event,1541
1542,Rule explain food.,Sun Oct 30 00:00:00 GMT+01:00 2022,Private Party,1542
1543,Material.,Fri Oct 31 00:00:00 GMT+01:00 2025,Birthday,1543
1544,Can century have.,Thu Jun 29 00:00:00 GMT+01:00 2023,Wedding,1544
1545,Use total response rate.,Fri Aug 08 00:00:00 GMT+01:00 2025,Private Party,1545
1546,Can its toward.,Sat Feb 19 00:00:00 GMT+01:00 2022,Wedding,1546
1547,Themselves during whatever music.,Fri Mar 04 00:00:00 GMT+01:00 2022,Private Party,1547
1548,Scientist ten.,Mon Nov 27 00:00:00 GMT+01:00 2023,Birthday,1548
1549,Strategy risk song.,Wed Jun 15 00:00:00 GMT+01:00 2022,Corporate Event,1549
1550,Upon father common central.,Mon May 16 00:00:00 GMT+01:00 2022,Birthday,1550
1551,Stock us throughout.,Wed Jan 12 00:00:00 GMT+01:00 2022,Birthday,1551
1552,Reach offer make.,Sat May 28 00:00:00 GMT+01:00 2022,Birthday,1552
1553,He difference particular.,Fri Oct 24 00:00:00 GMT+01:00 2025,Wedding,1553
1554,Company audience cup.,Sun Sep 04 00:00:00 GMT+01:00 2022,Birthday,1554
1555,Loss traditional.,Thu Nov 16 00:00:00 GMT+01:00 2023,Corporate Event,1555
1556,Hospital animal.,Tue Dec 30 00:00:00 GMT+01:00 2025,Wedding,1556
1557,Stage figure international.,Thu Apr 21 00:00:00 GMT+01:00 2022,Birthday,1557
1558,Way toward.,Sun Dec 11 00:00:00 GMT+01:00 2022,Private Party,1558
1559,Head ability decide.,Fri Nov 01 00:00:00 GMT+01:00 2024,Corporate Event,1559
1560,Help seat parent never.,Fri Sep 13 00:00:00 GMT+01:00 2024,Corporate Event,1560
1561,Over fall serious.,Sun Apr 27 00:00:00 GMT+01:00 2025,Corporate Event,1561
1562,Receive.,Wed Feb 23 00:00:00 GMT+01:00 2022,Corporate Event,1562
1563,Blood answer.,Thu Sep 04 00:00:00 GMT+01:00 2025,Birthday,1563
1564,Sometimes feeling three.,Mon Oct 16 00:00:00 GMT+01:00 2023,Corporate Event,1564
1565,Report always.,Tue Nov 12 00:00:00 GMT+01:00 2024,Wedding,1565
1566,Care language.,Sun Oct 08 00:00:00 GMT+01:00 2023,Birthday,1566
1567,Various campaign.,Wed Aug 03 00:00:00 GMT+01:00 2022,Wedding,1567
1568,True well age.,Wed Aug 21 00:00:00 GMT+01:00 2024,Birthday,1568
1569,Start share.,Fri Aug 23 00:00:00 GMT+01:00 2024,Corporate Event,1569
1570,Reveal figure.,Fri Jun 09 00:00:00 GMT+01:00 2023,Corporate Event,1570
1571,Pass senior.,Mon Sep 23 00:00:00 GMT+01:00 2024,Private Party,1571
1572,Go clearly after.,Tue Apr 09 00:00:00 GMT+01:00 2024,Wedding,1572
1573,Side read.,Thu Feb 15 00:00:00 GMT+01:00 2024,Corporate Event,1573
1574,Skill moment character.,Fri Jan 14 00:00:00 GMT+01:00 2022,Wedding,1574
1575,Want staff test.,Wed Mar 08 00:00:00 GMT+01:00 2023,Birthday,1575
1576,Tonight operation.,Tue Oct 21 00:00:00 GMT+01:00 2025,Corporate Event,1576
1577,Situation explain production run.,Sun May 21 00:00:00 GMT+01:00 2023,Wedding,1577
1578,Just focus none.,Thu May 29 00:00:00 GMT+01:00 2025,Corporate Event,1578
1579,Young thank.,Thu Nov 13 00:00:00 GMT+01:00 2025,Private Party,1579
1580,Another research concern.,Sat Apr 16 00:00:00 GMT+01:00 2022,Wedding,1580
1581,Away plant purpose.,Sat Dec 07 00:00:00 GMT+01:00 2024,Corporate Event,1581
1582,Arm project benefit.,Fri Feb 07 00:00:00 GMT+01:00 2025,Corporate Event,1582
1583,Church like.,Mon Jul 03 00:00:00 GMT+01:00 2023,Birthday,1583
1584,Resource.,Wed Jul 02 00:00:00 GMT+01:00 2025,Corporate Event,1584
1586,Cultural social argue movement.,Sun Dec 10 00:00:00 GMT+01:00 2023,Private Party,1586
1587,Other fast after.,Thu Mar 03 00:00:00 GMT+01:00 2022,Corporate Event,1587
1588,Old camera with.,Sat Sep 16 00:00:00 GMT+01:00 2023,Corporate Event,1588
1589,Happy officer.,Wed Oct 08 00:00:00 GMT+01:00 2025,Private Party,1589
1590,Ball should respond agent.,Sun Apr 20 00:00:00 GMT+01:00 2025,Wedding,1590
1591,Option likely watch.,Thu May 19 00:00:00 GMT+01:00 2022,Corporate Event,1591
1592,Probably.,Fri Jul 12 00:00:00 GMT+01:00 2024,Private Party,1592
1593,Bank culture about.,Sat Nov 08 00:00:00 GMT+01:00 2025,Corporate Event,1593
1594,Which senior.,Tue Apr 02 00:00:00 GMT+01:00 2024,Wedding,1594
1595,Sort note.,Fri Feb 11 00:00:00 GMT+01:00 2022,Wedding,1595
1596,Soon film maintain.,Fri Aug 01 00:00:00 GMT+01:00 2025,Birthday,1596
1597,Avoid size.,Sun Nov 27 00:00:00 GMT+01:00 2022,Private Party,1597
1598,And true picture.,Sun May 19 00:00:00 GMT+01:00 2024,Wedding,1598
1599,Interest plan.,Fri Jan 06 00:00:00 GMT+01:00 2023,Birthday,1599
1600,Leg explain.,Sun Jun 25 00:00:00 GMT+01:00 2023,Corporate Event,1600
1601,Collection police.,Thu May 09 00:00:00 GMT+01:00 2024,Wedding,1601
1602,Whole blood success.,Wed Sep 04 00:00:00 GMT+01:00 2024,Wedding,1602
1603,Live.,Wed Apr 16 00:00:00 GMT+01:00 2025,Birthday,1603
1604,Network Republican rate.,Sun Dec 29 00:00:00 GMT+01:00 2024,Birthday,1604
1605,Loss.,Mon Apr 07 00:00:00 GMT+01:00 2025,Private Party,1605
1606,Computer cost.,Sun Jul 24 00:00:00 GMT+01:00 2022,Corporate Event,1606
1607,Ahead represent material.,Tue Jan 31 00:00:00 GMT+01:00 2023,Birthday,1607
1608,Common suddenly.,Thu Mar 16 00:00:00 GMT+01:00 2023,Private Party,1608
1609,Continue increase down.,Thu Jan 25 00:00:00 GMT+01:00 2024,Private Party,1609
1610,Civil you into.,Mon Jun 10 00:00:00 GMT+01:00 2024,Corporate Event,1610
1611,Reflect word.,Fri Jul 15 00:00:00 GMT+01:00 2022,Corporate Event,1611
1612,Care these trial.,Tue Jul 11 00:00:00 GMT+01:00 2023,Private Party,1612
1613,Who enjoy.,Thu May 04 00:00:00 GMT+01:00 2023,Wedding,1613
1614,Along morning hotel between.,Thu Mar 24 00:00:00 GMT+01:00 2022,Private Party,1614
1615,Morning specific.,Sun Nov 27 00:00:00 GMT+01:00 2022,Corporate Event,1615
1616,Provide far.,Mon Feb 27 00:00:00 GMT+01:00 2023,Corporate Event,1616
1617,Record person.,Mon May 12 00:00:00 GMT+01:00 2025,Corporate Event,1617
1618,Social science determine.,Tue Sep 10 00:00:00 GMT+01:00 2024,Private Party,1618
1619,Consumer article.,Sat Oct 21 00:00:00 GMT+01:00 2023,Private Party,1619
1620,Investment woman husband.,Sat Aug 03 00:00:00 GMT+01:00 2024,Birthday,1620
1621,Chair important woman.,Sat Dec 06 00:00:00 GMT+01:00 2025,Birthday,1621
1622,Ok finish.,Sat Apr 23 00:00:00 GMT+01:00 2022,Private Party,1622
1623,Political.,Sat Feb 04 00:00:00 GMT+01:00 2023,Wedding,1623
1624,Surface look.,Wed Apr 05 00:00:00 GMT+01:00 2023,Corporate Event,1624
1625,Seat.,Sun May 01 00:00:00 GMT+01:00 2022,Wedding,1625
1626,Perhaps strong.,Sat Mar 23 00:00:00 GMT+01:00 2024,Private Party,1626
1627,Light financial.,Sun Jan 02 00:00:00 GMT+01:00 2022,Birthday,1627
1628,Address appear improve.,Tue Nov 11 00:00:00 GMT+01:00 2025,Private Party,1628
1629,Degree support western.,Mon Oct 30 00:00:00 GMT+01:00 2023,Corporate Event,1629
1630,At charge.,Wed Mar 12 00:00:00 GMT+01:00 2025,Wedding,1630
1631,Read claim week.,Sat Jul 12 00:00:00 GMT+01:00 2025,Private Party,1631
1632,Style school go occur.,Sat Dec 10 00:00:00 GMT+01:00 2022,Private Party,1632
1633,Fire recent.,Sun Oct 01 00:00:00 GMT+01:00 2023,Wedding,1633
1634,All form.,Fri Apr 21 00:00:00 GMT+01:00 2023,Corporate Event,1634
1635,Water everything.,Thu Jul 13 00:00:00 GMT+01:00 2023,Birthday,1635
1636,Seven.,Thu Aug 03 00:00:00 GMT+01:00 2023,Private Party,1636
1637,Look language.,Sat Apr 02 00:00:00 GMT+01:00 2022,Private Party,1637
1638,Will.,Tue Aug 09 00:00:00 GMT+01:00 2022,Corporate Event,1638
1639,Attorney resource.,Fri Mar 15 00:00:00 GMT+01:00 2024,Birthday,1639
1640,Girl exactly inside.,Fri Aug 23 00:00:00 GMT+01:00 2024,Birthday,1640
1641,Lot and.,Mon Dec 29 00:00:00 GMT+01:00 2025,Private Party,1641
1642,Order.,Thu Aug 10 00:00:00 GMT+01:00 2023,Corporate Event,1642
1643,Save interesting.,Sun Jul 23 00:00:00 GMT+01:00 2023,Wedding,1643
1644,For doctor score.,Fri Nov 17 00:00:00 GMT+01:00 2023,Birthday,1644
1645,Amount range.,Tue May 31 00:00:00 GMT+01:00 2022,Wedding,1645
1646,Daughter establish.,Sun May 07 00:00:00 GMT+01:00 2023,Wedding,1646
1647,Myself next.,Fri Aug 26 00:00:00 GMT+01:00 2022,Private Party,1647
1648,Lose.,Thu Aug 31 00:00:00 GMT+01:00 2023,Corporate Event,1648
1649,Process.,Fri Sep 02 00:00:00 GMT+01:00 2022,Wedding,1649
1650,Out again her.,Wed Oct 16 00:00:00 GMT+01:00 2024,Birthday,1650
1651,Watch speech appear because.,Tue Dec 24 00:00:00 GMT+01:00 2024,Corporate Event,1651
1652,Nice face.,Fri Jan 27 00:00:00 GMT+01:00 2023,Private Party,1652
1653,True call only.,Wed May 07 00:00:00 GMT+01:00 2025,Private Party,1653
1654,Miss change.,Sun Mar 13 00:00:00 GMT+01:00 2022,Birthday,1654
1655,Movement.,Sat Jan 20 00:00:00 GMT+01:00 2024,Private Party,1655
1656,Property order.,Thu Feb 16 00:00:00 GMT+01:00 2023,Corporate Event,1656
1657,Hear more.,Tue Dec 20 00:00:00 GMT+01:00 2022,Birthday,1657
1658,Officer short tax.,Thu Nov 16 00:00:00 GMT+01:00 2023,Wedding,1658
1659,Long own stay.,Thu May 16 00:00:00 GMT+01:00 2024,Wedding,1659
1660,Vote lose.,Sat Jul 02 00:00:00 GMT+01:00 2022,Private Party,1660
1661,Rich new fall.,Thu Dec 04 00:00:00 GMT+01:00 2025,Private Party,1661
1662,Choice evening accept.,Mon Oct 17 00:00:00 GMT+01:00 2022,Corporate Event,1662
1663,Too.,Sun Nov 10 00:00:00 GMT+01:00 2024,Wedding,1663
1664,Partner bring physical American.,Wed Aug 10 00:00:00 GMT+01:00 2022,Private Party,1664
1665,Possible finally value two.,Thu Jul 13 00:00:00 GMT+01:00 2023,Corporate Event,1665
1666,Other keep some.,Mon Sep 11 00:00:00 GMT+01:00 2023,Wedding,1666
1667,Maybe scene understand.,Wed Sep 25 00:00:00 GMT+01:00 2024,Birthday,1667
1668,Somebody bar.,Mon Feb 07 00:00:00 GMT+01:00 2022,Wedding,1668
1669,Responsibility bring.,Wed Nov 06 00:00:00 GMT+01:00 2024,Wedding,1669
1670,Think career charge.,Wed Aug 02 00:00:00 GMT+01:00 2023,Wedding,1670
1671,Fast citizen.,Fri Aug 19 00:00:00 GMT+01:00 2022,Wedding,1671
1672,Area weight food.,Thu Dec 25 00:00:00 GMT+01:00 2025,Private Party,1672
1673,Throw sing accept.,Fri Jan 13 00:00:00 GMT+01:00 2023,Birthday,1673
1674,Outside opportunity result.,Mon Apr 29 00:00:00 GMT+01:00 2024,Private Party,1674
1675,Idea food five.,Fri Jun 03 00:00:00 GMT+01:00 2022,Corporate Event,1675
1676,Big upon commercial.,Tue Jun 13 00:00:00 GMT+01:00 2023,Wedding,1676
1677,Amount contain program.,Tue Dec 12 00:00:00 GMT+01:00 2023,Birthday,1677
1678,Of because.,Sun Jul 02 00:00:00 GMT+01:00 2023,Corporate Event,1678
1679,Person however candidate.,Sun May 11 00:00:00 GMT+01:00 2025,Birthday,1679
1680,Key carry night.,Tue Nov 01 00:00:00 GMT+01:00 2022,Birthday,1680
1681,Music again.,Wed Jun 05 00:00:00 GMT+01:00 2024,Corporate Event,1681
1682,Sure ten side.,Sat Sep 03 00:00:00 GMT+01:00 2022,Private Party,1682
1683,Purpose generation price.,Fri Nov 15 00:00:00 GMT+01:00 2024,Birthday,1683
1684,Tv.,Tue Jul 01 00:00:00 GMT+01:00 2025,Wedding,1684
1685,Could live go.,Wed Mar 12 00:00:00 GMT+01:00 2025,Private Party,1685
1686,Rock ok stage somebody.,Sun Jul 09 00:00:00 GMT+01:00 2023,Private Party,1686
1687,Language who believe.,Fri Feb 28 00:00:00 GMT+01:00 2025,Birthday,1687
1688,Coach pressure.,Thu Feb 17 00:00:00 GMT+01:00 2022,Birthday,1688
1689,Somebody benefit.,Wed Feb 05 00:00:00 GMT+01:00 2025,Private Party,1689
1690,In fine nothing.,Fri Apr 26 00:00:00 GMT+01:00 2024,Birthday,1690
1691,Teacher to.,Sun Jan 14 00:00:00 GMT+01:00 2024,Corporate Event,1691
1692,Level care.,Fri Jan 28 00:00:00 GMT+01:00 2022,Birthday,1692
1693,Personal now.,Wed Mar 16 00:00:00 GMT+01:00 2022,Corporate Event,1693
1694,Table of.,Wed Jul 26 00:00:00 GMT+01:00 2023,Private Party,1694
1695,Beyond heart dream.,Wed Jan 22 00:00:00 GMT+01:00 2025,Wedding,1695
1696,Art control.,Sat Jun 07 00:00:00 GMT+01:00 2025,Private Party,1696
1697,Long part either.,Fri May 09 00:00:00 GMT+01:00 2025,Birthday,1697
1698,Cold soon writer young.,Wed Oct 12 00:00:00 GMT+01:00 2022,Birthday,1698
1699,Add trouble.,Tue Apr 18 00:00:00 GMT+01:00 2023,Wedding,1699
1700,Management.,Wed May 28 00:00:00 GMT+01:00 2025,Corporate Event,1700
1701,Local might.,Sat Feb 22 00:00:00 GMT+01:00 2025,Wedding,1701
1702,Tax cut community.,Sun Feb 06 00:00:00 GMT+01:00 2022,Private Party,1702
1703,Arm who.,Thu Feb 24 00:00:00 GMT+01:00 2022,Corporate Event,1703
1704,Government ability anyone.,Sat Mar 02 00:00:00 GMT+01:00 2024,Corporate Event,1704
1705,Offer both amount off.,Thu Jan 18 00:00:00 GMT+01:00 2024,Corporate Event,1705
1706,Give treat.,Sun May 21 00:00:00 GMT+01:00 2023,Wedding,1706
1707,Marriage one certain.,Fri Dec 05 00:00:00 GMT+01:00 2025,Private Party,1707
1708,Somebody point child.,Mon Jul 28 00:00:00 GMT+01:00 2025,Private Party,1708
1709,Bit town option middle.,Sun Jun 11 00:00:00 GMT+01:00 2023,Birthday,1709
1710,Use stop fire nor.,Sun Jun 12 00:00:00 GMT+01:00 2022,Wedding,1710
1711,Early world rest.,Sat Nov 09 00:00:00 GMT+01:00 2024,Private Party,1711
1712,Guy investment out.,Thu Jun 23 00:00:00 GMT+01:00 2022,Private Party,1712
1713,Visit summer kitchen.,Wed Jun 25 00:00:00 GMT+01:00 2025,Birthday,1713
1714,Writer will would.,Wed Oct 19 00:00:00 GMT+01:00 2022,Birthday,1714
1715,Last charge.,Fri Sep 23 00:00:00 GMT+01:00 2022,Birthday,1715
1716,Score each base cell.,Sat Jan 07 00:00:00 GMT+01:00 2023,Corporate Event,1716
1717,Claim begin.,Sat Apr 09 00:00:00 GMT+01:00 2022,Wedding,1717
1718,Staff under.,Wed Jan 18 00:00:00 GMT+01:00 2023,Corporate Event,1718
1719,Very similar.,Sun Mar 13 00:00:00 GMT+01:00 2022,Private Party,1719
1720,Them common open far.,Fri Mar 22 00:00:00 GMT+01:00 2024,Private Party,1720
1721,Company old store.,Wed Dec 28 00:00:00 GMT+01:00 2022,Wedding,1721
1722,Society whatever him.,Mon Nov 10 00:00:00 GMT+01:00 2025,Birthday,1722
1723,Soldier pay large.,Thu May 01 00:00:00 GMT+01:00 2025,Private Party,1723
1724,Trouble final station.,Tue May 16 00:00:00 GMT+01:00 2023,Birthday,1724
1725,Own laugh.,Thu Aug 14 00:00:00 GMT+01:00 2025,Birthday,1725
1726,Cost happy some responsibility.,Thu May 09 00:00:00 GMT+01:00 2024,Private Party,1726
1727,Area open.,Sun Jun 30 00:00:00 GMT+01:00 2024,Wedding,1727
1728,Rock market.,Sat Jun 08 00:00:00 GMT+01:00 2024,Private Party,1728
1729,Whose blue.,Sun Oct 29 00:00:00 GMT+01:00 2023,Corporate Event,1729
1730,Common special.,Fri May 13 00:00:00 GMT+01:00 2022,Corporate Event,1730
1731,Various answer campaign.,Sat Jul 19 00:00:00 GMT+01:00 2025,Wedding,1731
1732,Nearly coach.,Tue Mar 14 00:00:00 GMT+01:00 2023,Private Party,1732
1733,Fill voice because water.,Thu Oct 31 00:00:00 GMT+01:00 2024,Private Party,1733
1734,Responsibility onto discuss.,Wed Feb 26 00:00:00 GMT+01:00 2025,Private Party,1734
1735,New technology chair.,Sat Sep 07 00:00:00 GMT+01:00 2024,Birthday,1735
1736,Later write vote.,Wed Aug 13 00:00:00 GMT+01:00 2025,Wedding,1736
1737,Visit give.,Wed Oct 30 00:00:00 GMT+01:00 2024,Private Party,1737
1738,Suffer write investment.,Tue Oct 17 00:00:00 GMT+01:00 2023,Private Party,1738
1739,Worker everyone.,Sat Jun 03 00:00:00 GMT+01:00 2023,Wedding,1739
1740,Yard accept information upon.,Thu Jul 21 00:00:00 GMT+01:00 2022,Wedding,1740
1741,Might.,Wed Jun 28 00:00:00 GMT+01:00 2023,Corporate Event,1741
1742,Pick exactly.,Wed Jan 11 00:00:00 GMT+01:00 2023,Birthday,1742
1743,Blue kid represent.,Thu Aug 24 00:00:00 GMT+01:00 2023,Private Party,1743
1744,Meeting group kid.,Wed Sep 21 00:00:00 GMT+01:00 2022,Birthday,1744
1745,Late language focus training.,Mon Sep 12 00:00:00 GMT+01:00 2022,Birthday,1745
1746,Toward community give.,Tue Mar 21 00:00:00 GMT+01:00 2023,Corporate Event,1746
1747,Whole concern truth.,Mon Jun 03 00:00:00 GMT+01:00 2024,Private Party,1747
1748,Rest sing.,Mon May 29 00:00:00 GMT+01:00 2023,Birthday,1748
1749,Dark.,Sat Sep 14 00:00:00 GMT+01:00 2024,Birthday,1749
1750,And easy establish.,Mon Aug 18 00:00:00 GMT+01:00 2025,Wedding,1750
1751,Explain him.,Wed Sep 04 00:00:00 GMT+01:00 2024,Birthday,1751
1752,Leader training.,Thu Apr 25 00:00:00 GMT+01:00 2024,Wedding,1752
1753,Behavior officer.,Fri Mar 15 00:00:00 GMT+01:00 2024,Private Party,1753
1754,Occur actually.,Fri Jul 14 00:00:00 GMT+01:00 2023,Wedding,1754
1755,Owner probably rest.,Thu Dec 15 00:00:00 GMT+01:00 2022,Birthday,1755
1756,Oil cost her.,Sat Sep 06 00:00:00 GMT+01:00 2025,Wedding,1756
1757,Expect.,Wed Feb 08 00:00:00 GMT+01:00 2023,Corporate Event,1757
1758,Manager cold collection.,Mon Jul 01 00:00:00 GMT+01:00 2024,Private Party,1758
1759,Career turn loss.,Sat Jan 22 00:00:00 GMT+01:00 2022,Wedding,1759
1760,Office car their.,Fri Dec 06 00:00:00 GMT+01:00 2024,Corporate Event,1760
1761,Manager worker.,Tue Apr 30 00:00:00 GMT+01:00 2024,Wedding,1761
1762,Choice ground scientist than.,Sun Jun 18 00:00:00 GMT+01:00 2023,Birthday,1762
1763,Talk level analysis.,Mon Aug 08 00:00:00 GMT+01:00 2022,Private Party,1763
1764,Onto avoid.,Sun Nov 30 00:00:00 GMT+01:00 2025,Birthday,1764
1765,Believe network us.,Wed May 11 00:00:00 GMT+01:00 2022,Corporate Event,1765
1766,Democrat hotel.,Thu Feb 03 00:00:00 GMT+01:00 2022,Private Party,1766
1767,Coach expert.,Tue Aug 30 00:00:00 GMT+01:00 2022,Wedding,1767
1768,Include be.,Thu Jun 15 00:00:00 GMT+01:00 2023,Private Party,1768
1769,Understand accept bed.,Wed Oct 23 00:00:00 GMT+01:00 2024,Birthday,1769
1770,Short be wall decade.,Sun Nov 09 00:00:00 GMT+01:00 2025,Birthday,1770
1771,Your store.,Thu Nov 24 00:00:00 GMT+01:00 2022,Birthday,1771
1772,None not school.,Sun Jan 19 00:00:00 GMT+01:00 2025,Private Party,1772
1773,Determine international.,Tue Jan 09 00:00:00 GMT+01:00 2024,Wedding,1773
1774,Specific cut tree.,Fri Nov 21 00:00:00 GMT+01:00 2025,Private Party,1774
1775,Lay usually.,Sun Oct 29 00:00:00 GMT+01:00 2023,Birthday,1775
1776,Add how tonight.,Sun Sep 18 00:00:00 GMT+01:00 2022,Birthday,1776
1777,Career.,Mon Mar 11 00:00:00 GMT+01:00 2024,Birthday,1777
1778,Would law never.,Thu Nov 17 00:00:00 GMT+01:00 2022,Private Party,1778
1779,Your administration whether.,Sun Jan 07 00:00:00 GMT+01:00 2024,Wedding,1779
1780,Ahead alone dream.,Thu May 19 00:00:00 GMT+01:00 2022,Birthday,1780
1781,Someone rock.,Mon Dec 25 00:00:00 GMT+01:00 2023,Wedding,1781
1782,Admit their describe.,Wed Jan 17 00:00:00 GMT+01:00 2024,Birthday,1782
1783,Style military necessary.,Thu Jan 11 00:00:00 GMT+01:00 2024,Corporate Event,1783
1784,Mind modern decide.,Fri Jun 14 00:00:00 GMT+01:00 2024,Birthday,1784
1785,Spend.,Fri Dec 30 00:00:00 GMT+01:00 2022,Birthday,1785
1786,Surface author.,Fri Jan 17 00:00:00 GMT+01:00 2025,Private Party,1786
1787,Different remain evidence.,Thu Feb 02 00:00:00 GMT+01:00 2023,Private Party,1787
1788,Stock.,Sat Apr 20 00:00:00 GMT+01:00 2024,Corporate Event,1788
1789,Not name.,Thu Oct 16 00:00:00 GMT+01:00 2025,Wedding,1789
1790,Eye material surface.,Sat Nov 30 00:00:00 GMT+01:00 2024,Wedding,1790
1791,Do heart.,Sun Nov 02 00:00:00 GMT+01:00 2025,Wedding,1791
1792,Past increase onto.,Thu Sep 28 00:00:00 GMT+01:00 2023,Corporate Event,1792
1793,Office possible.,Thu Jan 16 00:00:00 GMT+01:00 2025,Wedding,1793
1794,Increase something.,Tue Jan 04 00:00:00 GMT+01:00 2022,Private Party,1794
1795,Morning themselves.,Sat Jun 17 00:00:00 GMT+01:00 2023,Private Party,1795
1796,Tell study.,Tue Dec 24 00:00:00 GMT+01:00 2024,Private Party,1796
1797,Company finally production.,Tue Jul 22 00:00:00 GMT+01:00 2025,Corporate Event,1797
1798,Cell edge.,Fri Jun 28 00:00:00 GMT+01:00 2024,Private Party,1798
1799,According stand.,Fri Mar 28 00:00:00 GMT+01:00 2025,Birthday,1799
1800,Become blue trip.,Thu Dec 15 00:00:00 GMT+01:00 2022,Wedding,1800
1801,Manage no.,Fri Sep 20 00:00:00 GMT+01:00 2024,Private Party,1801
1802,Lawyer chair television.,Wed Apr 13 00:00:00 GMT+01:00 2022,Birthday,1802
1803,She manage magazine.,Tue Oct 17 00:00:00 GMT+01:00 2023,Wedding,1803
1804,Whole it let opportunity.,Fri May 03 00:00:00 GMT+01:00 2024,Private Party,1804
1805,Care now actually.,Sun Jun 05 00:00:00 GMT+01:00 2022,Private Party,1805
1806,Season decision.,Fri Apr 19 00:00:00 GMT+01:00 2024,Corporate Event,1806
1807,Could available hope.,Sun Jul 10 00:00:00 GMT+01:00 2022,Corporate Event,1807
1808,Cause song.,Tue Jun 11 00:00:00 GMT+01:00 2024,Private Party,1808
1809,Edge information.,Thu Jul 11 00:00:00 GMT+01:00 2024,Corporate Event,1809
1810,All plant compare.,Sat Aug 20 00:00:00 GMT+01:00 2022,Corporate Event,1810
1811,Officer dream.,Thu May 15 00:00:00 GMT+01:00 2025,Wedding,1811
1812,Report grow.,Wed Oct 18 00:00:00 GMT+01:00 2023,Private Party,1812
1813,Follow available.,Sun Jul 23 00:00:00 GMT+01:00 2023,Birthday,1813
1814,Leader state.,Sun Jul 16 00:00:00 GMT+01:00 2023,Private Party,1814
1815,Wonder magazine reflect.,Sun May 29 00:00:00 GMT+01:00 2022,Wedding,1815
1816,Beyond issue body decade.,Sun Aug 18 00:00:00 GMT+01:00 2024,Private Party,1816
1817,Individual.,Wed Mar 29 00:00:00 GMT+01:00 2023,Birthday,1817
1818,Such three way.,Mon Feb 28 00:00:00 GMT+01:00 2022,Corporate Event,1818
1819,Would pattern later.,Wed Dec 20 00:00:00 GMT+01:00 2023,Private Party,1819
1820,Option bed.,Wed Jan 17 00:00:00 GMT+01:00 2024,Corporate Event,1820
1821,See one gun.,Sat Jul 22 00:00:00 GMT+01:00 2023,Birthday,1821
1822,Perform matter.,Mon Sep 08 00:00:00 GMT+01:00 2025,Private Party,1822
1823,Style sign.,Tue Apr 25 00:00:00 GMT+01:00 2023,Wedding,1823
1824,Those center relationship.,Thu Feb 01 00:00:00 GMT+01:00 2024,Birthday,1824
1825,A personal turn.,Thu Oct 05 00:00:00 GMT+01:00 2023,Wedding,1825
1826,Open include.,Thu Nov 17 00:00:00 GMT+01:00 2022,Wedding,1826
1827,Officer industry.,Wed Dec 11 00:00:00 GMT+01:00 2024,Private Party,1827
1828,Break clearly.,Wed Aug 27 00:00:00 GMT+01:00 2025,Birthday,1828
1829,When similar current.,Mon May 20 00:00:00 GMT+01:00 2024,Private Party,1829
1830,Where player small.,Thu Nov 21 00:00:00 GMT+01:00 2024,Private Party,1830
1831,Program floor.,Sun Oct 20 00:00:00 GMT+01:00 2024,Private Party,1831
1832,Mrs way health.,Sun Jan 23 00:00:00 GMT+01:00 2022,Wedding,1832
1833,Claim worry soon.,Wed Sep 17 00:00:00 GMT+01:00 2025,Birthday,1833
1834,Term career.,Mon Jun 02 00:00:00 GMT+01:00 2025,Wedding,1834
1835,Night range.,Sat Jun 07 00:00:00 GMT+01:00 2025,Birthday,1835
1836,Check message.,Sun Jul 07 00:00:00 GMT+01:00 2024,Corporate Event,1836
1837,Although you loss.,Mon Nov 13 00:00:00 GMT+01:00 2023,Wedding,1837
1838,Baby begin ball.,Thu May 19 00:00:00 GMT+01:00 2022,Corporate Event,1838
1839,Eat model policy.,Mon Jun 24 00:00:00 GMT+01:00 2024,Corporate Event,1839
1840,Tax time despite.,Wed Apr 23 00:00:00 GMT+01:00 2025,Private Party,1840
1841,Blood simply day.,Fri Sep 15 00:00:00 GMT+01:00 2023,Corporate Event,1841
1842,Top myself paper.,Wed Jan 05 00:00:00 GMT+01:00 2022,Private Party,1842
1843,Would wind new.,Tue Oct 18 00:00:00 GMT+01:00 2022,Birthday,1843
1844,Cut allow area fall.,Sun Nov 30 00:00:00 GMT+01:00 2025,Corporate Event,1844
1845,Support control.,Wed Apr 17 00:00:00 GMT+01:00 2024,Private Party,1845
1846,Security health student.,Tue Dec 31 00:00:00 GMT+01:00 2024,Private Party,1846
1847,Between eat economic.,Sun Feb 27 00:00:00 GMT+01:00 2022,Birthday,1847
1848,Cover.,Wed Apr 05 00:00:00 GMT+01:00 2023,Birthday,1848
1849,Build million.,Thu Mar 20 00:00:00 GMT+01:00 2025,Wedding,1849
1850,Mission and.,Wed May 10 00:00:00 GMT+01:00 2023,Private Party,1850
1851,Situation go would.,Thu Dec 19 00:00:00 GMT+01:00 2024,Birthday,1851
1852,Magazine beat newspaper.,Fri Oct 31 00:00:00 GMT+01:00 2025,Birthday,1852
1853,Low use.,Fri May 17 00:00:00 GMT+01:00 2024,Birthday,1853
1854,Whole more sure.,Sat Sep 27 00:00:00 GMT+01:00 2025,Private Party,1854
1855,Woman entire cause.,Mon Dec 18 00:00:00 GMT+01:00 2023,Private Party,1855
1856,Dog boy word.,Wed Nov 01 00:00:00 GMT+01:00 2023,Wedding,1856
1857,Future million arm.,Thu Oct 02 00:00:00 GMT+01:00 2025,Private Party,1857
1858,More.,Fri Aug 25 00:00:00 GMT+01:00 2023,Corporate Event,1858
1859,Hospital them.,Fri Oct 25 00:00:00 GMT+01:00 2024,Wedding,1859
1860,Deep.,Wed Dec 18 00:00:00 GMT+01:00 2024,Birthday,1860
1861,Another baby raise.,Sun Jan 07 00:00:00 GMT+01:00 2024,Birthday,1861
1862,Child mention natural.,Mon Aug 14 00:00:00 GMT+01:00 2023,Wedding,1862
1863,Trade activity.,Wed Aug 14 00:00:00 GMT+01:00 2024,Corporate Event,1863
1864,Throw series goal.,Fri Feb 16 00:00:00 GMT+01:00 2024,Wedding,1864
1865,Might station.,Sun Jun 26 00:00:00 GMT+01:00 2022,Corporate Event,1865
1866,Response technology game.,Tue Aug 19 00:00:00 GMT+01:00 2025,Corporate Event,1866
1867,Interview since.,Sun Apr 03 00:00:00 GMT+01:00 2022,Corporate Event,1867
1868,Doctor against I.,Tue Aug 05 00:00:00 GMT+01:00 2025,Birthday,1868
1869,Home economy course.,Thu Apr 11 00:00:00 GMT+01:00 2024,Wedding,1869
1870,Example myself environmental.,Sat Sep 23 00:00:00 GMT+01:00 2023,Corporate Event,1870
1871,Former suffer she.,Wed Nov 26 00:00:00 GMT+01:00 2025,Wedding,1871
1872,Particular crime others to.,Tue Feb 25 00:00:00 GMT+01:00 2025,Corporate Event,1872
1873,Someone sense institution.,Sat Sep 16 00:00:00 GMT+01:00 2023,Wedding,1873
1874,Young simple attorney.,Wed Mar 29 00:00:00 GMT+01:00 2023,Wedding,1874
1875,Event both few.,Sun Jun 18 00:00:00 GMT+01:00 2023,Private Party,1875
1876,Land party night.,Thu May 29 00:00:00 GMT+01:00 2025,Wedding,1876
1877,Baby floor.,Sat Apr 26 00:00:00 GMT+01:00 2025,Wedding,1877
1878,Town event two road.,Fri Jan 31 00:00:00 GMT+01:00 2025,Private Party,1878
1879,Court.,Tue Oct 10 00:00:00 GMT+01:00 2023,Wedding,1879
1880,Condition have.,Sat Jun 15 00:00:00 GMT+01:00 2024,Private Party,1880
1881,Summer turn.,Sat Jan 29 00:00:00 GMT+01:00 2022,Wedding,1881
1882,You report.,Sat Feb 22 00:00:00 GMT+01:00 2025,Wedding,1882
1883,Around minute.,Sat Feb 17 00:00:00 GMT+01:00 2024,Birthday,1883
1884,Rise high year.,Wed Jul 27 00:00:00 GMT+01:00 2022,Corporate Event,1884
1885,Coach care along.,Fri Nov 11 00:00:00 GMT+01:00 2022,Birthday,1885
1886,Energy staff.,Sat Mar 25 00:00:00 GMT+01:00 2023,Birthday,1886
1887,Million respond.,Mon Jul 15 00:00:00 GMT+01:00 2024,Birthday,1887
1888,Establish production.,Fri Aug 01 00:00:00 GMT+01:00 2025,Corporate Event,1888
1889,Industry.,Tue Feb 11 00:00:00 GMT+01:00 2025,Private Party,1889
1890,Popular science.,Thu Aug 28 00:00:00 GMT+01:00 2025,Corporate Event,1890
1891,Unit heart eye.,Thu Mar 17 00:00:00 GMT+01:00 2022,Birthday,1891
1892,Allow by house power.,Fri Jun 02 00:00:00 GMT+01:00 2023,Private Party,1892
1893,Bit read.,Thu Jun 22 00:00:00 GMT+01:00 2023,Corporate Event,1893
1894,Sign call.,Fri Dec 08 00:00:00 GMT+01:00 2023,Birthday,1894
1895,Ground anything become age.,Wed Aug 09 00:00:00 GMT+01:00 2023,Corporate Event,1895
1896,Morning treat.,Thu Mar 20 00:00:00 GMT+01:00 2025,Wedding,1896
1897,Raise national the tell.,Sun Feb 16 00:00:00 GMT+01:00 2025,Private Party,1897
1898,Budget real.,Mon Jan 23 00:00:00 GMT+01:00 2023,Birthday,1898
1899,Whole.,Sun Oct 29 00:00:00 GMT+01:00 2023,Corporate Event,1899
1900,Population of.,Wed Jan 05 00:00:00 GMT+01:00 2022,Private Party,1900
1901,Dinner tax home.,Fri Sep 29 00:00:00 GMT+01:00 2023,Corporate Event,1901
1902,Rate fall democratic.,Sun Sep 11 00:00:00 GMT+01:00 2022,Birthday,1902
1903,Read force president.,Fri Dec 01 00:00:00 GMT+01:00 2023,Birthday,1903
1904,Form market government.,Thu Jun 30 00:00:00 GMT+01:00 2022,Corporate Event,1904
1905,Drug technology.,Sun May 29 00:00:00 GMT+01:00 2022,Corporate Event,1905
1906,Edge beat.,Fri Jul 11 00:00:00 GMT+01:00 2025,Birthday,1906
1907,Class agent.,Wed Apr 03 00:00:00 GMT+01:00 2024,Wedding,1907
1908,Training central long.,Thu Dec 12 00:00:00 GMT+01:00 2024,Wedding,1908
1909,Positive morning.,Sun Nov 06 00:00:00 GMT+01:00 2022,Birthday,1909
1910,Market cultural.,Fri Jan 13 00:00:00 GMT+01:00 2023,Birthday,1910
1911,Environmental night.,Wed May 24 00:00:00 GMT+01:00 2023,Private Party,1911
1912,Better toward more.,Sun Nov 13 00:00:00 GMT+01:00 2022,Birthday,1912
1913,Make nature process.,Wed May 29 00:00:00 GMT+01:00 2024,Private Party,1913
1914,Will successful government.,Sun Sep 11 00:00:00 GMT+01:00 2022,Corporate Event,1914
1915,His attention.,Mon Aug 04 00:00:00 GMT+01:00 2025,Corporate Event,1915
1916,Town keep away.,Sun Mar 23 00:00:00 GMT+01:00 2025,Birthday,1916
1917,Bill lose office effort.,Mon Dec 11 00:00:00 GMT+01:00 2023,Private Party,1917
1918,Born question.,Fri Apr 05 00:00:00 GMT+01:00 2024,Corporate Event,1918
1919,Poor bar child glass.,Wed Nov 08 00:00:00 GMT+01:00 2023,Private Party,1919
1920,Site although test.,Wed Jan 18 00:00:00 GMT+01:00 2023,Wedding,1920
1921,Raise computer.,Sat Dec 27 00:00:00 GMT+01:00 2025,Wedding,1921
1922,Along little blue.,Fri Dec 01 00:00:00 GMT+01:00 2023,Wedding,1922
1923,Popular man group blood.,Thu Mar 30 00:00:00 GMT+01:00 2023,Wedding,1923
1924,Name order.,Sat Jul 16 00:00:00 GMT+01:00 2022,Wedding,1924
1925,Term today whatever watch.,Mon Jan 24 00:00:00 GMT+01:00 2022,Private Party,1925
1926,Discuss partner.,Fri Sep 02 00:00:00 GMT+01:00 2022,Birthday,1926
1927,Quite member recent.,Thu Jun 12 00:00:00 GMT+01:00 2025,Corporate Event,1927
1928,Painting fish itself.,Thu Jul 20 00:00:00 GMT+01:00 2023,Birthday,1928
1929,Window choose choose sport.,Wed Jul 13 00:00:00 GMT+01:00 2022,Birthday,1929
1930,Fast hospital.,Wed Apr 02 00:00:00 GMT+01:00 2025,Wedding,1930
1931,Open full short very.,Fri May 10 00:00:00 GMT+01:00 2024,Birthday,1931
1932,Agree.,Sun Mar 24 00:00:00 GMT+01:00 2024,Birthday,1932
1933,Parent recognize.,Fri Oct 21 00:00:00 GMT+01:00 2022,Private Party,1933
1934,Nor air.,Mon Oct 24 00:00:00 GMT+01:00 2022,Corporate Event,1934
1935,Young suffer.,Thu Nov 27 00:00:00 GMT+01:00 2025,Private Party,1935
1936,Little stage.,Wed May 01 00:00:00 GMT+01:00 2024,Wedding,1936
1937,Write the.,Tue Oct 24 00:00:00 GMT+01:00 2023,Private Party,1937
1938,Southern east.,Fri Jun 13 00:00:00 GMT+01:00 2025,Wedding,1938
1939,Leave reason.,Thu Sep 05 00:00:00 GMT+01:00 2024,Birthday,1939
1940,Upon.,Tue Feb 06 00:00:00 GMT+01:00 2024,Birthday,1940
1941,Hotel more mission.,Tue Mar 12 00:00:00 GMT+01:00 2024,Birthday,1941
1942,Actually look painting talk.,Sat Apr 08 00:00:00 GMT+01:00 2023,Birthday,1942
1943,Player more indicate all.,Wed Jul 17 00:00:00 GMT+01:00 2024,Corporate Event,1943
1944,Order owner.,Sat Jun 21 00:00:00 GMT+01:00 2025,Birthday,1944
1945,Good age worker fast.,Tue Sep 23 00:00:00 GMT+01:00 2025,Private Party,1945
1946,Property politics station.,Fri Dec 30 00:00:00 GMT+01:00 2022,Corporate Event,1946
1947,Leg.,Tue Oct 31 00:00:00 GMT+01:00 2023,Private Party,1947
1948,Health very TV.,Fri Dec 20 00:00:00 GMT+01:00 2024,Wedding,1948
1949,Probably collection.,Fri Dec 27 00:00:00 GMT+01:00 2024,Corporate Event,1949
1950,Popular open always.,Wed Mar 01 00:00:00 GMT+01:00 2023,Private Party,1950
1951,Agreement size bad.,Thu Aug 18 00:00:00 GMT+01:00 2022,Birthday,1951
1952,Security down color.,Tue Aug 29 00:00:00 GMT+01:00 2023,Corporate Event,1952
1953,Ever value fund.,Sat Nov 02 00:00:00 GMT+01:00 2024,Corporate Event,1953
1954,Method.,Thu Jan 23 00:00:00 GMT+01:00 2025,Private Party,1954
1955,Page real play.,Fri Jul 07 00:00:00 GMT+01:00 2023,Birthday,1955
1956,Grow remain sing.,Sat Dec 07 00:00:00 GMT+01:00 2024,Corporate Event,1956
1957,Attorney team worry.,Wed Aug 20 00:00:00 GMT+01:00 2025,Corporate Event,1957
1958,Report should break.,Wed Jan 10 00:00:00 GMT+01:00 2024,Private Party,1958
1959,Else body standard.,Fri Apr 22 00:00:00 GMT+01:00 2022,Wedding,1959
1960,Money her.,Thu Jun 09 00:00:00 GMT+01:00 2022,Corporate Event,1960
1961,Where each particular.,Thu Aug 03 00:00:00 GMT+01:00 2023,Birthday,1961
1962,Others environment.,Fri Apr 04 00:00:00 GMT+01:00 2025,Wedding,1962
1963,Begin effort employee.,Wed Apr 10 00:00:00 GMT+01:00 2024,Birthday,1963
1964,Technology help.,Sun Jun 09 00:00:00 GMT+01:00 2024,Birthday,1964
1965,Budget your read.,Wed Mar 01 00:00:00 GMT+01:00 2023,Private Party,1965
1966,Nor hard.,Wed Mar 27 00:00:00 GMT+01:00 2024,Birthday,1966
1967,Simple change its.,Wed Aug 23 00:00:00 GMT+01:00 2023,Birthday,1967
1968,Mission either.,Sat Aug 31 00:00:00 GMT+01:00 2024,Private Party,1968
1969,Campaign station.,Mon Aug 28 00:00:00 GMT+01:00 2023,Corporate Event,1969
1970,Long drive.,Wed May 21 00:00:00 GMT+01:00 2025,Corporate Event,1970
1971,All process happen available.,Wed Dec 24 00:00:00 GMT+01:00 2025,Corporate Event,1971
1972,Treatment kid.,Sat Apr 22 00:00:00 GMT+01:00 2023,Birthday,1972
1973,Too watch various.,Fri Jan 26 00:00:00 GMT+01:00 2024,Private Party,1973
1974,Same actually claim.,Sat Aug 13 00:00:00 GMT+01:00 2022,Wedding,1974
1975,Serve anything whole.,Sun Dec 15 00:00:00 GMT+01:00 2024,Private Party,1975
1976,Before street every.,Sun Apr 28 00:00:00 GMT+01:00 2024,Private Party,1976
1977,Cultural two strong.,Sat Dec 10 00:00:00 GMT+01:00 2022,Corporate Event,1977
1978,Piece change take.,Thu Jun 16 00:00:00 GMT+01:00 2022,Wedding,1978
1979,Fish deal probably.,Wed Nov 22 00:00:00 GMT+01:00 2023,Birthday,1979
1980,Study sport.,Thu Jun 19 00:00:00 GMT+01:00 2025,Private Party,1980
1981,Eat rock.,Wed Sep 07 00:00:00 GMT+01:00 2022,Private Party,1981
1982,Begin where according.,Mon Dec 09 00:00:00 GMT+01:00 2024,Wedding,1982
1983,Already your.,Fri May 26 00:00:00 GMT+01:00 2023,Wedding,1983
1984,Nearly large.,Tue Jun 13 00:00:00 GMT+01:00 2023,Corporate Event,1984
1985,Special major.,Tue Oct 22 00:00:00 GMT+01:00 2024,Corporate Event,1985
1986,Add.,Thu Jun 02 00:00:00 GMT+01:00 2022,Birthday,1986
1987,Behind former.,Tue Aug 20 00:00:00 GMT+01:00 2024,Corporate Event,1987
1988,Character economic.,Sun Jan 02 00:00:00 GMT+01:00 2022,Private Party,1988
1989,Business us.,Fri Oct 13 00:00:00 GMT+01:00 2023,Corporate Event,1989
1990,Speech section strong serve.,Sun Jan 29 00:00:00 GMT+01:00 2023,Wedding,1990
1991,Understand.,Sat Jul 02 00:00:00 GMT+01:00 2022,Private Party,1991
1992,Poor news career.,Thu Mar 17 00:00:00 GMT+01:00 2022,Birthday,1992
1993,Rest create.,Tue Jul 05 00:00:00 GMT+01:00 2022,Wedding,1993
1994,Program down ground.,Tue May 16 00:00:00 GMT+01:00 2023,Private Party,1994
1995,Wear area.,Tue May 14 00:00:00 GMT+01:00 2024,Wedding,1995
1996,Wall everybody appear.,Sun Aug 24 00:00:00 GMT+01:00 2025,Corporate Event,1996
1997,Raise skill than.,Thu Apr 28 00:00:00 GMT+01:00 2022,Private Party,1997
1998,Drug call.,Fri Jun 03 00:00:00 GMT+01:00 2022,Corporate Event,1998
1999,Per service people.,Tue Dec 20 00:00:00 GMT+01:00 2022,Wedding,1999
2000,Me still.,Mon Aug 26 00:00:00 GMT+01:00 2024,Corporate Event,2000
2001,Even realize positive.,Tue Dec 17 00:00:00 GMT+01:00 2024,Birthday,2001
2002,Increase any hope.,Fri Aug 25 00:00:00 GMT+01:00 2023,Wedding,2002
2003,Trouble government evening.,Tue Jun 20 00:00:00 GMT+01:00 2023,Birthday,2003
2004,Serve.,Wed Jul 20 00:00:00 GMT+01:00 2022,Corporate Event,2004
2005,Policy black.,Wed Nov 12 00:00:00 GMT+01:00 2025,Corporate Event,2005
2006,Industry we range reach.,Fri Oct 11 00:00:00 GMT+01:00 2024,Corporate Event,2006
2007,Become far.,Mon Apr 24 00:00:00 GMT+01:00 2023,Private Party,2007
2008,Than item.,Thu Jan 20 00:00:00 GMT+01:00 2022,Corporate Event,2008
2009,Administration improve.,Mon Mar 13 00:00:00 GMT+01:00 2023,Wedding,2009
2010,Stock hold.,Tue Aug 05 00:00:00 GMT+01:00 2025,Birthday,2010
2011,Least young.,Sun Oct 13 00:00:00 GMT+01:00 2024,Wedding,2011
2012,Than catch bad reality.,Sun Nov 02 00:00:00 GMT+01:00 2025,Private Party,2012
2013,Everybody actually green result.,Sun Dec 15 00:00:00 GMT+01:00 2024,Wedding,2013
2014,Institution sing.,Mon Oct 23 00:00:00 GMT+01:00 2023,Corporate Event,2014
2015,Listen himself.,Thu Oct 17 00:00:00 GMT+01:00 2024,Corporate Event,2015
2016,These.,Sat Aug 30 00:00:00 GMT+01:00 2025,Private Party,2016
2017,Yourself minute.,Thu Sep 05 00:00:00 GMT+01:00 2024,Private Party,2017
2018,Education international effect.,Sun Jan 14 00:00:00 GMT+01:00 2024,Wedding,2018
2019,Commercial hard.,Sun Jan 09 00:00:00 GMT+01:00 2022,Birthday,2019
2020,Prevent Republican.,Thu Aug 25 00:00:00 GMT+01:00 2022,Private Party,2020
2021,Issue this.,Wed Jul 05 00:00:00 GMT+01:00 2023,Corporate Event,2021
2022,May serious type.,Sun Sep 07 00:00:00 GMT+01:00 2025,Wedding,2022
2023,Majority attention summer.,Fri Mar 14 00:00:00 GMT+01:00 2025,Wedding,2023
2024,The center store.,Thu Nov 10 00:00:00 GMT+01:00 2022,Wedding,2024
2025,New wife.,Mon May 26 00:00:00 GMT+01:00 2025,Birthday,2025
2026,Ability political.,Fri Jul 25 00:00:00 GMT+01:00 2025,Corporate Event,2026
2027,Friend might fact.,Sun Jul 27 00:00:00 GMT+01:00 2025,Private Party,2027
2028,Answer keep majority.,Sat Aug 16 00:00:00 GMT+01:00 2025,Wedding,2028
2029,Read wonder avoid.,Fri Sep 05 00:00:00 GMT+01:00 2025,Birthday,2029
2030,Must art.,Mon Sep 29 00:00:00 GMT+01:00 2025,Private Party,2030
2031,Successful recently.,Sun Feb 09 00:00:00 GMT+01:00 2025,Birthday,2031
2032,Responsibility item give.,Sun Jan 15 00:00:00 GMT+01:00 2023,Private Party,2032
2033,Mr middle crime.,Fri Nov 14 00:00:00 GMT+01:00 2025,Birthday,2033
2034,Thank health truth customer.,Tue May 28 00:00:00 GMT+01:00 2024,Birthday,2034
2035,Beyond store.,Mon Jun 19 00:00:00 GMT+01:00 2023,Corporate Event,2035
2036,Stuff create.,Wed Oct 09 00:00:00 GMT+01:00 2024,Birthday,2036
2037,Pay against majority.,Wed Dec 03 00:00:00 GMT+01:00 2025,Corporate Event,2037
2038,Spend ground find claim.,Tue Sep 26 00:00:00 GMT+01:00 2023,Wedding,2038
2039,Possible attack natural.,Tue Jun 18 00:00:00 GMT+01:00 2024,Private Party,2039
2040,Which also good stand.,Wed Nov 06 00:00:00 GMT+01:00 2024,Corporate Event,2040
2041,Stay skin plan true.,Thu Sep 18 00:00:00 GMT+01:00 2025,Birthday,2041
2042,Race season.,Tue Aug 05 00:00:00 GMT+01:00 2025,Wedding,2042
2043,Voice eat.,Sat Nov 01 00:00:00 GMT+01:00 2025,Private Party,2043
2044,Radio company around.,Wed Mar 20 00:00:00 GMT+01:00 2024,Birthday,2044
2045,Mission sister.,Fri Dec 15 00:00:00 GMT+01:00 2023,Birthday,2045
2046,Chance lead several.,Tue May 14 00:00:00 GMT+01:00 2024,Wedding,2046
2047,Memory memory.,Sat May 06 00:00:00 GMT+01:00 2023,Wedding,2047
2048,Production central.,Thu Apr 14 00:00:00 GMT+01:00 2022,Private Party,2048
2049,Ahead rich people.,Fri Oct 17 00:00:00 GMT+01:00 2025,Corporate Event,2049
2050,Seek radio music.,Wed Dec 11 00:00:00 GMT+01:00 2024,Corporate Event,2050
2051,Benefit close child.,Fri Sep 16 00:00:00 GMT+01:00 2022,Birthday,2051
2052,Probably throughout.,Fri May 26 00:00:00 GMT+01:00 2023,Corporate Event,2052
2053,Describe simple.,Mon Mar 24 00:00:00 GMT+01:00 2025,Wedding,2053
2054,Scientist loss.,Sat Dec 14 00:00:00 GMT+01:00 2024,Private Party,2054
2055,Alone policy.,Wed Dec 14 00:00:00 GMT+01:00 2022,Wedding,2055
2056,Tell consider involve.,Sat Oct 15 00:00:00 GMT+01:00 2022,Wedding,2056
2057,Matter social official.,Mon May 05 00:00:00 GMT+01:00 2025,Wedding,2057
2058,Simple new among.,Thu Jun 02 00:00:00 GMT+01:00 2022,Corporate Event,2058
2059,Future.,Wed Feb 19 00:00:00 GMT+01:00 2025,Birthday,2059
2060,Enjoy same go.,Wed Jul 30 00:00:00 GMT+01:00 2025,Private Party,2060
2061,Together.,Mon Apr 03 00:00:00 GMT+01:00 2023,Private Party,2061
2062,Congress give campaign might.,Fri Jun 30 00:00:00 GMT+01:00 2023,Corporate Event,2062
2063,Society describe party.,Wed Jun 19 00:00:00 GMT+01:00 2024,Wedding,2063
2064,Company article.,Sun Dec 31 00:00:00 GMT+01:00 2023,Birthday,2064
2065,North movie pattern happen.,Wed Jul 27 00:00:00 GMT+01:00 2022,Wedding,2065
2066,Hair evidence listen.,Fri Apr 21 00:00:00 GMT+01:00 2023,Corporate Event,2066
2067,Actually center.,Tue Dec 31 00:00:00 GMT+01:00 2024,Private Party,2067
2068,Skin see.,Wed Nov 29 00:00:00 GMT+01:00 2023,Corporate Event,2068
2069,Old score.,Wed Jan 31 00:00:00 GMT+01:00 2024,Corporate Event,2069
2070,Represent service population.,Wed Apr 26 00:00:00 GMT+01:00 2023,Wedding,2070
2071,Research organization wait.,Thu May 02 00:00:00 GMT+01:00 2024,Private Party,2071
2072,Majority chair.,Sun Nov 30 00:00:00 GMT+01:00 2025,Birthday,2072
2073,Sea professor.,Sun May 22 00:00:00 GMT+01:00 2022,Wedding,2073
2074,Authority yeah.,Tue Mar 28 00:00:00 GMT+01:00 2023,Birthday,2074
2075,Major in.,Wed Jan 25 00:00:00 GMT+01:00 2023,Wedding,2075
2076,Listen detail would dark.,Wed Jun 08 00:00:00 GMT+01:00 2022,Wedding,2076
2077,Republican want save.,Thu Aug 28 00:00:00 GMT+01:00 2025,Private Party,2077
2078,Whom.,Fri Apr 15 00:00:00 GMT+01:00 2022,Corporate Event,2078
2079,Shake government.,Tue Sep 03 00:00:00 GMT+01:00 2024,Wedding,2079
2080,Able economic.,Mon Jul 08 00:00:00 GMT+01:00 2024,Corporate Event,2080
2081,Whatever cover ahead.,Fri Jul 07 00:00:00 GMT+01:00 2023,Birthday,2081
2082,Yourself something health.,Fri Oct 20 00:00:00 GMT+01:00 2023,Private Party,2082
2083,Day respond.,Sun May 25 00:00:00 GMT+01:00 2025,Birthday,2083
2084,Song marriage.,Sat Sep 03 00:00:00 GMT+01:00 2022,Private Party,2084
2085,Different might security.,Sat Dec 09 00:00:00 GMT+01:00 2023,Wedding,2085
2086,Worker act environmental.,Mon Dec 08 00:00:00 GMT+01:00 2025,Wedding,2086
2087,Deep scene.,Sun Apr 28 00:00:00 GMT+01:00 2024,Corporate Event,2087
2088,World contain.,Fri Dec 12 00:00:00 GMT+01:00 2025,Wedding,2088
2089,Standard stock control.,Sun Jan 15 00:00:00 GMT+01:00 2023,Corporate Event,2089
2090,Training study.,Sat Jul 26 00:00:00 GMT+01:00 2025,Wedding,2090
2091,Word again or.,Thu May 09 00:00:00 GMT+01:00 2024,Corporate Event,2091
2092,Action government.,Sun Apr 10 00:00:00 GMT+01:00 2022,Private Party,2092
2093,Fall sister me.,Wed May 07 00:00:00 GMT+01:00 2025,Wedding,2093
2094,Guess voice born.,Mon Jun 12 00:00:00 GMT+01:00 2023,Wedding,2094
2095,Beat effect out.,Sat Jul 12 00:00:00 GMT+01:00 2025,Private Party,2095
2096,Similar class.,Tue Jun 06 00:00:00 GMT+01:00 2023,Corporate Event,2096
2097,Require new.,Mon Jun 12 00:00:00 GMT+01:00 2023,Wedding,2097
2098,Anything tax bad.,Fri Mar 18 00:00:00 GMT+01:00 2022,Private Party,2098
2099,Politics.,Sun Aug 04 00:00:00 GMT+01:00 2024,Birthday,2099
2100,Kitchen all respond.,Fri Jun 21 00:00:00 GMT+01:00 2024,Corporate Event,2100
2101,Indicate issue.,Mon Feb 03 00:00:00 GMT+01:00 2025,Birthday,2101
2102,When off.,Tue Oct 10 00:00:00 GMT+01:00 2023,Wedding,2102
2103,Speech least wind food.,Thu Nov 27 00:00:00 GMT+01:00 2025,Corporate Event,2103
2104,Air billion.,Thu Aug 18 00:00:00 GMT+01:00 2022,Wedding,2104
2105,Along happy win.,Tue Sep 09 00:00:00 GMT+01:00 2025,Wedding,2105
2106,Story today.,Wed Feb 16 00:00:00 GMT+01:00 2022,Wedding,2106
2107,Scientist level.,Wed May 25 00:00:00 GMT+01:00 2022,Corporate Event,2107
2108,Interest who that fast.,Mon Jul 17 00:00:00 GMT+01:00 2023,Private Party,2108
2109,Car language.,Wed Jul 27 00:00:00 GMT+01:00 2022,Birthday,2109
2110,Cell after.,Thu Apr 10 00:00:00 GMT+01:00 2025,Private Party,2110
2111,Marriage book long.,Fri Feb 09 00:00:00 GMT+01:00 2024,Corporate Event,2111
2112,Must various.,Wed May 08 00:00:00 GMT+01:00 2024,Birthday,2112
2113,Some drug.,Mon Sep 22 00:00:00 GMT+01:00 2025,Birthday,2113
2114,Low between character.,Thu May 11 00:00:00 GMT+01:00 2023,Birthday,2114
2115,Line example travel.,Wed Jul 26 00:00:00 GMT+01:00 2023,Birthday,2115
2116,Paper able.,Fri Oct 27 00:00:00 GMT+01:00 2023,Wedding,2116
2117,Main think majority.,Mon Mar 24 00:00:00 GMT+01:00 2025,Wedding,2117
2118,Prevent.,Tue Feb 27 00:00:00 GMT+01:00 2024,Corporate Event,2118
2119,Notice perhaps himself.,Wed Apr 02 00:00:00 GMT+01:00 2025,Corporate Event,2119
2120,Environment choose daughter focus.,Sun Oct 27 00:00:00 GMT+01:00 2024,Wedding,2120
2121,Move spring lawyer.,Fri Sep 26 00:00:00 GMT+01:00 2025,Private Party,2121
2122,Executive require food.,Tue Aug 20 00:00:00 GMT+01:00 2024,Private Party,2122
2123,As not.,Sun Jul 16 00:00:00 GMT+01:00 2023,Corporate Event,2123
2124,Hotel best scene.,Mon Jan 06 00:00:00 GMT+01:00 2025,Private Party,2124
2125,Ball artist.,Wed Sep 20 00:00:00 GMT+01:00 2023,Private Party,2125
2126,Security none up.,Sat Mar 30 00:00:00 GMT+01:00 2024,Wedding,2126
2127,Young state.,Thu Jan 18 00:00:00 GMT+01:00 2024,Corporate Event,2127
2128,Note believe.,Thu Aug 21 00:00:00 GMT+01:00 2025,Wedding,2128
2129,Reason shake work.,Sun Oct 13 00:00:00 GMT+01:00 2024,Wedding,2129
2130,Win middle.,Fri Jul 05 00:00:00 GMT+01:00 2024,Wedding,2130
2131,Family process city.,Fri Aug 29 00:00:00 GMT+01:00 2025,Birthday,2131
2132,Rise use official.,Wed May 01 00:00:00 GMT+01:00 2024,Corporate Event,2132
2133,Student its put they.,Thu Sep 12 00:00:00 GMT+01:00 2024,Wedding,2133
2134,Fall none.,Thu Jul 11 00:00:00 GMT+01:00 2024,Private Party,2134
2135,Even for field.,Mon Feb 07 00:00:00 GMT+01:00 2022,Corporate Event,2135
2136,Address success.,Tue Aug 01 00:00:00 GMT+01:00 2023,Corporate Event,2136
2137,Despite finish couple.,Fri Mar 08 00:00:00 GMT+01:00 2024,Birthday,2137
2138,Store leader realize.,Sun Jul 02 00:00:00 GMT+01:00 2023,Corporate Event,2138
2139,Clear himself open.,Wed Dec 24 00:00:00 GMT+01:00 2025,Private Party,2139
2140,Travel will north.,Thu May 11 00:00:00 GMT+01:00 2023,Corporate Event,2140
2141,Art sing citizen.,Wed Nov 15 00:00:00 GMT+01:00 2023,Corporate Event,2141
2142,Difference finish.,Fri Nov 25 00:00:00 GMT+01:00 2022,Private Party,2142
2143,Outside art ready.,Tue Nov 25 00:00:00 GMT+01:00 2025,Private Party,2143
2144,Small test.,Tue Nov 05 00:00:00 GMT+01:00 2024,Private Party,2144
2145,Although school.,Thu Jul 13 00:00:00 GMT+01:00 2023,Birthday,2145
2147,Card word music.,Wed Sep 20 00:00:00 GMT+01:00 2023,Birthday,2147
2148,Area study decide.,Tue Jan 09 00:00:00 GMT+01:00 2024,Private Party,2148
2149,South allow.,Tue Jun 04 00:00:00 GMT+01:00 2024,Private Party,2149
2150,Group reflect far.,Fri Jun 09 00:00:00 GMT+01:00 2023,Private Party,2150
2151,Professional Mrs.,Sat Mar 01 00:00:00 GMT+01:00 2025,Wedding,2151
2152,Under than still share.,Mon May 27 00:00:00 GMT+01:00 2024,Wedding,2152
2153,Him thank.,Tue Dec 27 00:00:00 GMT+01:00 2022,Wedding,2153
2154,Personal drop.,Fri May 24 00:00:00 GMT+01:00 2024,Wedding,2154
2155,Book part TV.,Fri Mar 03 00:00:00 GMT+01:00 2023,Wedding,2155
2156,Single west.,Sat Mar 18 00:00:00 GMT+01:00 2023,Corporate Event,2156
2157,Deep network letter.,Tue Sep 10 00:00:00 GMT+01:00 2024,Birthday,2157
2158,Wear involve.,Mon Dec 26 00:00:00 GMT+01:00 2022,Corporate Event,2158
2159,Approach project.,Mon Jul 04 00:00:00 GMT+01:00 2022,Corporate Event,2159
2160,Develop think individual.,Sat Dec 24 00:00:00 GMT+01:00 2022,Corporate Event,2160
2161,West.,Fri May 20 00:00:00 GMT+01:00 2022,Birthday,2161
2162,Small picture what.,Wed Jul 13 00:00:00 GMT+01:00 2022,Corporate Event,2162
2163,Card drive.,Sat Jun 18 00:00:00 GMT+01:00 2022,Wedding,2163
2164,Rest.,Mon May 02 00:00:00 GMT+01:00 2022,Private Party,2164
2165,Wait true fear.,Wed Apr 02 00:00:00 GMT+01:00 2025,Birthday,2165
2166,Lay investment enter.,Sun Feb 16 00:00:00 GMT+01:00 2025,Private Party,2166
2167,Research study.,Fri Aug 11 00:00:00 GMT+01:00 2023,Corporate Event,2167
2168,Community manage.,Sun Sep 08 00:00:00 GMT+01:00 2024,Corporate Event,2168
2169,Stand what.,Tue Jan 03 00:00:00 GMT+01:00 2023,Private Party,2169
2170,Specific hospital economy.,Thu Jul 18 00:00:00 GMT+01:00 2024,Wedding,2170
2171,Production campaign.,Tue Nov 07 00:00:00 GMT+01:00 2023,Birthday,2171
2172,Mind computer.,Wed Oct 26 00:00:00 GMT+01:00 2022,Corporate Event,2172
2173,Sort able seat.,Sat Oct 22 00:00:00 GMT+01:00 2022,Private Party,2173
2174,Feel respond look.,Sun Nov 10 00:00:00 GMT+01:00 2024,Corporate Event,2174
2175,Administration agree.,Sat Dec 14 00:00:00 GMT+01:00 2024,Private Party,2175
2176,Purpose tell.,Sun Jun 11 00:00:00 GMT+01:00 2023,Private Party,2176
2177,Begin write social.,Wed Jun 26 00:00:00 GMT+01:00 2024,Birthday,2177
2178,Firm challenge.,Tue Feb 20 00:00:00 GMT+01:00 2024,Corporate Event,2178
2179,All.,Tue Mar 28 00:00:00 GMT+01:00 2023,Wedding,2179
2180,Hold cost.,Sun Jun 25 00:00:00 GMT+01:00 2023,Wedding,2180
2181,Standard throw gas.,Mon Oct 03 00:00:00 GMT+01:00 2022,Corporate Event,2181
2182,Its study note standard.,Tue Apr 26 00:00:00 GMT+01:00 2022,Birthday,2182
2183,Value foreign.,Sun Jul 24 00:00:00 GMT+01:00 2022,Private Party,2183
2184,Life customer.,Sat Jun 11 00:00:00 GMT+01:00 2022,Corporate Event,2184
2185,Subject very simple the.,Fri Mar 04 00:00:00 GMT+01:00 2022,Corporate Event,2185
2186,Bill.,Wed Jun 26 00:00:00 GMT+01:00 2024,Wedding,2186
2187,Share hotel crime.,Tue Apr 05 00:00:00 GMT+01:00 2022,Wedding,2187
2188,City yeah meeting.,Fri Jul 08 00:00:00 GMT+01:00 2022,Private Party,2188
2189,War far.,Sun Oct 20 00:00:00 GMT+01:00 2024,Wedding,2189
2190,Ago him.,Fri Dec 05 00:00:00 GMT+01:00 2025,Private Party,2190
2191,Move front send.,Sun May 04 00:00:00 GMT+01:00 2025,Wedding,2191
2192,Rest court way.,Wed Aug 16 00:00:00 GMT+01:00 2023,Private Party,2192
2193,Two former bill.,Mon Feb 03 00:00:00 GMT+01:00 2025,Birthday,2193
2194,Garden age else.,Mon Jun 19 00:00:00 GMT+01:00 2023,Wedding,2194
2195,Happy west.,Tue Feb 20 00:00:00 GMT+01:00 2024,Private Party,2195
2196,Consider.,Sun Aug 24 00:00:00 GMT+01:00 2025,Wedding,2196
2197,Concern law practice.,Sat Mar 26 00:00:00 GMT+01:00 2022,Private Party,2197
2198,Avoid always.,Sat Dec 27 00:00:00 GMT+01:00 2025,Wedding,2198
2199,Skill put money.,Mon Oct 09 00:00:00 GMT+01:00 2023,Wedding,2199
2200,Piece hold.,Thu Jun 05 00:00:00 GMT+01:00 2025,Private Party,2200
2201,Lot third newspaper.,Wed May 14 00:00:00 GMT+01:00 2025,Corporate Event,2201
2202,Game feel accept.,Sat May 04 00:00:00 GMT+01:00 2024,Corporate Event,2202
2203,Hour possible.,Sun Nov 12 00:00:00 GMT+01:00 2023,Corporate Event,2203
2204,Start imagine beautiful wrong.,Fri Jul 14 00:00:00 GMT+01:00 2023,Corporate Event,2204
2205,Color measure.,Sun Mar 03 00:00:00 GMT+01:00 2024,Corporate Event,2205
2206,Sister third build.,Fri Oct 04 00:00:00 GMT+01:00 2024,Corporate Event,2206
2207,New mission according deep.,Fri Oct 18 00:00:00 GMT+01:00 2024,Wedding,2207
2208,Kid mission.,Mon Jul 18 00:00:00 GMT+01:00 2022,Corporate Event,2208
2209,None turn.,Sat Mar 08 00:00:00 GMT+01:00 2025,Corporate Event,2209
2210,Color enough far.,Thu Dec 15 00:00:00 GMT+01:00 2022,Private Party,2210
2211,Item job.,Thu Aug 17 00:00:00 GMT+01:00 2023,Corporate Event,2211
2212,West a.,Sun Jun 18 00:00:00 GMT+01:00 2023,Private Party,2212
2213,Couple during.,Wed Jan 08 00:00:00 GMT+01:00 2025,Corporate Event,2213
2214,Style.,Sun Sep 11 00:00:00 GMT+01:00 2022,Private Party,2214
2215,Fund travel staff.,Wed Jun 18 00:00:00 GMT+01:00 2025,Private Party,2215
2216,Second seat.,Mon May 09 00:00:00 GMT+01:00 2022,Wedding,2216
2217,Strategy I.,Wed Jan 12 00:00:00 GMT+01:00 2022,Private Party,2217
2218,Lay.,Sat Jan 22 00:00:00 GMT+01:00 2022,Wedding,2218
2219,Exist building news.,Thu Mar 27 00:00:00 GMT+01:00 2025,Birthday,2219
2220,Start build.,Tue Mar 12 00:00:00 GMT+01:00 2024,Wedding,2220
2221,Mention.,Mon Jul 29 00:00:00 GMT+01:00 2024,Corporate Event,2221
2222,Energy power it.,Tue Jun 04 00:00:00 GMT+01:00 2024,Private Party,2222
2223,Could.,Sat Jan 04 00:00:00 GMT+01:00 2025,Wedding,2223
2224,Ahead medical.,Mon Jan 02 00:00:00 GMT+01:00 2023,Corporate Event,2224
2225,Keep federal.,Fri Dec 20 00:00:00 GMT+01:00 2024,Private Party,2225
2226,Support north.,Thu Sep 26 00:00:00 GMT+01:00 2024,Wedding,2226
2227,Free brother marriage skin.,Thu Dec 29 00:00:00 GMT+01:00 2022,Birthday,2227
2228,Million.,Thu Jun 15 00:00:00 GMT+01:00 2023,Birthday,2228
2229,Model knowledge issue.,Wed Dec 28 00:00:00 GMT+01:00 2022,Private Party,2229
2230,Necessary sit heart.,Wed Aug 07 00:00:00 GMT+01:00 2024,Corporate Event,2230
2231,Decision.,Fri Jul 29 00:00:00 GMT+01:00 2022,Wedding,2231
2232,Through direction.,Mon Jul 03 00:00:00 GMT+01:00 2023,Private Party,2232
2233,Really oil up.,Sat Dec 28 00:00:00 GMT+01:00 2024,Wedding,2233
2234,Future rich what.,Mon Dec 05 00:00:00 GMT+01:00 2022,Private Party,2234
2235,Fish east.,Mon Apr 29 00:00:00 GMT+01:00 2024,Wedding,2235
2236,Believe dream.,Wed Jan 03 00:00:00 GMT+01:00 2024,Wedding,2236
2237,Figure in.,Sun Dec 11 00:00:00 GMT+01:00 2022,Private Party,2237
2238,Table tonight happy.,Thu Feb 01 00:00:00 GMT+01:00 2024,Corporate Event,2238
2239,Camera.,Sun Jun 16 00:00:00 GMT+01:00 2024,Wedding,2239
2240,Region fact.,Tue Mar 18 00:00:00 GMT+01:00 2025,Corporate Event,2240
2241,Positive.,Mon Jan 30 00:00:00 GMT+01:00 2023,Wedding,2241
2242,Exist style make.,Fri Feb 09 00:00:00 GMT+01:00 2024,Birthday,2242
2243,Floor pull someone.,Sat Dec 31 00:00:00 GMT+01:00 2022,Corporate Event,2243
2244,Other standard senior.,Thu Feb 10 00:00:00 GMT+01:00 2022,Corporate Event,2244
2245,Bag.,Tue Aug 06 00:00:00 GMT+01:00 2024,Private Party,2245
2246,Store.,Sat Jul 26 00:00:00 GMT+01:00 2025,Wedding,2246
2247,Adult home politics.,Fri Jun 14 00:00:00 GMT+01:00 2024,Corporate Event,2247
2248,Stand available others.,Tue May 09 00:00:00 GMT+01:00 2023,Birthday,2248
2249,During person control.,Sat May 07 00:00:00 GMT+01:00 2022,Corporate Event,2249
2250,Behind only party child.,Sun Jun 01 00:00:00 GMT+01:00 2025,Private Party,2250
2251,Interesting space remain season.,Fri Oct 31 00:00:00 GMT+01:00 2025,Corporate Event,2251
2252,Public minute.,Wed Jun 04 00:00:00 GMT+01:00 2025,Corporate Event,2252
2253,General figure expert.,Tue Aug 20 00:00:00 GMT+01:00 2024,Private Party,2253
2254,Coach for.,Sun Jul 21 00:00:00 GMT+01:00 2024,Corporate Event,2254
2255,Risk side appear buy.,Fri Apr 08 00:00:00 GMT+01:00 2022,Wedding,2255
2256,Able thousand store key.,Fri Nov 03 00:00:00 GMT+01:00 2023,Corporate Event,2256
2257,Drug.,Wed Jan 15 00:00:00 GMT+01:00 2025,Wedding,2257
2258,He become throw.,Fri Sep 22 00:00:00 GMT+01:00 2023,Birthday,2258
2259,Care.,Thu Jan 06 00:00:00 GMT+01:00 2022,Corporate Event,2259
2260,Usually left specific.,Mon Jan 29 00:00:00 GMT+01:00 2024,Corporate Event,2260
2261,This act.,Mon Apr 25 00:00:00 GMT+01:00 2022,Corporate Event,2261
2262,Sign age always.,Fri Jul 08 00:00:00 GMT+01:00 2022,Private Party,2262
2263,Hard wind realize news.,Thu Sep 08 00:00:00 GMT+01:00 2022,Wedding,2263
2264,Very where brother.,Sat Nov 16 00:00:00 GMT+01:00 2024,Wedding,2264
2265,Animal finish dark.,Wed Dec 31 00:00:00 GMT+01:00 2025,Wedding,2265
2266,Fight break campaign.,Sun Mar 27 00:00:00 GMT+01:00 2022,Corporate Event,2266
2267,Example buy hit.,Wed May 21 00:00:00 GMT+01:00 2025,Birthday,2267
2268,Reality pattern.,Thu Dec 04 00:00:00 GMT+01:00 2025,Private Party,2268
2269,Authority she hair.,Thu Apr 10 00:00:00 GMT+01:00 2025,Birthday,2269
2270,Also student.,Mon Feb 20 00:00:00 GMT+01:00 2023,Birthday,2270
2271,Buy third despite.,Mon May 19 00:00:00 GMT+01:00 2025,Wedding,2271
2272,Once role.,Sun Apr 03 00:00:00 GMT+01:00 2022,Birthday,2272
2273,Less site some pressure.,Sat Feb 25 00:00:00 GMT+01:00 2023,Corporate Event,2273
2274,Big the until.,Wed Jan 01 00:00:00 GMT+01:00 2025,Wedding,2274
2275,Senior production.,Fri Mar 08 00:00:00 GMT+01:00 2024,Birthday,2275
2276,Air ready pretty.,Sat May 25 00:00:00 GMT+01:00 2024,Birthday,2276
2277,Sport.,Sun Oct 08 00:00:00 GMT+01:00 2023,Corporate Event,2277
2278,Affect care late.,Mon Aug 29 00:00:00 GMT+01:00 2022,Corporate Event,2278
2279,Rock suggest teach.,Sat Apr 22 00:00:00 GMT+01:00 2023,Wedding,2279
2280,Form song.,Mon Mar 31 00:00:00 GMT+01:00 2025,Private Party,2280
2281,Beat animal.,Tue Apr 05 00:00:00 GMT+01:00 2022,Wedding,2281
2282,Expert fall.,Tue Mar 07 00:00:00 GMT+01:00 2023,Birthday,2282
2283,Fast issue.,Sat May 06 00:00:00 GMT+01:00 2023,Private Party,2283
2284,Claim range back yard.,Wed Jun 04 00:00:00 GMT+01:00 2025,Birthday,2284
2285,Money support.,Sat Feb 19 00:00:00 GMT+01:00 2022,Birthday,2285
2286,Perhaps simple.,Tue May 28 00:00:00 GMT+01:00 2024,Private Party,2286
2287,Direction prove.,Thu Mar 07 00:00:00 GMT+01:00 2024,Birthday,2287
2288,Free strategy evidence center.,Sat Nov 02 00:00:00 GMT+01:00 2024,Private Party,2288
2289,State measure.,Mon Jan 01 00:00:00 GMT+01:00 2024,Private Party,2289
2290,Sort thousand.,Mon Feb 10 00:00:00 GMT+01:00 2025,Birthday,2290
2291,Get consider purpose.,Wed Mar 30 00:00:00 GMT+01:00 2022,Wedding,2291
2292,He than everything.,Fri Apr 04 00:00:00 GMT+01:00 2025,Corporate Event,2292
2293,All defense strong.,Sat Nov 08 00:00:00 GMT+01:00 2025,Wedding,2293
2294,History box.,Tue Oct 11 00:00:00 GMT+01:00 2022,Private Party,2294
2295,Citizen tough industry.,Wed Nov 05 00:00:00 GMT+01:00 2025,Wedding,2295
2296,Occur budget environment.,Mon Mar 04 00:00:00 GMT+01:00 2024,Private Party,2296
2297,Later play center chance.,Sun Dec 08 00:00:00 GMT+01:00 2024,Birthday,2297
2298,Author social.,Thu Dec 01 00:00:00 GMT+01:00 2022,Corporate Event,2298
2299,White heart ready.,Thu Feb 17 00:00:00 GMT+01:00 2022,Wedding,2299
2300,Management view bed.,Wed Jul 16 00:00:00 GMT+01:00 2025,Private Party,2300
2301,Be piece.,Sat Sep 10 00:00:00 GMT+01:00 2022,Wedding,2301
2302,Professor.,Sun Jan 09 00:00:00 GMT+01:00 2022,Corporate Event,2302
2303,Behavior quite.,Mon Jul 22 00:00:00 GMT+01:00 2024,Wedding,2303
2304,Now add.,Wed Jun 07 00:00:00 GMT+01:00 2023,Corporate Event,2304
2305,Either work.,Fri Jul 26 00:00:00 GMT+01:00 2024,Birthday,2305
2306,College respond.,Mon Mar 20 00:00:00 GMT+01:00 2023,Wedding,2306
2307,Form may.,Mon Apr 29 00:00:00 GMT+01:00 2024,Corporate Event,2307
2308,East change.,Sat Nov 01 00:00:00 GMT+01:00 2025,Wedding,2308
2309,Painting rock full.,Tue Jan 18 00:00:00 GMT+01:00 2022,Birthday,2309
2310,Wife TV interview.,Fri Aug 08 00:00:00 GMT+01:00 2025,Birthday,2310
2311,System nothing away.,Fri Dec 13 00:00:00 GMT+01:00 2024,Wedding,2311
2312,Available foot cultural.,Wed Oct 18 00:00:00 GMT+01:00 2023,Wedding,2312
2313,Beyond chair.,Wed Feb 15 00:00:00 GMT+01:00 2023,Corporate Event,2313
2314,Past energy.,Wed Oct 01 00:00:00 GMT+01:00 2025,Birthday,2314
2315,Factor pick.,Wed Jul 19 00:00:00 GMT+01:00 2023,Corporate Event,2315
2316,Guess eat.,Mon Oct 14 00:00:00 GMT+01:00 2024,Birthday,2316
2317,Research authority.,Mon Mar 21 00:00:00 GMT+01:00 2022,Private Party,2317
2318,Can go phone.,Tue Dec 17 00:00:00 GMT+01:00 2024,Wedding,2318
2319,Page know peace.,Mon Apr 01 00:00:00 GMT+01:00 2024,Wedding,2319
2320,Collection.,Sat Aug 26 00:00:00 GMT+01:00 2023,Private Party,2320
2321,Example ground.,Sun Nov 30 00:00:00 GMT+01:00 2025,Corporate Event,2321
2322,Across relationship him.,Tue Oct 10 00:00:00 GMT+01:00 2023,Corporate Event,2322
2323,Simply cold upon your.,Tue May 14 00:00:00 GMT+01:00 2024,Birthday,2323
2324,Force all computer.,Sat Apr 23 00:00:00 GMT+01:00 2022,Birthday,2324
2325,Continue herself.,Sun Jun 15 00:00:00 GMT+01:00 2025,Private Party,2325
2326,Dog decision.,Sat Jun 17 00:00:00 GMT+01:00 2023,Birthday,2326
2327,Character security would.,Sun Apr 23 00:00:00 GMT+01:00 2023,Birthday,2327
2328,Different worry century fund.,Mon Feb 20 00:00:00 GMT+01:00 2023,Private Party,2328
2329,System whose to.,Fri Jun 02 00:00:00 GMT+01:00 2023,Private Party,2329
2330,Station responsibility.,Sat Jun 01 00:00:00 GMT+01:00 2024,Wedding,2330
2331,Street recently.,Tue Oct 15 00:00:00 GMT+01:00 2024,Wedding,2331
2332,Air nature.,Wed Aug 27 00:00:00 GMT+01:00 2025,Corporate Event,2332
2333,Step sound medical second.,Thu Sep 12 00:00:00 GMT+01:00 2024,Corporate Event,2333
2334,Within recent age control.,Mon Apr 18 00:00:00 GMT+01:00 2022,Birthday,2334
2335,Approach history.,Sun Mar 10 00:00:00 GMT+01:00 2024,Wedding,2335
2336,Year stage.,Fri May 23 00:00:00 GMT+01:00 2025,Wedding,2336
2337,Could red American.,Thu May 30 00:00:00 GMT+01:00 2024,Corporate Event,2337
2338,Push black cold your.,Thu May 25 00:00:00 GMT+01:00 2023,Wedding,2338
2339,Fill career fill.,Sat Mar 30 00:00:00 GMT+01:00 2024,Private Party,2339
2340,Film your team.,Sun Jan 09 00:00:00 GMT+01:00 2022,Corporate Event,2340
2341,Want teacher.,Wed Sep 24 00:00:00 GMT+01:00 2025,Private Party,2341
2342,Air determine.,Sat Feb 11 00:00:00 GMT+01:00 2023,Private Party,2342
2343,Most issue.,Fri Mar 29 00:00:00 GMT+01:00 2024,Wedding,2343
2344,Oil.,Wed Dec 25 00:00:00 GMT+01:00 2024,Private Party,2344
2345,Size color.,Sun Jul 10 00:00:00 GMT+01:00 2022,Corporate Event,2345
2346,Me series once.,Thu Mar 10 00:00:00 GMT+01:00 2022,Private Party,2346
2347,Writer series.,Sat Jul 27 00:00:00 GMT+01:00 2024,Corporate Event,2347
2348,Well serious.,Sat Aug 16 00:00:00 GMT+01:00 2025,Private Party,2348
2349,Yes week fact.,Sat Oct 11 00:00:00 GMT+01:00 2025,Corporate Event,2349
2350,Term pattern.,Sun Aug 06 00:00:00 GMT+01:00 2023,Private Party,2350
2351,Sound local bag.,Mon Apr 22 00:00:00 GMT+01:00 2024,Corporate Event,2351
2352,Mrs these.,Thu Jan 30 00:00:00 GMT+01:00 2025,Private Party,2352
2353,Which authority.,Sat Feb 22 00:00:00 GMT+01:00 2025,Corporate Event,2353
2354,Drive theory.,Sun Jun 18 00:00:00 GMT+01:00 2023,Corporate Event,2354
2355,Design ready.,Fri Dec 20 00:00:00 GMT+01:00 2024,Birthday,2355
2356,Community support leg.,Fri Jul 22 00:00:00 GMT+01:00 2022,Corporate Event,2356
2357,Financial once camera nice.,Sat May 20 00:00:00 GMT+01:00 2023,Birthday,2357
2358,Letter want draw.,Wed Jul 26 00:00:00 GMT+01:00 2023,Corporate Event,2358
2359,Mission thing lay.,Tue Oct 25 00:00:00 GMT+01:00 2022,Corporate Event,2359
2360,Nothing artist form.,Mon May 27 00:00:00 GMT+01:00 2024,Private Party,2360
2361,Bed economy glass.,Sun Aug 25 00:00:00 GMT+01:00 2024,Birthday,2361
2362,Learn door close.,Sat Mar 16 00:00:00 GMT+01:00 2024,Private Party,2362
2363,Pay miss eye lot.,Thu Mar 09 00:00:00 GMT+01:00 2023,Corporate Event,2363
2364,Room physical.,Fri Apr 19 00:00:00 GMT+01:00 2024,Wedding,2364
2365,Cold.,Mon Jun 24 00:00:00 GMT+01:00 2024,Corporate Event,2365
2366,Lose six.,Mon Mar 31 00:00:00 GMT+01:00 2025,Wedding,2366
2367,Radio can.,Tue Sep 06 00:00:00 GMT+01:00 2022,Birthday,2367
2368,Performance note.,Thu May 22 00:00:00 GMT+01:00 2025,Wedding,2368
2369,Color figure he.,Fri May 27 00:00:00 GMT+01:00 2022,Corporate Event,2369
2370,Recently our.,Fri Jul 01 00:00:00 GMT+01:00 2022,Corporate Event,2370
2371,Interesting.,Wed Dec 20 00:00:00 GMT+01:00 2023,Corporate Event,2371
2372,Sometimes cover.,Sun Apr 02 00:00:00 GMT+01:00 2023,Corporate Event,2372
2373,Local member.,Thu Aug 15 00:00:00 GMT+01:00 2024,Wedding,2373
2374,Join me important.,Sat May 06 00:00:00 GMT+01:00 2023,Corporate Event,2374
2375,Nearly yeah nature benefit.,Fri Jan 10 00:00:00 GMT+01:00 2025,Corporate Event,2375
2376,Personal.,Sun Aug 25 00:00:00 GMT+01:00 2024,Wedding,2376
2377,His human front.,Mon Jul 28 00:00:00 GMT+01:00 2025,Wedding,2377
2378,Possible them.,Tue Nov 08 00:00:00 GMT+01:00 2022,Wedding,2378
2379,Get behind.,Sat Oct 12 00:00:00 GMT+01:00 2024,Birthday,2379
2380,Yourself front.,Sun Apr 17 00:00:00 GMT+01:00 2022,Corporate Event,2380
2381,About offer organization.,Tue Jan 30 00:00:00 GMT+01:00 2024,Wedding,2381
2382,Suffer church nation.,Wed Mar 22 00:00:00 GMT+01:00 2023,Private Party,2382
2383,Off everybody window.,Sun Feb 19 00:00:00 GMT+01:00 2023,Corporate Event,2383
2384,Technology conference.,Sat Oct 12 00:00:00 GMT+01:00 2024,Wedding,2384
2385,Rock around official.,Thu Sep 12 00:00:00 GMT+01:00 2024,Birthday,2385
2386,Choice year born.,Fri Oct 18 00:00:00 GMT+01:00 2024,Corporate Event,2386
2387,Never stage.,Thu Jan 26 00:00:00 GMT+01:00 2023,Private Party,2387
2388,Industry stop interview.,Thu Aug 11 00:00:00 GMT+01:00 2022,Corporate Event,2388
2389,One career father.,Wed Oct 22 00:00:00 GMT+01:00 2025,Birthday,2389
2390,Five three simply though.,Mon Mar 10 00:00:00 GMT+01:00 2025,Birthday,2390
2391,Draw cost those.,Sun Feb 06 00:00:00 GMT+01:00 2022,Corporate Event,2391
2392,International account.,Fri Mar 28 00:00:00 GMT+01:00 2025,Private Party,2392
2393,Writer most.,Fri Jan 17 00:00:00 GMT+01:00 2025,Private Party,2393
2394,Throw dog read.,Tue Apr 04 00:00:00 GMT+01:00 2023,Birthday,2394
2395,Box amount.,Wed Apr 12 00:00:00 GMT+01:00 2023,Birthday,2395
2396,Risk put none.,Sat Feb 24 00:00:00 GMT+01:00 2024,Private Party,2396
2397,Alone.,Tue Jul 15 00:00:00 GMT+01:00 2025,Wedding,2397
2398,Majority good drug.,Sun Dec 18 00:00:00 GMT+01:00 2022,Private Party,2398
2399,Vote.,Thu Feb 27 00:00:00 GMT+01:00 2025,Private Party,2399
2400,Wait different authority institution.,Sun Jul 27 00:00:00 GMT+01:00 2025,Corporate Event,2400
2401,During drive two spring.,Wed Apr 20 00:00:00 GMT+01:00 2022,Private Party,2401
2402,Approach reality.,Thu Jan 06 00:00:00 GMT+01:00 2022,Birthday,2402
2403,Successful father truth.,Fri Mar 03 00:00:00 GMT+01:00 2023,Private Party,2403
2404,Forward laugh right.,Wed Oct 16 00:00:00 GMT+01:00 2024,Private Party,2404
2405,Allow view.,Thu Nov 21 00:00:00 GMT+01:00 2024,Private Party,2405
2406,General should.,Thu Dec 14 00:00:00 GMT+01:00 2023,Corporate Event,2406
2407,Drop skill major.,Sat Sep 06 00:00:00 GMT+01:00 2025,Corporate Event,2407
2408,Wind national open.,Mon Jul 18 00:00:00 GMT+01:00 2022,Corporate Event,2408
2409,Front.,Wed Aug 24 00:00:00 GMT+01:00 2022,Private Party,2409
2410,Security to us.,Sat Mar 22 00:00:00 GMT+01:00 2025,Private Party,2410
2411,Cut avoid able clear.,Sun Feb 19 00:00:00 GMT+01:00 2023,Wedding,2411
2412,Table group.,Sun Oct 06 00:00:00 GMT+01:00 2024,Wedding,2412
2413,Budget.,Fri Apr 14 00:00:00 GMT+01:00 2023,Private Party,2413
2414,Science page.,Sat Jun 29 00:00:00 GMT+01:00 2024,Wedding,2414
2415,Very top.,Sat Aug 16 00:00:00 GMT+01:00 2025,Wedding,2415
2416,Field rate.,Sat Jun 08 00:00:00 GMT+01:00 2024,Wedding,2416
2417,Team easy nothing.,Sat Jul 15 00:00:00 GMT+01:00 2023,Corporate Event,2417
2418,Trip certain conference.,Wed Jun 08 00:00:00 GMT+01:00 2022,Private Party,2418
2419,Use bit him bit.,Thu Jan 20 00:00:00 GMT+01:00 2022,Corporate Event,2419
2420,One probably money.,Wed Jul 12 00:00:00 GMT+01:00 2023,Wedding,2420
2421,Be study.,Thu Feb 01 00:00:00 GMT+01:00 2024,Private Party,2421
2422,Us reach yeah.,Fri Aug 08 00:00:00 GMT+01:00 2025,Private Party,2422
2423,Quickly box.,Mon Jan 30 00:00:00 GMT+01:00 2023,Private Party,2423
2424,Entire choose.,Sun May 01 00:00:00 GMT+01:00 2022,Private Party,2424
2425,Goal eat.,Tue Nov 08 00:00:00 GMT+01:00 2022,Wedding,2425
2426,Group sign nor.,Mon Jan 16 00:00:00 GMT+01:00 2023,Private Party,2426
2427,Door identify movement stock.,Thu Feb 08 00:00:00 GMT+01:00 2024,Corporate Event,2427
2428,Course home.,Wed Jan 26 00:00:00 GMT+01:00 2022,Corporate Event,2428
2429,Reason appear force.,Wed Oct 02 00:00:00 GMT+01:00 2024,Wedding,2429
2430,Project give.,Sun May 08 00:00:00 GMT+01:00 2022,Private Party,2430
2431,Human dog feeling.,Sat Sep 07 00:00:00 GMT+01:00 2024,Wedding,2431
2432,Sense thus.,Wed May 21 00:00:00 GMT+01:00 2025,Private Party,2432
2433,Now big choice.,Sun May 01 00:00:00 GMT+01:00 2022,Wedding,2433
2434,Simply performance present.,Sun Aug 03 00:00:00 GMT+01:00 2025,Private Party,2434
2435,Better want.,Mon Feb 20 00:00:00 GMT+01:00 2023,Corporate Event,2435
2436,Begin west.,Fri Jun 27 00:00:00 GMT+01:00 2025,Wedding,2436
2437,Smile ok.,Fri May 10 00:00:00 GMT+01:00 2024,Birthday,2437
2438,Season ready owner.,Wed Nov 13 00:00:00 GMT+01:00 2024,Private Party,2438
2439,Life ask of.,Sun Aug 18 00:00:00 GMT+01:00 2024,Birthday,2439
2440,Social admit need.,Fri Jun 27 00:00:00 GMT+01:00 2025,Private Party,2440
2441,Subject choice down.,Thu Dec 29 00:00:00 GMT+01:00 2022,Corporate Event,2441
2442,Throughout left article.,Tue Apr 25 00:00:00 GMT+01:00 2023,Wedding,2442
2443,Goal suddenly similar.,Fri Oct 27 00:00:00 GMT+01:00 2023,Corporate Event,2443
2444,Rule about.,Fri Feb 03 00:00:00 GMT+01:00 2023,Birthday,2444
2445,Best American approach campaign.,Tue Sep 09 00:00:00 GMT+01:00 2025,Corporate Event,2445
2446,Yeah soon stay.,Wed Dec 04 00:00:00 GMT+01:00 2024,Corporate Event,2446
2447,Design job.,Tue Dec 31 00:00:00 GMT+01:00 2024,Corporate Event,2447
2448,Nice positive.,Fri Aug 08 00:00:00 GMT+01:00 2025,Wedding,2448
2449,Southern.,Mon Oct 30 00:00:00 GMT+01:00 2023,Corporate Event,2449
2450,Under interest.,Mon Mar 20 00:00:00 GMT+01:00 2023,Corporate Event,2450
2451,Particularly black.,Sun Aug 18 00:00:00 GMT+01:00 2024,Wedding,2451
2452,Forward decide environmental late.,Thu Jun 05 00:00:00 GMT+01:00 2025,Wedding,2452
2453,Most remain drop.,Wed May 10 00:00:00 GMT+01:00 2023,Wedding,2453
2454,Four nation.,Thu May 01 00:00:00 GMT+01:00 2025,Private Party,2454
2455,Should should explain.,Tue May 03 00:00:00 GMT+01:00 2022,Wedding,2455
2456,Voice east.,Sun Apr 02 00:00:00 GMT+01:00 2023,Birthday,2456
2457,Provide include.,Sun Jul 10 00:00:00 GMT+01:00 2022,Wedding,2457
2458,Real election difference.,Tue Dec 31 00:00:00 GMT+01:00 2024,Wedding,2458
2459,Camera child hold.,Wed Apr 13 00:00:00 GMT+01:00 2022,Wedding,2459
2460,Who land.,Tue May 28 00:00:00 GMT+01:00 2024,Private Party,2460
2461,Available growth week.,Tue Aug 13 00:00:00 GMT+01:00 2024,Corporate Event,2461
2462,Some attention pick decade.,Sun Aug 18 00:00:00 GMT+01:00 2024,Wedding,2462
2463,Least month relate.,Thu Dec 07 00:00:00 GMT+01:00 2023,Corporate Event,2463
2464,Participant race finish public.,Mon Sep 09 00:00:00 GMT+01:00 2024,Corporate Event,2464
2465,Best consumer onto.,Fri Jan 14 00:00:00 GMT+01:00 2022,Wedding,2465
2466,Method and onto.,Sat Nov 30 00:00:00 GMT+01:00 2024,Wedding,2466
2467,Step agency.,Sat May 31 00:00:00 GMT+01:00 2025,Birthday,2467
2468,Especially peace include control.,Fri Aug 16 00:00:00 GMT+01:00 2024,Wedding,2468
2469,Garden.,Mon Dec 11 00:00:00 GMT+01:00 2023,Birthday,2469
2470,Into perhaps.,Tue Mar 18 00:00:00 GMT+01:00 2025,Wedding,2470
2471,Customer leave her.,Thu Jun 22 00:00:00 GMT+01:00 2023,Birthday,2471
2472,Writer direction however.,Sun Sep 22 00:00:00 GMT+01:00 2024,Private Party,2472
2473,Hundred same wear.,Tue Sep 19 00:00:00 GMT+01:00 2023,Birthday,2473
2474,Very might record what.,Tue Jun 17 00:00:00 GMT+01:00 2025,Corporate Event,2474
2475,Local let.,Mon Jul 24 00:00:00 GMT+01:00 2023,Birthday,2475
2476,Indeed drive one.,Sun Jan 09 00:00:00 GMT+01:00 2022,Corporate Event,2476
2477,Goal.,Fri Jul 21 00:00:00 GMT+01:00 2023,Corporate Event,2477
2478,Quality environment recently.,Sat Jan 13 00:00:00 GMT+01:00 2024,Birthday,2478
2479,Husband trial where.,Sat Jan 29 00:00:00 GMT+01:00 2022,Birthday,2479
2480,Who.,Mon Aug 05 00:00:00 GMT+01:00 2024,Birthday,2480
2481,Rate away.,Tue Mar 28 00:00:00 GMT+01:00 2023,Birthday,2481
2482,Game law.,Thu Feb 23 00:00:00 GMT+01:00 2023,Private Party,2482
2483,Anything try bill.,Fri Jun 14 00:00:00 GMT+01:00 2024,Wedding,2483
2484,More even result.,Mon Feb 05 00:00:00 GMT+01:00 2024,Private Party,2484
2485,Half stock.,Mon Oct 30 00:00:00 GMT+01:00 2023,Wedding,2485
2486,Suggest population.,Wed Aug 23 00:00:00 GMT+01:00 2023,Birthday,2486
2487,Western travel question.,Wed Dec 13 00:00:00 GMT+01:00 2023,Birthday,2487
2488,Mind per field.,Sun Jul 14 00:00:00 GMT+01:00 2024,Private Party,2488
2489,Same ground middle suggest.,Sun Nov 03 00:00:00 GMT+01:00 2024,Birthday,2489
2490,Total respond part.,Tue Jan 23 00:00:00 GMT+01:00 2024,Birthday,2490
2491,Most head yard.,Mon Feb 20 00:00:00 GMT+01:00 2023,Wedding,2491
2492,Little state.,Fri Feb 11 00:00:00 GMT+01:00 2022,Corporate Event,2492
2493,High number.,Tue Jul 09 00:00:00 GMT+01:00 2024,Birthday,2493
2494,Attack perhaps difference.,Tue Aug 08 00:00:00 GMT+01:00 2023,Private Party,2494
2495,Reveal.,Sun Nov 30 00:00:00 GMT+01:00 2025,Private Party,2495
2496,Yet four use.,Sun Apr 30 00:00:00 GMT+01:00 2023,Private Party,2496
2497,Age these.,Fri Nov 14 00:00:00 GMT+01:00 2025,Corporate Event,2497
2498,World away without land.,Wed Apr 09 00:00:00 GMT+01:00 2025,Wedding,2498
2499,Wrong everybody bank.,Sun Apr 02 00:00:00 GMT+01:00 2023,Private Party,2499
2500,Claim sort.,Mon Jan 15 00:00:00 GMT+01:00 2024,Private Party,2500
2501,Form stop beyond room.,Sun Nov 12 00:00:00 GMT+01:00 2023,Corporate Event,2501
2502,Although bad perhaps with.,Thu Nov 10 00:00:00 GMT+01:00 2022,Birthday,2502
2503,Government true.,Fri Oct 17 00:00:00 GMT+01:00 2025,Birthday,2503
2504,Wind travel.,Sat Mar 02 00:00:00 GMT+01:00 2024,Wedding,2504
2505,Suddenly wife.,Sat Feb 10 00:00:00 GMT+01:00 2024,Private Party,2505
2506,Place could central material.,Sun Feb 19 00:00:00 GMT+01:00 2023,Corporate Event,2506
2507,East authority traditional.,Tue Feb 27 00:00:00 GMT+01:00 2024,Birthday,2507
2508,How.,Sun Oct 16 00:00:00 GMT+01:00 2022,Birthday,2508
2509,Leader.,Tue Feb 13 00:00:00 GMT+01:00 2024,Birthday,2509
2510,Local him.,Fri Oct 11 00:00:00 GMT+01:00 2024,Wedding,2510
2511,Science chance property.,Thu Jan 26 00:00:00 GMT+01:00 2023,Corporate Event,2511
2512,Send project civil.,Mon Aug 25 00:00:00 GMT+01:00 2025,Birthday,2512
2513,Everything avoid such.,Sat Apr 05 00:00:00 GMT+01:00 2025,Corporate Event,2513
2514,Beautiful.,Sun Dec 11 00:00:00 GMT+01:00 2022,Wedding,2514
2515,Teach relate throughout.,Thu Nov 28 00:00:00 GMT+01:00 2024,Wedding,2515
2516,Future heart see audience.,Sat Jan 08 00:00:00 GMT+01:00 2022,Corporate Event,2516
2517,Risk only.,Thu Feb 23 00:00:00 GMT+01:00 2023,Wedding,2517
2518,New marriage exist.,Tue Nov 05 00:00:00 GMT+01:00 2024,Corporate Event,2518
2519,Near always ok.,Thu Sep 26 00:00:00 GMT+01:00 2024,Wedding,2519
2520,Behind put agency.,Fri Dec 26 00:00:00 GMT+01:00 2025,Private Party,2520
2521,Indeed turn agreement.,Tue Apr 04 00:00:00 GMT+01:00 2023,Wedding,2521
2522,Floor popular picture.,Tue Oct 29 00:00:00 GMT+01:00 2024,Corporate Event,2522
2523,Travel book money.,Mon Dec 01 00:00:00 GMT+01:00 2025,Private Party,2523
2524,Himself drive.,Fri Feb 09 00:00:00 GMT+01:00 2024,Corporate Event,2524
2525,Allow mission challenge.,Wed Feb 12 00:00:00 GMT+01:00 2025,Wedding,2525
2526,Design they middle.,Sun Aug 25 00:00:00 GMT+01:00 2024,Birthday,2526
2527,Early other foreign.,Wed Nov 19 00:00:00 GMT+01:00 2025,Wedding,2527
2528,Interesting pressure employee.,Mon Jan 01 00:00:00 GMT+01:00 2024,Private Party,2528
2529,Fall but culture.,Thu Apr 28 00:00:00 GMT+01:00 2022,Birthday,2529
2530,Natural ten they.,Mon Dec 16 00:00:00 GMT+01:00 2024,Wedding,2530
2531,Stop capital arrive.,Sat Oct 15 00:00:00 GMT+01:00 2022,Corporate Event,2531
2532,Forget water form.,Sun Jun 12 00:00:00 GMT+01:00 2022,Birthday,2532
2533,Thousand season bring.,Tue Jun 20 00:00:00 GMT+01:00 2023,Corporate Event,2533
2534,War entire.,Fri Mar 22 00:00:00 GMT+01:00 2024,Wedding,2534
2535,Book voice.,Mon Jul 18 00:00:00 GMT+01:00 2022,Wedding,2535
2536,Leader.,Fri Jan 06 00:00:00 GMT+01:00 2023,Wedding,2536
2537,Edge if.,Wed Dec 14 00:00:00 GMT+01:00 2022,Wedding,2537
2538,Few material form job.,Mon Mar 07 00:00:00 GMT+01:00 2022,Wedding,2538
2539,Structure.,Sat Jul 22 00:00:00 GMT+01:00 2023,Private Party,2539
2540,Day far.,Fri Apr 05 00:00:00 GMT+01:00 2024,Private Party,2540
2541,Both amount also.,Thu Nov 17 00:00:00 GMT+01:00 2022,Corporate Event,2541
2542,Clear.,Sun Mar 16 00:00:00 GMT+01:00 2025,Wedding,2542
2543,Protect gun.,Fri Feb 24 00:00:00 GMT+01:00 2023,Corporate Event,2543
2544,Cause president must over.,Sat Jan 13 00:00:00 GMT+01:00 2024,Private Party,2544
2545,Word cost thus.,Fri May 20 00:00:00 GMT+01:00 2022,Corporate Event,2545
2546,By wrong.,Mon Mar 14 00:00:00 GMT+01:00 2022,Corporate Event,2546
2547,Point officer.,Mon Jul 25 00:00:00 GMT+01:00 2022,Birthday,2547
2548,Employee operation truth.,Mon Feb 20 00:00:00 GMT+01:00 2023,Birthday,2548
2549,Class table.,Mon Jul 11 00:00:00 GMT+01:00 2022,Birthday,2549
2550,Pick interesting different.,Thu May 09 00:00:00 GMT+01:00 2024,Birthday,2550
2551,Old attention practice hotel.,Mon Feb 26 00:00:00 GMT+01:00 2024,Corporate Event,2551
2552,Call rock yard media.,Sat May 24 00:00:00 GMT+01:00 2025,Corporate Event,2552
2553,State carry leg.,Sat Feb 26 00:00:00 GMT+01:00 2022,Corporate Event,2553
2554,Prevent.,Mon Feb 12 00:00:00 GMT+01:00 2024,Wedding,2554
2555,Information since.,Fri Nov 29 00:00:00 GMT+01:00 2024,Wedding,2555
2556,Trial she understand.,Sun Feb 06 00:00:00 GMT+01:00 2022,Corporate Event,2556
2557,Wife reach require major.,Wed Oct 15 00:00:00 GMT+01:00 2025,Corporate Event,2557
2558,Month program.,Sun Nov 27 00:00:00 GMT+01:00 2022,Wedding,2558
2559,Quite activity plant right.,Tue Dec 13 00:00:00 GMT+01:00 2022,Private Party,2559
2560,Treatment each compare.,Sun Jan 26 00:00:00 GMT+01:00 2025,Wedding,2560
2561,About woman.,Thu May 01 00:00:00 GMT+01:00 2025,Private Party,2561
2562,Stop second.,Tue Dec 05 00:00:00 GMT+01:00 2023,Birthday,2562
2563,Throw start.,Wed Dec 27 00:00:00 GMT+01:00 2023,Corporate Event,2563
2564,Like.,Tue Aug 19 00:00:00 GMT+01:00 2025,Birthday,2564
2565,Imagine service.,Mon Feb 06 00:00:00 GMT+01:00 2023,Private Party,2565
2566,Range middle.,Sun Jul 27 00:00:00 GMT+01:00 2025,Private Party,2566
2567,Citizen.,Sat Jan 08 00:00:00 GMT+01:00 2022,Private Party,2567
2568,Might very.,Sun Feb 25 00:00:00 GMT+01:00 2024,Corporate Event,2568
2569,Item time.,Mon Aug 28 00:00:00 GMT+01:00 2023,Corporate Event,2569
2570,Though place.,Sun Aug 18 00:00:00 GMT+01:00 2024,Private Party,2570
2571,Weight.,Thu Aug 31 00:00:00 GMT+01:00 2023,Corporate Event,2571
2572,Size sell.,Fri Apr 15 00:00:00 GMT+01:00 2022,Wedding,2572
2573,Group stock.,Sun Sep 17 00:00:00 GMT+01:00 2023,Corporate Event,2573
2574,About dream.,Mon Jul 08 00:00:00 GMT+01:00 2024,Corporate Event,2574
2575,Magazine worker goal.,Sat Mar 19 00:00:00 GMT+01:00 2022,Wedding,2575
2576,Generation.,Mon Jun 19 00:00:00 GMT+01:00 2023,Wedding,2576
2577,Television speech moment.,Fri Sep 01 00:00:00 GMT+01:00 2023,Birthday,2577
2578,Before.,Tue Aug 29 00:00:00 GMT+01:00 2023,Wedding,2578
2579,Exist window.,Sun Jan 14 00:00:00 GMT+01:00 2024,Corporate Event,2579
2580,Place inside side.,Sat Jan 21 00:00:00 GMT+01:00 2023,Wedding,2580
2581,Decade about four.,Wed Jan 18 00:00:00 GMT+01:00 2023,Corporate Event,2581
2582,There want.,Thu Jun 29 00:00:00 GMT+01:00 2023,Wedding,2582
2583,Radio usually room.,Mon Jul 08 00:00:00 GMT+01:00 2024,Corporate Event,2583
2584,Nice not four.,Fri Feb 07 00:00:00 GMT+01:00 2025,Birthday,2584
2585,Beyond fly.,Thu Jun 05 00:00:00 GMT+01:00 2025,Wedding,2585
2586,Another water.,Sun Apr 13 00:00:00 GMT+01:00 2025,Corporate Event,2586
2587,Natural.,Thu May 05 00:00:00 GMT+01:00 2022,Private Party,2587
2588,Hard eye.,Wed Apr 17 00:00:00 GMT+01:00 2024,Private Party,2588
2589,Plant democratic indicate.,Sat Dec 30 00:00:00 GMT+01:00 2023,Corporate Event,2589
2590,Pressure size idea.,Sun Dec 24 00:00:00 GMT+01:00 2023,Wedding,2590
2591,Newspaper movie old.,Thu Mar 20 00:00:00 GMT+01:00 2025,Birthday,2591
2592,Along get.,Thu Apr 03 00:00:00 GMT+01:00 2025,Birthday,2592
2593,Decide fact factor.,Sun Oct 23 00:00:00 GMT+01:00 2022,Corporate Event,2593
2594,Career add teach use.,Thu Oct 16 00:00:00 GMT+01:00 2025,Corporate Event,2594
2595,Provide join successful.,Mon Jan 16 00:00:00 GMT+01:00 2023,Private Party,2595
2596,Take after baby.,Thu Sep 08 00:00:00 GMT+01:00 2022,Wedding,2596
2597,Science specific eat.,Sat Feb 25 00:00:00 GMT+01:00 2023,Wedding,2597
2598,Than send.,Wed Jun 05 00:00:00 GMT+01:00 2024,Wedding,2598
2599,Final safe head rise.,Mon Apr 10 00:00:00 GMT+01:00 2023,Corporate Event,2599
2600,Year else.,Tue Jul 29 00:00:00 GMT+01:00 2025,Private Party,2600
2601,How fill.,Sat May 14 00:00:00 GMT+01:00 2022,Wedding,2601
2602,Which successful.,Sun Sep 29 00:00:00 GMT+01:00 2024,Private Party,2602
2603,Edge she.,Fri Sep 20 00:00:00 GMT+01:00 2024,Corporate Event,2603
2604,Customer he one.,Wed Jun 12 00:00:00 GMT+01:00 2024,Wedding,2604
2605,Change issue.,Fri Jun 07 00:00:00 GMT+01:00 2024,Corporate Event,2605
2606,Oil whatever.,Mon Jul 21 00:00:00 GMT+01:00 2025,Corporate Event,2606
2607,Wall people education.,Sat Oct 07 00:00:00 GMT+01:00 2023,Private Party,2607
2608,And.,Wed Apr 17 00:00:00 GMT+01:00 2024,Private Party,2608
2609,Point method treat.,Thu Apr 13 00:00:00 GMT+01:00 2023,Wedding,2609
2610,Owner weight.,Sun Jun 15 00:00:00 GMT+01:00 2025,Wedding,2610
2611,Program television son.,Fri Oct 20 00:00:00 GMT+01:00 2023,Wedding,2611
2612,Trip measure that.,Sun Sep 24 00:00:00 GMT+01:00 2023,Private Party,2612
2613,How free daughter few.,Tue Apr 18 00:00:00 GMT+01:00 2023,Private Party,2613
2614,Form magazine.,Tue Aug 05 00:00:00 GMT+01:00 2025,Private Party,2614
2615,Oil week minute.,Tue Jul 08 00:00:00 GMT+01:00 2025,Wedding,2615
2616,Hard cultural sure.,Mon Jul 03 00:00:00 GMT+01:00 2023,Birthday,2616
2617,Put.,Tue Sep 16 00:00:00 GMT+01:00 2025,Birthday,2617
2618,Character card.,Sat Jun 04 00:00:00 GMT+01:00 2022,Corporate Event,2618
2619,Good push large message.,Thu Dec 07 00:00:00 GMT+01:00 2023,Private Party,2619
2620,Already occur.,Thu Oct 20 00:00:00 GMT+01:00 2022,Wedding,2620
2621,Believe story important best.,Fri Aug 02 00:00:00 GMT+01:00 2024,Birthday,2621
2622,Likely house.,Fri Aug 02 00:00:00 GMT+01:00 2024,Birthday,2622
2623,Light rest cut.,Wed Oct 25 00:00:00 GMT+01:00 2023,Private Party,2623
2624,Student art go.,Thu Feb 02 00:00:00 GMT+01:00 2023,Wedding,2624
2625,Throughout organization learn.,Mon Apr 28 00:00:00 GMT+01:00 2025,Private Party,2625
2626,Certainly act.,Tue Feb 08 00:00:00 GMT+01:00 2022,Corporate Event,2626
2627,Suggest edge.,Tue Sep 13 00:00:00 GMT+01:00 2022,Corporate Event,2627
2628,Reason better interesting.,Tue Aug 02 00:00:00 GMT+01:00 2022,Private Party,2628
2629,Interview economic.,Thu Apr 07 00:00:00 GMT+01:00 2022,Corporate Event,2629
2630,Off special much our.,Sat Mar 19 00:00:00 GMT+01:00 2022,Birthday,2630
2631,Whatever while vote.,Sat Jan 14 00:00:00 GMT+01:00 2023,Birthday,2631
2632,Oil policy.,Thu Jun 22 00:00:00 GMT+01:00 2023,Wedding,2632
2633,Bit of beautiful.,Fri Jun 07 00:00:00 GMT+01:00 2024,Wedding,2633
2634,Since generation.,Mon Jul 11 00:00:00 GMT+01:00 2022,Birthday,2634
2635,Model stop.,Tue Apr 22 00:00:00 GMT+01:00 2025,Wedding,2635
2636,Create person.,Sat Apr 15 00:00:00 GMT+01:00 2023,Birthday,2636
2637,Ground.,Wed Jun 15 00:00:00 GMT+01:00 2022,Private Party,2637
2638,Myself study choose.,Wed Sep 04 00:00:00 GMT+01:00 2024,Private Party,2638
2639,Interesting financial minute strategy.,Mon Apr 24 00:00:00 GMT+01:00 2023,Private Party,2639
2640,Serve kind.,Wed Sep 25 00:00:00 GMT+01:00 2024,Wedding,2640
2641,Study rich.,Thu Mar 02 00:00:00 GMT+01:00 2023,Birthday,2641
2642,Write.,Fri May 26 00:00:00 GMT+01:00 2023,Birthday,2642
2643,Full hour thousand.,Tue May 10 00:00:00 GMT+01:00 2022,Birthday,2643
2644,Training mission.,Tue Aug 27 00:00:00 GMT+01:00 2024,Private Party,2644
2645,Memory change young.,Sun Oct 06 00:00:00 GMT+01:00 2024,Wedding,2645
2646,Care quickly pattern.,Sun Nov 16 00:00:00 GMT+01:00 2025,Wedding,2646
2647,Natural audience body.,Wed May 24 00:00:00 GMT+01:00 2023,Private Party,2647
2648,Culture financial control.,Mon Dec 23 00:00:00 GMT+01:00 2024,Birthday,2648
2649,Exist drive record.,Sat May 17 00:00:00 GMT+01:00 2025,Corporate Event,2649
2650,Sound occur half first.,Fri Apr 29 00:00:00 GMT+01:00 2022,Birthday,2650
2651,Light main.,Sun Nov 24 00:00:00 GMT+01:00 2024,Private Party,2651
2652,Manager sound south doctor.,Wed Oct 11 00:00:00 GMT+01:00 2023,Private Party,2652
2653,Someone news.,Sat May 13 00:00:00 GMT+01:00 2023,Birthday,2653
2654,Listen despite.,Fri Sep 08 00:00:00 GMT+01:00 2023,Private Party,2654
2655,Artist reach area.,Mon Jun 03 00:00:00 GMT+01:00 2024,Birthday,2655
2656,Decision.,Thu Mar 07 00:00:00 GMT+01:00 2024,Wedding,2656
2657,Reality issue administration.,Thu Feb 29 00:00:00 GMT+01:00 2024,Wedding,2657
2658,Hope certainly indeed.,Sat Nov 05 00:00:00 GMT+01:00 2022,Wedding,2658
2659,Leave perhaps old.,Mon Nov 21 00:00:00 GMT+01:00 2022,Birthday,2659
2660,Meeting Mrs.,Wed Jul 03 00:00:00 GMT+01:00 2024,Corporate Event,2660
2661,Range picture.,Sun Jul 07 00:00:00 GMT+01:00 2024,Private Party,2661
2662,New assume really.,Sat Sep 24 00:00:00 GMT+01:00 2022,Private Party,2662
2663,Next issue treat.,Sat Jan 21 00:00:00 GMT+01:00 2023,Corporate Event,2663
2664,Better raise.,Sat Feb 15 00:00:00 GMT+01:00 2025,Wedding,2664
2665,Themselves daughter defense improve.,Mon Aug 21 00:00:00 GMT+01:00 2023,Private Party,2665
2666,Offer investment budget.,Sun Mar 26 00:00:00 GMT+01:00 2023,Private Party,2666
2667,Believe people out one.,Sun May 21 00:00:00 GMT+01:00 2023,Corporate Event,2667
2668,Pull mean station.,Mon Nov 04 00:00:00 GMT+01:00 2024,Birthday,2668
2669,Prevent account.,Sat Oct 12 00:00:00 GMT+01:00 2024,Corporate Event,2669
2670,Build land call.,Fri Jul 21 00:00:00 GMT+01:00 2023,Birthday,2670
2671,Miss tough social.,Sun Oct 26 00:00:00 GMT+01:00 2025,Birthday,2671
2672,Finally range focus.,Tue Mar 04 00:00:00 GMT+01:00 2025,Birthday,2672
2673,Notice rock.,Wed Jul 05 00:00:00 GMT+01:00 2023,Wedding,2673
2674,Indicate language.,Sat Mar 09 00:00:00 GMT+01:00 2024,Wedding,2674
2675,Represent determine.,Sun Nov 24 00:00:00 GMT+01:00 2024,Corporate Event,2675
2676,Above now heart.,Fri May 27 00:00:00 GMT+01:00 2022,Wedding,2676
2677,Half claim song dog.,Sun Apr 21 00:00:00 GMT+01:00 2024,Birthday,2677
2678,Military example per.,Wed Nov 06 00:00:00 GMT+01:00 2024,Wedding,2678
2679,Economy know.,Mon Jul 04 00:00:00 GMT+01:00 2022,Private Party,2679
2680,Company laugh.,Thu Feb 08 00:00:00 GMT+01:00 2024,Wedding,2680
2681,Lawyer change.,Thu Jul 28 00:00:00 GMT+01:00 2022,Private Party,2681
2682,Fine.,Fri Oct 25 00:00:00 GMT+01:00 2024,Birthday,2682
2683,Level him five.,Fri Sep 15 00:00:00 GMT+01:00 2023,Private Party,2683
2684,Writer activity.,Sat Jan 06 00:00:00 GMT+01:00 2024,Wedding,2684
2685,Gas above market.,Thu Jan 18 00:00:00 GMT+01:00 2024,Corporate Event,2685
2686,Little say.,Tue Nov 01 00:00:00 GMT+01:00 2022,Wedding,2686
2687,War owner home.,Fri Jan 07 00:00:00 GMT+01:00 2022,Private Party,2687
2688,Probably education.,Sat Sep 07 00:00:00 GMT+01:00 2024,Corporate Event,2688
2689,Pass trade.,Fri Jan 14 00:00:00 GMT+01:00 2022,Private Party,2689
2690,Goal black science.,Sun Oct 12 00:00:00 GMT+01:00 2025,Corporate Event,2690
2691,Whose movement newspaper.,Thu Apr 11 00:00:00 GMT+01:00 2024,Birthday,2691
2692,Majority would.,Sun Feb 11 00:00:00 GMT+01:00 2024,Wedding,2692
2693,Determine.,Mon Apr 17 00:00:00 GMT+01:00 2023,Private Party,2693
2694,Economic body situation building.,Fri Jan 12 00:00:00 GMT+01:00 2024,Wedding,2694
2695,Case impact.,Thu Jan 05 00:00:00 GMT+01:00 2023,Corporate Event,2695
2696,Buy.,Fri Jan 24 00:00:00 GMT+01:00 2025,Corporate Event,2696
2697,Establish knowledge crime.,Mon Jun 10 00:00:00 GMT+01:00 2024,Private Party,2697
2698,Nation source.,Tue Nov 04 00:00:00 GMT+01:00 2025,Private Party,2698
2699,Process drive imagine once.,Mon Aug 14 00:00:00 GMT+01:00 2023,Wedding,2699
2700,Produce take process scene.,Tue Sep 19 00:00:00 GMT+01:00 2023,Corporate Event,2700
2701,Available instead who.,Sun Mar 10 00:00:00 GMT+01:00 2024,Birthday,2701
2702,Stage letter.,Sun Dec 04 00:00:00 GMT+01:00 2022,Birthday,2702
2703,Recently street.,Sun Aug 20 00:00:00 GMT+01:00 2023,Wedding,2703
2704,Until piece reality.,Mon Jul 17 00:00:00 GMT+01:00 2023,Corporate Event,2704
2705,Kitchen husband leader.,Tue May 06 00:00:00 GMT+01:00 2025,Wedding,2705
2706,Suggest role nothing.,Mon Mar 04 00:00:00 GMT+01:00 2024,Private Party,2706
2707,Past or.,Tue Aug 05 00:00:00 GMT+01:00 2025,Private Party,2707
2708,Focus field.,Fri Feb 10 00:00:00 GMT+01:00 2023,Wedding,2708
2709,General.,Mon Apr 18 00:00:00 GMT+01:00 2022,Birthday,2709
2710,Allow.,Sat Feb 17 00:00:00 GMT+01:00 2024,Corporate Event,2710
2711,Rather form play.,Sat Feb 18 00:00:00 GMT+01:00 2023,Birthday,2711
2712,Measure worker friend.,Thu Mar 23 00:00:00 GMT+01:00 2023,Private Party,2712
2713,Question page deal.,Sat Jul 13 00:00:00 GMT+01:00 2024,Wedding,2713
2714,Inside describe.,Tue Sep 19 00:00:00 GMT+01:00 2023,Wedding,2714
2715,Model century.,Sun Nov 09 00:00:00 GMT+01:00 2025,Corporate Event,2715
2716,Nature pressure.,Wed Dec 18 00:00:00 GMT+01:00 2024,Private Party,2716
2717,Imagine large.,Mon Sep 05 00:00:00 GMT+01:00 2022,Private Party,2717
2718,Summer image.,Thu Jan 23 00:00:00 GMT+01:00 2025,Private Party,2718
2719,Or myself son.,Sat Sep 07 00:00:00 GMT+01:00 2024,Birthday,2719
2720,Cell political industry.,Fri Sep 01 00:00:00 GMT+01:00 2023,Birthday,2720
2721,Career.,Mon Jun 30 00:00:00 GMT+01:00 2025,Wedding,2721
2722,Director price.,Wed Jul 26 00:00:00 GMT+01:00 2023,Wedding,2722
2723,Behind.,Thu Jul 13 00:00:00 GMT+01:00 2023,Birthday,2723
2724,Century music gun.,Thu May 05 00:00:00 GMT+01:00 2022,Corporate Event,2724
2725,Can four.,Sat Aug 31 00:00:00 GMT+01:00 2024,Wedding,2725
2726,Bank country stay loss.,Tue Jun 10 00:00:00 GMT+01:00 2025,Wedding,2726
2727,Protect election.,Fri May 05 00:00:00 GMT+01:00 2023,Birthday,2727
2728,Several behavior.,Sat Apr 27 00:00:00 GMT+01:00 2024,Wedding,2728
2729,Force allow wish.,Fri Feb 02 00:00:00 GMT+01:00 2024,Private Party,2729
2730,Imagine best short.,Mon Aug 19 00:00:00 GMT+01:00 2024,Wedding,2730
2731,Leave available government.,Wed Jul 02 00:00:00 GMT+01:00 2025,Birthday,2731
2732,Hair run.,Sun Jul 14 00:00:00 GMT+01:00 2024,Private Party,2732
2733,Sort certainly.,Wed May 17 00:00:00 GMT+01:00 2023,Private Party,2733
2734,Ready.,Sat Jan 07 00:00:00 GMT+01:00 2023,Private Party,2734
2735,Mr second.,Sat Apr 22 00:00:00 GMT+01:00 2023,Private Party,2735
2736,Specific meet.,Sat Jan 22 00:00:00 GMT+01:00 2022,Birthday,2736
2737,Machine responsibility major.,Fri Jun 13 00:00:00 GMT+01:00 2025,Corporate Event,2737
2738,Red yeah hot.,Sat Mar 23 00:00:00 GMT+01:00 2024,Corporate Event,2738
2739,Officer vote into.,Tue Oct 03 00:00:00 GMT+01:00 2023,Corporate Event,2739
2740,Establish teacher.,Thu Feb 27 00:00:00 GMT+01:00 2025,Corporate Event,2740
2741,Hotel company.,Sat Aug 10 00:00:00 GMT+01:00 2024,Wedding,2741
2742,Five follow sense.,Mon Jun 06 00:00:00 GMT+01:00 2022,Birthday,2742
2743,Deep page.,Wed Jan 19 00:00:00 GMT+01:00 2022,Birthday,2743
2744,Name arrive think.,Thu Feb 29 00:00:00 GMT+01:00 2024,Corporate Event,2744
2745,Down by rather.,Sat Jun 21 00:00:00 GMT+01:00 2025,Wedding,2745
2746,Glass view beyond.,Fri Mar 24 00:00:00 GMT+01:00 2023,Corporate Event,2746
2747,Reality media.,Wed Jul 12 00:00:00 GMT+01:00 2023,Wedding,2747
2748,Should class.,Mon Nov 18 00:00:00 GMT+01:00 2024,Birthday,2748
2749,Avoid several ground.,Sun Jul 10 00:00:00 GMT+01:00 2022,Birthday,2749
2750,Improve course us.,Fri Mar 14 00:00:00 GMT+01:00 2025,Birthday,2750
2751,Senior forget wait.,Sun Nov 05 00:00:00 GMT+01:00 2023,Corporate Event,2751
2752,Want sister.,Mon Jul 03 00:00:00 GMT+01:00 2023,Corporate Event,2752
2753,Recently consumer.,Tue Jun 21 00:00:00 GMT+01:00 2022,Birthday,2753
2754,Once minute.,Tue Apr 19 00:00:00 GMT+01:00 2022,Corporate Event,2754
2755,Under offer husband.,Mon Dec 30 00:00:00 GMT+01:00 2024,Private Party,2755
2756,Ability low.,Mon Apr 15 00:00:00 GMT+01:00 2024,Birthday,2756
2757,Remember edge.,Sun May 26 00:00:00 GMT+01:00 2024,Corporate Event,2757
2758,Star despite education.,Mon Sep 19 00:00:00 GMT+01:00 2022,Wedding,2758
2759,Economic because.,Mon Apr 22 00:00:00 GMT+01:00 2024,Birthday,2759
2760,Maintain sport.,Sun Apr 17 00:00:00 GMT+01:00 2022,Birthday,2760
2761,Director or sort.,Thu Sep 07 00:00:00 GMT+01:00 2023,Corporate Event,2761
2762,Simply summer heavy.,Mon Aug 04 00:00:00 GMT+01:00 2025,Birthday,2762
2763,Specific parent staff.,Thu May 30 00:00:00 GMT+01:00 2024,Private Party,2763
2764,Human whom add.,Tue Nov 12 00:00:00 GMT+01:00 2024,Birthday,2764
2765,Ten.,Sat Jul 20 00:00:00 GMT+01:00 2024,Wedding,2765
2766,Hear game full.,Wed Mar 30 00:00:00 GMT+01:00 2022,Corporate Event,2766
2767,Line shoulder.,Thu Oct 12 00:00:00 GMT+01:00 2023,Birthday,2767
2768,Why way range we.,Tue Oct 07 00:00:00 GMT+01:00 2025,Corporate Event,2768
2769,Character figure drop.,Mon Sep 26 00:00:00 GMT+01:00 2022,Wedding,2769
2770,Miss per.,Sat Dec 16 00:00:00 GMT+01:00 2023,Private Party,2770
2771,Artist TV.,Sat Nov 04 00:00:00 GMT+01:00 2023,Wedding,2771
2772,Cell run.,Thu Jul 13 00:00:00 GMT+01:00 2023,Birthday,2772
2773,Us federal important.,Mon Sep 19 00:00:00 GMT+01:00 2022,Corporate Event,2773
2774,Sing base arrive.,Fri Apr 11 00:00:00 GMT+01:00 2025,Birthday,2774
2775,Outside life point.,Fri Apr 08 00:00:00 GMT+01:00 2022,Private Party,2775
2776,Often control.,Sat Dec 02 00:00:00 GMT+01:00 2023,Wedding,2776
2777,Create direction although.,Tue Jul 22 00:00:00 GMT+01:00 2025,Birthday,2777
2778,American sign.,Wed Mar 06 00:00:00 GMT+01:00 2024,Corporate Event,2778
2779,Responsibility around degree.,Mon Dec 11 00:00:00 GMT+01:00 2023,Private Party,2779
2780,Economic easy.,Wed Oct 16 00:00:00 GMT+01:00 2024,Corporate Event,2780
2781,True especially question.,Sat Apr 15 00:00:00 GMT+01:00 2023,Corporate Event,2781
2782,Big.,Tue Oct 28 00:00:00 GMT+01:00 2025,Corporate Event,2782
2783,Explain history career.,Wed Jan 18 00:00:00 GMT+01:00 2023,Wedding,2783
2784,Under.,Sat Nov 09 00:00:00 GMT+01:00 2024,Private Party,2784
2785,Director region material.,Thu May 26 00:00:00 GMT+01:00 2022,Private Party,2785
2786,Nice represent rule.,Sat Oct 25 00:00:00 GMT+01:00 2025,Private Party,2786
2787,Me street.,Fri Dec 01 00:00:00 GMT+01:00 2023,Birthday,2787
2788,Structure arm.,Mon Aug 04 00:00:00 GMT+01:00 2025,Birthday,2788
2789,Company his other.,Mon Dec 30 00:00:00 GMT+01:00 2024,Private Party,2789
2790,Lose.,Sat Nov 04 00:00:00 GMT+01:00 2023,Wedding,2790
2791,Fund suggest statement difficult.,Fri Sep 19 00:00:00 GMT+01:00 2025,Wedding,2791
2792,Choice value wait.,Sun Apr 13 00:00:00 GMT+01:00 2025,Private Party,2792
2793,Gun.,Sat Jul 19 00:00:00 GMT+01:00 2025,Corporate Event,2793
2794,Across recent structure night.,Thu Oct 10 00:00:00 GMT+01:00 2024,Birthday,2794
2795,Common among.,Thu Jun 08 00:00:00 GMT+01:00 2023,Corporate Event,2795
2796,Must outside someone.,Fri Jul 25 00:00:00 GMT+01:00 2025,Private Party,2796
2797,Above strong he human.,Thu Oct 09 00:00:00 GMT+01:00 2025,Wedding,2797
2798,Relate maybe.,Mon Mar 25 00:00:00 GMT+01:00 2024,Birthday,2798
2799,Box policy.,Mon Jul 14 00:00:00 GMT+01:00 2025,Birthday,2799
2955,Task.,Thu Aug 01 00:00:00 GMT+01:00 2024,Birthday,2800
2800,Identify dream second.,Thu Mar 14 00:00:00 GMT+01:00 2024,Private Party,2801
2801,Culture one have.,Tue Mar 01 00:00:00 GMT+01:00 2022,Birthday,2802
2802,Trade want.,Fri May 10 00:00:00 GMT+01:00 2024,Wedding,2803
2803,Grow too wife.,Mon Nov 03 00:00:00 GMT+01:00 2025,Birthday,2804
2804,Education minute.,Sat Mar 02 00:00:00 GMT+01:00 2024,Birthday,2805
2805,Pressure get.,Mon Mar 10 00:00:00 GMT+01:00 2025,Wedding,2806
2806,Low.,Sat Feb 24 00:00:00 GMT+01:00 2024,Corporate Event,2807
2807,Fast within.,Sat Feb 19 00:00:00 GMT+01:00 2022,Birthday,2808
2808,Might agent.,Mon Mar 25 00:00:00 GMT+01:00 2024,Birthday,2809
2809,Morning its product.,Thu Jun 01 00:00:00 GMT+01:00 2023,Private Party,2810
2810,Respond once.,Sat Mar 16 00:00:00 GMT+01:00 2024,Private Party,2811
2811,Three gas reduce.,Wed Dec 18 00:00:00 GMT+01:00 2024,Birthday,2812
2812,Baby focus wait.,Tue Aug 30 00:00:00 GMT+01:00 2022,Private Party,2813
2813,Anything owner art.,Mon Sep 15 00:00:00 GMT+01:00 2025,Wedding,2814
2814,President some court.,Thu May 05 00:00:00 GMT+01:00 2022,Private Party,2815
2815,Statement story go.,Mon Oct 20 00:00:00 GMT+01:00 2025,Corporate Event,2816
2816,Require central special.,Wed Jan 17 00:00:00 GMT+01:00 2024,Wedding,2817
2817,Different near.,Fri Jul 11 00:00:00 GMT+01:00 2025,Corporate Event,2818
2818,Yeah defense.,Sat Sep 28 00:00:00 GMT+01:00 2024,Wedding,2819
2819,Deep total response.,Sat Jun 21 00:00:00 GMT+01:00 2025,Birthday,2820
2820,Industry already.,Wed Apr 03 00:00:00 GMT+01:00 2024,Birthday,2821
2821,Change body.,Mon Oct 09 00:00:00 GMT+01:00 2023,Birthday,2822
2822,Million likely crime.,Sat Jun 07 00:00:00 GMT+01:00 2025,Birthday,2823
2823,Include indicate agent.,Wed Jan 05 00:00:00 GMT+01:00 2022,Private Party,2824
2824,Attack decide decision.,Wed Jul 03 00:00:00 GMT+01:00 2024,Private Party,2825
2826,Investment provide weight degree.,Sun Oct 16 00:00:00 GMT+01:00 2022,Birthday,2827
2827,Less Congress.,Sat Dec 16 00:00:00 GMT+01:00 2023,Wedding,2828
2828,Ago close goal drop.,Fri Apr 07 00:00:00 GMT+01:00 2023,Wedding,2829
2829,Maintain hope benefit.,Tue Jun 13 00:00:00 GMT+01:00 2023,Wedding,2830
2830,Eight serious.,Wed May 29 00:00:00 GMT+01:00 2024,Wedding,2831
2831,Something factor.,Fri Oct 25 00:00:00 GMT+01:00 2024,Corporate Event,2832
2832,She sort chance.,Sun Oct 15 00:00:00 GMT+01:00 2023,Private Party,2833
2833,Now child big.,Sat Oct 01 00:00:00 GMT+01:00 2022,Private Party,2834
2834,Animal believe talk.,Mon Dec 23 00:00:00 GMT+01:00 2024,Private Party,2835
2835,Tend modern.,Tue Jan 23 00:00:00 GMT+01:00 2024,Corporate Event,2836
2836,Move vote senior.,Sun Aug 31 00:00:00 GMT+01:00 2025,Wedding,2837
2837,Out civil face.,Tue Mar 19 00:00:00 GMT+01:00 2024,Private Party,2838
2838,Discuss note marriage.,Fri Sep 22 00:00:00 GMT+01:00 2023,Private Party,2839
2839,Decision father.,Fri Sep 29 00:00:00 GMT+01:00 2023,Corporate Event,2840
2840,Visit draw control.,Mon Jan 16 00:00:00 GMT+01:00 2023,Corporate Event,2841
2841,Three soon gas.,Tue Jan 07 00:00:00 GMT+01:00 2025,Private Party,2842
2842,Cover as.,Tue Mar 18 00:00:00 GMT+01:00 2025,Private Party,2843
2843,Speak story.,Sat Nov 26 00:00:00 GMT+01:00 2022,Birthday,2844
2844,Power however lead.,Sun Jul 24 00:00:00 GMT+01:00 2022,Wedding,2845
2845,Usually staff risk.,Sat May 07 00:00:00 GMT+01:00 2022,Wedding,2846
2846,Herself until.,Tue Jul 19 00:00:00 GMT+01:00 2022,Private Party,2847
2847,Hold note.,Mon Aug 25 00:00:00 GMT+01:00 2025,Private Party,2848
2848,Hour but far.,Tue May 07 00:00:00 GMT+01:00 2024,Wedding,2849
2849,Data tend.,Sat May 31 00:00:00 GMT+01:00 2025,Corporate Event,2850
2850,Force program plant.,Thu Oct 31 00:00:00 GMT+01:00 2024,Wedding,2851
2851,Suddenly yet.,Fri Oct 31 00:00:00 GMT+01:00 2025,Wedding,2852
2852,Follow.,Fri Nov 08 00:00:00 GMT+01:00 2024,Private Party,2853
2853,When employee future.,Tue Jan 31 00:00:00 GMT+01:00 2023,Wedding,2854
2854,Image any however.,Sat Mar 18 00:00:00 GMT+01:00 2023,Birthday,2855
2855,Western knowledge.,Sat May 27 00:00:00 GMT+01:00 2023,Wedding,2856
2856,Thus condition.,Sat Jul 12 00:00:00 GMT+01:00 2025,Birthday,2857
2857,Religious tough.,Sun Dec 07 00:00:00 GMT+01:00 2025,Private Party,2858
2858,Level military.,Sat Jan 04 00:00:00 GMT+01:00 2025,Corporate Event,2859
2859,View good.,Wed Aug 09 00:00:00 GMT+01:00 2023,Birthday,2860
2860,Along whom.,Mon Mar 11 00:00:00 GMT+01:00 2024,Corporate Event,2861
2861,Although exist.,Thu Jul 31 00:00:00 GMT+01:00 2025,Corporate Event,2862
2862,Deal work get.,Fri Feb 21 00:00:00 GMT+01:00 2025,Wedding,2863
2863,Blood similar.,Fri Dec 13 00:00:00 GMT+01:00 2024,Private Party,2864
2864,Tell position.,Sun Feb 26 00:00:00 GMT+01:00 2023,Birthday,2865
2865,Career well budget.,Sat Oct 04 00:00:00 GMT+01:00 2025,Private Party,2866
2866,History right leave vote.,Sat Jan 15 00:00:00 GMT+01:00 2022,Wedding,2867
2867,Six single.,Thu Aug 15 00:00:00 GMT+01:00 2024,Birthday,2868
2868,Create tax nearly.,Thu Jun 05 00:00:00 GMT+01:00 2025,Corporate Event,2869
2869,Author white team.,Tue May 17 00:00:00 GMT+01:00 2022,Wedding,2870
2870,Section take.,Sun Nov 09 00:00:00 GMT+01:00 2025,Corporate Event,2871
2871,Rate impact say TV.,Tue Mar 01 00:00:00 GMT+01:00 2022,Corporate Event,2872
2872,Value town accept right.,Wed Jun 19 00:00:00 GMT+01:00 2024,Corporate Event,2873
2873,Foot me.,Thu May 09 00:00:00 GMT+01:00 2024,Private Party,2874
2874,Republican thank indeed.,Wed Jan 22 00:00:00 GMT+01:00 2025,Wedding,2875
2875,More word like.,Fri Oct 11 00:00:00 GMT+01:00 2024,Birthday,2876
2876,I among.,Sun Jan 12 00:00:00 GMT+01:00 2025,Birthday,2877
2877,Side hour line.,Mon Jan 13 00:00:00 GMT+01:00 2025,Private Party,2878
2878,Different effect event.,Wed Jan 17 00:00:00 GMT+01:00 2024,Corporate Event,2879
2879,Lot rock.,Sun Dec 24 00:00:00 GMT+01:00 2023,Wedding,2880
2880,Friend less enter operation.,Mon Mar 31 00:00:00 GMT+01:00 2025,Wedding,2881
2881,Resource determine effort.,Mon Aug 05 00:00:00 GMT+01:00 2024,Wedding,2882
2882,Role perform believe.,Thu Aug 28 00:00:00 GMT+01:00 2025,Corporate Event,2883
2883,Develop must ready.,Thu Dec 25 00:00:00 GMT+01:00 2025,Wedding,2884
2884,Change enough them.,Wed Oct 05 00:00:00 GMT+01:00 2022,Private Party,2885
2885,Apply meeting.,Thu Oct 24 00:00:00 GMT+01:00 2024,Birthday,2886
2886,Treat.,Sat Jul 16 00:00:00 GMT+01:00 2022,Corporate Event,2887
2887,Task sound.,Thu Jun 01 00:00:00 GMT+01:00 2023,Wedding,2888
2888,Scientist artist.,Mon Jan 06 00:00:00 GMT+01:00 2025,Birthday,2889
2889,Produce information film.,Thu Apr 04 00:00:00 GMT+01:00 2024,Wedding,2890
2890,Court guy another.,Mon Oct 30 00:00:00 GMT+01:00 2023,Corporate Event,2891
2891,Teach star.,Wed May 17 00:00:00 GMT+01:00 2023,Corporate Event,2892
2892,Experience soldier generation.,Sun Aug 03 00:00:00 GMT+01:00 2025,Private Party,2893
2893,Stop discover money.,Mon Dec 12 00:00:00 GMT+01:00 2022,Private Party,2894
2894,Plan.,Sat Apr 27 00:00:00 GMT+01:00 2024,Wedding,2895
2895,Field choose.,Sat Jan 18 00:00:00 GMT+01:00 2025,Wedding,2896
2896,Debate back generation.,Sat Jan 15 00:00:00 GMT+01:00 2022,Wedding,2897
2897,Top help get.,Tue Jul 23 00:00:00 GMT+01:00 2024,Private Party,2898
2898,Others soldier dog.,Fri Nov 25 00:00:00 GMT+01:00 2022,Birthday,2899
2899,Of court turn.,Wed May 25 00:00:00 GMT+01:00 2022,Wedding,2900
2900,Simple care.,Wed Dec 07 00:00:00 GMT+01:00 2022,Private Party,2901
2901,Yeah become he.,Sat Aug 20 00:00:00 GMT+01:00 2022,Wedding,2902
2902,Popular play after.,Sun Mar 30 00:00:00 GMT+01:00 2025,Wedding,2903
2903,Question lose hard.,Wed Oct 22 00:00:00 GMT+01:00 2025,Private Party,2904
2904,Resource style apply.,Sun Nov 23 00:00:00 GMT+01:00 2025,Birthday,2905
2905,Race family politics.,Mon Jan 06 00:00:00 GMT+01:00 2025,Birthday,2906
2906,Within information.,Sun Mar 10 00:00:00 GMT+01:00 2024,Private Party,2907
2907,Theory change clearly.,Sun Jun 01 00:00:00 GMT+01:00 2025,Birthday,2908
2908,Design building same.,Tue Dec 10 00:00:00 GMT+01:00 2024,Private Party,2909
2909,Whom start quite.,Thu Jun 22 00:00:00 GMT+01:00 2023,Birthday,2910
2910,Writer relationship father.,Sun Jun 09 00:00:00 GMT+01:00 2024,Wedding,2911
2911,Her story.,Mon Feb 10 00:00:00 GMT+01:00 2025,Birthday,2912
2912,Film prove and.,Thu Apr 17 00:00:00 GMT+01:00 2025,Corporate Event,2913
2913,Line me service degree.,Wed Apr 27 00:00:00 GMT+01:00 2022,Corporate Event,2914
2914,Commercial.,Fri Nov 03 00:00:00 GMT+01:00 2023,Birthday,2915
2915,Technology mean cause write.,Wed Nov 06 00:00:00 GMT+01:00 2024,Wedding,2916
2916,Than free detail.,Mon Jan 13 00:00:00 GMT+01:00 2025,Wedding,2917
2917,Learn.,Tue Aug 27 00:00:00 GMT+01:00 2024,Corporate Event,2918
2918,Final pick.,Tue Sep 17 00:00:00 GMT+01:00 2024,Corporate Event,2919
2919,Traditional toward.,Fri Dec 23 00:00:00 GMT+01:00 2022,Private Party,2920
2920,Modern space.,Tue Feb 15 00:00:00 GMT+01:00 2022,Private Party,2921
2921,She news gun.,Sat Feb 15 00:00:00 GMT+01:00 2025,Wedding,2922
2922,Parent administration put.,Tue Jun 14 00:00:00 GMT+01:00 2022,Private Party,2923
2923,Thank.,Mon Sep 08 00:00:00 GMT+01:00 2025,Corporate Event,2924
2924,Piece poor.,Mon Sep 08 00:00:00 GMT+01:00 2025,Birthday,2925
2925,Those apply.,Sat Nov 29 00:00:00 GMT+01:00 2025,Private Party,2926
2926,Fine scene economy also.,Sat Jan 25 00:00:00 GMT+01:00 2025,Wedding,2927
2927,Station local study have.,Sat Aug 30 00:00:00 GMT+01:00 2025,Birthday,2928
2928,Finally general.,Fri Jul 14 00:00:00 GMT+01:00 2023,Corporate Event,2929
2929,Score central.,Mon Jan 10 00:00:00 GMT+01:00 2022,Corporate Event,2930
2930,Player wait design.,Sat Mar 16 00:00:00 GMT+01:00 2024,Private Party,2931
2931,Wind accept cause.,Mon May 20 00:00:00 GMT+01:00 2024,Corporate Event,2932
2932,Face must television.,Wed Nov 23 00:00:00 GMT+01:00 2022,Private Party,2933
2933,Actually really behind money.,Sat May 13 00:00:00 GMT+01:00 2023,Wedding,2934
2934,Second sport.,Wed Sep 28 00:00:00 GMT+01:00 2022,Wedding,2935
2935,Song summer wife way.,Sat Nov 15 00:00:00 GMT+01:00 2025,Birthday,2936
2936,Campaign public.,Wed Jul 09 00:00:00 GMT+01:00 2025,Wedding,2937
2937,List easy issue network.,Mon Oct 03 00:00:00 GMT+01:00 2022,Birthday,2938
2938,Sign minute.,Fri Feb 28 00:00:00 GMT+01:00 2025,Corporate Event,2939
2939,Public such.,Wed Jun 05 00:00:00 GMT+01:00 2024,Birthday,2940
2940,Religious really.,Tue Jul 09 00:00:00 GMT+01:00 2024,Corporate Event,2941
2941,Wait through despite so.,Sat Apr 27 00:00:00 GMT+01:00 2024,Private Party,2942
2942,Popular.,Wed May 22 00:00:00 GMT+01:00 2024,Corporate Event,2943
2943,In business Republican administration.,Tue Sep 09 00:00:00 GMT+01:00 2025,Private Party,2944
2944,Specific.,Thu Apr 21 00:00:00 GMT+01:00 2022,Corporate Event,2945
2945,Week.,Wed Nov 29 00:00:00 GMT+01:00 2023,Birthday,2946
2946,Hour office use along.,Sun Dec 17 00:00:00 GMT+01:00 2023,Corporate Event,2947
2947,Message grow far language.,Thu Jan 13 00:00:00 GMT+01:00 2022,Wedding,2948
2948,Exist reduce subject.,Fri Sep 26 00:00:00 GMT+01:00 2025,Birthday,2949
2949,Whom exist.,Tue May 20 00:00:00 GMT+01:00 2025,Wedding,2950
2950,Although can.,Sun Mar 17 00:00:00 GMT+01:00 2024,Birthday,2951
2951,Key anyone.,Tue Jan 16 00:00:00 GMT+01:00 2024,Corporate Event,2952
2952,Month particular.,Sat Dec 31 00:00:00 GMT+01:00 2022,Wedding,2953
2953,Sort summer enter.,Tue Aug 19 00:00:00 GMT+01:00 2025,Wedding,2954
2954,Authority lot nor.,Wed Jun 15 00:00:00 GMT+01:00 2022,Wedding,2955
2956,General window.,Wed Jan 22 00:00:00 GMT+01:00 2025,Wedding,2956
2957,Those evening wear.,Mon Nov 14 00:00:00 GMT+01:00 2022,Corporate Event,2957
2958,Final man movie door.,Mon Jul 10 00:00:00 GMT+01:00 2023,Birthday,2958
2959,Provide state field.,Sun Nov 24 00:00:00 GMT+01:00 2024,Birthday,2959
2960,Laugh I one deal.,Fri Jul 18 00:00:00 GMT+01:00 2025,Private Party,2960
2961,Though music value.,Tue Oct 10 00:00:00 GMT+01:00 2023,Wedding,2961
2962,Listen whatever short.,Fri Jun 20 00:00:00 GMT+01:00 2025,Corporate Event,2962
2963,Current share soldier.,Sat Nov 22 00:00:00 GMT+01:00 2025,Wedding,2963
2964,Could high.,Fri May 13 00:00:00 GMT+01:00 2022,Private Party,2964
2965,Commercial Mrs lay.,Mon Sep 30 00:00:00 GMT+01:00 2024,Birthday,2965
2966,Most end.,Thu Jun 26 00:00:00 GMT+01:00 2025,Private Party,2966
2967,Join.,Mon Mar 03 00:00:00 GMT+01:00 2025,Wedding,2967
2968,Place couple nation.,Tue Apr 11 00:00:00 GMT+01:00 2023,Birthday,2968
2969,Region letter establish.,Sun Dec 01 00:00:00 GMT+01:00 2024,Birthday,2969
2970,Its TV.,Fri Aug 12 00:00:00 GMT+01:00 2022,Birthday,2970
2971,Through wait.,Tue Dec 20 00:00:00 GMT+01:00 2022,Corporate Event,2971
2972,Produce whatever.,Fri Jan 06 00:00:00 GMT+01:00 2023,Corporate Event,2972
2973,Whose coach contain.,Sat Feb 24 00:00:00 GMT+01:00 2024,Private Party,2973
2974,Wall recent view.,Thu Aug 03 00:00:00 GMT+01:00 2023,Private Party,2974
2975,Spend do step.,Sat Apr 23 00:00:00 GMT+01:00 2022,Wedding,2975
2976,Week debate government.,Thu Mar 10 00:00:00 GMT+01:00 2022,Wedding,2976
2977,Write audience.,Wed Jul 16 00:00:00 GMT+01:00 2025,Private Party,2977
2978,Cultural nice.,Thu Mar 02 00:00:00 GMT+01:00 2023,Private Party,2978
2979,Free box.,Thu Feb 08 00:00:00 GMT+01:00 2024,Birthday,2979
2980,Include increase.,Sun Jul 23 00:00:00 GMT+01:00 2023,Private Party,2980
2981,Already great.,Sun Sep 21 00:00:00 GMT+01:00 2025,Wedding,2981
2982,Fish.,Mon Jan 08 00:00:00 GMT+01:00 2024,Wedding,2982
2983,Court seat figure.,Wed Apr 12 00:00:00 GMT+01:00 2023,Wedding,2983
2984,History simply.,Wed Oct 01 00:00:00 GMT+01:00 2025,Corporate Event,2984
2985,Charge stage finish.,Thu Sep 11 00:00:00 GMT+01:00 2025,Corporate Event,2985
2986,Expert less to.,Tue Oct 18 00:00:00 GMT+01:00 2022,Birthday,2986
2987,Tree allow too.,Fri Nov 11 00:00:00 GMT+01:00 2022,Corporate Event,2987
2988,More a.,Mon Jan 08 00:00:00 GMT+01:00 2024,Birthday,2988
2989,Think company.,Fri Aug 26 00:00:00 GMT+01:00 2022,Wedding,2989
2990,Sell this call.,Mon Dec 23 00:00:00 GMT+01:00 2024,Birthday,2990
2991,Break if group country.,Mon Dec 05 00:00:00 GMT+01:00 2022,Wedding,2991
2992,Well five above.,Tue Feb 06 00:00:00 GMT+01:00 2024,Birthday,2992
2993,Sort include per fire.,Wed Jan 03 00:00:00 GMT+01:00 2024,Corporate Event,2993
2994,Government age decade.,Sat Nov 12 00:00:00 GMT+01:00 2022,Birthday,2994
2995,Position how.,Fri Mar 08 00:00:00 GMT+01:00 2024,Wedding,2995
2996,With detail.,Fri Sep 27 00:00:00 GMT+01:00 2024,Birthday,2996
2997,Describe light pattern.,Tue Jul 01 00:00:00 GMT+01:00 2025,Birthday,2997
2998,Candidate turn.,Sat Mar 29 00:00:00 GMT+01:00 2025,Wedding,2998
2999,Determine blood green.,Mon Jan 29 00:00:00 GMT+01:00 2024,Private Party,2999
3000,Instead realize small.,Thu Oct 23 00:00:00 GMT+01:00 2025,Corporate Event,3000
3001,Civil feel.,Sat Jun 07 00:00:00 GMT+01:00 2025,Wedding,3001
3002,Bit possible bring.,Sat Mar 23 00:00:00 GMT+01:00 2024,Private Party,3002
3003,Expert avoid attack.,Wed Aug 16 00:00:00 GMT+01:00 2023,Corporate Event,3003
3004,Mind key.,Fri May 05 00:00:00 GMT+01:00 2023,Wedding,3004
3005,Vote whose dream.,Mon Aug 19 00:00:00 GMT+01:00 2024,Wedding,3005
3006,Wide identify.,Tue Nov 28 00:00:00 GMT+01:00 2023,Wedding,3006
3007,Drug.,Tue Apr 12 00:00:00 GMT+01:00 2022,Birthday,3007
3008,Include lay.,Sun Oct 23 00:00:00 GMT+01:00 2022,Private Party,3008
3009,Continue same lay campaign.,Tue Sep 27 00:00:00 GMT+01:00 2022,Corporate Event,3009
3010,Capital two.,Fri May 02 00:00:00 GMT+01:00 2025,Corporate Event,3010
3011,Now process activity.,Sun Nov 16 00:00:00 GMT+01:00 2025,Wedding,3011
3012,More one executive.,Fri Sep 23 00:00:00 GMT+01:00 2022,Birthday,3012
3013,Nice both.,Tue Jun 27 00:00:00 GMT+01:00 2023,Corporate Event,3013
3014,Sign just investment.,Fri Sep 27 00:00:00 GMT+01:00 2024,Birthday,3014
3015,Stay avoid also.,Thu May 22 00:00:00 GMT+01:00 2025,Private Party,3015
3016,Subject stand they.,Sun Apr 21 00:00:00 GMT+01:00 2024,Corporate Event,3016
3017,Traditional follow.,Thu Sep 26 00:00:00 GMT+01:00 2024,Corporate Event,3017
3018,Full land.,Mon May 05 00:00:00 GMT+01:00 2025,Private Party,3018
3019,Job carry.,Sun May 22 00:00:00 GMT+01:00 2022,Wedding,3019
3020,Step.,Sat Aug 10 00:00:00 GMT+01:00 2024,Wedding,3020
3021,These fly.,Tue May 02 00:00:00 GMT+01:00 2023,Birthday,3021
3022,Miss all time.,Thu Nov 16 00:00:00 GMT+01:00 2023,Birthday,3022
3023,Grow sport another.,Fri Feb 10 00:00:00 GMT+01:00 2023,Birthday,3023
3024,Leave high.,Wed Oct 01 00:00:00 GMT+01:00 2025,Private Party,3024
3025,Start here.,Mon Jan 09 00:00:00 GMT+01:00 2023,Birthday,3025
3026,During age.,Tue Jun 04 00:00:00 GMT+01:00 2024,Birthday,3026
3027,Product season bring.,Sat Dec 21 00:00:00 GMT+01:00 2024,Birthday,3027
3028,International box mind.,Wed Feb 08 00:00:00 GMT+01:00 2023,Corporate Event,3028
3029,Young.,Thu Nov 23 00:00:00 GMT+01:00 2023,Wedding,3029
3030,American picture floor.,Sat Feb 26 00:00:00 GMT+01:00 2022,Corporate Event,3030
3031,Without person everyone member.,Mon Jul 24 00:00:00 GMT+01:00 2023,Birthday,3031
3032,Believe.,Sun Jan 15 00:00:00 GMT+01:00 2023,Birthday,3032
3033,True around ok.,Wed Oct 15 00:00:00 GMT+01:00 2025,Birthday,3033
3034,Great blood north.,Sat Nov 29 00:00:00 GMT+01:00 2025,Wedding,3034
3035,Pressure class.,Sat Nov 22 00:00:00 GMT+01:00 2025,Birthday,3035
3036,Under.,Tue Jul 25 00:00:00 GMT+01:00 2023,Birthday,3036
3037,Reason detail by.,Tue Apr 25 00:00:00 GMT+01:00 2023,Private Party,3037
3038,Simple require its.,Thu Jan 18 00:00:00 GMT+01:00 2024,Wedding,3038
3039,Cover protect six.,Tue Mar 08 00:00:00 GMT+01:00 2022,Corporate Event,3039
3040,Measure yes necessary.,Fri Mar 14 00:00:00 GMT+01:00 2025,Birthday,3040
3041,Research.,Sun Jan 08 00:00:00 GMT+01:00 2023,Birthday,3041
3042,Often listen manager.,Wed Feb 19 00:00:00 GMT+01:00 2025,Wedding,3042
3043,Financial college space.,Thu Sep 14 00:00:00 GMT+01:00 2023,Corporate Event,3043
3044,Foot I million.,Tue Aug 13 00:00:00 GMT+01:00 2024,Corporate Event,3044
3045,Ahead military.,Wed Jul 05 00:00:00 GMT+01:00 2023,Corporate Event,3045
3046,Effort truth.,Wed Jul 30 00:00:00 GMT+01:00 2025,Birthday,3046
3047,Within join.,Sun Sep 14 00:00:00 GMT+01:00 2025,Birthday,3047
3048,Likely young.,Fri Jan 26 00:00:00 GMT+01:00 2024,Corporate Event,3048
3049,Democrat well.,Sun May 08 00:00:00 GMT+01:00 2022,Corporate Event,3049
3050,Seem type.,Sun Aug 31 00:00:00 GMT+01:00 2025,Wedding,3050
3051,Whatever rather unit.,Mon Jul 01 00:00:00 GMT+01:00 2024,Wedding,3051
3052,Account boy thousand.,Wed Oct 04 00:00:00 GMT+01:00 2023,Corporate Event,3052
3053,Adult drive.,Sat May 18 00:00:00 GMT+01:00 2024,Birthday,3053
3054,Believe stop.,Wed Nov 16 00:00:00 GMT+01:00 2022,Corporate Event,3054
3055,Sister eat school.,Sat Oct 15 00:00:00 GMT+01:00 2022,Wedding,3055
3056,Check course.,Sun May 01 00:00:00 GMT+01:00 2022,Birthday,3056
3057,Once unit.,Sat Dec 27 00:00:00 GMT+01:00 2025,Wedding,3057
3058,Entire forward animal.,Thu Oct 16 00:00:00 GMT+01:00 2025,Private Party,3058
3059,Worry participant lot.,Thu Mar 03 00:00:00 GMT+01:00 2022,Corporate Event,3059
3060,Enter born that reveal.,Thu Jun 09 00:00:00 GMT+01:00 2022,Birthday,3060
3061,Maybe why.,Tue Apr 02 00:00:00 GMT+01:00 2024,Private Party,3061
3062,Subject relate.,Sat May 07 00:00:00 GMT+01:00 2022,Private Party,3062
3063,Far Mrs.,Sat Apr 27 00:00:00 GMT+01:00 2024,Birthday,3063
3064,Or scene point.,Thu Mar 03 00:00:00 GMT+01:00 2022,Wedding,3064
3065,Newspaper feel model.,Thu Mar 17 00:00:00 GMT+01:00 2022,Corporate Event,3065
3066,Various upon test.,Thu Feb 01 00:00:00 GMT+01:00 2024,Corporate Event,3066
3067,Major indeed worker.,Fri Nov 08 00:00:00 GMT+01:00 2024,Wedding,3067
3068,After security shoulder.,Mon May 23 00:00:00 GMT+01:00 2022,Wedding,3068
3069,Sometimes research join.,Sun Nov 09 00:00:00 GMT+01:00 2025,Corporate Event,3069
3070,Summer generation Mr.,Fri Aug 04 00:00:00 GMT+01:00 2023,Birthday,3070
3071,Join body none.,Wed Aug 16 00:00:00 GMT+01:00 2023,Corporate Event,3071
3072,Economy lawyer method.,Sat Jul 27 00:00:00 GMT+01:00 2024,Corporate Event,3072
3073,Current today.,Thu Dec 14 00:00:00 GMT+01:00 2023,Wedding,3073
3074,Late worry feeling.,Thu Dec 05 00:00:00 GMT+01:00 2024,Corporate Event,3074
3075,Name note people.,Fri May 31 00:00:00 GMT+01:00 2024,Corporate Event,3075
3076,Room purpose staff.,Thu Dec 05 00:00:00 GMT+01:00 2024,Wedding,3076
3077,Shake learn structure.,Thu Dec 21 00:00:00 GMT+01:00 2023,Birthday,3077
3078,Author true.,Wed Nov 16 00:00:00 GMT+01:00 2022,Birthday,3078
3079,When take end.,Fri Nov 17 00:00:00 GMT+01:00 2023,Wedding,3079
3080,Me herself against.,Thu Aug 22 00:00:00 GMT+01:00 2024,Corporate Event,3080
3081,Seem born break.,Sat Jun 24 00:00:00 GMT+01:00 2023,Private Party,3081
3082,Treat candidate.,Sun Oct 29 00:00:00 GMT+01:00 2023,Corporate Event,3082
3083,Center low from different.,Thu Dec 14 00:00:00 GMT+01:00 2023,Wedding,3083
3084,Population modern hot sit.,Thu Jun 02 00:00:00 GMT+01:00 2022,Wedding,3084
3085,Down physical.,Mon Mar 07 00:00:00 GMT+01:00 2022,Corporate Event,3085
3086,Answer structure former attention.,Fri Sep 08 00:00:00 GMT+01:00 2023,Private Party,3086
3087,Consider current.,Sun Oct 12 00:00:00 GMT+01:00 2025,Corporate Event,3087
3088,Against evidence.,Sat Jul 23 00:00:00 GMT+01:00 2022,Birthday,3088
3089,Money floor.,Mon Dec 15 00:00:00 GMT+01:00 2025,Wedding,3089
3090,Also official their cold.,Thu Oct 31 00:00:00 GMT+01:00 2024,Private Party,3090
3091,Case mention later.,Sat Dec 06 00:00:00 GMT+01:00 2025,Birthday,3091
3092,Development direction claim.,Tue Sep 19 00:00:00 GMT+01:00 2023,Corporate Event,3092
3093,Oil.,Sat Dec 30 00:00:00 GMT+01:00 2023,Birthday,3093
3094,Past wonder.,Fri Apr 01 00:00:00 GMT+01:00 2022,Private Party,3094
3095,Food fast.,Sat May 13 00:00:00 GMT+01:00 2023,Private Party,3095
3096,Performance.,Tue Jul 25 00:00:00 GMT+01:00 2023,Wedding,3096
3097,Easy at culture.,Sat Dec 17 00:00:00 GMT+01:00 2022,Birthday,3097
3098,Money two year.,Mon Jan 23 00:00:00 GMT+01:00 2023,Private Party,3098
3099,Manager million.,Sun Nov 24 00:00:00 GMT+01:00 2024,Private Party,3099
3100,Whole voice money.,Mon Jan 24 00:00:00 GMT+01:00 2022,Birthday,3100
3101,No.,Sun Apr 02 00:00:00 GMT+01:00 2023,Wedding,3101
3102,Letter.,Mon Jul 18 00:00:00 GMT+01:00 2022,Private Party,3102
3103,Happy little.,Thu Jan 05 00:00:00 GMT+01:00 2023,Private Party,3103
3104,Home certainly center yard.,Mon Mar 04 00:00:00 GMT+01:00 2024,Wedding,3104
3105,Everybody plant.,Sun Nov 06 00:00:00 GMT+01:00 2022,Corporate Event,3105
3106,Any remain movement.,Tue Aug 12 00:00:00 GMT+01:00 2025,Private Party,3106
3107,What certainly.,Tue May 07 00:00:00 GMT+01:00 2024,Private Party,3107
3108,When difference.,Thu Feb 10 00:00:00 GMT+01:00 2022,Wedding,3108
3109,Executive modern.,Sun Mar 09 00:00:00 GMT+01:00 2025,Private Party,3109
3110,Almost sense.,Tue Apr 23 00:00:00 GMT+01:00 2024,Private Party,3110
3111,Reveal book defense.,Wed Apr 09 00:00:00 GMT+01:00 2025,Corporate Event,3111
3112,Enter lot own.,Mon Apr 08 00:00:00 GMT+01:00 2024,Private Party,3112
3113,Fund kid.,Wed Nov 29 00:00:00 GMT+01:00 2023,Wedding,3113
3114,Against pass.,Sun Apr 10 00:00:00 GMT+01:00 2022,Wedding,3114
3115,Vote type.,Sat Jul 05 00:00:00 GMT+01:00 2025,Corporate Event,3115
3116,Store.,Thu Oct 31 00:00:00 GMT+01:00 2024,Corporate Event,3116
3117,Firm loss.,Sun Oct 01 00:00:00 GMT+01:00 2023,Corporate Event,3117
3118,Despite game some.,Sun May 05 00:00:00 GMT+01:00 2024,Wedding,3118
3119,Low act whether.,Tue May 06 00:00:00 GMT+01:00 2025,Wedding,3119
3120,Establish affect.,Mon Aug 29 00:00:00 GMT+01:00 2022,Wedding,3120
3121,Act hot.,Wed Mar 08 00:00:00 GMT+01:00 2023,Corporate Event,3121
3122,Practice court.,Mon Jul 11 00:00:00 GMT+01:00 2022,Corporate Event,3122
3123,Lot toward time.,Thu Sep 01 00:00:00 GMT+01:00 2022,Private Party,3123
3124,Product.,Thu Nov 20 00:00:00 GMT+01:00 2025,Wedding,3124
3125,Another defense.,Sun Nov 26 00:00:00 GMT+01:00 2023,Birthday,3125
3126,Bar sense.,Wed Dec 27 00:00:00 GMT+01:00 2023,Birthday,3126
3127,Free wrong.,Tue Jan 07 00:00:00 GMT+01:00 2025,Private Party,3127
3128,Rather former.,Sun May 01 00:00:00 GMT+01:00 2022,Private Party,3128
3129,Have attention.,Mon Jan 08 00:00:00 GMT+01:00 2024,Private Party,3129
3130,Career speech son.,Sat Oct 28 00:00:00 GMT+01:00 2023,Corporate Event,3130
3131,Case nearly process.,Tue Oct 08 00:00:00 GMT+01:00 2024,Birthday,3131
3132,Tonight local bit.,Fri Dec 16 00:00:00 GMT+01:00 2022,Wedding,3132
3133,Enter.,Sat Jul 02 00:00:00 GMT+01:00 2022,Wedding,3133
3134,General eat.,Wed Jan 12 00:00:00 GMT+01:00 2022,Birthday,3134
3135,Actually individual.,Tue Apr 09 00:00:00 GMT+01:00 2024,Wedding,3135
3136,Fight national close.,Sat Dec 13 00:00:00 GMT+01:00 2025,Corporate Event,3136
3137,No.,Wed Feb 26 00:00:00 GMT+01:00 2025,Private Party,3137
3138,Station.,Mon May 12 00:00:00 GMT+01:00 2025,Birthday,3138
3139,Reflect list black.,Wed Dec 17 00:00:00 GMT+01:00 2025,Private Party,3139
3140,International other.,Mon Oct 17 00:00:00 GMT+01:00 2022,Birthday,3140
3141,Matter window behind.,Fri Jun 28 00:00:00 GMT+01:00 2024,Wedding,3141
3142,Bill price.,Wed Aug 20 00:00:00 GMT+01:00 2025,Wedding,3142
3143,Beyond.,Wed Jan 04 00:00:00 GMT+01:00 2023,Corporate Event,3143
3144,Learn money.,Sat Apr 12 00:00:00 GMT+01:00 2025,Wedding,3144
3145,Could.,Sun Jan 12 00:00:00 GMT+01:00 2025,Private Party,3145
3146,List stay land throughout.,Tue Mar 21 00:00:00 GMT+01:00 2023,Private Party,3146
3147,Contain.,Tue May 27 00:00:00 GMT+01:00 2025,Wedding,3147
3148,Hand such must thing.,Thu Feb 13 00:00:00 GMT+01:00 2025,Wedding,3148
3149,Ago next.,Wed Apr 05 00:00:00 GMT+01:00 2023,Private Party,3149
3150,Middle letter option.,Fri Aug 15 00:00:00 GMT+01:00 2025,Wedding,3150
3151,Action wear computer.,Sun Apr 02 00:00:00 GMT+01:00 2023,Private Party,3151
3152,Human probably recent.,Sun Mar 19 00:00:00 GMT+01:00 2023,Birthday,3152
3153,Gas measure herself.,Wed Feb 02 00:00:00 GMT+01:00 2022,Corporate Event,3153
3154,Standard actually score.,Sun Jan 05 00:00:00 GMT+01:00 2025,Corporate Event,3154
3155,Where be.,Wed Sep 10 00:00:00 GMT+01:00 2025,Wedding,3155
3156,Doctor drug then.,Thu May 23 00:00:00 GMT+01:00 2024,Wedding,3156
3157,Religious commercial think.,Fri Jul 01 00:00:00 GMT+01:00 2022,Private Party,3157
3158,Sell drop matter.,Mon Jul 01 00:00:00 GMT+01:00 2024,Birthday,3158
3159,Common.,Mon May 13 00:00:00 GMT+01:00 2024,Birthday,3159
3160,Exactly.,Tue Nov 07 00:00:00 GMT+01:00 2023,Wedding,3160
3161,If others how.,Tue Nov 21 00:00:00 GMT+01:00 2023,Birthday,3161
3162,Community image high official.,Sun Dec 15 00:00:00 GMT+01:00 2024,Birthday,3162
3163,Song result.,Sat Mar 09 00:00:00 GMT+01:00 2024,Wedding,3163
3164,Base challenge black.,Sat Aug 26 00:00:00 GMT+01:00 2023,Private Party,3164
3165,Create early.,Mon Apr 08 00:00:00 GMT+01:00 2024,Birthday,3165
3166,Discuss step sure.,Sun Apr 02 00:00:00 GMT+01:00 2023,Corporate Event,3166
3167,Spend front.,Mon Aug 12 00:00:00 GMT+01:00 2024,Wedding,3167
3168,Report effect.,Wed Nov 26 00:00:00 GMT+01:00 2025,Private Party,3168
3169,Staff none of.,Thu Nov 21 00:00:00 GMT+01:00 2024,Birthday,3169
3170,Tend interesting.,Wed May 25 00:00:00 GMT+01:00 2022,Birthday,3170
3171,Year sister give position.,Tue Dec 12 00:00:00 GMT+01:00 2023,Wedding,3171
3172,Cup line.,Sun Oct 13 00:00:00 GMT+01:00 2024,Wedding,3172
3173,Office race home.,Sun Dec 21 00:00:00 GMT+01:00 2025,Corporate Event,3173
3174,Direction.,Sun Sep 24 00:00:00 GMT+01:00 2023,Birthday,3174
3175,Quality financial establish.,Fri Oct 10 00:00:00 GMT+01:00 2025,Wedding,3175
3176,Avoid how movement avoid.,Wed Jul 03 00:00:00 GMT+01:00 2024,Corporate Event,3176
3177,Call plant seek.,Wed Jan 25 00:00:00 GMT+01:00 2023,Corporate Event,3177
3178,Choose west.,Sun Feb 25 00:00:00 GMT+01:00 2024,Birthday,3178
3179,Yard either.,Thu Mar 07 00:00:00 GMT+01:00 2024,Birthday,3179
3180,Exist forget strong.,Sun Dec 31 00:00:00 GMT+01:00 2023,Wedding,3180
3181,Prove either.,Sun Jun 15 00:00:00 GMT+01:00 2025,Private Party,3181
3182,Learn month.,Sat Nov 15 00:00:00 GMT+01:00 2025,Corporate Event,3182
3183,Get often great.,Sat Dec 02 00:00:00 GMT+01:00 2023,Birthday,3183
3184,Foot remain environmental.,Fri Oct 11 00:00:00 GMT+01:00 2024,Wedding,3184
3185,Prevent economy.,Mon Mar 11 00:00:00 GMT+01:00 2024,Private Party,3185
3186,Work land.,Wed Sep 20 00:00:00 GMT+01:00 2023,Wedding,3186
3187,Organization new character only.,Thu Nov 02 00:00:00 GMT+01:00 2023,Birthday,3187
3188,Mind work.,Thu May 23 00:00:00 GMT+01:00 2024,Private Party,3188
3189,History society.,Fri Feb 14 00:00:00 GMT+01:00 2025,Private Party,3189
3190,Role resource.,Sun Oct 02 00:00:00 GMT+01:00 2022,Private Party,3190
3191,Note significant work.,Tue Jan 31 00:00:00 GMT+01:00 2023,Wedding,3191
3192,Worker explain unit attorney.,Thu Dec 01 00:00:00 GMT+01:00 2022,Corporate Event,3192
3193,Over cost cause collection.,Sun Apr 02 00:00:00 GMT+01:00 2023,Private Party,3193
3194,Activity policy newspaper.,Fri Jul 19 00:00:00 GMT+01:00 2024,Corporate Event,3194
3195,Performance.,Sat Jan 29 00:00:00 GMT+01:00 2022,Corporate Event,3195
3196,Watch value.,Tue Mar 18 00:00:00 GMT+01:00 2025,Private Party,3196
3197,Campaign other agreement office.,Mon May 01 00:00:00 GMT+01:00 2023,Corporate Event,3197
3198,You bring turn.,Sun Mar 30 00:00:00 GMT+01:00 2025,Wedding,3198
3199,Well answer.,Thu Oct 10 00:00:00 GMT+01:00 2024,Corporate Event,3199
3200,Land degree make herself.,Tue Jun 03 00:00:00 GMT+01:00 2025,Wedding,3200
3201,Age whatever.,Sat Aug 17 00:00:00 GMT+01:00 2024,Birthday,3201
3202,Debate middle.,Sun May 07 00:00:00 GMT+01:00 2023,Corporate Event,3202
3203,Church money number.,Mon Dec 25 00:00:00 GMT+01:00 2023,Birthday,3203
3204,Third anything car anyone.,Fri Jun 30 00:00:00 GMT+01:00 2023,Birthday,3204
3205,Forward risk.,Mon Aug 12 00:00:00 GMT+01:00 2024,Birthday,3205
3206,Admit series ability.,Wed Dec 28 00:00:00 GMT+01:00 2022,Wedding,3206
3207,Beat his magazine.,Fri Jun 16 00:00:00 GMT+01:00 2023,Wedding,3207
3208,Fight clear.,Wed Dec 11 00:00:00 GMT+01:00 2024,Wedding,3208
3209,Upon Republican evening.,Mon Feb 13 00:00:00 GMT+01:00 2023,Corporate Event,3209
3679,Away we.,Tue Jun 21 00:00:00 GMT+01:00 2022,Birthday,3680
3210,Control consider cover.,Tue Jun 18 00:00:00 GMT+01:00 2024,Wedding,3210
3211,Peace recognize choice.,Tue Jul 23 00:00:00 GMT+01:00 2024,Wedding,3211
3212,Between describe around.,Sat Apr 06 00:00:00 GMT+01:00 2024,Private Party,3212
3213,Another way raise.,Sat Jun 25 00:00:00 GMT+01:00 2022,Private Party,3213
3214,Mind establish.,Mon Dec 01 00:00:00 GMT+01:00 2025,Birthday,3214
3215,Listen international.,Mon Aug 29 00:00:00 GMT+01:00 2022,Private Party,3215
3216,Spring perhaps.,Mon Oct 13 00:00:00 GMT+01:00 2025,Private Party,3216
3217,Much.,Sun Jun 05 00:00:00 GMT+01:00 2022,Birthday,3217
3218,Several oil.,Sat Jul 12 00:00:00 GMT+01:00 2025,Birthday,3218
3219,List like drug hour.,Tue Feb 04 00:00:00 GMT+01:00 2025,Wedding,3219
3220,Place while.,Wed Jun 26 00:00:00 GMT+01:00 2024,Corporate Event,3220
3221,Performance give decade.,Wed Jul 31 00:00:00 GMT+01:00 2024,Corporate Event,3221
3222,Inside left.,Tue Dec 20 00:00:00 GMT+01:00 2022,Corporate Event,3222
3223,From gun.,Wed Feb 23 00:00:00 GMT+01:00 2022,Birthday,3223
3224,More nature.,Sun Jun 23 00:00:00 GMT+01:00 2024,Corporate Event,3224
3225,Have.,Fri Sep 06 00:00:00 GMT+01:00 2024,Wedding,3225
3226,His language.,Tue Nov 26 00:00:00 GMT+01:00 2024,Birthday,3226
3227,Let cut.,Tue Mar 04 00:00:00 GMT+01:00 2025,Private Party,3227
3228,Nation boy.,Fri Jul 12 00:00:00 GMT+01:00 2024,Private Party,3228
3229,Hotel west would half.,Sun Sep 28 00:00:00 GMT+01:00 2025,Wedding,3229
3230,Movie include.,Tue Mar 12 00:00:00 GMT+01:00 2024,Corporate Event,3230
3231,Customer.,Tue Jan 31 00:00:00 GMT+01:00 2023,Corporate Event,3231
3232,Develop.,Mon Jan 17 00:00:00 GMT+01:00 2022,Corporate Event,3232
3233,Beat.,Sun Dec 25 00:00:00 GMT+01:00 2022,Wedding,3233
3234,Might those.,Thu Sep 07 00:00:00 GMT+01:00 2023,Private Party,3234
3235,Along much around.,Tue Apr 01 00:00:00 GMT+01:00 2025,Corporate Event,3235
3236,While central.,Sat Apr 22 00:00:00 GMT+01:00 2023,Private Party,3236
3237,Fact network person.,Tue Sep 09 00:00:00 GMT+01:00 2025,Corporate Event,3237
3238,News that.,Wed May 18 00:00:00 GMT+01:00 2022,Birthday,3238
3239,President.,Tue Jan 31 00:00:00 GMT+01:00 2023,Private Party,3239
3240,Prove man subject yeah.,Mon Apr 17 00:00:00 GMT+01:00 2023,Private Party,3240
3241,Staff no people.,Fri Sep 08 00:00:00 GMT+01:00 2023,Corporate Event,3241
3242,Natural.,Sun Aug 28 00:00:00 GMT+01:00 2022,Private Party,3242
3243,Accept tell huge.,Sun Jul 07 00:00:00 GMT+01:00 2024,Birthday,3243
3244,Shake hundred say prevent.,Thu Feb 17 00:00:00 GMT+01:00 2022,Corporate Event,3244
3245,Type finally.,Sat Oct 15 00:00:00 GMT+01:00 2022,Wedding,3245
3246,American.,Sun Mar 12 00:00:00 GMT+01:00 2023,Corporate Event,3246
3247,Church decision.,Mon Sep 16 00:00:00 GMT+01:00 2024,Birthday,3247
3248,Majority own down.,Wed Mar 01 00:00:00 GMT+01:00 2023,Birthday,3248
3249,Program imagine.,Mon Feb 07 00:00:00 GMT+01:00 2022,Birthday,3249
3250,City out require.,Fri Apr 18 00:00:00 GMT+01:00 2025,Wedding,3250
3251,Close may.,Fri Sep 26 00:00:00 GMT+01:00 2025,Corporate Event,3251
3252,Card personal cause.,Wed May 22 00:00:00 GMT+01:00 2024,Wedding,3252
3253,Including necessary will.,Tue May 02 00:00:00 GMT+01:00 2023,Wedding,3253
3254,Minute media step.,Fri Nov 28 00:00:00 GMT+01:00 2025,Private Party,3254
3255,Because.,Sat Dec 06 00:00:00 GMT+01:00 2025,Wedding,3255
3256,Relationship value.,Thu May 02 00:00:00 GMT+01:00 2024,Corporate Event,3256
3257,National success.,Fri Jul 29 00:00:00 GMT+01:00 2022,Wedding,3257
3258,Figure still.,Sun Nov 12 00:00:00 GMT+01:00 2023,Birthday,3258
3259,They country left.,Wed Aug 28 00:00:00 GMT+01:00 2024,Wedding,3259
3260,Analysis might buy.,Thu Jun 26 00:00:00 GMT+01:00 2025,Wedding,3260
3261,Level girl senior artist.,Wed Aug 23 00:00:00 GMT+01:00 2023,Private Party,3261
3262,Maybe focus.,Mon Feb 07 00:00:00 GMT+01:00 2022,Corporate Event,3262
3263,Activity society.,Wed Feb 22 00:00:00 GMT+01:00 2023,Wedding,3263
3264,Nothing.,Thu Jun 02 00:00:00 GMT+01:00 2022,Wedding,3264
3265,Second single continue.,Wed Sep 17 00:00:00 GMT+01:00 2025,Private Party,3265
3266,Miss question quickly.,Tue Mar 07 00:00:00 GMT+01:00 2023,Corporate Event,3266
3267,Actually couple structure.,Thu May 29 00:00:00 GMT+01:00 2025,Birthday,3267
3268,Group officer.,Sat Apr 27 00:00:00 GMT+01:00 2024,Wedding,3268
3269,Foreign everything should event.,Tue Jul 15 00:00:00 GMT+01:00 2025,Wedding,3269
3270,Area side together.,Wed Dec 06 00:00:00 GMT+01:00 2023,Birthday,3270
3271,According brother.,Sat Feb 22 00:00:00 GMT+01:00 2025,Wedding,3271
3272,Send claim.,Tue Jun 27 00:00:00 GMT+01:00 2023,Corporate Event,3272
3273,Response body.,Tue Jul 19 00:00:00 GMT+01:00 2022,Birthday,3273
3274,Wear.,Mon Nov 13 00:00:00 GMT+01:00 2023,Private Party,3274
3275,Money shoulder idea.,Mon Aug 04 00:00:00 GMT+01:00 2025,Corporate Event,3275
3276,Clearly truth.,Tue Jan 04 00:00:00 GMT+01:00 2022,Wedding,3276
3277,Some today region.,Sat Nov 08 00:00:00 GMT+01:00 2025,Corporate Event,3277
3278,Act not administration prevent.,Sun Nov 12 00:00:00 GMT+01:00 2023,Private Party,3278
3279,Avoid prove.,Mon Nov 24 00:00:00 GMT+01:00 2025,Corporate Event,3279
3280,Create stand.,Wed Nov 20 00:00:00 GMT+01:00 2024,Birthday,3280
3281,End ago.,Fri Oct 27 00:00:00 GMT+01:00 2023,Birthday,3281
3282,Room.,Sun Jan 19 00:00:00 GMT+01:00 2025,Private Party,3282
3283,Analysis it.,Mon Feb 27 00:00:00 GMT+01:00 2023,Birthday,3283
3284,Lot read gas.,Mon Feb 10 00:00:00 GMT+01:00 2025,Corporate Event,3284
3285,Traditional situation.,Sat May 07 00:00:00 GMT+01:00 2022,Private Party,3285
3286,Rich across fine.,Fri Jun 09 00:00:00 GMT+01:00 2023,Corporate Event,3286
3287,In child.,Thu Apr 28 00:00:00 GMT+01:00 2022,Wedding,3287
3288,Live free near.,Sat Mar 02 00:00:00 GMT+01:00 2024,Wedding,3288
3289,Most instead apply.,Wed Nov 20 00:00:00 GMT+01:00 2024,Corporate Event,3289
3290,Material game daughter.,Tue Oct 04 00:00:00 GMT+01:00 2022,Corporate Event,3290
3291,Lose box image.,Tue Apr 08 00:00:00 GMT+01:00 2025,Corporate Event,3291
3292,Walk else relationship.,Thu May 25 00:00:00 GMT+01:00 2023,Private Party,3292
3293,Suddenly ago meet.,Sun Jun 02 00:00:00 GMT+01:00 2024,Corporate Event,3293
3294,Thought toward.,Tue Nov 18 00:00:00 GMT+01:00 2025,Private Party,3294
3295,Loss arm.,Sat Apr 30 00:00:00 GMT+01:00 2022,Birthday,3295
3296,Visit positive.,Thu Jun 08 00:00:00 GMT+01:00 2023,Private Party,3296
3297,Marriage reach.,Sat Sep 23 00:00:00 GMT+01:00 2023,Birthday,3297
3298,Bit open bad.,Sat Mar 19 00:00:00 GMT+01:00 2022,Corporate Event,3298
3299,Economic miss feel.,Mon Jun 06 00:00:00 GMT+01:00 2022,Private Party,3299
3300,According bit.,Sat Nov 23 00:00:00 GMT+01:00 2024,Wedding,3300
3301,Response common.,Wed Dec 24 00:00:00 GMT+01:00 2025,Wedding,3301
3302,Put thank reach husband.,Wed Feb 21 00:00:00 GMT+01:00 2024,Corporate Event,3302
3303,Everyone fine.,Fri May 19 00:00:00 GMT+01:00 2023,Birthday,3303
3304,Read high form effect.,Thu Aug 24 00:00:00 GMT+01:00 2023,Corporate Event,3304
3305,Draw space identify poor.,Thu Oct 31 00:00:00 GMT+01:00 2024,Private Party,3305
3306,Game environment.,Mon Apr 25 00:00:00 GMT+01:00 2022,Birthday,3306
3307,Class yard establish author.,Sun Mar 16 00:00:00 GMT+01:00 2025,Wedding,3307
3308,Authority such.,Sun Jan 16 00:00:00 GMT+01:00 2022,Corporate Event,3308
3309,Speech sort.,Tue Jun 11 00:00:00 GMT+01:00 2024,Private Party,3309
3310,Majority senior.,Fri Oct 04 00:00:00 GMT+01:00 2024,Wedding,3310
3311,Human read travel.,Fri Aug 11 00:00:00 GMT+01:00 2023,Wedding,3311
3312,Head customer choice.,Mon Dec 18 00:00:00 GMT+01:00 2023,Wedding,3312
3313,Government laugh.,Tue Feb 04 00:00:00 GMT+01:00 2025,Corporate Event,3313
3314,Born build condition.,Fri Jun 09 00:00:00 GMT+01:00 2023,Corporate Event,3314
3315,Seven pass.,Sat Feb 11 00:00:00 GMT+01:00 2023,Corporate Event,3315
3316,Summer husband show.,Mon Sep 09 00:00:00 GMT+01:00 2024,Birthday,3316
3317,Nor success fire all.,Mon Nov 28 00:00:00 GMT+01:00 2022,Birthday,3317
3318,Similar strong lead.,Mon Dec 19 00:00:00 GMT+01:00 2022,Wedding,3318
3319,Make hit.,Wed Mar 09 00:00:00 GMT+01:00 2022,Corporate Event,3319
3320,Side continue employee.,Tue May 16 00:00:00 GMT+01:00 2023,Corporate Event,3320
3321,Tax hundred.,Tue Apr 11 00:00:00 GMT+01:00 2023,Wedding,3321
3322,He require administration run.,Sun Mar 26 00:00:00 GMT+01:00 2023,Wedding,3322
3323,Yes budget reach.,Sat May 18 00:00:00 GMT+01:00 2024,Corporate Event,3323
3324,Stock manager.,Sat Aug 10 00:00:00 GMT+01:00 2024,Wedding,3324
3325,For but up.,Tue Jun 17 00:00:00 GMT+01:00 2025,Birthday,3325
3326,More just if sea.,Sun Sep 14 00:00:00 GMT+01:00 2025,Wedding,3326
3327,Suffer indicate.,Sun Jun 29 00:00:00 GMT+01:00 2025,Private Party,3327
3328,Fly teach.,Wed Jul 10 00:00:00 GMT+01:00 2024,Corporate Event,3328
3329,Long my upon.,Wed Aug 20 00:00:00 GMT+01:00 2025,Wedding,3329
3330,Experience occur smile.,Sat Jul 06 00:00:00 GMT+01:00 2024,Corporate Event,3330
3331,Effect learn street.,Thu Jul 04 00:00:00 GMT+01:00 2024,Birthday,3331
3332,Crime thank difference.,Wed Feb 23 00:00:00 GMT+01:00 2022,Private Party,3332
3333,Main goal.,Wed Aug 02 00:00:00 GMT+01:00 2023,Wedding,3333
3334,Military machine.,Mon Apr 04 00:00:00 GMT+01:00 2022,Birthday,3334
3335,Help break.,Wed Oct 19 00:00:00 GMT+01:00 2022,Corporate Event,3335
3336,Fast anyone.,Fri Aug 22 00:00:00 GMT+01:00 2025,Birthday,3336
3337,Feel agreement.,Sat Sep 16 00:00:00 GMT+01:00 2023,Wedding,3337
3338,Tv experience.,Thu Apr 11 00:00:00 GMT+01:00 2024,Private Party,3338
3339,Agree sign.,Fri Apr 26 00:00:00 GMT+01:00 2024,Wedding,3339
3340,All institution.,Sun Dec 15 00:00:00 GMT+01:00 2024,Corporate Event,3340
3341,Type step.,Tue Oct 08 00:00:00 GMT+01:00 2024,Private Party,3341
3342,However.,Wed Feb 08 00:00:00 GMT+01:00 2023,Corporate Event,3342
3343,Always list.,Sun Jan 08 00:00:00 GMT+01:00 2023,Birthday,3343
3344,Film tree.,Tue Sep 12 00:00:00 GMT+01:00 2023,Corporate Event,3344
3345,Throw somebody.,Mon Feb 27 00:00:00 GMT+01:00 2023,Corporate Event,3345
3346,Minute down memory.,Mon Dec 11 00:00:00 GMT+01:00 2023,Wedding,3346
3347,Star son coach.,Tue Jul 08 00:00:00 GMT+01:00 2025,Private Party,3347
3348,Charge.,Wed Jul 26 00:00:00 GMT+01:00 2023,Birthday,3348
3349,Pass public address.,Sun May 18 00:00:00 GMT+01:00 2025,Corporate Event,3349
3350,About act.,Fri Feb 24 00:00:00 GMT+01:00 2023,Private Party,3350
3351,Thought fine allow.,Sun Mar 24 00:00:00 GMT+01:00 2024,Private Party,3351
3352,Become want.,Sun Jun 05 00:00:00 GMT+01:00 2022,Birthday,3352
3353,Defense Mr decide.,Tue Mar 28 00:00:00 GMT+01:00 2023,Private Party,3353
3354,Game work ok open.,Sun Jun 16 00:00:00 GMT+01:00 2024,Corporate Event,3354
3355,Store easy affect.,Thu Apr 27 00:00:00 GMT+01:00 2023,Birthday,3355
3356,Care piece raise.,Sat Nov 30 00:00:00 GMT+01:00 2024,Private Party,3356
3357,Type positive somebody.,Mon Sep 05 00:00:00 GMT+01:00 2022,Corporate Event,3357
3358,Court employee.,Sun Jul 20 00:00:00 GMT+01:00 2025,Private Party,3358
3359,Goal price.,Thu Mar 03 00:00:00 GMT+01:00 2022,Wedding,3359
3360,Site from.,Mon Sep 25 00:00:00 GMT+01:00 2023,Corporate Event,3360
3361,Think.,Thu Feb 10 00:00:00 GMT+01:00 2022,Birthday,3361
3362,Together bad.,Thu Aug 22 00:00:00 GMT+01:00 2024,Corporate Event,3362
3363,Performance majority provide.,Wed Jan 11 00:00:00 GMT+01:00 2023,Corporate Event,3363
3364,Build economy.,Wed Jun 14 00:00:00 GMT+01:00 2023,Corporate Event,3364
3365,Pick.,Tue Nov 29 00:00:00 GMT+01:00 2022,Wedding,3365
3366,Choose grow recognize.,Wed Dec 25 00:00:00 GMT+01:00 2024,Corporate Event,3366
3367,Avoid church sure.,Tue Nov 15 00:00:00 GMT+01:00 2022,Corporate Event,3367
3368,I similar.,Thu Oct 31 00:00:00 GMT+01:00 2024,Birthday,3368
3369,Floor message.,Tue Jul 18 00:00:00 GMT+01:00 2023,Private Party,3369
3370,Protect firm property.,Fri Jul 26 00:00:00 GMT+01:00 2024,Corporate Event,3370
3371,Market.,Fri Nov 07 00:00:00 GMT+01:00 2025,Corporate Event,3371
3372,Low share through.,Sun Jun 29 00:00:00 GMT+01:00 2025,Birthday,3372
3373,Wide black.,Sat Apr 23 00:00:00 GMT+01:00 2022,Birthday,3373
3374,Week yourself talk.,Sat Mar 09 00:00:00 GMT+01:00 2024,Birthday,3374
3375,Example quickly model entire.,Mon Jan 03 00:00:00 GMT+01:00 2022,Corporate Event,3375
3376,Sell consider well.,Wed Mar 06 00:00:00 GMT+01:00 2024,Wedding,3376
3377,Sport health particularly.,Thu Jul 13 00:00:00 GMT+01:00 2023,Birthday,3377
3378,Husband center.,Mon Jun 26 00:00:00 GMT+01:00 2023,Wedding,3378
3379,Sit able.,Mon Jan 06 00:00:00 GMT+01:00 2025,Private Party,3379
3380,Science occur computer name.,Sat Apr 30 00:00:00 GMT+01:00 2022,Private Party,3380
3381,Art kid.,Sun Jul 17 00:00:00 GMT+01:00 2022,Wedding,3381
3382,Somebody same.,Sat Feb 10 00:00:00 GMT+01:00 2024,Birthday,3382
3383,Growth at identify.,Sat Dec 07 00:00:00 GMT+01:00 2024,Birthday,3383
3384,Wide know start.,Fri Mar 10 00:00:00 GMT+01:00 2023,Birthday,3384
3385,Garden good.,Wed Apr 06 00:00:00 GMT+01:00 2022,Birthday,3385
3386,Generation early.,Sun Jul 21 00:00:00 GMT+01:00 2024,Birthday,3386
3387,Single make tree.,Thu Jun 19 00:00:00 GMT+01:00 2025,Corporate Event,3387
3388,Kind cup.,Sat Mar 30 00:00:00 GMT+01:00 2024,Corporate Event,3388
3389,Power store control.,Wed Mar 09 00:00:00 GMT+01:00 2022,Private Party,3389
3390,Hospital speak home operation.,Thu Jul 11 00:00:00 GMT+01:00 2024,Wedding,3390
3391,Source list.,Tue Feb 28 00:00:00 GMT+01:00 2023,Corporate Event,3391
3392,Age return.,Sat Nov 05 00:00:00 GMT+01:00 2022,Birthday,3392
3393,Mrs health.,Sun Aug 11 00:00:00 GMT+01:00 2024,Wedding,3393
3394,Support rise hospital.,Thu Mar 03 00:00:00 GMT+01:00 2022,Birthday,3394
3395,Lot law.,Mon Oct 27 00:00:00 GMT+01:00 2025,Corporate Event,3395
3396,One.,Sat Aug 13 00:00:00 GMT+01:00 2022,Birthday,3396
3397,Student public throughout.,Sun Jan 21 00:00:00 GMT+01:00 2024,Corporate Event,3397
3398,Lead suffer.,Tue Feb 07 00:00:00 GMT+01:00 2023,Private Party,3398
3399,You.,Sat Sep 02 00:00:00 GMT+01:00 2023,Wedding,3399
3400,Human stock fact Republican.,Sun Mar 13 00:00:00 GMT+01:00 2022,Private Party,3400
3401,Response little.,Wed Jun 04 00:00:00 GMT+01:00 2025,Corporate Event,3401
3402,Speech sister reflect.,Sat Apr 02 00:00:00 GMT+01:00 2022,Corporate Event,3402
3403,Address also.,Wed Mar 09 00:00:00 GMT+01:00 2022,Private Party,3403
3404,Late hundred official.,Sun Feb 26 00:00:00 GMT+01:00 2023,Birthday,3404
3405,Them agency.,Sun Jul 16 00:00:00 GMT+01:00 2023,Corporate Event,3405
3406,Interest record.,Sun Jan 05 00:00:00 GMT+01:00 2025,Corporate Event,3406
3407,Job new soon.,Sun Mar 06 00:00:00 GMT+01:00 2022,Corporate Event,3407
3408,Century set.,Tue Jan 17 00:00:00 GMT+01:00 2023,Private Party,3408
3409,Able real national.,Tue Jun 07 00:00:00 GMT+01:00 2022,Corporate Event,3409
3410,Dinner baby similar.,Sat Dec 27 00:00:00 GMT+01:00 2025,Private Party,3410
3411,Test artist myself.,Wed May 07 00:00:00 GMT+01:00 2025,Birthday,3411
3412,Trip peace camera.,Tue May 27 00:00:00 GMT+01:00 2025,Corporate Event,3412
3413,Simple can.,Tue Feb 04 00:00:00 GMT+01:00 2025,Private Party,3413
3414,Program question factor.,Tue Feb 06 00:00:00 GMT+01:00 2024,Birthday,3414
3415,Anything themselves.,Tue Jan 16 00:00:00 GMT+01:00 2024,Birthday,3415
3416,Town deep.,Sun Apr 13 00:00:00 GMT+01:00 2025,Birthday,3416
3417,International.,Fri Feb 03 00:00:00 GMT+01:00 2023,Birthday,3417
3418,Measure him meet economic.,Wed Jul 23 00:00:00 GMT+01:00 2025,Private Party,3418
3419,Also be box.,Tue Aug 12 00:00:00 GMT+01:00 2025,Wedding,3419
3420,Issue everybody.,Sun Nov 19 00:00:00 GMT+01:00 2023,Wedding,3420
3421,Want.,Thu Sep 19 00:00:00 GMT+01:00 2024,Wedding,3421
3422,So should.,Wed Feb 02 00:00:00 GMT+01:00 2022,Wedding,3422
3423,Hospital project.,Fri Mar 31 00:00:00 GMT+01:00 2023,Wedding,3423
3424,Short explain try.,Sun Mar 19 00:00:00 GMT+01:00 2023,Corporate Event,3424
3425,Soldier.,Mon Mar 10 00:00:00 GMT+01:00 2025,Birthday,3425
3426,Call adult.,Thu Dec 11 00:00:00 GMT+01:00 2025,Corporate Event,3426
3427,Think.,Fri Oct 18 00:00:00 GMT+01:00 2024,Birthday,3427
3428,Couple right work.,Sat May 20 00:00:00 GMT+01:00 2023,Birthday,3428
3429,Cell picture.,Fri Aug 23 00:00:00 GMT+01:00 2024,Wedding,3429
3430,Will far.,Tue Jul 15 00:00:00 GMT+01:00 2025,Private Party,3430
3431,Physical those them.,Tue Apr 22 00:00:00 GMT+01:00 2025,Wedding,3431
3432,Program step.,Sun May 08 00:00:00 GMT+01:00 2022,Birthday,3432
3433,Life expect.,Sat Jun 15 00:00:00 GMT+01:00 2024,Corporate Event,3433
3434,Fall art.,Mon Jan 16 00:00:00 GMT+01:00 2023,Corporate Event,3434
3435,Red day.,Sun Oct 02 00:00:00 GMT+01:00 2022,Private Party,3435
3436,Natural huge.,Thu Jul 28 00:00:00 GMT+01:00 2022,Corporate Event,3436
3437,Read college poor station.,Sun Jul 17 00:00:00 GMT+01:00 2022,Birthday,3437
3438,Worker so.,Tue Jun 25 00:00:00 GMT+01:00 2024,Wedding,3438
3439,What base.,Fri Nov 24 00:00:00 GMT+01:00 2023,Wedding,3439
3440,Entire notice.,Thu Dec 22 00:00:00 GMT+01:00 2022,Corporate Event,3440
3441,Able cost direction anything.,Thu Apr 06 00:00:00 GMT+01:00 2023,Private Party,3441
3442,Buy money.,Thu Nov 30 00:00:00 GMT+01:00 2023,Corporate Event,3442
3443,Quite have away.,Wed Mar 20 00:00:00 GMT+01:00 2024,Private Party,3443
3444,Pm finally.,Sat Jun 25 00:00:00 GMT+01:00 2022,Birthday,3444
3445,Son science old.,Thu Mar 20 00:00:00 GMT+01:00 2025,Wedding,3445
3837,And wall.,Thu Mar 21 00:00:00 GMT+01:00 2024,Corporate Event,3837
3446,School always big establish.,Tue Nov 07 00:00:00 GMT+01:00 2023,Wedding,3446
3447,Stock.,Mon Nov 24 00:00:00 GMT+01:00 2025,Corporate Event,3447
3448,Magazine name.,Sat May 11 00:00:00 GMT+01:00 2024,Corporate Event,3448
3449,Table perform.,Thu Apr 03 00:00:00 GMT+01:00 2025,Private Party,3449
3450,Ask able both.,Fri May 06 00:00:00 GMT+01:00 2022,Birthday,3450
3451,Relationship beyond well.,Wed Sep 20 00:00:00 GMT+01:00 2023,Corporate Event,3451
3452,Authority start.,Sat Sep 27 00:00:00 GMT+01:00 2025,Corporate Event,3452
3453,Inside when help.,Mon Nov 14 00:00:00 GMT+01:00 2022,Wedding,3453
3454,Career onto.,Sat Sep 03 00:00:00 GMT+01:00 2022,Private Party,3454
3455,Thing society low.,Sun Oct 30 00:00:00 GMT+01:00 2022,Wedding,3455
3456,Positive natural hand would.,Fri Aug 15 00:00:00 GMT+01:00 2025,Private Party,3456
3457,Drive factor human structure.,Wed Oct 29 00:00:00 GMT+01:00 2025,Birthday,3457
3458,He direction theory.,Thu Jul 18 00:00:00 GMT+01:00 2024,Wedding,3458
3459,Soldier price face.,Sat Jan 11 00:00:00 GMT+01:00 2025,Corporate Event,3459
3460,Certainly door day.,Thu Apr 27 00:00:00 GMT+01:00 2023,Wedding,3460
3461,Sure indeed medical and.,Mon Oct 23 00:00:00 GMT+01:00 2023,Birthday,3461
3462,Common although natural leave.,Sat Feb 18 00:00:00 GMT+01:00 2023,Corporate Event,3462
3463,Past save everyone.,Thu Jun 09 00:00:00 GMT+01:00 2022,Wedding,3463
3464,Control defense new last.,Sun Feb 05 00:00:00 GMT+01:00 2023,Corporate Event,3464
3465,Last instead.,Fri Jan 05 00:00:00 GMT+01:00 2024,Birthday,3465
3466,Seven.,Wed Dec 07 00:00:00 GMT+01:00 2022,Wedding,3466
3467,Full thought.,Sun Oct 16 00:00:00 GMT+01:00 2022,Birthday,3467
3468,Nor although.,Fri Sep 30 00:00:00 GMT+01:00 2022,Corporate Event,3468
3469,Heavy stage without.,Thu Dec 22 00:00:00 GMT+01:00 2022,Corporate Event,3469
3470,Decade want leader beautiful.,Fri Feb 14 00:00:00 GMT+01:00 2025,Wedding,3470
3471,Spend since until.,Fri Jun 24 00:00:00 GMT+01:00 2022,Birthday,3471
3472,Hit yeah.,Sun Feb 05 00:00:00 GMT+01:00 2023,Corporate Event,3472
3473,Base world.,Sat Nov 25 00:00:00 GMT+01:00 2023,Birthday,3473
3474,Close land collection.,Sun Apr 02 00:00:00 GMT+01:00 2023,Corporate Event,3474
3475,Now civil low watch.,Wed May 29 00:00:00 GMT+01:00 2024,Corporate Event,3475
3476,Student sing now.,Tue Oct 28 00:00:00 GMT+01:00 2025,Birthday,3476
3477,Democrat.,Thu Oct 17 00:00:00 GMT+01:00 2024,Private Party,3477
3478,Authority budget pass.,Wed Feb 07 00:00:00 GMT+01:00 2024,Wedding,3478
3479,Speech.,Wed Dec 18 00:00:00 GMT+01:00 2024,Corporate Event,3479
3480,Health however.,Fri Jun 27 00:00:00 GMT+01:00 2025,Birthday,3480
3481,Including offer month.,Sun Oct 16 00:00:00 GMT+01:00 2022,Corporate Event,3481
3482,Return everybody answer.,Mon Jun 09 00:00:00 GMT+01:00 2025,Wedding,3482
3483,Tree candidate.,Sat Jul 19 00:00:00 GMT+01:00 2025,Private Party,3483
3484,Model few.,Sun Jan 30 00:00:00 GMT+01:00 2022,Wedding,3484
3485,Stand per worker.,Thu Dec 07 00:00:00 GMT+01:00 2023,Wedding,3485
3486,Identify responsibility.,Mon Jan 03 00:00:00 GMT+01:00 2022,Wedding,3486
3487,Research manager material.,Tue Apr 25 00:00:00 GMT+01:00 2023,Corporate Event,3487
3488,Ground race determine.,Mon Aug 12 00:00:00 GMT+01:00 2024,Private Party,3488
3489,Cost.,Thu Jun 20 00:00:00 GMT+01:00 2024,Wedding,3489
3490,Coach health serve.,Fri Sep 23 00:00:00 GMT+01:00 2022,Wedding,3490
3491,Onto.,Sat Oct 18 00:00:00 GMT+01:00 2025,Birthday,3491
3492,Cold deal.,Fri Nov 25 00:00:00 GMT+01:00 2022,Birthday,3492
3493,Subject describe.,Tue Nov 01 00:00:00 GMT+01:00 2022,Private Party,3493
3494,Must specific whose.,Mon Sep 25 00:00:00 GMT+01:00 2023,Corporate Event,3494
3495,Near dog which.,Thu Jan 18 00:00:00 GMT+01:00 2024,Wedding,3495
3496,Place up.,Mon Aug 12 00:00:00 GMT+01:00 2024,Corporate Event,3496
3497,At property return.,Mon Sep 08 00:00:00 GMT+01:00 2025,Birthday,3497
3498,Blood although treatment.,Fri Jul 07 00:00:00 GMT+01:00 2023,Private Party,3498
3499,Your force.,Sat Oct 26 00:00:00 GMT+01:00 2024,Wedding,3499
3500,Professional nearly.,Fri Jun 14 00:00:00 GMT+01:00 2024,Birthday,3500
3501,Study ahead whom.,Tue Dec 12 00:00:00 GMT+01:00 2023,Corporate Event,3501
3502,Rise value.,Sun Mar 09 00:00:00 GMT+01:00 2025,Corporate Event,3502
3503,Sure fine section.,Sat Jun 24 00:00:00 GMT+01:00 2023,Birthday,3503
3504,Size air.,Sat Aug 03 00:00:00 GMT+01:00 2024,Corporate Event,3504
3505,Power air.,Tue Sep 06 00:00:00 GMT+01:00 2022,Birthday,3505
3506,Ok more.,Wed Mar 05 00:00:00 GMT+01:00 2025,Corporate Event,3506
3507,Discover everything.,Wed Sep 27 00:00:00 GMT+01:00 2023,Wedding,3507
3508,Us behavior hundred.,Fri Mar 08 00:00:00 GMT+01:00 2024,Birthday,3508
3509,Market within beat.,Wed Mar 09 00:00:00 GMT+01:00 2022,Corporate Event,3509
3510,Bit issue.,Fri Sep 20 00:00:00 GMT+01:00 2024,Private Party,3510
3511,Scene fast hair.,Sat Aug 03 00:00:00 GMT+01:00 2024,Birthday,3511
3512,Traditional realize.,Thu Sep 11 00:00:00 GMT+01:00 2025,Private Party,3512
3513,Work each admit.,Sat Jan 01 00:00:00 GMT+01:00 2022,Private Party,3513
3514,Itself service meeting.,Thu Aug 03 00:00:00 GMT+01:00 2023,Birthday,3514
3515,Page kid attack Republican.,Mon Apr 15 00:00:00 GMT+01:00 2024,Wedding,3515
3516,Capital song.,Mon May 09 00:00:00 GMT+01:00 2022,Birthday,3516
3517,Style floor.,Fri Apr 18 00:00:00 GMT+01:00 2025,Corporate Event,3517
3518,Seek heavy security.,Mon Feb 28 00:00:00 GMT+01:00 2022,Corporate Event,3518
3519,Off per.,Mon Jul 11 00:00:00 GMT+01:00 2022,Corporate Event,3519
3520,Add station.,Sat Apr 23 00:00:00 GMT+01:00 2022,Corporate Event,3520
3521,Effect person produce.,Tue Oct 29 00:00:00 GMT+01:00 2024,Wedding,3521
3522,Car up.,Wed Oct 09 00:00:00 GMT+01:00 2024,Corporate Event,3522
3523,Subject she action.,Thu Aug 03 00:00:00 GMT+01:00 2023,Private Party,3523
3524,Garden bad author.,Fri May 19 00:00:00 GMT+01:00 2023,Corporate Event,3524
3525,Speak wide.,Mon Mar 28 00:00:00 GMT+01:00 2022,Corporate Event,3525
3526,High news production.,Wed Feb 19 00:00:00 GMT+01:00 2025,Wedding,3526
3527,Debate source light information.,Mon Apr 11 00:00:00 GMT+01:00 2022,Corporate Event,3527
3528,Blood wonder.,Sat Jan 20 00:00:00 GMT+01:00 2024,Birthday,3528
3529,World floor partner read.,Thu Oct 30 00:00:00 GMT+01:00 2025,Birthday,3529
3530,Doctor economic.,Wed Aug 27 00:00:00 GMT+01:00 2025,Wedding,3530
3531,Argue social natural.,Tue Nov 08 00:00:00 GMT+01:00 2022,Wedding,3531
3532,Garden compare theory.,Sat Feb 24 00:00:00 GMT+01:00 2024,Private Party,3532
3533,Economic should skill significant.,Mon Mar 27 00:00:00 GMT+01:00 2023,Private Party,3533
3534,Training friend through task.,Sun Aug 21 00:00:00 GMT+01:00 2022,Wedding,3534
3535,Stay how they.,Fri Apr 28 00:00:00 GMT+01:00 2023,Birthday,3535
3536,Many more.,Thu Jan 13 00:00:00 GMT+01:00 2022,Birthday,3536
3537,Least mean.,Wed Oct 11 00:00:00 GMT+01:00 2023,Corporate Event,3537
3538,Put apply.,Wed May 11 00:00:00 GMT+01:00 2022,Birthday,3538
3539,Record much song.,Sat Jul 13 00:00:00 GMT+01:00 2024,Private Party,3539
3540,Expect something after.,Sun Dec 07 00:00:00 GMT+01:00 2025,Corporate Event,3540
3541,Lawyer consider way.,Fri Oct 25 00:00:00 GMT+01:00 2024,Birthday,3541
3542,Discussion near after.,Mon Jul 21 00:00:00 GMT+01:00 2025,Wedding,3542
3543,Study fact majority.,Fri Apr 01 00:00:00 GMT+01:00 2022,Wedding,3543
3544,News join feel.,Sun Sep 08 00:00:00 GMT+01:00 2024,Private Party,3544
3545,Later.,Wed Mar 26 00:00:00 GMT+01:00 2025,Wedding,3545
3546,Specific team upon.,Wed Sep 11 00:00:00 GMT+01:00 2024,Birthday,3546
3547,Along quickly lead.,Wed Oct 18 00:00:00 GMT+01:00 2023,Corporate Event,3547
3548,Usually do around.,Sat Dec 31 00:00:00 GMT+01:00 2022,Private Party,3548
3549,List back operation politics.,Sat Dec 13 00:00:00 GMT+01:00 2025,Corporate Event,3549
3550,Main scientist myself.,Mon Jan 09 00:00:00 GMT+01:00 2023,Wedding,3550
3551,Require improve investment.,Wed Nov 19 00:00:00 GMT+01:00 2025,Corporate Event,3551
3552,Within answer question.,Sat Feb 01 00:00:00 GMT+01:00 2025,Private Party,3552
3553,Seek.,Mon Jul 10 00:00:00 GMT+01:00 2023,Wedding,3553
3554,Official speak.,Sun Jan 22 00:00:00 GMT+01:00 2023,Birthday,3554
3555,East Mr play.,Tue Jul 23 00:00:00 GMT+01:00 2024,Wedding,3555
3556,Eye share.,Tue Jul 08 00:00:00 GMT+01:00 2025,Birthday,3556
3557,Try beyond affect.,Sat Mar 04 00:00:00 GMT+01:00 2023,Corporate Event,3557
3558,Civil condition.,Sun Aug 03 00:00:00 GMT+01:00 2025,Wedding,3558
3559,Admit might dream.,Thu May 08 00:00:00 GMT+01:00 2025,Corporate Event,3559
3560,Leader resource end.,Tue Aug 23 00:00:00 GMT+01:00 2022,Birthday,3560
3561,Hard from.,Tue Oct 08 00:00:00 GMT+01:00 2024,Private Party,3561
3562,Pick city.,Fri Jan 06 00:00:00 GMT+01:00 2023,Wedding,3562
3563,Really camera question high.,Thu Dec 26 00:00:00 GMT+01:00 2024,Birthday,3563
3564,Join offer.,Sun May 05 00:00:00 GMT+01:00 2024,Birthday,3564
3565,Arrive week certainly.,Wed Dec 13 00:00:00 GMT+01:00 2023,Corporate Event,3565
3566,Authority firm respond.,Wed May 11 00:00:00 GMT+01:00 2022,Birthday,3566
3567,Congress.,Sat May 10 00:00:00 GMT+01:00 2025,Corporate Event,3567
3568,Check star small.,Thu Oct 17 00:00:00 GMT+01:00 2024,Birthday,3568
3569,Statement plan strong.,Sun Jul 14 00:00:00 GMT+01:00 2024,Birthday,3569
3570,Maintain before boy.,Wed Nov 06 00:00:00 GMT+01:00 2024,Private Party,3570
3571,Beat or.,Thu Apr 10 00:00:00 GMT+01:00 2025,Corporate Event,3571
3572,Team radio.,Sat Oct 21 00:00:00 GMT+01:00 2023,Private Party,3572
3573,Find.,Sun May 11 00:00:00 GMT+01:00 2025,Private Party,3573
3574,Before throw.,Tue Feb 06 00:00:00 GMT+01:00 2024,Wedding,3574
3575,Method reflect.,Fri Nov 10 00:00:00 GMT+01:00 2023,Private Party,3575
3576,And.,Sun May 19 00:00:00 GMT+01:00 2024,Private Party,3576
3577,Computer social.,Wed Jan 22 00:00:00 GMT+01:00 2025,Corporate Event,3577
3578,Organization individual.,Wed Nov 19 00:00:00 GMT+01:00 2025,Private Party,3578
3579,His common.,Wed Jan 11 00:00:00 GMT+01:00 2023,Wedding,3579
3580,Growth serious act.,Fri Aug 09 00:00:00 GMT+01:00 2024,Birthday,3580
3581,Ground choose.,Thu Jan 05 00:00:00 GMT+01:00 2023,Wedding,3581
3582,Sister course.,Sat Dec 24 00:00:00 GMT+01:00 2022,Corporate Event,3582
3583,Local fight.,Mon Oct 03 00:00:00 GMT+01:00 2022,Private Party,3583
3584,Will pass.,Sat Jul 16 00:00:00 GMT+01:00 2022,Corporate Event,3584
3585,Front hour enough.,Fri Aug 23 00:00:00 GMT+01:00 2024,Corporate Event,3585
3586,Themselves pick adult.,Sun Nov 05 00:00:00 GMT+01:00 2023,Birthday,3586
3587,Reason nation music.,Fri Jul 18 00:00:00 GMT+01:00 2025,Birthday,3587
3588,But we.,Thu Aug 24 00:00:00 GMT+01:00 2023,Wedding,3588
3589,Beautiful.,Fri Dec 15 00:00:00 GMT+01:00 2023,Corporate Event,3589
3590,Piece even method.,Tue Aug 27 00:00:00 GMT+01:00 2024,Corporate Event,3590
3591,Near campaign.,Sun Mar 16 00:00:00 GMT+01:00 2025,Wedding,3591
3592,Worker writer site.,Mon Sep 11 00:00:00 GMT+01:00 2023,Private Party,3592
3593,Forward total.,Sat Aug 12 00:00:00 GMT+01:00 2023,Private Party,3593
3594,Ability economic marriage.,Tue Feb 22 00:00:00 GMT+01:00 2022,Wedding,3594
3595,Start.,Tue Aug 01 00:00:00 GMT+01:00 2023,Corporate Event,3595
3596,State health team.,Thu Jul 28 00:00:00 GMT+01:00 2022,Private Party,3596
3597,Force player.,Sun Dec 14 00:00:00 GMT+01:00 2025,Private Party,3597
3598,Activity like.,Thu Oct 09 00:00:00 GMT+01:00 2025,Corporate Event,3598
3599,Figure station guess.,Sat Jul 02 00:00:00 GMT+01:00 2022,Corporate Event,3599
3600,Simply buy.,Sat Aug 26 00:00:00 GMT+01:00 2023,Birthday,3600
3601,Accept product.,Sat Apr 13 00:00:00 GMT+01:00 2024,Wedding,3601
3602,Security make race.,Fri Oct 27 00:00:00 GMT+01:00 2023,Corporate Event,3602
3603,Use yourself.,Mon Sep 05 00:00:00 GMT+01:00 2022,Birthday,3603
3604,Around live executive.,Mon Aug 12 00:00:00 GMT+01:00 2024,Private Party,3604
3605,Today term.,Wed Mar 02 00:00:00 GMT+01:00 2022,Private Party,3605
3606,Safe sure.,Wed Jul 19 00:00:00 GMT+01:00 2023,Corporate Event,3606
3607,Section get activity fast.,Thu Jun 22 00:00:00 GMT+01:00 2023,Birthday,3607
3608,Door number back.,Mon Jan 08 00:00:00 GMT+01:00 2024,Corporate Event,3608
3609,There analysis pay.,Sat May 07 00:00:00 GMT+01:00 2022,Birthday,3609
3610,Writer although good.,Sat Sep 06 00:00:00 GMT+01:00 2025,Corporate Event,3610
3611,Public so.,Wed May 31 00:00:00 GMT+01:00 2023,Private Party,3611
3612,My make.,Tue Oct 15 00:00:00 GMT+01:00 2024,Wedding,3612
3613,Color baby season.,Wed Dec 27 00:00:00 GMT+01:00 2023,Birthday,3613
3614,Meeting foreign million attention.,Thu Jun 15 00:00:00 GMT+01:00 2023,Private Party,3614
3615,Trip involve.,Mon Aug 19 00:00:00 GMT+01:00 2024,Corporate Event,3615
3616,Trade arrive choose.,Tue Feb 25 00:00:00 GMT+01:00 2025,Private Party,3616
3617,No election.,Fri Mar 07 00:00:00 GMT+01:00 2025,Corporate Event,3617
3618,Customer authority.,Sun Jan 12 00:00:00 GMT+01:00 2025,Private Party,3618
3619,Dark detail.,Fri Jul 01 00:00:00 GMT+01:00 2022,Wedding,3619
3620,Up into.,Tue Aug 27 00:00:00 GMT+01:00 2024,Birthday,3620
3621,Position garden detail tree.,Thu Apr 27 00:00:00 GMT+01:00 2023,Wedding,3621
3622,Direction then walk.,Thu Jul 21 00:00:00 GMT+01:00 2022,Private Party,3622
3623,Price compare who.,Sun Nov 10 00:00:00 GMT+01:00 2024,Wedding,3623
3624,Social where TV.,Tue Oct 14 00:00:00 GMT+01:00 2025,Birthday,3624
3625,Natural with population.,Fri Jan 06 00:00:00 GMT+01:00 2023,Corporate Event,3625
3626,Four final natural.,Fri May 05 00:00:00 GMT+01:00 2023,Wedding,3626
3627,Industry scene population north.,Mon Feb 24 00:00:00 GMT+01:00 2025,Corporate Event,3627
3628,Team national amount.,Sat Mar 12 00:00:00 GMT+01:00 2022,Birthday,3628
3629,Firm individual certainly.,Mon Jan 31 00:00:00 GMT+01:00 2022,Birthday,3629
3630,Ahead.,Tue Jul 18 00:00:00 GMT+01:00 2023,Private Party,3630
3631,Student pass.,Sun Aug 31 00:00:00 GMT+01:00 2025,Birthday,3631
3632,Stock question result.,Thu Oct 16 00:00:00 GMT+01:00 2025,Corporate Event,3632
3633,Occur.,Mon May 02 00:00:00 GMT+01:00 2022,Private Party,3633
3634,Talk color adult.,Fri Aug 01 00:00:00 GMT+01:00 2025,Birthday,3634
3635,Task purpose.,Mon Dec 02 00:00:00 GMT+01:00 2024,Private Party,3635
3636,Defense agent voice.,Thu Apr 07 00:00:00 GMT+01:00 2022,Corporate Event,3636
3637,Player call.,Tue Nov 11 00:00:00 GMT+01:00 2025,Private Party,3637
3638,Well brother whole.,Sun Apr 07 00:00:00 GMT+01:00 2024,Wedding,3638
3639,Two.,Wed Apr 20 00:00:00 GMT+01:00 2022,Wedding,3639
3640,Even long member.,Thu Sep 29 00:00:00 GMT+01:00 2022,Private Party,3640
3641,Outside many.,Sun Jul 27 00:00:00 GMT+01:00 2025,Birthday,3641
3642,Market section plant teach.,Mon Sep 19 00:00:00 GMT+01:00 2022,Birthday,3642
3643,Be.,Mon Jul 25 00:00:00 GMT+01:00 2022,Corporate Event,3643
3644,Easy wide join trade.,Tue Nov 11 00:00:00 GMT+01:00 2025,Corporate Event,3644
3645,Professor effort TV.,Thu Feb 27 00:00:00 GMT+01:00 2025,Corporate Event,3645
3646,Present enough fund Mr.,Sat Jun 10 00:00:00 GMT+01:00 2023,Corporate Event,3646
3647,A.,Sun Aug 27 00:00:00 GMT+01:00 2023,Birthday,3647
3648,Candidate.,Wed Sep 20 00:00:00 GMT+01:00 2023,Wedding,3648
3649,Side partner.,Tue Mar 11 00:00:00 GMT+01:00 2025,Wedding,3649
3650,Tv.,Fri Aug 04 00:00:00 GMT+01:00 2023,Corporate Event,3650
3651,Effect glass project.,Fri Sep 20 00:00:00 GMT+01:00 2024,Wedding,3651
3652,Old few.,Thu Oct 12 00:00:00 GMT+01:00 2023,Private Party,3652
3653,Throw build.,Sat Feb 05 00:00:00 GMT+01:00 2022,Birthday,3653
3654,Will every memory camera.,Sat Jun 18 00:00:00 GMT+01:00 2022,Corporate Event,3654
3655,Baby affect.,Mon May 05 00:00:00 GMT+01:00 2025,Private Party,3655
3656,Character else.,Tue Nov 28 00:00:00 GMT+01:00 2023,Birthday,3656
3657,Natural role another.,Thu Sep 29 00:00:00 GMT+01:00 2022,Private Party,3657
3735,Much meeting.,Sat Sep 06 00:00:00 GMT+01:00 2025,Wedding,3658
3658,Week government specific.,Mon Nov 07 00:00:00 GMT+01:00 2022,Wedding,3659
3659,Enough investment factor third.,Tue Jan 04 00:00:00 GMT+01:00 2022,Birthday,3660
3660,Never magazine outside.,Fri Aug 30 00:00:00 GMT+01:00 2024,Birthday,3661
3661,Quite wear project.,Sat Sep 02 00:00:00 GMT+01:00 2023,Private Party,3662
3662,Since into.,Mon Apr 11 00:00:00 GMT+01:00 2022,Wedding,3663
3663,Community sure fine production.,Mon May 05 00:00:00 GMT+01:00 2025,Private Party,3664
3664,Skin plant glass.,Sat Feb 03 00:00:00 GMT+01:00 2024,Wedding,3665
3665,Morning charge.,Mon Jan 23 00:00:00 GMT+01:00 2023,Private Party,3666
3666,Lawyer.,Thu Jan 23 00:00:00 GMT+01:00 2025,Birthday,3667
3667,Spring thing.,Wed Jun 29 00:00:00 GMT+01:00 2022,Corporate Event,3668
3668,Assume meeting everything.,Fri Feb 14 00:00:00 GMT+01:00 2025,Wedding,3669
3669,Old police season.,Sat May 17 00:00:00 GMT+01:00 2025,Birthday,3670
3670,Him energy beat.,Fri Dec 26 00:00:00 GMT+01:00 2025,Corporate Event,3671
3671,Election product.,Wed Jun 07 00:00:00 GMT+01:00 2023,Corporate Event,3672
3672,Discover environment boy.,Sun Feb 05 00:00:00 GMT+01:00 2023,Private Party,3673
3673,Soldier base across.,Fri Jul 04 00:00:00 GMT+01:00 2025,Wedding,3674
3674,Lawyer nearly reduce.,Sun Jan 15 00:00:00 GMT+01:00 2023,Corporate Event,3675
3675,Least.,Mon Mar 07 00:00:00 GMT+01:00 2022,Wedding,3676
3676,Effect win music step.,Mon Jan 30 00:00:00 GMT+01:00 2023,Corporate Event,3677
3677,Everyone defense present.,Thu Sep 04 00:00:00 GMT+01:00 2025,Private Party,3678
3678,Mrs church.,Sat Oct 26 00:00:00 GMT+01:00 2024,Wedding,3679
3680,Situation get wife.,Fri Jan 10 00:00:00 GMT+01:00 2025,Private Party,3681
3681,Majority current image.,Thu Sep 14 00:00:00 GMT+01:00 2023,Birthday,3682
3682,Every argue expect.,Sat Aug 19 00:00:00 GMT+01:00 2023,Corporate Event,3683
3683,Research.,Fri Mar 14 00:00:00 GMT+01:00 2025,Wedding,3684
3684,Upon organization.,Sat Jan 11 00:00:00 GMT+01:00 2025,Wedding,3685
3685,Physical help receive.,Wed Mar 26 00:00:00 GMT+01:00 2025,Private Party,3686
3686,Development language.,Tue Apr 26 00:00:00 GMT+01:00 2022,Wedding,3687
3687,Simple culture.,Sat Feb 12 00:00:00 GMT+01:00 2022,Private Party,3688
3688,Money suggest including.,Wed Sep 24 00:00:00 GMT+01:00 2025,Birthday,3689
3689,Treatment series say.,Fri Aug 23 00:00:00 GMT+01:00 2024,Wedding,3690
3690,However campaign.,Sun Apr 21 00:00:00 GMT+01:00 2024,Corporate Event,3691
3691,Nice down.,Fri Aug 30 00:00:00 GMT+01:00 2024,Birthday,3692
3692,Job section whatever.,Fri Jul 12 00:00:00 GMT+01:00 2024,Wedding,3693
3693,Research responsibility economic.,Sat Jan 20 00:00:00 GMT+01:00 2024,Private Party,3694
3694,Idea tough away.,Mon Aug 08 00:00:00 GMT+01:00 2022,Wedding,3695
3695,Trial.,Wed Feb 01 00:00:00 GMT+01:00 2023,Private Party,3696
3696,Project recent.,Mon Jul 11 00:00:00 GMT+01:00 2022,Wedding,3697
3697,Manage what.,Sat Nov 12 00:00:00 GMT+01:00 2022,Birthday,3698
3698,Wind factor.,Sun Feb 25 00:00:00 GMT+01:00 2024,Corporate Event,3699
3699,Break far like.,Fri Oct 17 00:00:00 GMT+01:00 2025,Birthday,3700
3700,Catch despite.,Sat Mar 16 00:00:00 GMT+01:00 2024,Corporate Event,3701
3701,Rather break talk.,Tue Jun 07 00:00:00 GMT+01:00 2022,Wedding,3702
3702,Bank increase.,Sat May 03 00:00:00 GMT+01:00 2025,Wedding,3703
3703,Fill study.,Fri Dec 29 00:00:00 GMT+01:00 2023,Corporate Event,3704
3704,Black explain.,Thu Jun 08 00:00:00 GMT+01:00 2023,Private Party,3705
3705,Modern capital.,Fri Dec 09 00:00:00 GMT+01:00 2022,Private Party,3706
3706,Guess personal vote.,Mon Aug 11 00:00:00 GMT+01:00 2025,Wedding,3707
3707,Through simply staff.,Sat Nov 18 00:00:00 GMT+01:00 2023,Birthday,3708
3708,Particularly show report.,Tue Nov 18 00:00:00 GMT+01:00 2025,Private Party,3709
3709,Election camera participant.,Thu May 22 00:00:00 GMT+01:00 2025,Wedding,3710
3710,Newspaper through throughout.,Mon Jun 20 00:00:00 GMT+01:00 2022,Private Party,3711
3711,Camera why.,Fri Aug 18 00:00:00 GMT+01:00 2023,Private Party,3712
3712,Main beat.,Wed Apr 06 00:00:00 GMT+01:00 2022,Private Party,3713
3713,Use degree.,Wed Mar 05 00:00:00 GMT+01:00 2025,Birthday,3714
3714,Room in campaign.,Sat Aug 02 00:00:00 GMT+01:00 2025,Corporate Event,3715
3715,Experience fish.,Mon Jul 11 00:00:00 GMT+01:00 2022,Corporate Event,3716
3716,Message cover.,Thu May 05 00:00:00 GMT+01:00 2022,Private Party,3717
3717,Improve seek.,Thu Nov 14 00:00:00 GMT+01:00 2024,Corporate Event,3718
3718,Attack fly still.,Wed Apr 05 00:00:00 GMT+01:00 2023,Corporate Event,3719
3720,Buy.,Sat Dec 27 00:00:00 GMT+01:00 2025,Birthday,3721
3721,Analysis population capital.,Mon Nov 28 00:00:00 GMT+01:00 2022,Wedding,3722
3722,Somebody similar.,Sat Dec 10 00:00:00 GMT+01:00 2022,Corporate Event,3723
3723,Network pick business.,Thu Oct 10 00:00:00 GMT+01:00 2024,Corporate Event,3724
3724,Wall pressure.,Tue Jul 16 00:00:00 GMT+01:00 2024,Private Party,3725
3725,Response nothing.,Sat Apr 22 00:00:00 GMT+01:00 2023,Wedding,3726
3726,Score sit worry.,Sun Apr 07 00:00:00 GMT+01:00 2024,Corporate Event,3727
3727,Ok information short.,Sun May 18 00:00:00 GMT+01:00 2025,Birthday,3728
3728,Cup.,Fri Aug 15 00:00:00 GMT+01:00 2025,Birthday,3729
3729,Hour order nothing.,Tue Jun 18 00:00:00 GMT+01:00 2024,Wedding,3730
3730,Quite want contain.,Sun Jun 29 00:00:00 GMT+01:00 2025,Corporate Event,3731
3731,Expert join food.,Wed Feb 19 00:00:00 GMT+01:00 2025,Corporate Event,3732
3732,Gun around unit article.,Fri Jan 06 00:00:00 GMT+01:00 2023,Birthday,3733
3733,Owner learn.,Wed Jul 16 00:00:00 GMT+01:00 2025,Corporate Event,3734
3734,The before.,Wed Aug 10 00:00:00 GMT+01:00 2022,Private Party,3735
3736,Dog majority alone.,Sun Dec 22 00:00:00 GMT+01:00 2024,Private Party,3736
3737,Senior create.,Tue Dec 23 00:00:00 GMT+01:00 2025,Corporate Event,3737
3738,Situation fire alone.,Tue Jul 23 00:00:00 GMT+01:00 2024,Birthday,3738
3739,Even add.,Thu Sep 19 00:00:00 GMT+01:00 2024,Private Party,3739
3740,Consider speech important.,Sun Jul 28 00:00:00 GMT+01:00 2024,Private Party,3740
3741,Follow fact candidate.,Sun Mar 19 00:00:00 GMT+01:00 2023,Wedding,3741
3742,Next write.,Fri Jul 05 00:00:00 GMT+01:00 2024,Birthday,3742
3743,Different tonight member.,Thu Apr 07 00:00:00 GMT+01:00 2022,Wedding,3743
3744,Various own instead.,Wed Aug 27 00:00:00 GMT+01:00 2025,Private Party,3744
3745,Look.,Wed Nov 12 00:00:00 GMT+01:00 2025,Wedding,3745
3746,Maybe myself wall.,Sun Jul 13 00:00:00 GMT+01:00 2025,Private Party,3746
3747,Reflect professor sort.,Sun Jan 19 00:00:00 GMT+01:00 2025,Wedding,3747
3748,Few subject smile.,Mon May 15 00:00:00 GMT+01:00 2023,Wedding,3748
3749,Have reduce how.,Sat Feb 12 00:00:00 GMT+01:00 2022,Birthday,3749
3750,Interest far table.,Tue Dec 13 00:00:00 GMT+01:00 2022,Birthday,3750
3751,Still scene yeah.,Tue Mar 15 00:00:00 GMT+01:00 2022,Wedding,3751
3752,Always character.,Wed Mar 05 00:00:00 GMT+01:00 2025,Corporate Event,3752
3753,Parent radio.,Thu Feb 22 00:00:00 GMT+01:00 2024,Private Party,3753
3754,How television public.,Wed Mar 23 00:00:00 GMT+01:00 2022,Wedding,3754
3755,Force few magazine.,Fri Jun 17 00:00:00 GMT+01:00 2022,Private Party,3755
3756,Only down station.,Mon Nov 07 00:00:00 GMT+01:00 2022,Private Party,3756
3757,Wind individual mean.,Wed Apr 23 00:00:00 GMT+01:00 2025,Private Party,3757
3758,Believe focus may.,Thu Aug 11 00:00:00 GMT+01:00 2022,Private Party,3758
3759,Building share clearly.,Sat Jun 03 00:00:00 GMT+01:00 2023,Private Party,3759
3760,Mr myself meeting natural.,Fri Nov 18 00:00:00 GMT+01:00 2022,Birthday,3760
3761,Cut sort speak.,Tue Oct 18 00:00:00 GMT+01:00 2022,Corporate Event,3761
3762,Center material.,Tue Aug 13 00:00:00 GMT+01:00 2024,Corporate Event,3762
3763,Type unit reflect.,Wed May 31 00:00:00 GMT+01:00 2023,Birthday,3763
3764,Firm tax.,Wed Feb 07 00:00:00 GMT+01:00 2024,Wedding,3764
3765,Discussion organization.,Sun Oct 27 00:00:00 GMT+01:00 2024,Wedding,3765
3766,Win next become.,Fri Feb 04 00:00:00 GMT+01:00 2022,Birthday,3766
3767,Believe like attorney.,Mon Dec 09 00:00:00 GMT+01:00 2024,Private Party,3767
3768,Either little hour evening.,Fri Dec 09 00:00:00 GMT+01:00 2022,Private Party,3768
3769,Off hospital thousand.,Sat Feb 04 00:00:00 GMT+01:00 2023,Wedding,3769
3770,True clearly.,Sun Mar 06 00:00:00 GMT+01:00 2022,Private Party,3770
3771,Wonder better.,Thu Jun 13 00:00:00 GMT+01:00 2024,Private Party,3771
3772,Whom return.,Tue Dec 23 00:00:00 GMT+01:00 2025,Private Party,3772
3773,Threat.,Tue Jul 29 00:00:00 GMT+01:00 2025,Private Party,3773
3774,Born create dinner.,Sun May 04 00:00:00 GMT+01:00 2025,Corporate Event,3774
3775,Fear less six carry.,Tue Jun 27 00:00:00 GMT+01:00 2023,Private Party,3775
3776,Wish wrong.,Tue Aug 30 00:00:00 GMT+01:00 2022,Private Party,3776
3777,Capital thank.,Fri Dec 09 00:00:00 GMT+01:00 2022,Birthday,3777
3778,Safe data thus.,Thu Aug 08 00:00:00 GMT+01:00 2024,Birthday,3778
3779,Notice benefit.,Wed May 22 00:00:00 GMT+01:00 2024,Corporate Event,3779
3780,Article west whom.,Sun Oct 20 00:00:00 GMT+01:00 2024,Corporate Event,3780
3781,Once new.,Thu Jul 10 00:00:00 GMT+01:00 2025,Wedding,3781
3782,Interview rate.,Sun Feb 27 00:00:00 GMT+01:00 2022,Wedding,3782
3783,Hour send article.,Tue Oct 31 00:00:00 GMT+01:00 2023,Corporate Event,3783
3784,Camera maintain.,Thu Feb 06 00:00:00 GMT+01:00 2025,Birthday,3784
3785,Tell western thus.,Mon Nov 13 00:00:00 GMT+01:00 2023,Birthday,3785
3786,Growth something hope.,Mon Nov 28 00:00:00 GMT+01:00 2022,Private Party,3786
3787,Simple name.,Thu Sep 14 00:00:00 GMT+01:00 2023,Birthday,3787
3788,Fish either voice.,Fri Jun 13 00:00:00 GMT+01:00 2025,Wedding,3788
3789,Consumer attorney.,Tue Aug 13 00:00:00 GMT+01:00 2024,Wedding,3789
3790,Director on form.,Fri Sep 13 00:00:00 GMT+01:00 2024,Wedding,3790
3791,Serious tax.,Sat Jun 11 00:00:00 GMT+01:00 2022,Wedding,3791
3792,Cost both.,Tue Dec 26 00:00:00 GMT+01:00 2023,Corporate Event,3792
3793,Step nature husband.,Thu Jan 04 00:00:00 GMT+01:00 2024,Private Party,3793
3794,Begin admit.,Thu May 12 00:00:00 GMT+01:00 2022,Private Party,3794
3795,Travel modern great.,Tue Jun 18 00:00:00 GMT+01:00 2024,Birthday,3795
3796,Goal product sometimes.,Thu Sep 04 00:00:00 GMT+01:00 2025,Wedding,3796
3797,Thank major.,Tue Jun 27 00:00:00 GMT+01:00 2023,Wedding,3797
3798,Traditional growth difficult.,Fri Apr 07 00:00:00 GMT+01:00 2023,Wedding,3798
3799,Key minute window.,Wed Aug 16 00:00:00 GMT+01:00 2023,Private Party,3799
3800,Improve spend.,Sun Jul 20 00:00:00 GMT+01:00 2025,Private Party,3800
3801,Fire entire hit.,Sun Jun 30 00:00:00 GMT+01:00 2024,Birthday,3801
3802,Watch either relationship.,Sun Jun 12 00:00:00 GMT+01:00 2022,Private Party,3802
3803,Organization decision best.,Sun Oct 27 00:00:00 GMT+01:00 2024,Private Party,3803
3804,Probably others either.,Mon Jan 16 00:00:00 GMT+01:00 2023,Corporate Event,3804
3805,Pass bring.,Sat Feb 10 00:00:00 GMT+01:00 2024,Corporate Event,3805
3806,Owner positive.,Sun Feb 12 00:00:00 GMT+01:00 2023,Birthday,3806
3807,Garden conference trip.,Tue Oct 15 00:00:00 GMT+01:00 2024,Birthday,3807
3808,Student up.,Tue Oct 03 00:00:00 GMT+01:00 2023,Wedding,3808
3809,Myself player.,Thu Aug 29 00:00:00 GMT+01:00 2024,Corporate Event,3809
3810,Already human.,Wed Nov 06 00:00:00 GMT+01:00 2024,Private Party,3810
3811,Bad believe response.,Wed May 28 00:00:00 GMT+01:00 2025,Birthday,3811
3812,Speak six.,Tue Nov 18 00:00:00 GMT+01:00 2025,Corporate Event,3812
3813,Brother ok institution.,Fri Aug 19 00:00:00 GMT+01:00 2022,Private Party,3813
3814,Product oil.,Tue Aug 27 00:00:00 GMT+01:00 2024,Corporate Event,3814
3815,Like social reason.,Thu Aug 21 00:00:00 GMT+01:00 2025,Corporate Event,3815
3816,So usually prepare.,Sun Feb 18 00:00:00 GMT+01:00 2024,Birthday,3816
3817,Trial figure support.,Fri Mar 17 00:00:00 GMT+01:00 2023,Corporate Event,3817
3818,Including care message.,Tue Mar 08 00:00:00 GMT+01:00 2022,Birthday,3818
3819,Environmental move.,Sun Feb 05 00:00:00 GMT+01:00 2023,Birthday,3819
3820,Film dark.,Fri Jul 19 00:00:00 GMT+01:00 2024,Private Party,3820
3821,Foot a than.,Fri Jan 05 00:00:00 GMT+01:00 2024,Corporate Event,3821
3822,Traditional have.,Mon Mar 07 00:00:00 GMT+01:00 2022,Wedding,3822
3823,Black.,Wed Sep 07 00:00:00 GMT+01:00 2022,Birthday,3823
3824,Owner.,Tue Oct 18 00:00:00 GMT+01:00 2022,Birthday,3824
3825,Identify dream full.,Tue May 28 00:00:00 GMT+01:00 2024,Corporate Event,3825
3826,This.,Sun Jan 26 00:00:00 GMT+01:00 2025,Private Party,3826
3827,Appear relationship information.,Sun Nov 02 00:00:00 GMT+01:00 2025,Birthday,3827
3828,Suggest network guy.,Sun Oct 26 00:00:00 GMT+01:00 2025,Wedding,3828
3829,Price writer show.,Fri Dec 23 00:00:00 GMT+01:00 2022,Birthday,3829
3830,Ago lot.,Sat Jul 29 00:00:00 GMT+01:00 2023,Birthday,3830
3831,Teach budget between.,Sat Nov 12 00:00:00 GMT+01:00 2022,Birthday,3831
3832,Expert guy.,Tue Sep 16 00:00:00 GMT+01:00 2025,Private Party,3832
3833,Listen paper fall.,Sun Nov 23 00:00:00 GMT+01:00 2025,Corporate Event,3833
3834,Paper cup.,Mon Sep 08 00:00:00 GMT+01:00 2025,Birthday,3834
3835,Throughout tree.,Tue Dec 26 00:00:00 GMT+01:00 2023,Private Party,3835
3836,Spring discuss painting.,Sat Nov 01 00:00:00 GMT+01:00 2025,Birthday,3836
3838,Arm test no.,Mon Mar 17 00:00:00 GMT+01:00 2025,Wedding,3838
3839,Stand church.,Tue Jul 29 00:00:00 GMT+01:00 2025,Corporate Event,3839
3840,Trouble enough others.,Wed Sep 14 00:00:00 GMT+01:00 2022,Wedding,3840
3841,Police officer.,Fri Jan 21 00:00:00 GMT+01:00 2022,Private Party,3841
3842,Window off Democrat.,Sat Jan 27 00:00:00 GMT+01:00 2024,Corporate Event,3842
3843,Follow somebody.,Sat Jul 02 00:00:00 GMT+01:00 2022,Corporate Event,3843
3844,House discussion career.,Sat May 07 00:00:00 GMT+01:00 2022,Birthday,3844
3845,Design small.,Sat Oct 04 00:00:00 GMT+01:00 2025,Corporate Event,3845
3846,Concern in.,Sun Feb 12 00:00:00 GMT+01:00 2023,Private Party,3846
3847,Rather now.,Fri Jul 12 00:00:00 GMT+01:00 2024,Private Party,3847
3848,Decade right.,Fri Aug 25 00:00:00 GMT+01:00 2023,Corporate Event,3848
3849,Line writer court.,Tue Apr 02 00:00:00 GMT+01:00 2024,Birthday,3849
3850,Score budget likely.,Fri May 12 00:00:00 GMT+01:00 2023,Birthday,3850
3851,Prevent group.,Mon Dec 25 00:00:00 GMT+01:00 2023,Private Party,3851
3852,Mind out.,Sat Apr 30 00:00:00 GMT+01:00 2022,Corporate Event,3852
3853,Size some.,Wed Feb 21 00:00:00 GMT+01:00 2024,Wedding,3853
3854,Rest civil use.,Tue Jan 02 00:00:00 GMT+01:00 2024,Corporate Event,3854
3855,Myself method.,Thu Apr 07 00:00:00 GMT+01:00 2022,Private Party,3855
3856,I plan.,Sun Mar 05 00:00:00 GMT+01:00 2023,Corporate Event,3856
3857,Interest word morning.,Thu Aug 21 00:00:00 GMT+01:00 2025,Wedding,3857
3858,Travel candidate.,Mon Oct 13 00:00:00 GMT+01:00 2025,Corporate Event,3858
3859,Total carry.,Fri Aug 04 00:00:00 GMT+01:00 2023,Birthday,3859
3860,Seek up account.,Tue Mar 05 00:00:00 GMT+01:00 2024,Wedding,3860
3861,Still above computer.,Tue Nov 15 00:00:00 GMT+01:00 2022,Private Party,3861
3862,Account.,Mon Dec 23 00:00:00 GMT+01:00 2024,Wedding,3862
3863,Actually difference.,Sun Apr 06 00:00:00 GMT+01:00 2025,Birthday,3863
3864,But.,Sat Nov 02 00:00:00 GMT+01:00 2024,Birthday,3864
3865,Remember trip care.,Mon Dec 30 00:00:00 GMT+01:00 2024,Birthday,3865
3866,Lawyer.,Tue Jul 19 00:00:00 GMT+01:00 2022,Wedding,3866
3867,Manager surface.,Sun May 12 00:00:00 GMT+01:00 2024,Wedding,3867
3868,Dark reflect fund.,Sat Jun 01 00:00:00 GMT+01:00 2024,Corporate Event,3868
3869,Local specific visit.,Wed Sep 20 00:00:00 GMT+01:00 2023,Wedding,3869
3870,There owner.,Thu Jun 12 00:00:00 GMT+01:00 2025,Wedding,3870
3871,Total.,Tue Jun 14 00:00:00 GMT+01:00 2022,Private Party,3871
3872,Amount reflect card.,Thu Jun 12 00:00:00 GMT+01:00 2025,Private Party,3872
3873,Can very bar large.,Sat May 06 00:00:00 GMT+01:00 2023,Private Party,3873
3874,Forward.,Thu Dec 07 00:00:00 GMT+01:00 2023,Birthday,3874
3875,Interview candidate check.,Mon May 09 00:00:00 GMT+01:00 2022,Birthday,3875
3876,Most arrive.,Sat May 18 00:00:00 GMT+01:00 2024,Corporate Event,3876
3877,Against.,Sat Aug 13 00:00:00 GMT+01:00 2022,Private Party,3877
3878,Project my suffer.,Thu Nov 20 00:00:00 GMT+01:00 2025,Birthday,3878
3879,Quality later suffer entire.,Sat Feb 04 00:00:00 GMT+01:00 2023,Birthday,3879
3880,Oil pick.,Fri Aug 04 00:00:00 GMT+01:00 2023,Private Party,3880
3881,Machine anything.,Wed Jul 23 00:00:00 GMT+01:00 2025,Private Party,3881
3882,Relationship notice me.,Tue Aug 29 00:00:00 GMT+01:00 2023,Corporate Event,3882
3883,North determine.,Wed Oct 19 00:00:00 GMT+01:00 2022,Private Party,3883
3884,Near.,Fri Sep 12 00:00:00 GMT+01:00 2025,Birthday,3884
3885,Left.,Sun Sep 29 00:00:00 GMT+01:00 2024,Corporate Event,3885
3886,Continue growth the.,Sat May 14 00:00:00 GMT+01:00 2022,Birthday,3886
3887,Yeah garden capital area.,Thu Apr 21 00:00:00 GMT+01:00 2022,Private Party,3887
3888,Here deal your.,Wed Feb 26 00:00:00 GMT+01:00 2025,Birthday,3888
3889,Though stop billion foreign.,Thu Aug 24 00:00:00 GMT+01:00 2023,Private Party,3889
3890,Computer government final.,Mon Dec 05 00:00:00 GMT+01:00 2022,Birthday,3890
3891,Call cut.,Sun Aug 03 00:00:00 GMT+01:00 2025,Wedding,3891
3892,Until summer.,Sun Jul 28 00:00:00 GMT+01:00 2024,Birthday,3892
3893,Church could.,Sun Jan 21 00:00:00 GMT+01:00 2024,Birthday,3893
3894,Study newspaper.,Thu Jul 17 00:00:00 GMT+01:00 2025,Birthday,3894
3895,Friend show clearly.,Fri Feb 09 00:00:00 GMT+01:00 2024,Private Party,3895
3896,Study special.,Thu Jul 14 00:00:00 GMT+01:00 2022,Corporate Event,3896
3897,Difference one lay.,Wed Sep 07 00:00:00 GMT+01:00 2022,Wedding,3897
3898,Black truth speech.,Sat Apr 23 00:00:00 GMT+01:00 2022,Birthday,3898
3899,Sound base.,Thu May 18 00:00:00 GMT+01:00 2023,Birthday,3899
3900,Way of surface ground.,Sat Sep 21 00:00:00 GMT+01:00 2024,Birthday,3900
3901,Politics firm enough.,Sun Jan 23 00:00:00 GMT+01:00 2022,Private Party,3901
3902,Result which wrong.,Sun Jul 17 00:00:00 GMT+01:00 2022,Corporate Event,3902
3903,Success about bring.,Thu Oct 17 00:00:00 GMT+01:00 2024,Private Party,3903
3904,Age want.,Sat Sep 16 00:00:00 GMT+01:00 2023,Private Party,3904
3905,Onto believe fact.,Wed Sep 04 00:00:00 GMT+01:00 2024,Corporate Event,3905
3906,Business democratic remain.,Sat May 17 00:00:00 GMT+01:00 2025,Private Party,3906
3907,Player nearly officer.,Thu Apr 21 00:00:00 GMT+01:00 2022,Birthday,3907
3908,Hear catch Mrs.,Wed Dec 27 00:00:00 GMT+01:00 2023,Birthday,3908
3909,Worry operation after.,Mon Mar 25 00:00:00 GMT+01:00 2024,Private Party,3909
3910,Speech.,Sun Mar 16 00:00:00 GMT+01:00 2025,Birthday,3910
3911,Necessary official memory.,Thu Feb 29 00:00:00 GMT+01:00 2024,Corporate Event,3911
3912,Down fall leader.,Tue Apr 12 00:00:00 GMT+01:00 2022,Birthday,3912
3913,Lose really president.,Sun Dec 11 00:00:00 GMT+01:00 2022,Private Party,3913
3914,Her brother.,Sun Apr 02 00:00:00 GMT+01:00 2023,Birthday,3914
3915,Budget only fly idea.,Mon Sep 02 00:00:00 GMT+01:00 2024,Birthday,3915
3916,Look option.,Wed May 25 00:00:00 GMT+01:00 2022,Corporate Event,3916
3917,Start.,Thu Apr 24 00:00:00 GMT+01:00 2025,Corporate Event,3917
3918,Music suddenly from.,Sat May 18 00:00:00 GMT+01:00 2024,Private Party,3918
3919,Couple.,Sat Mar 08 00:00:00 GMT+01:00 2025,Private Party,3919
3920,Itself check herself.,Sun Jul 27 00:00:00 GMT+01:00 2025,Birthday,3920
3921,Pretty push.,Sun Apr 07 00:00:00 GMT+01:00 2024,Corporate Event,3921
3922,Morning method rest.,Thu Feb 09 00:00:00 GMT+01:00 2023,Birthday,3922
3923,Much method.,Tue Aug 05 00:00:00 GMT+01:00 2025,Corporate Event,3923
3924,Behind drug whom.,Thu Apr 14 00:00:00 GMT+01:00 2022,Corporate Event,3924
3925,Back author various respond.,Wed Mar 02 00:00:00 GMT+01:00 2022,Corporate Event,3925
3926,Theory star week.,Fri Mar 17 00:00:00 GMT+01:00 2023,Corporate Event,3926
3927,Agency third hear who.,Wed May 24 00:00:00 GMT+01:00 2023,Birthday,3927
3928,Wide hot threat.,Mon May 09 00:00:00 GMT+01:00 2022,Private Party,3928
3929,Force accept.,Sat Sep 14 00:00:00 GMT+01:00 2024,Private Party,3929
3930,Campaign family teacher.,Sun Aug 18 00:00:00 GMT+01:00 2024,Corporate Event,3930
3931,These return.,Thu Jul 21 00:00:00 GMT+01:00 2022,Wedding,3931
3932,Hot piece unit for.,Sun Jul 02 00:00:00 GMT+01:00 2023,Birthday,3932
3933,Deal international agreement.,Mon Jun 27 00:00:00 GMT+01:00 2022,Corporate Event,3933
3934,Left.,Sat Nov 01 00:00:00 GMT+01:00 2025,Birthday,3934
3935,One.,Sat Nov 08 00:00:00 GMT+01:00 2025,Corporate Event,3935
3936,Face standard.,Sat Jun 28 00:00:00 GMT+01:00 2025,Corporate Event,3936
3937,Take high this.,Sun Dec 18 00:00:00 GMT+01:00 2022,Corporate Event,3937
3938,Notice thought glass.,Sat May 18 00:00:00 GMT+01:00 2024,Private Party,3938
3939,Yard world again.,Wed Mar 15 00:00:00 GMT+01:00 2023,Corporate Event,3939
3940,Might.,Tue Aug 06 00:00:00 GMT+01:00 2024,Wedding,3940
3941,General election everybody.,Sat Feb 04 00:00:00 GMT+01:00 2023,Wedding,3941
3942,Prepare soldier should.,Fri Sep 06 00:00:00 GMT+01:00 2024,Private Party,3942
3943,Investment administration.,Sun Aug 17 00:00:00 GMT+01:00 2025,Private Party,3943
3944,Production.,Tue Nov 21 00:00:00 GMT+01:00 2023,Corporate Event,3944
3945,Both care second.,Sat Jan 22 00:00:00 GMT+01:00 2022,Private Party,3945
3946,Food however beat.,Fri May 10 00:00:00 GMT+01:00 2024,Corporate Event,3946
3947,Determine environmental policy.,Fri Sep 22 00:00:00 GMT+01:00 2023,Wedding,3947
3948,Hot sign.,Fri Sep 15 00:00:00 GMT+01:00 2023,Private Party,3948
3949,Record name.,Tue Dec 02 00:00:00 GMT+01:00 2025,Birthday,3949
3950,Organization through phone determine.,Thu Feb 06 00:00:00 GMT+01:00 2025,Private Party,3950
3951,Do scientist their.,Mon Nov 03 00:00:00 GMT+01:00 2025,Corporate Event,3951
3952,Still short a.,Tue Dec 24 00:00:00 GMT+01:00 2024,Corporate Event,3952
3953,Wall agent.,Sat Mar 02 00:00:00 GMT+01:00 2024,Birthday,3953
3954,Per.,Tue May 07 00:00:00 GMT+01:00 2024,Wedding,3954
3955,Hour difference.,Fri Nov 04 00:00:00 GMT+01:00 2022,Private Party,3955
3956,Argue treatment.,Mon Oct 10 00:00:00 GMT+01:00 2022,Private Party,3956
3957,Relate since.,Sun Feb 04 00:00:00 GMT+01:00 2024,Wedding,3957
3958,Eat born because.,Sun Oct 08 00:00:00 GMT+01:00 2023,Private Party,3958
3959,Light right expect.,Thu Mar 13 00:00:00 GMT+01:00 2025,Private Party,3959
3960,Bring fund education.,Mon Sep 08 00:00:00 GMT+01:00 2025,Private Party,3960
3961,Somebody financial.,Tue Feb 11 00:00:00 GMT+01:00 2025,Wedding,3961
3962,Member lose.,Sun Oct 23 00:00:00 GMT+01:00 2022,Private Party,3962
3963,Box ahead.,Wed Sep 03 00:00:00 GMT+01:00 2025,Private Party,3963
3964,Happen share hard fight.,Sun Aug 03 00:00:00 GMT+01:00 2025,Birthday,3964
3965,Plan quite.,Mon Feb 06 00:00:00 GMT+01:00 2023,Private Party,3965
3966,Respond drug.,Wed Mar 27 00:00:00 GMT+01:00 2024,Birthday,3966
3967,Third.,Fri Jul 05 00:00:00 GMT+01:00 2024,Private Party,3967
3968,Three author.,Thu Feb 15 00:00:00 GMT+01:00 2024,Birthday,3968
3969,Beautiful teacher.,Thu Jul 24 00:00:00 GMT+01:00 2025,Birthday,3969
3970,Significant note place fine.,Sat Apr 22 00:00:00 GMT+01:00 2023,Corporate Event,3970
3971,Maybe side similar blood.,Fri Dec 06 00:00:00 GMT+01:00 2024,Corporate Event,3971
3972,Evening speech.,Wed Feb 08 00:00:00 GMT+01:00 2023,Corporate Event,3972
3973,Natural morning.,Tue Jun 17 00:00:00 GMT+01:00 2025,Wedding,3973
3974,Along fall appear imagine.,Sat Nov 12 00:00:00 GMT+01:00 2022,Private Party,3974
3975,Wide fear measure.,Tue Apr 26 00:00:00 GMT+01:00 2022,Private Party,3975
3976,Let pick art.,Tue Jan 07 00:00:00 GMT+01:00 2025,Private Party,3976
3977,Station happen.,Sat Jun 04 00:00:00 GMT+01:00 2022,Wedding,3977
3978,Miss against nature.,Wed Mar 26 00:00:00 GMT+01:00 2025,Private Party,3978
3979,Worker organization.,Wed Apr 12 00:00:00 GMT+01:00 2023,Corporate Event,3979
3980,All reach.,Tue Mar 29 00:00:00 GMT+01:00 2022,Birthday,3980
3981,Speak second.,Sun Apr 24 00:00:00 GMT+01:00 2022,Birthday,3981
3982,Guess you.,Thu Nov 20 00:00:00 GMT+01:00 2025,Birthday,3982
3983,Create.,Fri Jan 03 00:00:00 GMT+01:00 2025,Wedding,3983
3984,Near say nice.,Thu Jun 16 00:00:00 GMT+01:00 2022,Corporate Event,3984
3985,Idea small him.,Wed Jan 17 00:00:00 GMT+01:00 2024,Birthday,3985
3986,Physical listen physical.,Wed Feb 22 00:00:00 GMT+01:00 2023,Corporate Event,3986
3987,Grow eight six.,Sun Sep 14 00:00:00 GMT+01:00 2025,Corporate Event,3987
3988,Indicate throughout ok.,Thu Feb 06 00:00:00 GMT+01:00 2025,Corporate Event,3988
3989,Mind page.,Sun Nov 23 00:00:00 GMT+01:00 2025,Wedding,3989
3990,Above reach theory.,Sun Apr 20 00:00:00 GMT+01:00 2025,Private Party,3990
3991,You fly.,Mon Mar 10 00:00:00 GMT+01:00 2025,Corporate Event,3991
3992,Help I.,Wed Nov 01 00:00:00 GMT+01:00 2023,Corporate Event,3992
3993,When administration.,Wed Aug 14 00:00:00 GMT+01:00 2024,Corporate Event,3993
3994,Create baby.,Sat Apr 08 00:00:00 GMT+01:00 2023,Corporate Event,3994
3995,Behavior control rise.,Fri Jun 20 00:00:00 GMT+01:00 2025,Wedding,3995
3996,Heart customer.,Fri Mar 21 00:00:00 GMT+01:00 2025,Private Party,3996
3997,Author stuff.,Mon Oct 17 00:00:00 GMT+01:00 2022,Corporate Event,3997
3998,Big space.,Thu Oct 26 00:00:00 GMT+01:00 2023,Birthday,3998
3999,You whose thus.,Sun Jan 23 00:00:00 GMT+01:00 2022,Corporate Event,3999
4000,Challenge hard moment painting.,Fri Jun 06 00:00:00 GMT+01:00 2025,Private Party,4000
4001,Election eye.,Mon Nov 17 00:00:00 GMT+01:00 2025,Corporate Event,4001
4002,Degree mind certain.,Sat Feb 08 00:00:00 GMT+01:00 2025,Wedding,4002
4003,Catch computer dark.,Wed May 25 00:00:00 GMT+01:00 2022,Wedding,4003
4004,Lose hope letter.,Fri Apr 22 00:00:00 GMT+01:00 2022,Wedding,4004
4005,Question economy.,Mon Dec 11 00:00:00 GMT+01:00 2023,Birthday,4005
4006,Behind risk form.,Sat Oct 22 00:00:00 GMT+01:00 2022,Corporate Event,4006
4007,Discuss every.,Sat Nov 25 00:00:00 GMT+01:00 2023,Birthday,4007
4008,Relationship together significant.,Thu Jan 02 00:00:00 GMT+01:00 2025,Corporate Event,4008
4009,Message he.,Mon Mar 17 00:00:00 GMT+01:00 2025,Wedding,4009
4010,Week yourself.,Sun Feb 12 00:00:00 GMT+01:00 2023,Wedding,4010
4011,Training turn.,Fri Jun 07 00:00:00 GMT+01:00 2024,Wedding,4011
4012,Author character member law.,Fri Sep 12 00:00:00 GMT+01:00 2025,Private Party,4012
4013,Tell sea bill.,Thu Jan 27 00:00:00 GMT+01:00 2022,Birthday,4013
4014,Town no leader poor.,Wed May 11 00:00:00 GMT+01:00 2022,Private Party,4014
4015,Try dinner out.,Sat Oct 26 00:00:00 GMT+01:00 2024,Wedding,4015
4016,Age political.,Fri Nov 07 00:00:00 GMT+01:00 2025,Birthday,4016
4017,Several.,Fri Oct 06 00:00:00 GMT+01:00 2023,Private Party,4017
4018,Authority enough score.,Thu Apr 03 00:00:00 GMT+01:00 2025,Private Party,4018
4019,New memory student.,Wed Apr 26 00:00:00 GMT+01:00 2023,Birthday,4019
4020,Far world suddenly.,Sun Oct 23 00:00:00 GMT+01:00 2022,Corporate Event,4020
4021,Into include guy.,Sun Apr 17 00:00:00 GMT+01:00 2022,Birthday,4021
4022,Machine without upon.,Fri Aug 29 00:00:00 GMT+01:00 2025,Corporate Event,4022
4023,Environment culture like.,Tue Dec 17 00:00:00 GMT+01:00 2024,Corporate Event,4023
4024,Its traditional election.,Fri May 20 00:00:00 GMT+01:00 2022,Corporate Event,4024
4025,Budget section defense.,Thu May 11 00:00:00 GMT+01:00 2023,Private Party,4025
4026,Method owner.,Sat Jun 28 00:00:00 GMT+01:00 2025,Private Party,4026
4027,Read.,Sun Jun 04 00:00:00 GMT+01:00 2023,Corporate Event,4027
4028,Kind company.,Thu Mar 28 00:00:00 GMT+01:00 2024,Birthday,4028
4029,Assume skin air.,Wed Jan 31 00:00:00 GMT+01:00 2024,Wedding,4029
4030,Lay worker middle.,Wed Jul 12 00:00:00 GMT+01:00 2023,Wedding,4030
4031,Now design property.,Tue Oct 11 00:00:00 GMT+01:00 2022,Birthday,4031
4032,House executive.,Thu Jul 10 00:00:00 GMT+01:00 2025,Private Party,4032
4033,Home group describe.,Mon Jan 08 00:00:00 GMT+01:00 2024,Corporate Event,4033
4034,This throw.,Mon Aug 11 00:00:00 GMT+01:00 2025,Private Party,4034
4035,Reason beautiful.,Sat Mar 22 00:00:00 GMT+01:00 2025,Private Party,4035
4036,Know window item.,Thu Apr 10 00:00:00 GMT+01:00 2025,Corporate Event,4036
4037,Mr note five.,Tue Nov 08 00:00:00 GMT+01:00 2022,Wedding,4037
4038,Tax describe lead.,Sun Jun 19 00:00:00 GMT+01:00 2022,Private Party,4038
4039,Investment lay worker.,Mon Oct 10 00:00:00 GMT+01:00 2022,Corporate Event,4039
4040,Full executive receive.,Sun Sep 24 00:00:00 GMT+01:00 2023,Birthday,4040
4041,Idea begin.,Sat Jul 19 00:00:00 GMT+01:00 2025,Birthday,4041
4042,Arm if never.,Sat Oct 11 00:00:00 GMT+01:00 2025,Private Party,4042
4043,While keep.,Tue Feb 04 00:00:00 GMT+01:00 2025,Birthday,4043
4044,Despite light situation.,Sun Jan 05 00:00:00 GMT+01:00 2025,Corporate Event,4044
4045,Where part.,Sun Dec 29 00:00:00 GMT+01:00 2024,Wedding,4045
4046,Shoulder attorney Mrs.,Mon Feb 06 00:00:00 GMT+01:00 2023,Birthday,4046
4047,Scientist newspaper will feel.,Fri Nov 11 00:00:00 GMT+01:00 2022,Private Party,4047
4048,Left begin degree.,Wed Feb 05 00:00:00 GMT+01:00 2025,Wedding,4048
4049,Production enter.,Tue Apr 12 00:00:00 GMT+01:00 2022,Corporate Event,4049
4050,Put radio.,Sun Aug 18 00:00:00 GMT+01:00 2024,Wedding,4050
4051,Official.,Mon Nov 03 00:00:00 GMT+01:00 2025,Corporate Event,4051
4052,Full that cover.,Fri Jul 25 00:00:00 GMT+01:00 2025,Private Party,4052
4053,Body give strong.,Tue Dec 30 00:00:00 GMT+01:00 2025,Wedding,4053
4054,Live why agreement.,Tue Aug 23 00:00:00 GMT+01:00 2022,Wedding,4054
4055,Dream answer face.,Sat Jul 09 00:00:00 GMT+01:00 2022,Corporate Event,4055
4056,Subject spring.,Mon Mar 14 00:00:00 GMT+01:00 2022,Private Party,4056
4057,Look model.,Thu Mar 21 00:00:00 GMT+01:00 2024,Corporate Event,4057
4058,Season role.,Thu Apr 27 00:00:00 GMT+01:00 2023,Private Party,4058
4059,Oil both.,Sun Oct 13 00:00:00 GMT+01:00 2024,Corporate Event,4059
4060,Magazine economic.,Fri Jun 20 00:00:00 GMT+01:00 2025,Birthday,4060
4061,Act despite popular.,Thu Sep 29 00:00:00 GMT+01:00 2022,Wedding,4061
4062,Fast right.,Tue May 28 00:00:00 GMT+01:00 2024,Corporate Event,4062
4063,Threat collection fact.,Mon Jul 18 00:00:00 GMT+01:00 2022,Birthday,4063
4064,Television remain cost camera.,Thu Mar 23 00:00:00 GMT+01:00 2023,Wedding,4064
4065,Theory whether director.,Wed Sep 10 00:00:00 GMT+01:00 2025,Birthday,4065
4066,International administration agreement.,Sat Dec 09 00:00:00 GMT+01:00 2023,Wedding,4066
4067,Long cup keep.,Sun Nov 03 00:00:00 GMT+01:00 2024,Birthday,4067
4068,Property.,Sat Mar 29 00:00:00 GMT+01:00 2025,Private Party,4068
4069,Project until.,Tue Jun 24 00:00:00 GMT+01:00 2025,Wedding,4069
4070,Understand assume.,Tue Dec 02 00:00:00 GMT+01:00 2025,Private Party,4070
4149,Performance.,Mon Jan 09 00:00:00 GMT+01:00 2023,Corporate Event,4149
4071,Word simple at.,Mon Dec 11 00:00:00 GMT+01:00 2023,Corporate Event,4071
4072,Participant traditional.,Sun Sep 04 00:00:00 GMT+01:00 2022,Corporate Event,4072
4073,Late hotel.,Fri Jul 05 00:00:00 GMT+01:00 2024,Corporate Event,4073
4074,Former movement surface.,Tue Sep 03 00:00:00 GMT+01:00 2024,Private Party,4074
4075,Situation hour day fire.,Sun Apr 14 00:00:00 GMT+01:00 2024,Private Party,4075
4076,Approach.,Sun Apr 24 00:00:00 GMT+01:00 2022,Birthday,4076
4077,Son war.,Mon Sep 12 00:00:00 GMT+01:00 2022,Wedding,4077
4078,Put hold price.,Wed Oct 04 00:00:00 GMT+01:00 2023,Birthday,4078
4079,Since let.,Thu Sep 22 00:00:00 GMT+01:00 2022,Private Party,4079
4080,Ever tax throughout.,Thu Jan 13 00:00:00 GMT+01:00 2022,Private Party,4080
4081,Later either but.,Sun Aug 24 00:00:00 GMT+01:00 2025,Corporate Event,4081
4082,Smile staff beyond eat.,Sun Oct 29 00:00:00 GMT+01:00 2023,Birthday,4082
4083,These not.,Tue Jan 03 00:00:00 GMT+01:00 2023,Corporate Event,4083
4084,Determine travel cultural.,Mon Jun 10 00:00:00 GMT+01:00 2024,Wedding,4084
4085,Artist.,Mon Jun 06 00:00:00 GMT+01:00 2022,Private Party,4085
4086,Leader that develop.,Tue Nov 26 00:00:00 GMT+01:00 2024,Wedding,4086
4087,Number final effect.,Thu Oct 03 00:00:00 GMT+01:00 2024,Wedding,4087
4088,Apply really.,Tue Feb 06 00:00:00 GMT+01:00 2024,Wedding,4088
4089,Raise.,Tue Apr 08 00:00:00 GMT+01:00 2025,Corporate Event,4089
4090,Government note station.,Wed Nov 01 00:00:00 GMT+01:00 2023,Birthday,4090
4091,Dream picture resource.,Sun Feb 25 00:00:00 GMT+01:00 2024,Private Party,4091
4092,Physical collection.,Thu Jun 09 00:00:00 GMT+01:00 2022,Wedding,4092
4093,Senior benefit lot.,Sun Dec 01 00:00:00 GMT+01:00 2024,Wedding,4093
4094,Answer evidence.,Fri Oct 14 00:00:00 GMT+01:00 2022,Birthday,4094
4095,Need country event.,Fri May 02 00:00:00 GMT+01:00 2025,Private Party,4095
4096,Condition better.,Wed Feb 28 00:00:00 GMT+01:00 2024,Corporate Event,4096
4097,Address possible.,Sat Jan 15 00:00:00 GMT+01:00 2022,Wedding,4097
4098,Structure billion drop.,Mon Sep 12 00:00:00 GMT+01:00 2022,Wedding,4098
4099,By change stand.,Sun Sep 08 00:00:00 GMT+01:00 2024,Wedding,4099
4100,Scene history condition.,Tue Feb 13 00:00:00 GMT+01:00 2024,Birthday,4100
4101,Pay worry opportunity.,Sun Oct 13 00:00:00 GMT+01:00 2024,Private Party,4101
4102,Modern business teacher.,Thu Mar 02 00:00:00 GMT+01:00 2023,Private Party,4102
4103,Ground follow test.,Sun Jun 18 00:00:00 GMT+01:00 2023,Corporate Event,4103
4104,Church share real.,Sat Dec 03 00:00:00 GMT+01:00 2022,Corporate Event,4104
4105,Bag sea kitchen traditional.,Wed Dec 06 00:00:00 GMT+01:00 2023,Private Party,4105
4106,Her.,Sun Jul 17 00:00:00 GMT+01:00 2022,Corporate Event,4106
4107,Financial.,Sat May 11 00:00:00 GMT+01:00 2024,Private Party,4107
4108,Time analysis.,Mon Feb 24 00:00:00 GMT+01:00 2025,Private Party,4108
4109,Prepare.,Sun Jan 23 00:00:00 GMT+01:00 2022,Wedding,4109
4110,Market bank.,Tue Aug 23 00:00:00 GMT+01:00 2022,Private Party,4110
4111,Prevent eat.,Fri May 30 00:00:00 GMT+01:00 2025,Wedding,4111
4112,To PM point.,Thu Sep 28 00:00:00 GMT+01:00 2023,Birthday,4112
4113,After easy me.,Wed Dec 21 00:00:00 GMT+01:00 2022,Wedding,4113
4114,Individual never.,Fri Aug 15 00:00:00 GMT+01:00 2025,Birthday,4114
4115,Me which.,Wed Feb 22 00:00:00 GMT+01:00 2023,Private Party,4115
4116,Interest low.,Sat Aug 16 00:00:00 GMT+01:00 2025,Corporate Event,4116
4117,Offer model total.,Tue Nov 15 00:00:00 GMT+01:00 2022,Private Party,4117
4118,Factor market production agency.,Tue May 06 00:00:00 GMT+01:00 2025,Private Party,4118
4119,Almost culture.,Sat Oct 07 00:00:00 GMT+01:00 2023,Corporate Event,4119
4120,Himself consider us.,Sun May 26 00:00:00 GMT+01:00 2024,Private Party,4120
4121,Understand son American.,Tue Jun 14 00:00:00 GMT+01:00 2022,Wedding,4121
4122,Age enter agree.,Thu May 18 00:00:00 GMT+01:00 2023,Private Party,4122
4123,Water.,Sat Oct 25 00:00:00 GMT+01:00 2025,Birthday,4123
4124,Table offer.,Wed Nov 13 00:00:00 GMT+01:00 2024,Corporate Event,4124
4125,Player a.,Sat Nov 11 00:00:00 GMT+01:00 2023,Private Party,4125
4126,Decision four cut.,Mon Dec 29 00:00:00 GMT+01:00 2025,Private Party,4126
4127,Want with.,Sun Sep 18 00:00:00 GMT+01:00 2022,Corporate Event,4127
4128,Develop prepare already.,Sun Jan 29 00:00:00 GMT+01:00 2023,Birthday,4128
4129,The.,Fri Dec 22 00:00:00 GMT+01:00 2023,Birthday,4129
4130,Various send main.,Sun Feb 13 00:00:00 GMT+01:00 2022,Private Party,4130
4131,Life part lead direction.,Mon Mar 03 00:00:00 GMT+01:00 2025,Birthday,4131
4132,Economic role miss.,Thu Jan 04 00:00:00 GMT+01:00 2024,Corporate Event,4132
4133,According first.,Wed Apr 06 00:00:00 GMT+01:00 2022,Wedding,4133
4134,Option red.,Tue Nov 29 00:00:00 GMT+01:00 2022,Wedding,4134
4135,Black best present.,Mon Jan 15 00:00:00 GMT+01:00 2024,Wedding,4135
4136,Hair like own.,Fri Oct 07 00:00:00 GMT+01:00 2022,Corporate Event,4136
4137,Section him choice.,Sat Sep 17 00:00:00 GMT+01:00 2022,Private Party,4137
4138,Her stuff explain.,Mon Sep 19 00:00:00 GMT+01:00 2022,Corporate Event,4138
4139,Research wear.,Sat Aug 06 00:00:00 GMT+01:00 2022,Wedding,4139
4140,Far bag.,Thu Jun 19 00:00:00 GMT+01:00 2025,Private Party,4140
4141,Fill cut former for.,Tue Mar 08 00:00:00 GMT+01:00 2022,Wedding,4141
4142,Phone list.,Sun May 25 00:00:00 GMT+01:00 2025,Birthday,4142
4143,Professional inside wind.,Sun Feb 05 00:00:00 GMT+01:00 2023,Private Party,4143
4144,Attorney store.,Wed Jul 05 00:00:00 GMT+01:00 2023,Wedding,4144
4145,Hour large its.,Wed Feb 26 00:00:00 GMT+01:00 2025,Wedding,4145
4146,Region raise camera.,Sat Mar 08 00:00:00 GMT+01:00 2025,Birthday,4146
4147,Threat try use.,Wed Dec 27 00:00:00 GMT+01:00 2023,Corporate Event,4147
4148,Throughout those director.,Wed Feb 19 00:00:00 GMT+01:00 2025,Private Party,4148
4150,Feeling.,Thu Oct 16 00:00:00 GMT+01:00 2025,Wedding,4150
4151,Minute.,Fri Jun 10 00:00:00 GMT+01:00 2022,Corporate Event,4151
4152,Body value add.,Thu Jun 13 00:00:00 GMT+01:00 2024,Private Party,4152
4153,Home.,Wed Mar 22 00:00:00 GMT+01:00 2023,Wedding,4153
4154,Best card.,Wed Jul 09 00:00:00 GMT+01:00 2025,Private Party,4154
4155,Life event such.,Wed Apr 26 00:00:00 GMT+01:00 2023,Wedding,4155
4156,Crime fish.,Tue Mar 15 00:00:00 GMT+01:00 2022,Wedding,4156
4157,Let water their reality.,Wed Nov 01 00:00:00 GMT+01:00 2023,Private Party,4157
4158,Specific main walk.,Thu Feb 23 00:00:00 GMT+01:00 2023,Private Party,4158
4159,Somebody hand safe.,Tue Apr 29 00:00:00 GMT+01:00 2025,Private Party,4159
4160,Which daughter tax.,Fri Dec 27 00:00:00 GMT+01:00 2024,Corporate Event,4160
4161,Media partner care.,Sun Nov 27 00:00:00 GMT+01:00 2022,Wedding,4161
4162,North with.,Wed Jun 22 00:00:00 GMT+01:00 2022,Corporate Event,4162
4163,Security do draw evidence.,Thu Apr 04 00:00:00 GMT+01:00 2024,Corporate Event,4163
4164,Current reduce rule drive.,Tue Dec 26 00:00:00 GMT+01:00 2023,Wedding,4164
4165,But mention decision.,Tue Sep 16 00:00:00 GMT+01:00 2025,Private Party,4165
4166,Attention push.,Sat Feb 15 00:00:00 GMT+01:00 2025,Corporate Event,4166
4167,Pretty summer political.,Thu May 29 00:00:00 GMT+01:00 2025,Corporate Event,4167
4168,Piece notice move.,Sat Nov 26 00:00:00 GMT+01:00 2022,Corporate Event,4168
4169,Provide fund.,Fri Dec 09 00:00:00 GMT+01:00 2022,Birthday,4169
4170,Which bar range.,Mon Jan 27 00:00:00 GMT+01:00 2025,Private Party,4170
4171,Federal benefit.,Tue Jan 11 00:00:00 GMT+01:00 2022,Wedding,4171
4172,Painting.,Fri Apr 08 00:00:00 GMT+01:00 2022,Wedding,4172
4173,Traditional interesting something.,Mon Sep 11 00:00:00 GMT+01:00 2023,Corporate Event,4173
4174,Beautiful something.,Mon Feb 17 00:00:00 GMT+01:00 2025,Wedding,4174
4175,Think claim officer.,Sat Jul 12 00:00:00 GMT+01:00 2025,Birthday,4175
4176,Defense question bag.,Sat Mar 25 00:00:00 GMT+01:00 2023,Corporate Event,4176
4177,Piece move method.,Tue Apr 23 00:00:00 GMT+01:00 2024,Birthday,4177
4178,Total.,Sat Mar 25 00:00:00 GMT+01:00 2023,Birthday,4178
4179,Source need rest.,Mon Mar 25 00:00:00 GMT+01:00 2024,Corporate Event,4179
4180,Weight feeling world summer.,Tue Jun 21 00:00:00 GMT+01:00 2022,Corporate Event,4180
4181,Both.,Sat Mar 15 00:00:00 GMT+01:00 2025,Private Party,4181
4182,Require head return pretty.,Sat Jul 05 00:00:00 GMT+01:00 2025,Private Party,4182
4183,Easy career.,Wed Jul 20 00:00:00 GMT+01:00 2022,Wedding,4183
4184,Feel produce argue.,Mon Feb 26 00:00:00 GMT+01:00 2024,Corporate Event,4184
4185,Chair ago.,Thu Sep 26 00:00:00 GMT+01:00 2024,Wedding,4185
4186,Difficult issue.,Tue Feb 01 00:00:00 GMT+01:00 2022,Birthday,4186
4187,Thank.,Thu Nov 06 00:00:00 GMT+01:00 2025,Wedding,4187
4188,Defense near.,Mon Mar 13 00:00:00 GMT+01:00 2023,Private Party,4188
4189,Carry art.,Tue Dec 19 00:00:00 GMT+01:00 2023,Birthday,4189
4190,Suffer.,Tue Dec 24 00:00:00 GMT+01:00 2024,Corporate Event,4190
4191,Student once field.,Sat Dec 09 00:00:00 GMT+01:00 2023,Birthday,4191
4192,Child question.,Sat Oct 05 00:00:00 GMT+01:00 2024,Wedding,4192
4193,Environmental law condition interview.,Sun Feb 20 00:00:00 GMT+01:00 2022,Birthday,4193
4194,Financial study.,Wed May 01 00:00:00 GMT+01:00 2024,Corporate Event,4194
4195,Idea author message position.,Sat Apr 29 00:00:00 GMT+01:00 2023,Wedding,4195
4196,Go it.,Sun Oct 27 00:00:00 GMT+01:00 2024,Corporate Event,4196
4197,Than girl.,Sun Oct 16 00:00:00 GMT+01:00 2022,Private Party,4197
4198,One from.,Sat Mar 11 00:00:00 GMT+01:00 2023,Wedding,4198
4199,Where society position.,Sat Sep 30 00:00:00 GMT+01:00 2023,Wedding,4199
4200,Lead well.,Tue Feb 20 00:00:00 GMT+01:00 2024,Birthday,4200
4201,Shake final.,Wed Mar 01 00:00:00 GMT+01:00 2023,Private Party,4201
4202,They leg them.,Sun Sep 10 00:00:00 GMT+01:00 2023,Birthday,4202
4203,Sound every film.,Thu Oct 13 00:00:00 GMT+01:00 2022,Birthday,4203
4204,Compare a necessary.,Wed Jan 18 00:00:00 GMT+01:00 2023,Private Party,4204
4205,Son state.,Mon May 05 00:00:00 GMT+01:00 2025,Corporate Event,4205
4206,Such.,Sun May 07 00:00:00 GMT+01:00 2023,Birthday,4206
4207,Protect.,Thu May 29 00:00:00 GMT+01:00 2025,Private Party,4207
4208,Way size.,Mon Aug 14 00:00:00 GMT+01:00 2023,Birthday,4208
4209,Marriage much.,Tue Nov 15 00:00:00 GMT+01:00 2022,Private Party,4209
4210,Wind strong.,Mon Jul 15 00:00:00 GMT+01:00 2024,Wedding,4210
4211,Role man meet.,Tue Oct 15 00:00:00 GMT+01:00 2024,Birthday,4211
4212,Project color.,Fri Jul 29 00:00:00 GMT+01:00 2022,Corporate Event,4212
4213,Sign road identify.,Fri Jul 11 00:00:00 GMT+01:00 2025,Private Party,4213
4214,Stop minute.,Wed Nov 09 00:00:00 GMT+01:00 2022,Birthday,4214
4215,As development.,Mon Aug 07 00:00:00 GMT+01:00 2023,Private Party,4215
4216,Hour edge.,Thu Sep 12 00:00:00 GMT+01:00 2024,Private Party,4216
4217,Truth well call.,Sun Sep 08 00:00:00 GMT+01:00 2024,Birthday,4217
4218,And too detail.,Tue Dec 23 00:00:00 GMT+01:00 2025,Wedding,4218
4219,Practice.,Thu Sep 26 00:00:00 GMT+01:00 2024,Birthday,4219
4220,Food turn poor.,Tue Aug 05 00:00:00 GMT+01:00 2025,Private Party,4220
4221,Activity institution.,Wed May 25 00:00:00 GMT+01:00 2022,Corporate Event,4221
4222,Door town our.,Sun Sep 24 00:00:00 GMT+01:00 2023,Corporate Event,4222
4223,Wall five.,Sun Mar 27 00:00:00 GMT+01:00 2022,Corporate Event,4223
4224,Member who picture.,Fri Nov 04 00:00:00 GMT+01:00 2022,Private Party,4224
4225,Life career reveal.,Thu Oct 24 00:00:00 GMT+01:00 2024,Corporate Event,4225
4226,Unit record message.,Thu Jun 23 00:00:00 GMT+01:00 2022,Private Party,4226
4227,Effect.,Thu Jan 25 00:00:00 GMT+01:00 2024,Birthday,4227
4228,Middle newspaper sit.,Sun Jul 14 00:00:00 GMT+01:00 2024,Wedding,4228
4229,Top public particular.,Wed Mar 30 00:00:00 GMT+01:00 2022,Wedding,4229
4230,Herself alone style.,Sat Apr 01 00:00:00 GMT+01:00 2023,Private Party,4230
4231,Difficult seek growth.,Sun Oct 09 00:00:00 GMT+01:00 2022,Wedding,4231
4232,Discuss when realize.,Fri Jul 04 00:00:00 GMT+01:00 2025,Corporate Event,4232
4233,Same discussion dinner.,Tue Jul 19 00:00:00 GMT+01:00 2022,Birthday,4233
4234,Time name.,Mon Mar 14 00:00:00 GMT+01:00 2022,Birthday,4234
4235,Fact number.,Fri May 12 00:00:00 GMT+01:00 2023,Birthday,4235
4236,Activity officer.,Wed Jun 18 00:00:00 GMT+01:00 2025,Wedding,4236
4237,Get upon.,Tue May 09 00:00:00 GMT+01:00 2023,Private Party,4237
4238,Phone data manage.,Tue Sep 16 00:00:00 GMT+01:00 2025,Birthday,4238
4239,Class involve issue.,Sat Mar 09 00:00:00 GMT+01:00 2024,Birthday,4239
4240,Identify.,Mon Feb 03 00:00:00 GMT+01:00 2025,Birthday,4240
4241,Art collection prevent.,Mon Apr 15 00:00:00 GMT+01:00 2024,Corporate Event,4241
4242,Bad act admit.,Fri Nov 08 00:00:00 GMT+01:00 2024,Private Party,4242
4243,Red brother.,Fri Apr 05 00:00:00 GMT+01:00 2024,Wedding,4243
4244,Effect only himself.,Thu Oct 16 00:00:00 GMT+01:00 2025,Corporate Event,4244
4245,Serious seek.,Fri Apr 18 00:00:00 GMT+01:00 2025,Private Party,4245
4246,Pm small.,Wed Apr 23 00:00:00 GMT+01:00 2025,Wedding,4246
4247,Owner pressure.,Tue Nov 26 00:00:00 GMT+01:00 2024,Birthday,4247
4248,Doctor remember.,Wed Jun 22 00:00:00 GMT+01:00 2022,Wedding,4248
4249,Off less.,Sun Jun 16 00:00:00 GMT+01:00 2024,Birthday,4249
4250,Capital company by.,Mon Jan 03 00:00:00 GMT+01:00 2022,Corporate Event,4250
4251,New lot.,Wed Aug 02 00:00:00 GMT+01:00 2023,Birthday,4251
4252,These necessary step.,Thu Apr 24 00:00:00 GMT+01:00 2025,Wedding,4252
4253,Book decide.,Sat Aug 23 00:00:00 GMT+01:00 2025,Wedding,4253
4254,Reduce prevent.,Sun Apr 27 00:00:00 GMT+01:00 2025,Private Party,4254
4255,Contain training.,Sat Nov 30 00:00:00 GMT+01:00 2024,Corporate Event,4255
4256,Firm recent role.,Sat Apr 22 00:00:00 GMT+01:00 2023,Wedding,4256
4257,Continue say.,Wed Oct 18 00:00:00 GMT+01:00 2023,Corporate Event,4257
4258,They set.,Sun Apr 21 00:00:00 GMT+01:00 2024,Birthday,4258
4259,Message wall.,Mon Jul 03 00:00:00 GMT+01:00 2023,Corporate Event,4259
4260,Top marriage.,Sun Dec 29 00:00:00 GMT+01:00 2024,Corporate Event,4260
4261,Chance political evidence deep.,Sun Oct 06 00:00:00 GMT+01:00 2024,Wedding,4261
4262,Movement truth.,Mon Jul 24 00:00:00 GMT+01:00 2023,Private Party,4262
4263,To conference drug choice.,Sat Aug 06 00:00:00 GMT+01:00 2022,Birthday,4263
4264,Well use back.,Sat Dec 31 00:00:00 GMT+01:00 2022,Wedding,4264
4265,Her lead lot.,Sun Oct 12 00:00:00 GMT+01:00 2025,Wedding,4265
4266,Fill lay inside leave.,Thu Jun 16 00:00:00 GMT+01:00 2022,Wedding,4266
4267,Some stop.,Tue Sep 27 00:00:00 GMT+01:00 2022,Corporate Event,4267
4268,Congress mouth stand.,Sun Apr 27 00:00:00 GMT+01:00 2025,Birthday,4268
4269,Follow guess.,Sun Jul 09 00:00:00 GMT+01:00 2023,Wedding,4269
4270,Two many camera.,Tue May 28 00:00:00 GMT+01:00 2024,Wedding,4270
4271,People pass field.,Wed Mar 20 00:00:00 GMT+01:00 2024,Private Party,4271
4272,Trial few enter.,Wed Jan 04 00:00:00 GMT+01:00 2023,Corporate Event,4272
4273,Floor two leave.,Tue Jul 30 00:00:00 GMT+01:00 2024,Wedding,4273
4274,Create history team.,Fri Oct 18 00:00:00 GMT+01:00 2024,Private Party,4274
4275,Marriage friend art.,Wed Jan 26 00:00:00 GMT+01:00 2022,Corporate Event,4275
4276,Enter himself.,Tue Jul 08 00:00:00 GMT+01:00 2025,Birthday,4276
4277,Bad chair newspaper.,Sat Mar 18 00:00:00 GMT+01:00 2023,Wedding,4277
4278,Ask project improve.,Sat Jul 12 00:00:00 GMT+01:00 2025,Wedding,4278
4279,Interview year establish.,Sun Jul 16 00:00:00 GMT+01:00 2023,Corporate Event,4279
4280,Part throw.,Mon Jul 07 00:00:00 GMT+01:00 2025,Birthday,4280
4281,Though minute.,Fri Sep 08 00:00:00 GMT+01:00 2023,Wedding,4281
4282,Want deal.,Thu May 09 00:00:00 GMT+01:00 2024,Birthday,4282
4283,Four help student.,Fri May 06 00:00:00 GMT+01:00 2022,Corporate Event,4283
4284,Culture voice current.,Sun Jul 13 00:00:00 GMT+01:00 2025,Wedding,4284
4285,Painting win.,Wed May 25 00:00:00 GMT+01:00 2022,Private Party,4285
4286,Nation marriage toward.,Wed Apr 03 00:00:00 GMT+01:00 2024,Corporate Event,4286
4287,Lose information.,Tue Jan 07 00:00:00 GMT+01:00 2025,Birthday,4287
4288,Various professor set.,Sat Sep 17 00:00:00 GMT+01:00 2022,Wedding,4288
4289,Clear.,Fri Mar 21 00:00:00 GMT+01:00 2025,Birthday,4289
4290,Join before purpose.,Fri Jun 09 00:00:00 GMT+01:00 2023,Corporate Event,4290
4291,Box east.,Tue Sep 26 00:00:00 GMT+01:00 2023,Private Party,4291
4292,News if fact involve.,Fri Mar 14 00:00:00 GMT+01:00 2025,Birthday,4292
4293,Size day exactly.,Tue Apr 08 00:00:00 GMT+01:00 2025,Wedding,4293
4294,Send wish middle.,Sun Aug 27 00:00:00 GMT+01:00 2023,Private Party,4294
4295,Learn later Democrat.,Wed Jul 02 00:00:00 GMT+01:00 2025,Private Party,4295
4296,Public plant itself.,Fri May 17 00:00:00 GMT+01:00 2024,Private Party,4296
4297,Sea radio street.,Sat Nov 29 00:00:00 GMT+01:00 2025,Corporate Event,4297
4298,Whom policy.,Sun Dec 10 00:00:00 GMT+01:00 2023,Corporate Event,4298
4299,Follow hospital sister.,Sat Jan 20 00:00:00 GMT+01:00 2024,Wedding,4299
4300,Wait student huge.,Mon Dec 11 00:00:00 GMT+01:00 2023,Corporate Event,4300
4301,Create environmental.,Wed Mar 20 00:00:00 GMT+01:00 2024,Private Party,4301
4302,Table.,Thu Aug 18 00:00:00 GMT+01:00 2022,Wedding,4302
4303,Know miss.,Sun Feb 06 00:00:00 GMT+01:00 2022,Wedding,4303
4304,Guy defense city weight.,Thu Mar 06 00:00:00 GMT+01:00 2025,Corporate Event,4304
4305,Organization create.,Tue Apr 22 00:00:00 GMT+01:00 2025,Private Party,4305
4306,Experience guy.,Sun Nov 26 00:00:00 GMT+01:00 2023,Private Party,4306
4307,Imagine will learn.,Sat Dec 27 00:00:00 GMT+01:00 2025,Birthday,4307
4308,Book Mr.,Wed May 28 00:00:00 GMT+01:00 2025,Corporate Event,4308
4309,Current best.,Sun May 05 00:00:00 GMT+01:00 2024,Private Party,4309
4310,Parent girl site.,Fri Jan 21 00:00:00 GMT+01:00 2022,Birthday,4310
4311,Your structure.,Mon May 19 00:00:00 GMT+01:00 2025,Private Party,4311
4312,Appear if.,Sun Sep 11 00:00:00 GMT+01:00 2022,Wedding,4312
4313,Position shoulder ahead work.,Tue Apr 08 00:00:00 GMT+01:00 2025,Birthday,4313
4314,Yourself million green.,Sun Jan 16 00:00:00 GMT+01:00 2022,Private Party,4314
4315,Outside white rule.,Sat Sep 06 00:00:00 GMT+01:00 2025,Wedding,4315
4316,Perhaps in figure.,Sun Nov 26 00:00:00 GMT+01:00 2023,Wedding,4316
4317,Behavior everyone.,Fri Sep 27 00:00:00 GMT+01:00 2024,Wedding,4317
4318,Break company eight understand.,Wed Oct 29 00:00:00 GMT+01:00 2025,Wedding,4318
4319,Wait skin yard.,Fri May 23 00:00:00 GMT+01:00 2025,Wedding,4319
4320,Strong necessary.,Fri May 10 00:00:00 GMT+01:00 2024,Birthday,4320
4321,Sister none doctor.,Mon Apr 29 00:00:00 GMT+01:00 2024,Birthday,4321
4322,Official here.,Fri Aug 30 00:00:00 GMT+01:00 2024,Private Party,4322
4323,Voice end live practice.,Sun Apr 21 00:00:00 GMT+01:00 2024,Corporate Event,4323
4324,Card thing.,Sat Jul 23 00:00:00 GMT+01:00 2022,Corporate Event,4324
4325,At successful important activity.,Fri Jan 10 00:00:00 GMT+01:00 2025,Wedding,4325
4326,Leader write.,Tue Jun 13 00:00:00 GMT+01:00 2023,Birthday,4326
4327,Song establish off.,Sun Mar 20 00:00:00 GMT+01:00 2022,Private Party,4327
4328,About according.,Thu May 30 00:00:00 GMT+01:00 2024,Corporate Event,4328
4329,With deep.,Sat Jan 04 00:00:00 GMT+01:00 2025,Private Party,4329
4330,Right industry service.,Wed Jan 24 00:00:00 GMT+01:00 2024,Wedding,4330
4331,Create summer.,Thu Mar 27 00:00:00 GMT+01:00 2025,Private Party,4331
4332,Rule.,Wed Jun 15 00:00:00 GMT+01:00 2022,Birthday,4332
4333,Professional job.,Mon Jun 30 00:00:00 GMT+01:00 2025,Corporate Event,4333
4334,Price specific blood.,Sat Dec 24 00:00:00 GMT+01:00 2022,Wedding,4334
4335,Fear because.,Thu Dec 29 00:00:00 GMT+01:00 2022,Private Party,4335
4336,Candidate close.,Sat Jan 14 00:00:00 GMT+01:00 2023,Birthday,4336
4337,Collection country.,Thu Oct 24 00:00:00 GMT+01:00 2024,Wedding,4337
4338,Thought each marriage.,Thu Aug 31 00:00:00 GMT+01:00 2023,Corporate Event,4338
4339,Threat into maybe.,Mon Mar 28 00:00:00 GMT+01:00 2022,Corporate Event,4339
4340,Create dinner.,Tue May 07 00:00:00 GMT+01:00 2024,Private Party,4340
4341,Involve.,Sun Aug 25 00:00:00 GMT+01:00 2024,Wedding,4341
4342,News or.,Sat Mar 15 00:00:00 GMT+01:00 2025,Corporate Event,4342
4343,On every store.,Sun Aug 11 00:00:00 GMT+01:00 2024,Corporate Event,4343
4344,Score short defense.,Sat Mar 18 00:00:00 GMT+01:00 2023,Corporate Event,4344
4345,Cup position.,Sun Oct 15 00:00:00 GMT+01:00 2023,Private Party,4345
4346,Country recent over.,Sat Jul 05 00:00:00 GMT+01:00 2025,Birthday,4346
4347,Subject.,Thu Apr 24 00:00:00 GMT+01:00 2025,Corporate Event,4347
4348,Smile.,Sat Apr 23 00:00:00 GMT+01:00 2022,Corporate Event,4348
4349,Place crime.,Thu Feb 22 00:00:00 GMT+01:00 2024,Wedding,4349
4350,Lawyer thing.,Thu Nov 17 00:00:00 GMT+01:00 2022,Private Party,4350
4351,Character.,Sun Aug 21 00:00:00 GMT+01:00 2022,Birthday,4351
4352,Cover young war.,Mon Feb 14 00:00:00 GMT+01:00 2022,Private Party,4352
4353,Wall outside.,Thu Aug 07 00:00:00 GMT+01:00 2025,Private Party,4353
4354,Center tough.,Mon Jan 10 00:00:00 GMT+01:00 2022,Birthday,4354
4355,Painting identify.,Thu May 29 00:00:00 GMT+01:00 2025,Birthday,4355
4356,Face discover.,Fri Sep 13 00:00:00 GMT+01:00 2024,Private Party,4356
4357,Have various shake.,Sun Jul 09 00:00:00 GMT+01:00 2023,Private Party,4357
4358,Middle environment test.,Tue Jan 17 00:00:00 GMT+01:00 2023,Corporate Event,4358
4359,Mind something trial.,Sat Aug 23 00:00:00 GMT+01:00 2025,Wedding,4359
4360,Serve commercial stand change.,Mon Jul 21 00:00:00 GMT+01:00 2025,Private Party,4360
4361,Production.,Tue Jun 18 00:00:00 GMT+01:00 2024,Private Party,4361
4362,College animal knowledge.,Tue Nov 25 00:00:00 GMT+01:00 2025,Corporate Event,4362
4363,Father good.,Wed Jun 28 00:00:00 GMT+01:00 2023,Birthday,4363
4364,Wish.,Sun Dec 10 00:00:00 GMT+01:00 2023,Private Party,4364
4365,Skin sea.,Sat Feb 01 00:00:00 GMT+01:00 2025,Private Party,4365
4366,His development.,Fri May 20 00:00:00 GMT+01:00 2022,Private Party,4366
4367,Third discuss near.,Sun Apr 14 00:00:00 GMT+01:00 2024,Private Party,4367
4368,Stop onto beyond.,Sun Dec 08 00:00:00 GMT+01:00 2024,Birthday,4368
4369,Win painting put.,Mon May 06 00:00:00 GMT+01:00 2024,Private Party,4369
4370,Investment rather.,Fri Oct 03 00:00:00 GMT+01:00 2025,Corporate Event,4370
4371,Gun everything myself.,Wed Dec 10 00:00:00 GMT+01:00 2025,Corporate Event,4371
4372,Medical college.,Sat Apr 06 00:00:00 GMT+01:00 2024,Wedding,4372
4373,Nature.,Sat Apr 13 00:00:00 GMT+01:00 2024,Private Party,4373
4374,Teacher others for.,Sat Jun 25 00:00:00 GMT+01:00 2022,Corporate Event,4374
4375,Instead use doctor.,Mon Dec 29 00:00:00 GMT+01:00 2025,Private Party,4375
4376,Live less.,Thu May 30 00:00:00 GMT+01:00 2024,Private Party,4376
4377,Expert best.,Sun Jun 04 00:00:00 GMT+01:00 2023,Private Party,4377
4378,Sit early you.,Mon Dec 18 00:00:00 GMT+01:00 2023,Private Party,4378
4379,Get.,Sun Nov 09 00:00:00 GMT+01:00 2025,Birthday,4379
4380,Issue have.,Sat Oct 01 00:00:00 GMT+01:00 2022,Private Party,4380
4381,As east.,Tue Sep 09 00:00:00 GMT+01:00 2025,Corporate Event,4381
4382,Other picture.,Sun Feb 05 00:00:00 GMT+01:00 2023,Wedding,4382
4383,Positive black situation.,Wed Jan 12 00:00:00 GMT+01:00 2022,Birthday,4383
4384,Phone finally green civil.,Sun Jun 19 00:00:00 GMT+01:00 2022,Wedding,4384
4385,Low prepare.,Sat Jun 18 00:00:00 GMT+01:00 2022,Wedding,4385
4386,We official.,Sat Dec 28 00:00:00 GMT+01:00 2024,Corporate Event,4386
4387,Second discuss.,Sun Sep 22 00:00:00 GMT+01:00 2024,Birthday,4387
4388,Either land.,Mon May 26 00:00:00 GMT+01:00 2025,Birthday,4388
4389,Left suggest son.,Wed Jul 23 00:00:00 GMT+01:00 2025,Private Party,4389
4390,Involve report manager off.,Tue Jul 01 00:00:00 GMT+01:00 2025,Corporate Event,4390
4391,Themselves imagine.,Mon Dec 09 00:00:00 GMT+01:00 2024,Private Party,4391
4392,Anything hundred marriage.,Wed Jul 17 00:00:00 GMT+01:00 2024,Corporate Event,4392
4393,Senior law father.,Mon Aug 08 00:00:00 GMT+01:00 2022,Birthday,4393
4394,Person than to instead.,Fri Jun 16 00:00:00 GMT+01:00 2023,Private Party,4394
4395,Oil turn force.,Fri Feb 28 00:00:00 GMT+01:00 2025,Wedding,4395
4396,Fear.,Sun Feb 27 00:00:00 GMT+01:00 2022,Private Party,4396
4397,Head nice chance.,Fri May 03 00:00:00 GMT+01:00 2024,Private Party,4397
4398,Color ago help.,Sat Nov 11 00:00:00 GMT+01:00 2023,Private Party,4398
4399,Bring Democrat.,Fri Sep 08 00:00:00 GMT+01:00 2023,Birthday,4399
4400,Detail until.,Sun Nov 02 00:00:00 GMT+01:00 2025,Birthday,4400
4401,Turn even.,Sun Jul 28 00:00:00 GMT+01:00 2024,Birthday,4401
4402,Century each certainly.,Fri Jul 08 00:00:00 GMT+01:00 2022,Birthday,4402
4403,Carry past.,Wed Jun 01 00:00:00 GMT+01:00 2022,Wedding,4403
4404,Fine executive.,Tue Dec 26 00:00:00 GMT+01:00 2023,Private Party,4404
4405,Prevent.,Sat Aug 19 00:00:00 GMT+01:00 2023,Private Party,4405
4406,East section according.,Fri Sep 27 00:00:00 GMT+01:00 2024,Private Party,4406
4407,Themselves old kind.,Thu Jun 12 00:00:00 GMT+01:00 2025,Wedding,4407
4408,Side of.,Sat Jun 01 00:00:00 GMT+01:00 2024,Birthday,4408
4409,Employee church should.,Fri Aug 11 00:00:00 GMT+01:00 2023,Private Party,4409
4410,Process face like buy.,Wed Sep 27 00:00:00 GMT+01:00 2023,Birthday,4410
4411,Wide decide west.,Sat Mar 04 00:00:00 GMT+01:00 2023,Birthday,4411
4412,Others rise.,Mon Jun 12 00:00:00 GMT+01:00 2023,Private Party,4412
4413,Happy adult.,Sat Dec 30 00:00:00 GMT+01:00 2023,Birthday,4413
4414,Traditional boy.,Sun Jul 23 00:00:00 GMT+01:00 2023,Private Party,4414
4415,Speak describe interest.,Sun Feb 26 00:00:00 GMT+01:00 2023,Birthday,4415
4416,Shoulder market hotel.,Fri Jan 19 00:00:00 GMT+01:00 2024,Birthday,4416
4417,Just threat.,Wed Sep 04 00:00:00 GMT+01:00 2024,Corporate Event,4417
4418,Discussion fall.,Tue Nov 07 00:00:00 GMT+01:00 2023,Private Party,4418
4419,Often if.,Mon Jun 23 00:00:00 GMT+01:00 2025,Birthday,4419
4420,Girl Mr.,Tue Dec 05 00:00:00 GMT+01:00 2023,Private Party,4420
4421,Character husband product.,Sun Jun 16 00:00:00 GMT+01:00 2024,Birthday,4421
4422,Although Mrs.,Fri Nov 21 00:00:00 GMT+01:00 2025,Private Party,4422
4423,Business while husband.,Sun Sep 25 00:00:00 GMT+01:00 2022,Private Party,4423
4424,Prove boy keep fine.,Wed May 29 00:00:00 GMT+01:00 2024,Corporate Event,4424
4425,Fire hand thing practice.,Sun Nov 17 00:00:00 GMT+01:00 2024,Wedding,4425
4426,Opportunity effect.,Mon Dec 11 00:00:00 GMT+01:00 2023,Corporate Event,4426
4427,Partner consumer.,Wed Feb 14 00:00:00 GMT+01:00 2024,Birthday,4427
4428,Present international particular itself.,Thu Jan 19 00:00:00 GMT+01:00 2023,Wedding,4428
4429,Evidence how.,Fri Jan 13 00:00:00 GMT+01:00 2023,Wedding,4429
4430,Management somebody.,Mon Jun 17 00:00:00 GMT+01:00 2024,Wedding,4430
4431,Like generation.,Sun Apr 28 00:00:00 GMT+01:00 2024,Corporate Event,4431
4432,Compare last charge.,Thu Aug 21 00:00:00 GMT+01:00 2025,Corporate Event,4432
4433,Whom take.,Fri Oct 31 00:00:00 GMT+01:00 2025,Private Party,4433
4434,Between kid.,Sat Dec 27 00:00:00 GMT+01:00 2025,Private Party,4434
4435,Entire old support.,Thu Feb 24 00:00:00 GMT+01:00 2022,Wedding,4435
4436,Local list either.,Thu Nov 06 00:00:00 GMT+01:00 2025,Wedding,4436
4437,Face according.,Mon Jan 02 00:00:00 GMT+01:00 2023,Wedding,4437
4438,Everybody evidence friend.,Thu Dec 08 00:00:00 GMT+01:00 2022,Birthday,4438
4439,As race hope.,Mon Apr 11 00:00:00 GMT+01:00 2022,Wedding,4439
4440,Two new.,Thu Jul 04 00:00:00 GMT+01:00 2024,Wedding,4440
4441,Imagine dream.,Fri Jan 03 00:00:00 GMT+01:00 2025,Private Party,4441
4442,Eight billion simply expert.,Sun Jul 24 00:00:00 GMT+01:00 2022,Private Party,4442
4443,Would.,Thu Mar 14 00:00:00 GMT+01:00 2024,Wedding,4443
4444,She raise.,Sat Oct 26 00:00:00 GMT+01:00 2024,Private Party,4444
4445,Specific describe accept.,Wed Feb 08 00:00:00 GMT+01:00 2023,Wedding,4445
4446,Themselves.,Tue Nov 11 00:00:00 GMT+01:00 2025,Corporate Event,4446
4447,Tree whatever major.,Mon Feb 13 00:00:00 GMT+01:00 2023,Private Party,4447
4448,Enjoy present.,Sun Dec 17 00:00:00 GMT+01:00 2023,Corporate Event,4448
4449,Television at.,Sat May 25 00:00:00 GMT+01:00 2024,Corporate Event,4449
4450,White these learn air.,Wed Feb 21 00:00:00 GMT+01:00 2024,Private Party,4450
4451,Another nation.,Sat Sep 13 00:00:00 GMT+01:00 2025,Corporate Event,4451
4452,Year hit democratic.,Sat Sep 03 00:00:00 GMT+01:00 2022,Corporate Event,4452
4453,Reach year.,Fri Jan 28 00:00:00 GMT+01:00 2022,Wedding,4453
4454,Point support.,Fri Jul 05 00:00:00 GMT+01:00 2024,Private Party,4454
4455,Indeed now.,Mon May 08 00:00:00 GMT+01:00 2023,Birthday,4455
4456,Can standard price however.,Fri Sep 19 00:00:00 GMT+01:00 2025,Birthday,4456
4457,Blood low.,Sat Dec 03 00:00:00 GMT+01:00 2022,Birthday,4457
4458,East anything popular.,Mon Nov 06 00:00:00 GMT+01:00 2023,Corporate Event,4458
4459,Know be.,Tue Apr 09 00:00:00 GMT+01:00 2024,Private Party,4459
4460,Better.,Wed Aug 27 00:00:00 GMT+01:00 2025,Wedding,4460
4461,Order provide society.,Fri Sep 09 00:00:00 GMT+01:00 2022,Private Party,4461
4462,Total degree probably.,Sun Oct 20 00:00:00 GMT+01:00 2024,Birthday,4462
4463,Development program around.,Sun Sep 10 00:00:00 GMT+01:00 2023,Wedding,4463
4464,Former cost.,Sun Apr 20 00:00:00 GMT+01:00 2025,Private Party,4464
4465,Start bit.,Wed Dec 03 00:00:00 GMT+01:00 2025,Corporate Event,4465
4466,Sign crime both stop.,Sun Oct 27 00:00:00 GMT+01:00 2024,Private Party,4466
4467,Throughout soon.,Thu Nov 13 00:00:00 GMT+01:00 2025,Birthday,4467
4468,Responsibility money specific.,Wed Oct 02 00:00:00 GMT+01:00 2024,Corporate Event,4468
4469,Daughter read.,Thu Jul 31 00:00:00 GMT+01:00 2025,Wedding,4469
4470,Clearly become.,Tue May 16 00:00:00 GMT+01:00 2023,Corporate Event,4470
4471,Turn crime.,Thu Dec 29 00:00:00 GMT+01:00 2022,Birthday,4471
4472,Small as environmental.,Tue Oct 24 00:00:00 GMT+01:00 2023,Wedding,4472
4473,Leg computer born.,Tue Sep 24 00:00:00 GMT+01:00 2024,Wedding,4473
4474,Whom term sort.,Tue Apr 02 00:00:00 GMT+01:00 2024,Corporate Event,4474
4475,Last interesting.,Mon Aug 26 00:00:00 GMT+01:00 2024,Wedding,4475
4476,Across he here.,Tue Mar 05 00:00:00 GMT+01:00 2024,Private Party,4476
4477,Base get.,Fri May 09 00:00:00 GMT+01:00 2025,Wedding,4477
4478,Particularly where.,Fri Aug 26 00:00:00 GMT+01:00 2022,Private Party,4478
4479,Tell campaign.,Mon Feb 26 00:00:00 GMT+01:00 2024,Wedding,4479
4480,Grow race opportunity.,Wed Jan 18 00:00:00 GMT+01:00 2023,Birthday,4480
4481,Take between.,Wed Sep 11 00:00:00 GMT+01:00 2024,Private Party,4481
4482,Street career war TV.,Tue May 02 00:00:00 GMT+01:00 2023,Private Party,4482
4483,Mother beautiful personal.,Sun Nov 16 00:00:00 GMT+01:00 2025,Wedding,4483
4484,Rise bed education decade.,Mon Oct 03 00:00:00 GMT+01:00 2022,Private Party,4484
4485,Employee black resource.,Sun Apr 07 00:00:00 GMT+01:00 2024,Private Party,4485
4486,Often cell sister.,Mon Jun 03 00:00:00 GMT+01:00 2024,Corporate Event,4486
4487,Light close.,Thu Jul 27 00:00:00 GMT+01:00 2023,Birthday,4487
4488,Task teacher.,Sat Mar 08 00:00:00 GMT+01:00 2025,Birthday,4488
4489,Worker even fill.,Mon May 08 00:00:00 GMT+01:00 2023,Birthday,4489
4490,Alone dark.,Wed Dec 10 00:00:00 GMT+01:00 2025,Private Party,4490
4491,Hold.,Fri May 19 00:00:00 GMT+01:00 2023,Corporate Event,4491
4492,Laugh ten keep.,Tue Mar 22 00:00:00 GMT+01:00 2022,Corporate Event,4492
4493,Memory example parent claim.,Thu Jan 23 00:00:00 GMT+01:00 2025,Wedding,4493
4494,Hope rock.,Fri Dec 02 00:00:00 GMT+01:00 2022,Private Party,4494
4495,Sister deep.,Mon Oct 14 00:00:00 GMT+01:00 2024,Birthday,4495
4496,Painting perhaps.,Fri Feb 14 00:00:00 GMT+01:00 2025,Private Party,4496
4497,Somebody mean.,Tue Jul 12 00:00:00 GMT+01:00 2022,Birthday,4497
4498,Of difference.,Thu Oct 03 00:00:00 GMT+01:00 2024,Private Party,4498
4499,Appear look.,Sat Jul 20 00:00:00 GMT+01:00 2024,Corporate Event,4499
4500,Product under that.,Mon May 16 00:00:00 GMT+01:00 2022,Wedding,4500
4501,Poor step face.,Tue Feb 01 00:00:00 GMT+01:00 2022,Wedding,4501
4502,Specific notice.,Sat Nov 08 00:00:00 GMT+01:00 2025,Wedding,4502
4503,Us audience allow.,Wed Jun 07 00:00:00 GMT+01:00 2023,Wedding,4503
4504,Fact shoulder.,Mon May 22 00:00:00 GMT+01:00 2023,Birthday,4504
4505,There deep edge.,Mon Feb 17 00:00:00 GMT+01:00 2025,Wedding,4505
4506,Agreement.,Fri Oct 04 00:00:00 GMT+01:00 2024,Corporate Event,4506
4507,Involve.,Fri Dec 26 00:00:00 GMT+01:00 2025,Corporate Event,4507
4508,Some can.,Thu Sep 28 00:00:00 GMT+01:00 2023,Wedding,4508
4509,Key claim kitchen.,Mon Feb 06 00:00:00 GMT+01:00 2023,Private Party,4509
4510,Seem law.,Tue Sep 26 00:00:00 GMT+01:00 2023,Wedding,4510
4511,Hit care apply.,Fri Aug 02 00:00:00 GMT+01:00 2024,Wedding,4511
4512,Adult environment method.,Sun Jun 01 00:00:00 GMT+01:00 2025,Birthday,4512
4513,Draw final.,Fri Feb 09 00:00:00 GMT+01:00 2024,Wedding,4513
4514,Citizen sister on.,Fri Apr 04 00:00:00 GMT+01:00 2025,Wedding,4514
4515,Body.,Fri Oct 31 00:00:00 GMT+01:00 2025,Wedding,4515
4516,Friend herself growth reveal.,Thu Mar 06 00:00:00 GMT+01:00 2025,Private Party,4516
4517,It until trouble.,Fri Oct 25 00:00:00 GMT+01:00 2024,Private Party,4517
4518,Trade security during.,Thu Aug 31 00:00:00 GMT+01:00 2023,Private Party,4518
4519,Say unit which.,Sun Sep 21 00:00:00 GMT+01:00 2025,Private Party,4519
4520,Support write.,Mon Nov 17 00:00:00 GMT+01:00 2025,Wedding,4520
4521,Quite back market.,Mon Apr 22 00:00:00 GMT+01:00 2024,Birthday,4521
4522,Process enjoy husband.,Tue Apr 04 00:00:00 GMT+01:00 2023,Corporate Event,4522
4523,Safe Congress car.,Mon Sep 22 00:00:00 GMT+01:00 2025,Private Party,4523
4524,Make house politics.,Thu Nov 23 00:00:00 GMT+01:00 2023,Private Party,4524
4525,Character include generation.,Wed Jan 24 00:00:00 GMT+01:00 2024,Private Party,4525
4526,Size can kind.,Sun Jan 07 00:00:00 GMT+01:00 2024,Private Party,4526
4527,Class believe themselves.,Thu Mar 23 00:00:00 GMT+01:00 2023,Corporate Event,4527
4528,Rich hair.,Thu Apr 10 00:00:00 GMT+01:00 2025,Wedding,4528
4529,Cause fly.,Thu Nov 17 00:00:00 GMT+01:00 2022,Corporate Event,4529
4530,Work look.,Thu Mar 23 00:00:00 GMT+01:00 2023,Birthday,4530
4531,Card good every.,Sat May 10 00:00:00 GMT+01:00 2025,Wedding,4531
4532,You success owner.,Sun Sep 18 00:00:00 GMT+01:00 2022,Wedding,4532
4533,Drug quickly.,Wed Sep 20 00:00:00 GMT+01:00 2023,Wedding,4533
4534,Prove full.,Fri Jul 19 00:00:00 GMT+01:00 2024,Corporate Event,4534
4535,Program design.,Mon Sep 12 00:00:00 GMT+01:00 2022,Private Party,4535
4536,Practice decide.,Wed Jul 16 00:00:00 GMT+01:00 2025,Private Party,4536
4537,Key.,Mon Feb 05 00:00:00 GMT+01:00 2024,Wedding,4537
4538,Behavior wait despite.,Mon Oct 17 00:00:00 GMT+01:00 2022,Private Party,4538
4539,Specific.,Fri Nov 01 00:00:00 GMT+01:00 2024,Birthday,4539
4540,Deep stay sure.,Mon Jun 20 00:00:00 GMT+01:00 2022,Birthday,4540
4541,Anyone class.,Tue Mar 26 00:00:00 GMT+01:00 2024,Wedding,4541
4542,When manage agreement.,Mon Jun 06 00:00:00 GMT+01:00 2022,Wedding,4542
4543,Century doctor none.,Wed Nov 15 00:00:00 GMT+01:00 2023,Birthday,4543
4544,Congress change control.,Fri Nov 22 00:00:00 GMT+01:00 2024,Wedding,4544
4545,World mean.,Wed Aug 03 00:00:00 GMT+01:00 2022,Private Party,4545
4546,Finally behind.,Mon Oct 02 00:00:00 GMT+01:00 2023,Wedding,4546
4547,Task.,Sun Sep 15 00:00:00 GMT+01:00 2024,Corporate Event,4547
4548,Court night.,Sat Dec 09 00:00:00 GMT+01:00 2023,Corporate Event,4548
4549,Place story.,Mon Feb 27 00:00:00 GMT+01:00 2023,Corporate Event,4549
4550,Authority player.,Sun Sep 10 00:00:00 GMT+01:00 2023,Wedding,4550
4551,Player among across.,Wed Feb 01 00:00:00 GMT+01:00 2023,Birthday,4551
4552,Region item.,Tue Apr 23 00:00:00 GMT+01:00 2024,Private Party,4552
4553,Out project.,Sun Aug 27 00:00:00 GMT+01:00 2023,Corporate Event,4553
4554,Start.,Mon Jan 03 00:00:00 GMT+01:00 2022,Wedding,4554
4555,Party personal tough.,Fri Jun 16 00:00:00 GMT+01:00 2023,Private Party,4555
4556,Quickly what town.,Fri Jul 04 00:00:00 GMT+01:00 2025,Private Party,4556
4557,Low debate agreement.,Thu Mar 02 00:00:00 GMT+01:00 2023,Corporate Event,4557
4558,Ground only.,Wed Jul 19 00:00:00 GMT+01:00 2023,Private Party,4558
4559,Thing market.,Tue Oct 10 00:00:00 GMT+01:00 2023,Wedding,4559
4560,Usually give.,Tue Feb 07 00:00:00 GMT+01:00 2023,Wedding,4560
4561,Idea until his.,Thu Feb 15 00:00:00 GMT+01:00 2024,Birthday,4561
4562,Analysis.,Sun Apr 07 00:00:00 GMT+01:00 2024,Birthday,4562
4563,Those across.,Sat Mar 12 00:00:00 GMT+01:00 2022,Wedding,4563
4564,Present pressure reveal.,Fri Jul 28 00:00:00 GMT+01:00 2023,Birthday,4564
4565,Free shake.,Sat Dec 27 00:00:00 GMT+01:00 2025,Wedding,4565
4566,Response true whole.,Sat Jan 13 00:00:00 GMT+01:00 2024,Wedding,4566
4567,Now focus adult.,Thu Oct 16 00:00:00 GMT+01:00 2025,Birthday,4567
4568,Class agent.,Tue Apr 08 00:00:00 GMT+01:00 2025,Birthday,4568
4569,Stop police develop.,Sat Sep 03 00:00:00 GMT+01:00 2022,Birthday,4569
4570,Go source.,Fri Oct 14 00:00:00 GMT+01:00 2022,Birthday,4570
4571,Message guy act address.,Fri May 05 00:00:00 GMT+01:00 2023,Wedding,4571
4572,Whose somebody environment.,Thu Sep 04 00:00:00 GMT+01:00 2025,Corporate Event,4572
4573,Assume sure let.,Fri Mar 14 00:00:00 GMT+01:00 2025,Private Party,4573
4574,Nearly friend.,Wed Mar 19 00:00:00 GMT+01:00 2025,Private Party,4574
4575,Simple law remain.,Mon Jun 09 00:00:00 GMT+01:00 2025,Birthday,4575
4576,Stuff evidence item.,Thu Dec 11 00:00:00 GMT+01:00 2025,Wedding,4576
4577,Spring deal example since.,Mon Feb 27 00:00:00 GMT+01:00 2023,Corporate Event,4577
4578,Though father wife.,Sun Dec 28 00:00:00 GMT+01:00 2025,Private Party,4578
4579,Listen along.,Wed Dec 27 00:00:00 GMT+01:00 2023,Wedding,4579
4580,Only truth radio.,Tue Nov 18 00:00:00 GMT+01:00 2025,Corporate Event,4580
4581,Artist language.,Wed Sep 24 00:00:00 GMT+01:00 2025,Private Party,4581
4582,Hospital color million.,Tue Jun 03 00:00:00 GMT+01:00 2025,Wedding,4582
4583,Forget share community.,Tue Aug 08 00:00:00 GMT+01:00 2023,Birthday,4583
4584,Form school.,Sat Sep 24 00:00:00 GMT+01:00 2022,Wedding,4584
4585,Main indeed soldier protect.,Fri Aug 08 00:00:00 GMT+01:00 2025,Private Party,4585
4586,Budget add.,Tue Nov 29 00:00:00 GMT+01:00 2022,Birthday,4586
4587,East phone network.,Wed Jun 05 00:00:00 GMT+01:00 2024,Birthday,4587
4588,Those budget care.,Mon Nov 21 00:00:00 GMT+01:00 2022,Wedding,4588
4589,Speech phone politics.,Tue Dec 03 00:00:00 GMT+01:00 2024,Corporate Event,4589
4590,Green man.,Sun Jul 23 00:00:00 GMT+01:00 2023,Corporate Event,4590
4591,Argue me.,Thu Mar 16 00:00:00 GMT+01:00 2023,Wedding,4591
4592,Respond forget soldier.,Wed Sep 06 00:00:00 GMT+01:00 2023,Wedding,4592
4593,Painting blue present despite.,Mon Dec 18 00:00:00 GMT+01:00 2023,Birthday,4593
4594,Prepare study.,Wed Jul 05 00:00:00 GMT+01:00 2023,Birthday,4594
4595,Response not various.,Thu Mar 27 00:00:00 GMT+01:00 2025,Corporate Event,4595
4596,Occur.,Thu Aug 28 00:00:00 GMT+01:00 2025,Private Party,4596
4597,Send fine.,Sun Jun 25 00:00:00 GMT+01:00 2023,Wedding,4597
4598,Own choice.,Sun May 26 00:00:00 GMT+01:00 2024,Corporate Event,4598
4599,Hand institution success.,Wed Dec 21 00:00:00 GMT+01:00 2022,Corporate Event,4599
4600,Important rich.,Thu Jun 27 00:00:00 GMT+01:00 2024,Corporate Event,4600
4601,Author bag choose.,Sun Dec 04 00:00:00 GMT+01:00 2022,Corporate Event,4601
4602,People should you.,Fri Dec 15 00:00:00 GMT+01:00 2023,Birthday,4602
4603,Professional to travel.,Thu Jan 30 00:00:00 GMT+01:00 2025,Wedding,4603
4604,Lot physical.,Sun Feb 13 00:00:00 GMT+01:00 2022,Wedding,4604
4605,East type when.,Mon Jan 09 00:00:00 GMT+01:00 2023,Wedding,4605
4606,Allow late stuff.,Sun Jul 06 00:00:00 GMT+01:00 2025,Corporate Event,4606
4607,Property every system.,Wed Oct 22 00:00:00 GMT+01:00 2025,Wedding,4607
4608,State trial research form.,Mon Sep 30 00:00:00 GMT+01:00 2024,Birthday,4608
4609,Decision.,Sun Oct 08 00:00:00 GMT+01:00 2023,Wedding,4609
4610,Raise center.,Sun Feb 23 00:00:00 GMT+01:00 2025,Birthday,4610
4611,Daughter commercial whom.,Fri Mar 14 00:00:00 GMT+01:00 2025,Birthday,4611
4612,Cut.,Sun Sep 28 00:00:00 GMT+01:00 2025,Birthday,4612
4613,Often war almost.,Fri Apr 21 00:00:00 GMT+01:00 2023,Birthday,4613
4614,Night beat model cut.,Thu Aug 21 00:00:00 GMT+01:00 2025,Wedding,4614
4615,Black science adult.,Sun Dec 29 00:00:00 GMT+01:00 2024,Wedding,4615
4616,Blue early someone.,Wed Jan 15 00:00:00 GMT+01:00 2025,Corporate Event,4616
4617,Your hundred.,Tue Feb 25 00:00:00 GMT+01:00 2025,Corporate Event,4617
4618,Ago job.,Wed Apr 13 00:00:00 GMT+01:00 2022,Wedding,4618
4619,Me value.,Sat Oct 15 00:00:00 GMT+01:00 2022,Private Party,4619
4620,Mrs center bag point.,Tue Mar 18 00:00:00 GMT+01:00 2025,Private Party,4620
4621,Consider show crime.,Sat Aug 13 00:00:00 GMT+01:00 2022,Private Party,4621
4622,Subject me sit.,Sun May 08 00:00:00 GMT+01:00 2022,Corporate Event,4622
4623,Teacher occur long.,Fri Aug 23 00:00:00 GMT+01:00 2024,Corporate Event,4623
4624,Middle if task.,Sun May 18 00:00:00 GMT+01:00 2025,Corporate Event,4624
4625,Exactly kid economic.,Sat Apr 15 00:00:00 GMT+01:00 2023,Private Party,4625
4626,Difference view.,Tue Oct 01 00:00:00 GMT+01:00 2024,Corporate Event,4626
4627,Along imagine.,Thu Nov 13 00:00:00 GMT+01:00 2025,Corporate Event,4627
4628,Himself floor.,Fri Jun 17 00:00:00 GMT+01:00 2022,Corporate Event,4628
4629,Republican hotel.,Mon Oct 14 00:00:00 GMT+01:00 2024,Private Party,4629
4630,Politics show without.,Tue Aug 12 00:00:00 GMT+01:00 2025,Wedding,4630
4631,Some economy should.,Tue Apr 02 00:00:00 GMT+01:00 2024,Corporate Event,4631
4632,Or how.,Tue Aug 20 00:00:00 GMT+01:00 2024,Corporate Event,4632
4633,Nor last than.,Mon Jun 27 00:00:00 GMT+01:00 2022,Private Party,4633
4634,Well chance impact.,Sun Aug 14 00:00:00 GMT+01:00 2022,Corporate Event,4634
4635,Instead sister.,Thu Feb 08 00:00:00 GMT+01:00 2024,Corporate Event,4635
4636,Describe baby.,Fri Aug 26 00:00:00 GMT+01:00 2022,Corporate Event,4636
4637,Account fire throw.,Tue Aug 23 00:00:00 GMT+01:00 2022,Private Party,4637
4638,Culture third with.,Mon Aug 29 00:00:00 GMT+01:00 2022,Birthday,4638
4639,Bring same case.,Mon Sep 18 00:00:00 GMT+01:00 2023,Corporate Event,4639
4640,Quickly them.,Thu Jul 11 00:00:00 GMT+01:00 2024,Wedding,4640
4641,With as reach.,Fri Jan 24 00:00:00 GMT+01:00 2025,Wedding,4641
4642,History war in.,Tue May 23 00:00:00 GMT+01:00 2023,Birthday,4642
4643,Hot economy.,Tue Feb 27 00:00:00 GMT+01:00 2024,Corporate Event,4643
4644,Already teach.,Fri Sep 26 00:00:00 GMT+01:00 2025,Wedding,4644
4645,Economy choose.,Sun Sep 21 00:00:00 GMT+01:00 2025,Corporate Event,4645
4646,Particular indicate everyone.,Mon Dec 11 00:00:00 GMT+01:00 2023,Birthday,4646
4647,Reason he able.,Fri Mar 25 00:00:00 GMT+01:00 2022,Birthday,4647
4648,Often history dog.,Sat Jun 10 00:00:00 GMT+01:00 2023,Birthday,4648
4649,Seem six both.,Tue Apr 12 00:00:00 GMT+01:00 2022,Wedding,4649
4650,Serve assume.,Mon Oct 30 00:00:00 GMT+01:00 2023,Wedding,4650
4651,Trip save.,Sat Jan 21 00:00:00 GMT+01:00 2023,Birthday,4651
4652,Laugh education.,Sun Dec 11 00:00:00 GMT+01:00 2022,Private Party,4652
4653,Agreement specific benefit.,Thu Dec 04 00:00:00 GMT+01:00 2025,Wedding,4653
4654,Large.,Fri Feb 28 00:00:00 GMT+01:00 2025,Wedding,4654
4655,Such you.,Thu Aug 25 00:00:00 GMT+01:00 2022,Private Party,4655
4656,Republican despite age.,Sun Jun 23 00:00:00 GMT+01:00 2024,Corporate Event,4656
4657,Suffer true attention.,Mon Oct 30 00:00:00 GMT+01:00 2023,Wedding,4657
4658,System analysis.,Fri Oct 18 00:00:00 GMT+01:00 2024,Corporate Event,4658
4659,Stage with.,Fri Dec 27 00:00:00 GMT+01:00 2024,Birthday,4659
4660,Half.,Sun Jun 09 00:00:00 GMT+01:00 2024,Corporate Event,4660
4661,Late end.,Thu Jun 08 00:00:00 GMT+01:00 2023,Wedding,4661
4662,Gun social.,Mon Nov 18 00:00:00 GMT+01:00 2024,Wedding,4662
4663,Style world I.,Mon Jul 14 00:00:00 GMT+01:00 2025,Private Party,4663
4664,Trial old future past.,Sat May 10 00:00:00 GMT+01:00 2025,Birthday,4664
4665,I magazine hold.,Wed Dec 11 00:00:00 GMT+01:00 2024,Private Party,4665
4666,Maybe drug great subject.,Tue Dec 20 00:00:00 GMT+01:00 2022,Wedding,4666
4667,Help say especially.,Fri Jun 27 00:00:00 GMT+01:00 2025,Birthday,4667
4668,Partner why against watch.,Sat Jan 13 00:00:00 GMT+01:00 2024,Wedding,4668
4669,Only ten experience.,Sat Sep 30 00:00:00 GMT+01:00 2023,Private Party,4669
4670,Actually gas.,Wed Feb 09 00:00:00 GMT+01:00 2022,Birthday,4670
4671,Practice break thought.,Mon Apr 22 00:00:00 GMT+01:00 2024,Wedding,4671
4672,Stock establish word.,Mon Dec 18 00:00:00 GMT+01:00 2023,Private Party,4672
4673,Machine forget.,Sun Dec 24 00:00:00 GMT+01:00 2023,Private Party,4673
4674,Walk special.,Sat Jun 14 00:00:00 GMT+01:00 2025,Wedding,4674
4675,Trouble mission.,Fri Apr 18 00:00:00 GMT+01:00 2025,Corporate Event,4675
4676,Any four technology.,Sun Mar 16 00:00:00 GMT+01:00 2025,Corporate Event,4676
4677,Late quickly.,Sat May 20 00:00:00 GMT+01:00 2023,Private Party,4677
4678,Fight prepare.,Fri Oct 10 00:00:00 GMT+01:00 2025,Private Party,4678
4679,Professional left.,Mon Jan 01 00:00:00 GMT+01:00 2024,Corporate Event,4679
4680,However contain war.,Mon May 08 00:00:00 GMT+01:00 2023,Corporate Event,4680
4681,Summer shake fact.,Wed Jan 19 00:00:00 GMT+01:00 2022,Corporate Event,4681
4682,Leader decade.,Mon Sep 26 00:00:00 GMT+01:00 2022,Wedding,4682
4683,Statement model citizen report.,Tue Jun 11 00:00:00 GMT+01:00 2024,Wedding,4683
4684,Whether fly.,Sat Jul 30 00:00:00 GMT+01:00 2022,Birthday,4684
4685,Operation model.,Mon May 06 00:00:00 GMT+01:00 2024,Birthday,4685
4686,Because any.,Thu Jan 05 00:00:00 GMT+01:00 2023,Wedding,4686
4687,Eat yes image.,Fri Jul 05 00:00:00 GMT+01:00 2024,Private Party,4687
4688,Father event.,Wed Feb 22 00:00:00 GMT+01:00 2023,Private Party,4688
4689,Fast morning necessary.,Sat Jun 17 00:00:00 GMT+01:00 2023,Private Party,4689
4690,Green follow enough.,Sun Feb 02 00:00:00 GMT+01:00 2025,Birthday,4690
4691,Mean.,Thu Apr 28 00:00:00 GMT+01:00 2022,Corporate Event,4691
4692,Nearly big.,Thu Mar 28 00:00:00 GMT+01:00 2024,Corporate Event,4692
4693,Mission executive particular.,Fri Feb 02 00:00:00 GMT+01:00 2024,Wedding,4693
4694,Deep quickly seven.,Fri Nov 28 00:00:00 GMT+01:00 2025,Corporate Event,4694
4695,West son summer student.,Tue Feb 11 00:00:00 GMT+01:00 2025,Corporate Event,4695
4696,Society so treat.,Fri Nov 08 00:00:00 GMT+01:00 2024,Birthday,4696
4697,Painting blue particularly.,Sat Nov 05 00:00:00 GMT+01:00 2022,Birthday,4697
4698,Land first argue region.,Mon Dec 02 00:00:00 GMT+01:00 2024,Wedding,4698
4699,Wide example still.,Fri Jun 06 00:00:00 GMT+01:00 2025,Wedding,4699
4700,Natural others edge.,Fri Jun 07 00:00:00 GMT+01:00 2024,Wedding,4700
4701,Floor rise.,Wed Nov 16 00:00:00 GMT+01:00 2022,Wedding,4701
4702,Accept.,Fri Oct 10 00:00:00 GMT+01:00 2025,Birthday,4702
4703,Mention second experience.,Mon Jan 20 00:00:00 GMT+01:00 2025,Birthday,4703
4704,Establish father player.,Thu Jun 09 00:00:00 GMT+01:00 2022,Wedding,4704
4705,Five.,Sat Nov 29 00:00:00 GMT+01:00 2025,Corporate Event,4705
4706,Easy sport truth.,Sun Apr 06 00:00:00 GMT+01:00 2025,Private Party,4706
4707,Amount against.,Sat Jul 13 00:00:00 GMT+01:00 2024,Wedding,4707
4708,Radio staff.,Wed Mar 30 00:00:00 GMT+01:00 2022,Corporate Event,4708
4709,Over agreement agent.,Fri Jul 18 00:00:00 GMT+01:00 2025,Private Party,4709
4710,Finish fear country.,Sat Jun 21 00:00:00 GMT+01:00 2025,Birthday,4710
4711,Current poor evening.,Sun Sep 25 00:00:00 GMT+01:00 2022,Birthday,4711
4712,New why.,Wed Jul 10 00:00:00 GMT+01:00 2024,Private Party,4712
4713,Thought anything.,Wed Sep 17 00:00:00 GMT+01:00 2025,Corporate Event,4713
4714,Water food figure.,Sat Jul 13 00:00:00 GMT+01:00 2024,Birthday,4714
4715,Ten day produce.,Sat Oct 01 00:00:00 GMT+01:00 2022,Birthday,4715
4716,Condition particular floor.,Sat Jun 14 00:00:00 GMT+01:00 2025,Birthday,4716
4717,Vote third against.,Tue May 28 00:00:00 GMT+01:00 2024,Birthday,4717
4719,Medical city run.,Thu May 18 00:00:00 GMT+01:00 2023,Wedding,4719
4720,Practice answer.,Sat Mar 05 00:00:00 GMT+01:00 2022,Corporate Event,4720
4721,Send.,Sat Nov 11 00:00:00 GMT+01:00 2023,Wedding,4721
4722,Me sometimes.,Sun Mar 03 00:00:00 GMT+01:00 2024,Private Party,4722
4723,Capital serious media forget.,Mon Jan 27 00:00:00 GMT+01:00 2025,Corporate Event,4723
4724,Left perhaps clear.,Sat Jan 07 00:00:00 GMT+01:00 2023,Birthday,4724
4725,Majority organization.,Mon Jan 17 00:00:00 GMT+01:00 2022,Birthday,4725
4726,Paper nor full.,Sat Jan 18 00:00:00 GMT+01:00 2025,Wedding,4726
4727,Occur down far similar.,Fri Dec 26 00:00:00 GMT+01:00 2025,Private Party,4727
4728,Say music.,Mon Mar 13 00:00:00 GMT+01:00 2023,Birthday,4728
4729,His room.,Fri May 17 00:00:00 GMT+01:00 2024,Wedding,4729
4730,Effect professional.,Sun Dec 03 00:00:00 GMT+01:00 2023,Corporate Event,4730
4731,Consider cell black involve.,Sat Oct 25 00:00:00 GMT+01:00 2025,Wedding,4731
4732,Culture stage sport.,Sat Nov 09 00:00:00 GMT+01:00 2024,Private Party,4732
4733,Office glass air.,Sun Feb 16 00:00:00 GMT+01:00 2025,Birthday,4733
4734,White store.,Wed Oct 22 00:00:00 GMT+01:00 2025,Corporate Event,4734
4735,Leave interest.,Mon Sep 29 00:00:00 GMT+01:00 2025,Corporate Event,4735
4736,Design machine order.,Wed Mar 20 00:00:00 GMT+01:00 2024,Corporate Event,4736
4737,Century national.,Thu Jun 22 00:00:00 GMT+01:00 2023,Corporate Event,4737
4738,Talk value.,Tue Apr 15 00:00:00 GMT+01:00 2025,Birthday,4738
4739,Agree yes manager.,Thu May 12 00:00:00 GMT+01:00 2022,Wedding,4739
4740,Sign too machine.,Fri Sep 23 00:00:00 GMT+01:00 2022,Corporate Event,4740
4741,Phone whole simply.,Wed Sep 28 00:00:00 GMT+01:00 2022,Corporate Event,4741
4742,Free half.,Tue Jul 29 00:00:00 GMT+01:00 2025,Corporate Event,4742
4743,To themselves call.,Sun Jun 23 00:00:00 GMT+01:00 2024,Wedding,4743
4744,Once bar send card.,Sun Sep 28 00:00:00 GMT+01:00 2025,Private Party,4744
4745,Institution range chance.,Fri Jun 06 00:00:00 GMT+01:00 2025,Birthday,4745
4746,Less management.,Sat Nov 26 00:00:00 GMT+01:00 2022,Private Party,4746
4747,Tax account executive.,Mon May 12 00:00:00 GMT+01:00 2025,Birthday,4747
4748,Red international usually measure.,Sat Nov 01 00:00:00 GMT+01:00 2025,Wedding,4748
4749,Once step.,Thu Oct 19 00:00:00 GMT+01:00 2023,Birthday,4749
4750,Around in behavior difficult.,Sun Oct 22 00:00:00 GMT+01:00 2023,Corporate Event,4750
4751,Source.,Sun Dec 10 00:00:00 GMT+01:00 2023,Wedding,4751
4752,Anyone skin.,Fri Oct 25 00:00:00 GMT+01:00 2024,Private Party,4752
4753,Hand back century.,Wed Dec 17 00:00:00 GMT+01:00 2025,Birthday,4753
4754,Let true.,Mon Apr 17 00:00:00 GMT+01:00 2023,Wedding,4754
4755,Daughter partner service.,Thu Apr 18 00:00:00 GMT+01:00 2024,Corporate Event,4755
4756,Gas future.,Tue Jul 04 00:00:00 GMT+01:00 2023,Private Party,4756
4757,Often listen.,Mon May 23 00:00:00 GMT+01:00 2022,Private Party,4757
4758,Land manage.,Sat Oct 21 00:00:00 GMT+01:00 2023,Corporate Event,4758
4759,Friend south rather become.,Wed Oct 19 00:00:00 GMT+01:00 2022,Corporate Event,4759
4760,Player least.,Tue Sep 20 00:00:00 GMT+01:00 2022,Corporate Event,4760
4761,Establish painting policy.,Fri Mar 21 00:00:00 GMT+01:00 2025,Birthday,4761
4762,Gun between move.,Sun Aug 31 00:00:00 GMT+01:00 2025,Birthday,4762
4763,According.,Mon Sep 25 00:00:00 GMT+01:00 2023,Private Party,4763
4764,Best.,Sun Apr 27 00:00:00 GMT+01:00 2025,Private Party,4764
4765,Leg rise bad.,Tue Nov 22 00:00:00 GMT+01:00 2022,Private Party,4765
4766,Eight onto popular amount.,Sat Nov 01 00:00:00 GMT+01:00 2025,Wedding,4766
4767,Without single choice.,Thu Mar 30 00:00:00 GMT+01:00 2023,Corporate Event,4767
4768,Network those career.,Fri Jan 19 00:00:00 GMT+01:00 2024,Corporate Event,4768
4769,Executive speech.,Mon Oct 17 00:00:00 GMT+01:00 2022,Corporate Event,4769
4770,War admit community compare.,Mon Nov 28 00:00:00 GMT+01:00 2022,Corporate Event,4770
4771,Physical southern.,Thu Mar 07 00:00:00 GMT+01:00 2024,Birthday,4771
4772,True.,Wed Jul 23 00:00:00 GMT+01:00 2025,Private Party,4772
4773,May game agent director.,Sun Jul 13 00:00:00 GMT+01:00 2025,Birthday,4773
4774,Effect look coach trip.,Sun Jun 18 00:00:00 GMT+01:00 2023,Corporate Event,4774
4775,Over manager attention.,Tue Dec 12 00:00:00 GMT+01:00 2023,Birthday,4775
4776,Stuff situation themselves finish.,Thu Aug 21 00:00:00 GMT+01:00 2025,Corporate Event,4776
4777,Member here ask.,Mon Mar 04 00:00:00 GMT+01:00 2024,Corporate Event,4777
4778,Agreement box spend.,Fri Dec 06 00:00:00 GMT+01:00 2024,Private Party,4778
4779,Personal reality station.,Fri Feb 21 00:00:00 GMT+01:00 2025,Birthday,4779
4780,Worker back employee.,Wed Dec 25 00:00:00 GMT+01:00 2024,Private Party,4780
4781,High scene throughout.,Sun Jan 30 00:00:00 GMT+01:00 2022,Private Party,4781
4782,Significant relationship.,Thu Dec 07 00:00:00 GMT+01:00 2023,Corporate Event,4782
4783,Man century future trip.,Sun Sep 14 00:00:00 GMT+01:00 2025,Private Party,4783
4784,Six impact rise.,Fri Jul 15 00:00:00 GMT+01:00 2022,Birthday,4784
4785,Turn check feeling.,Mon Nov 28 00:00:00 GMT+01:00 2022,Corporate Event,4785
4786,Send blue.,Thu Sep 11 00:00:00 GMT+01:00 2025,Corporate Event,4786
4787,Range budget region.,Fri Aug 25 00:00:00 GMT+01:00 2023,Wedding,4787
4788,Build machine.,Mon Apr 10 00:00:00 GMT+01:00 2023,Private Party,4788
4789,Great improve three.,Mon Jun 20 00:00:00 GMT+01:00 2022,Corporate Event,4789
4790,Trial up pull through.,Thu Dec 14 00:00:00 GMT+01:00 2023,Wedding,4790
4791,Because choose bring race.,Wed Aug 30 00:00:00 GMT+01:00 2023,Private Party,4791
4792,In significant resource.,Sun Sep 24 00:00:00 GMT+01:00 2023,Corporate Event,4792
4793,Why report newspaper.,Fri Oct 24 00:00:00 GMT+01:00 2025,Private Party,4793
4794,Risk child.,Wed Jun 08 00:00:00 GMT+01:00 2022,Private Party,4794
4795,Week billion.,Sun Oct 02 00:00:00 GMT+01:00 2022,Birthday,4795
4796,Provide any natural.,Fri Mar 11 00:00:00 GMT+01:00 2022,Private Party,4796
4797,Pm figure.,Sat Jan 29 00:00:00 GMT+01:00 2022,Private Party,4797
4798,Office.,Mon Jan 24 00:00:00 GMT+01:00 2022,Corporate Event,4798
4799,Account kid.,Sun Sep 17 00:00:00 GMT+01:00 2023,Corporate Event,4799
4800,Sound.,Wed Oct 23 00:00:00 GMT+01:00 2024,Private Party,4800
4801,Increase well five.,Wed Jul 24 00:00:00 GMT+01:00 2024,Private Party,4801
4802,Everyone response.,Fri Jul 28 00:00:00 GMT+01:00 2023,Private Party,4802
4803,Throughout degree.,Wed May 08 00:00:00 GMT+01:00 2024,Private Party,4803
4804,Hold amount.,Sun Mar 24 00:00:00 GMT+01:00 2024,Wedding,4804
4805,Beat certain.,Fri Jan 26 00:00:00 GMT+01:00 2024,Corporate Event,4805
4806,Present though lead.,Wed Oct 09 00:00:00 GMT+01:00 2024,Private Party,4806
4807,Light yet.,Sat Oct 07 00:00:00 GMT+01:00 2023,Birthday,4807
4808,Character up blood.,Wed Dec 21 00:00:00 GMT+01:00 2022,Wedding,4808
4809,Lot state show.,Tue Sep 09 00:00:00 GMT+01:00 2025,Birthday,4809
4810,Consumer office they.,Thu May 19 00:00:00 GMT+01:00 2022,Wedding,4810
4811,Within population.,Mon Apr 04 00:00:00 GMT+01:00 2022,Private Party,4811
4812,Consider.,Fri Feb 21 00:00:00 GMT+01:00 2025,Corporate Event,4812
4813,Fight understand.,Sat Apr 19 00:00:00 GMT+01:00 2025,Corporate Event,4813
4814,Each tax production.,Tue Apr 26 00:00:00 GMT+01:00 2022,Wedding,4814
4815,Operation could.,Fri Nov 21 00:00:00 GMT+01:00 2025,Corporate Event,4815
4816,Build for.,Mon Feb 21 00:00:00 GMT+01:00 2022,Wedding,4816
4817,Physical rule participant.,Mon Aug 11 00:00:00 GMT+01:00 2025,Private Party,4817
4818,Current cut.,Sat Nov 22 00:00:00 GMT+01:00 2025,Corporate Event,4818
4819,Charge site human clearly.,Wed Oct 22 00:00:00 GMT+01:00 2025,Birthday,4819
4820,Mouth anyone about activity.,Sat Jul 12 00:00:00 GMT+01:00 2025,Corporate Event,4820
4821,Poor nation brother environment.,Sat Jul 05 00:00:00 GMT+01:00 2025,Wedding,4821
4822,Notice shake.,Mon Jul 29 00:00:00 GMT+01:00 2024,Birthday,4822
4823,City weight poor.,Wed Aug 20 00:00:00 GMT+01:00 2025,Wedding,4823
4824,Decide degree.,Tue May 09 00:00:00 GMT+01:00 2023,Corporate Event,4824
4825,Religious fund.,Wed Jun 19 00:00:00 GMT+01:00 2024,Wedding,4825
4826,According seat stop answer.,Mon Sep 01 00:00:00 GMT+01:00 2025,Birthday,4826
4827,Condition paper.,Fri Mar 08 00:00:00 GMT+01:00 2024,Wedding,4827
4828,Car who fear.,Tue Jan 04 00:00:00 GMT+01:00 2022,Birthday,4828
4829,Hear agree.,Tue Nov 18 00:00:00 GMT+01:00 2025,Private Party,4829
4830,Involve professor.,Thu Jun 19 00:00:00 GMT+01:00 2025,Wedding,4830
4831,Stop test.,Sun Jun 25 00:00:00 GMT+01:00 2023,Corporate Event,4831
4832,Into up table.,Tue Oct 01 00:00:00 GMT+01:00 2024,Birthday,4832
4833,Include start picture.,Sun Jun 02 00:00:00 GMT+01:00 2024,Birthday,4833
4834,Professor standard.,Mon Jan 24 00:00:00 GMT+01:00 2022,Wedding,4834
4835,Particularly your.,Thu May 01 00:00:00 GMT+01:00 2025,Wedding,4835
4836,This police.,Wed Feb 05 00:00:00 GMT+01:00 2025,Corporate Event,4836
4837,Smile degree.,Sun Feb 19 00:00:00 GMT+01:00 2023,Birthday,4837
4838,Kid garden answer.,Mon Sep 05 00:00:00 GMT+01:00 2022,Wedding,4838
4839,Only her world.,Wed Oct 18 00:00:00 GMT+01:00 2023,Birthday,4839
4840,New on near.,Wed Apr 12 00:00:00 GMT+01:00 2023,Birthday,4840
4841,Treatment foot walk.,Mon Jul 03 00:00:00 GMT+01:00 2023,Private Party,4841
4842,Success concern.,Wed Dec 11 00:00:00 GMT+01:00 2024,Wedding,4842
4843,Kid season painting.,Sat May 03 00:00:00 GMT+01:00 2025,Birthday,4843
4844,Check take capital.,Sat Jan 28 00:00:00 GMT+01:00 2023,Corporate Event,4844
4845,Item reality without.,Thu Apr 10 00:00:00 GMT+01:00 2025,Wedding,4845
4846,Conference design.,Fri Nov 08 00:00:00 GMT+01:00 2024,Birthday,4846
4847,Until family first watch.,Tue Jul 02 00:00:00 GMT+01:00 2024,Corporate Event,4847
4848,Environment develop.,Fri Dec 08 00:00:00 GMT+01:00 2023,Corporate Event,4848
4849,Several see then.,Fri Sep 06 00:00:00 GMT+01:00 2024,Wedding,4849
4850,Election present.,Mon Oct 27 00:00:00 GMT+01:00 2025,Private Party,4850
4851,Million lot.,Sun Dec 25 00:00:00 GMT+01:00 2022,Private Party,4851
4852,Central mean debate.,Sat Jun 03 00:00:00 GMT+01:00 2023,Corporate Event,4852
4853,Military form value.,Sat Jun 15 00:00:00 GMT+01:00 2024,Birthday,4853
4854,Deep fish.,Sun Apr 17 00:00:00 GMT+01:00 2022,Wedding,4854
4855,Then indeed respond.,Sat Jul 20 00:00:00 GMT+01:00 2024,Private Party,4855
4856,Mind.,Tue Nov 05 00:00:00 GMT+01:00 2024,Private Party,4856
4857,And big.,Thu Oct 12 00:00:00 GMT+01:00 2023,Birthday,4857
4858,Special fast.,Sat Apr 01 00:00:00 GMT+01:00 2023,Private Party,4858
4859,Yet tend.,Sun Dec 29 00:00:00 GMT+01:00 2024,Corporate Event,4859
4860,Analysis.,Wed Aug 16 00:00:00 GMT+01:00 2023,Private Party,4860
4861,Director science per.,Mon Dec 12 00:00:00 GMT+01:00 2022,Wedding,4861
4862,Feeling me.,Thu Mar 31 00:00:00 GMT+01:00 2022,Private Party,4862
4863,Congress last my.,Sat Mar 22 00:00:00 GMT+01:00 2025,Corporate Event,4863
4864,Foreign high.,Fri Sep 30 00:00:00 GMT+01:00 2022,Corporate Event,4864
4865,Each occur world.,Thu May 18 00:00:00 GMT+01:00 2023,Private Party,4865
4866,Black from.,Thu Nov 20 00:00:00 GMT+01:00 2025,Wedding,4866
4867,Wait college magazine.,Wed Jul 30 00:00:00 GMT+01:00 2025,Private Party,4867
4868,Part.,Mon Sep 09 00:00:00 GMT+01:00 2024,Wedding,4868
4869,Price thousand like.,Thu Sep 14 00:00:00 GMT+01:00 2023,Corporate Event,4869
4870,He message wear.,Fri Feb 28 00:00:00 GMT+01:00 2025,Private Party,4870
4871,Defense reduce news.,Wed Jul 09 00:00:00 GMT+01:00 2025,Wedding,4871
4872,Number western maintain.,Thu Aug 10 00:00:00 GMT+01:00 2023,Birthday,4872
4873,Section door.,Tue Jan 04 00:00:00 GMT+01:00 2022,Wedding,4873
4874,Item tell.,Mon Sep 05 00:00:00 GMT+01:00 2022,Private Party,4874
4875,Else score executive.,Mon Nov 03 00:00:00 GMT+01:00 2025,Birthday,4875
4876,Four half teacher.,Sun Apr 16 00:00:00 GMT+01:00 2023,Wedding,4876
4877,Top forward feel.,Thu Aug 04 00:00:00 GMT+01:00 2022,Birthday,4877
4878,Perform police.,Sun Nov 06 00:00:00 GMT+01:00 2022,Corporate Event,4878
4879,Western attack thousand.,Wed Nov 20 00:00:00 GMT+01:00 2024,Wedding,4879
4880,Young personal foreign.,Mon Mar 03 00:00:00 GMT+01:00 2025,Private Party,4880
4881,Serve.,Fri Aug 08 00:00:00 GMT+01:00 2025,Private Party,4881
4882,War leg.,Fri Oct 21 00:00:00 GMT+01:00 2022,Birthday,4882
4883,Local company author.,Sat Mar 29 00:00:00 GMT+01:00 2025,Wedding,4883
4884,Former or themselves.,Tue May 28 00:00:00 GMT+01:00 2024,Private Party,4884
4885,While ground ground.,Thu Jan 16 00:00:00 GMT+01:00 2025,Private Party,4885
4886,Say final character.,Mon Jun 12 00:00:00 GMT+01:00 2023,Private Party,4886
4887,Defense example.,Mon Dec 01 00:00:00 GMT+01:00 2025,Private Party,4887
4888,Teach maintain course.,Wed Apr 16 00:00:00 GMT+01:00 2025,Corporate Event,4888
4889,Beyond find.,Fri Jun 23 00:00:00 GMT+01:00 2023,Private Party,4889
4890,Wide rule area ball.,Mon Jul 29 00:00:00 GMT+01:00 2024,Wedding,4890
4891,Exist course.,Wed Oct 09 00:00:00 GMT+01:00 2024,Corporate Event,4891
4892,With physical camera.,Sun Nov 27 00:00:00 GMT+01:00 2022,Private Party,4892
4893,Claim yourself back.,Fri Feb 02 00:00:00 GMT+01:00 2024,Corporate Event,4893
4894,Interest deep.,Sat Sep 27 00:00:00 GMT+01:00 2025,Wedding,4894
4895,Back.,Sat Aug 12 00:00:00 GMT+01:00 2023,Private Party,4895
4896,Institution like.,Sun May 05 00:00:00 GMT+01:00 2024,Corporate Event,4896
4897,Common fall wide.,Fri Jun 21 00:00:00 GMT+01:00 2024,Corporate Event,4897
4898,Today.,Tue Dec 09 00:00:00 GMT+01:00 2025,Private Party,4898
4899,Station visit.,Thu Aug 10 00:00:00 GMT+01:00 2023,Wedding,4899
4900,Them travel rather.,Sat Nov 15 00:00:00 GMT+01:00 2025,Private Party,4900
4901,Do well fear.,Fri May 24 00:00:00 GMT+01:00 2024,Private Party,4901
4902,Sister require.,Mon Jul 11 00:00:00 GMT+01:00 2022,Private Party,4902
4903,Fact college tax.,Sun Oct 29 00:00:00 GMT+01:00 2023,Wedding,4903
4904,Large skin network theory.,Thu Jan 27 00:00:00 GMT+01:00 2022,Private Party,4904
4905,Sometimes third.,Sun Aug 28 00:00:00 GMT+01:00 2022,Birthday,4905
4906,Republican.,Sun May 28 00:00:00 GMT+01:00 2023,Private Party,4906
4907,Industry federal.,Mon Jan 16 00:00:00 GMT+01:00 2023,Wedding,4907
4908,Then threat.,Fri Nov 04 00:00:00 GMT+01:00 2022,Corporate Event,4908
4909,Increase season.,Fri Nov 21 00:00:00 GMT+01:00 2025,Corporate Event,4909
4910,Summer today.,Thu Jun 27 00:00:00 GMT+01:00 2024,Private Party,4910
4911,And decade.,Sat Jun 15 00:00:00 GMT+01:00 2024,Private Party,4911
4912,Down hot hope.,Mon Apr 15 00:00:00 GMT+01:00 2024,Private Party,4912
4913,Attack town write.,Mon Jun 19 00:00:00 GMT+01:00 2023,Wedding,4913
4914,Before left.,Tue May 28 00:00:00 GMT+01:00 2024,Birthday,4914
4915,Program option.,Sat Feb 22 00:00:00 GMT+01:00 2025,Birthday,4915
4916,Than project later great.,Tue Oct 08 00:00:00 GMT+01:00 2024,Wedding,4916
4917,Seek hand.,Tue Dec 27 00:00:00 GMT+01:00 2022,Birthday,4917
4918,Produce writer.,Tue Feb 11 00:00:00 GMT+01:00 2025,Private Party,4918
4919,Many choose.,Thu Mar 07 00:00:00 GMT+01:00 2024,Corporate Event,4919
4920,Seat perhaps out.,Thu Oct 12 00:00:00 GMT+01:00 2023,Corporate Event,4920
4922,Behind list loss.,Sat Jul 23 00:00:00 GMT+01:00 2022,Corporate Event,4922
4923,Stop seat seat.,Thu May 18 00:00:00 GMT+01:00 2023,Wedding,4923
4924,Position challenge.,Sat Aug 23 00:00:00 GMT+01:00 2025,Corporate Event,4924
4925,Win sense amount.,Tue May 07 00:00:00 GMT+01:00 2024,Private Party,4925
4926,Investment wonder.,Tue Jul 19 00:00:00 GMT+01:00 2022,Corporate Event,4926
4927,Mean off join.,Sat Aug 31 00:00:00 GMT+01:00 2024,Birthday,4927
4928,Than run discuss.,Wed Oct 29 00:00:00 GMT+01:00 2025,Corporate Event,4928
4929,Student size identify.,Sat Aug 30 00:00:00 GMT+01:00 2025,Private Party,4929
4930,Off long.,Sun Jul 24 00:00:00 GMT+01:00 2022,Corporate Event,4930
4931,International huge.,Thu Nov 07 00:00:00 GMT+01:00 2024,Corporate Event,4931
4932,Nothing such.,Sat Nov 16 00:00:00 GMT+01:00 2024,Corporate Event,4932
4933,Quickly those.,Fri Jan 10 00:00:00 GMT+01:00 2025,Corporate Event,4933
4934,Himself start.,Fri Apr 22 00:00:00 GMT+01:00 2022,Wedding,4934
4935,Bar character pull.,Sat Dec 24 00:00:00 GMT+01:00 2022,Private Party,4935
4936,After fight.,Mon Nov 27 00:00:00 GMT+01:00 2023,Corporate Event,4936
4937,Reflect second above.,Mon Nov 20 00:00:00 GMT+01:00 2023,Wedding,4937
4938,Word eat.,Mon Dec 12 00:00:00 GMT+01:00 2022,Corporate Event,4938
4939,Trade laugh.,Fri Jul 04 00:00:00 GMT+01:00 2025,Wedding,4939
4940,President item.,Thu Sep 29 00:00:00 GMT+01:00 2022,Private Party,4940
4941,Senior word firm.,Sat Jun 21 00:00:00 GMT+01:00 2025,Private Party,4941
4942,Movie imagine process.,Thu Jun 27 00:00:00 GMT+01:00 2024,Wedding,4942
4943,Save impact really.,Sun Mar 31 00:00:00 GMT+01:00 2024,Private Party,4943
4944,Tell factor religious in.,Thu Jan 27 00:00:00 GMT+01:00 2022,Wedding,4944
4945,Toward full describe.,Thu Oct 06 00:00:00 GMT+01:00 2022,Wedding,4945
4946,Try amount response.,Mon Jan 31 00:00:00 GMT+01:00 2022,Wedding,4946
4947,Central.,Sat Dec 30 00:00:00 GMT+01:00 2023,Wedding,4947
4948,Find.,Fri Jun 06 00:00:00 GMT+01:00 2025,Corporate Event,4948
4949,Stop available several order.,Fri Dec 06 00:00:00 GMT+01:00 2024,Corporate Event,4949
4950,Method difficult truth.,Tue Jan 03 00:00:00 GMT+01:00 2023,Birthday,4950
4951,Arrive man blood.,Tue Dec 23 00:00:00 GMT+01:00 2025,Birthday,4951
4952,Expert concern beat.,Wed Sep 25 00:00:00 GMT+01:00 2024,Private Party,4952
4953,Itself edge both.,Sat Jan 11 00:00:00 GMT+01:00 2025,Corporate Event,4953
4954,Science success decade.,Thu Mar 10 00:00:00 GMT+01:00 2022,Corporate Event,4954
4955,Name yeah option.,Wed Aug 03 00:00:00 GMT+01:00 2022,Birthday,4955
4956,While always article he.,Sun May 15 00:00:00 GMT+01:00 2022,Wedding,4956
4957,Serious sort.,Tue Oct 31 00:00:00 GMT+01:00 2023,Wedding,4957
4958,Form close since.,Sun Mar 24 00:00:00 GMT+01:00 2024,Birthday,4958
4959,Effect table recent.,Wed Jan 01 00:00:00 GMT+01:00 2025,Private Party,4959
4960,Entire less magazine.,Wed Oct 18 00:00:00 GMT+01:00 2023,Private Party,4960
4961,American in.,Wed Jan 08 00:00:00 GMT+01:00 2025,Wedding,4961
4962,Teacher mouth.,Thu Jul 24 00:00:00 GMT+01:00 2025,Private Party,4962
4963,Wife respond.,Wed Jan 29 00:00:00 GMT+01:00 2025,Private Party,4963
4964,According treatment.,Fri Aug 30 00:00:00 GMT+01:00 2024,Birthday,4964
4965,Several article happen.,Fri Nov 08 00:00:00 GMT+01:00 2024,Corporate Event,4965
4966,Again city.,Tue Sep 03 00:00:00 GMT+01:00 2024,Private Party,4966
4967,Training professor common.,Wed Jul 30 00:00:00 GMT+01:00 2025,Corporate Event,4967
4968,Certainly fear.,Thu Jan 26 00:00:00 GMT+01:00 2023,Corporate Event,4968
4969,Fish pass.,Thu Apr 20 00:00:00 GMT+01:00 2023,Private Party,4969
4970,Hair finish fall.,Thu May 26 00:00:00 GMT+01:00 2022,Corporate Event,4970
4971,Green.,Thu Jul 18 00:00:00 GMT+01:00 2024,Wedding,4971
4972,System.,Mon Apr 01 00:00:00 GMT+01:00 2024,Wedding,4972
4973,Drive experience.,Thu Sep 15 00:00:00 GMT+01:00 2022,Birthday,4973
4974,Change agreement word.,Tue Jun 06 00:00:00 GMT+01:00 2023,Wedding,4974
5053,Suddenly upon.,Sun Jul 13 00:00:00 GMT+01:00 2025,Wedding,4975
4975,At life arrive.,Sun Jul 23 00:00:00 GMT+01:00 2023,Private Party,4976
4976,Career true difference.,Tue Apr 02 00:00:00 GMT+01:00 2024,Birthday,4977
4977,Dog.,Sun Nov 05 00:00:00 GMT+01:00 2023,Birthday,4978
4978,Effort vote memory fall.,Thu Apr 06 00:00:00 GMT+01:00 2023,Wedding,4979
4979,Hit region only.,Sun Nov 13 00:00:00 GMT+01:00 2022,Corporate Event,4980
4980,Benefit several.,Wed Nov 05 00:00:00 GMT+01:00 2025,Birthday,4981
4981,He friend class.,Sun Oct 22 00:00:00 GMT+01:00 2023,Private Party,4982
4982,Mean miss.,Sun Mar 13 00:00:00 GMT+01:00 2022,Wedding,4983
4983,Seat main.,Sat Jan 01 00:00:00 GMT+01:00 2022,Birthday,4984
4984,Performance common with win.,Thu Apr 18 00:00:00 GMT+01:00 2024,Private Party,4985
4985,Miss dream catch.,Wed Nov 13 00:00:00 GMT+01:00 2024,Corporate Event,4986
4986,Child also into.,Sat Dec 13 00:00:00 GMT+01:00 2025,Wedding,4987
4987,Everyone person free.,Sun Nov 23 00:00:00 GMT+01:00 2025,Private Party,4988
4988,Sing camera reduce.,Sun Jun 01 00:00:00 GMT+01:00 2025,Birthday,4989
4989,Federal along.,Sat Nov 12 00:00:00 GMT+01:00 2022,Wedding,4990
4990,Beautiful rather.,Tue Jul 23 00:00:00 GMT+01:00 2024,Birthday,4991
4991,Deal after.,Thu Aug 08 00:00:00 GMT+01:00 2024,Private Party,4992
4992,His democratic.,Fri Oct 07 00:00:00 GMT+01:00 2022,Birthday,4993
4993,Could political improve.,Thu Oct 02 00:00:00 GMT+01:00 2025,Private Party,4994
4994,In effect.,Fri Aug 25 00:00:00 GMT+01:00 2023,Wedding,4995
4995,Middle population.,Wed Feb 19 00:00:00 GMT+01:00 2025,Corporate Event,4996
4996,Nice tonight throughout.,Wed Oct 25 00:00:00 GMT+01:00 2023,Birthday,4997
4997,Form bit course.,Sat Apr 01 00:00:00 GMT+01:00 2023,Corporate Event,4998
4998,Indicate turn sort teacher.,Mon Feb 12 00:00:00 GMT+01:00 2024,Private Party,4999
4999,Despite culture.,Tue Jul 29 00:00:00 GMT+01:00 2025,Corporate Event,5000
5000,Trip step authority human.,Fri Jul 28 00:00:00 GMT+01:00 2023,Private Party,5001
5001,Outside sense.,Thu Feb 20 00:00:00 GMT+01:00 2025,Birthday,5002
5002,Instead during talk.,Mon Jan 30 00:00:00 GMT+01:00 2023,Birthday,5003
5003,Increase support.,Wed Nov 23 00:00:00 GMT+01:00 2022,Corporate Event,5004
5004,Meeting do box.,Sun Jan 21 00:00:00 GMT+01:00 2024,Wedding,5005
5005,Other behavior white.,Wed May 14 00:00:00 GMT+01:00 2025,Wedding,5006
5006,Collection worker bed.,Tue Apr 22 00:00:00 GMT+01:00 2025,Corporate Event,5007
5007,That determine soldier.,Sun Apr 30 00:00:00 GMT+01:00 2023,Wedding,5008
5008,Challenge pressure.,Tue Mar 11 00:00:00 GMT+01:00 2025,Wedding,5009
5009,Less score.,Fri Jun 09 00:00:00 GMT+01:00 2023,Wedding,5010
5010,Training girl building.,Wed May 25 00:00:00 GMT+01:00 2022,Wedding,5011
5011,Old similar may.,Mon Sep 02 00:00:00 GMT+01:00 2024,Private Party,5012
5012,Star key expect.,Thu Jul 24 00:00:00 GMT+01:00 2025,Corporate Event,5013
5013,Hand less skill.,Sat Jul 23 00:00:00 GMT+01:00 2022,Wedding,5014
5014,Free age.,Fri Sep 20 00:00:00 GMT+01:00 2024,Corporate Event,5015
5015,Against part understand.,Wed May 04 00:00:00 GMT+01:00 2022,Private Party,5016
5016,Appear there.,Sun Oct 19 00:00:00 GMT+01:00 2025,Private Party,5017
5017,Worry generation but.,Tue Jan 10 00:00:00 GMT+01:00 2023,Wedding,5018
5018,Cover compare billion.,Wed Jul 13 00:00:00 GMT+01:00 2022,Wedding,5019
5019,Defense.,Wed May 14 00:00:00 GMT+01:00 2025,Birthday,5020
5020,Miss wife.,Sun Aug 11 00:00:00 GMT+01:00 2024,Private Party,5021
5021,Else forward offer.,Sat Oct 05 00:00:00 GMT+01:00 2024,Birthday,5022
5022,Whose commercial follow.,Fri Jan 20 00:00:00 GMT+01:00 2023,Corporate Event,5023
5023,Enjoy itself happen.,Fri Jul 25 00:00:00 GMT+01:00 2025,Corporate Event,5024
5024,Share one.,Wed Sep 20 00:00:00 GMT+01:00 2023,Wedding,5025
5025,Technology management.,Thu May 25 00:00:00 GMT+01:00 2023,Corporate Event,5026
5026,Building stuff girl.,Wed Jul 31 00:00:00 GMT+01:00 2024,Corporate Event,5027
5027,Even or.,Thu Nov 27 00:00:00 GMT+01:00 2025,Birthday,5028
5028,Success war.,Fri Mar 03 00:00:00 GMT+01:00 2023,Birthday,5029
5029,Today must reveal us.,Fri Oct 24 00:00:00 GMT+01:00 2025,Birthday,5030
5030,Not law probably.,Sun Apr 21 00:00:00 GMT+01:00 2024,Private Party,5031
5031,Partner finish become.,Tue Apr 26 00:00:00 GMT+01:00 2022,Corporate Event,5032
5032,Building after.,Mon Nov 24 00:00:00 GMT+01:00 2025,Birthday,5033
5033,Help pick.,Thu Mar 31 00:00:00 GMT+01:00 2022,Wedding,5034
5034,Opportunity game.,Mon Mar 20 00:00:00 GMT+01:00 2023,Corporate Event,5035
5035,Go next.,Fri Apr 04 00:00:00 GMT+01:00 2025,Birthday,5036
5036,Office poor local.,Wed Apr 17 00:00:00 GMT+01:00 2024,Wedding,5037
5037,Role particularly.,Sun Apr 07 00:00:00 GMT+01:00 2024,Private Party,5038
5038,Boy major.,Wed Sep 13 00:00:00 GMT+01:00 2023,Corporate Event,5039
5039,Between shoulder.,Fri Dec 06 00:00:00 GMT+01:00 2024,Corporate Event,5040
5040,Receive let.,Thu Aug 24 00:00:00 GMT+01:00 2023,Birthday,5041
5041,Smile pretty.,Thu Nov 30 00:00:00 GMT+01:00 2023,Birthday,5042
5042,What offer worry.,Mon Apr 15 00:00:00 GMT+01:00 2024,Corporate Event,5043
5043,Stay.,Thu Jan 19 00:00:00 GMT+01:00 2023,Birthday,5044
5044,Play positive never.,Mon Jun 09 00:00:00 GMT+01:00 2025,Corporate Event,5045
5045,Concern daughter design.,Fri Jul 29 00:00:00 GMT+01:00 2022,Private Party,5046
5046,Until lose.,Mon Feb 14 00:00:00 GMT+01:00 2022,Birthday,5047
5047,Believe administration hold.,Tue Jul 09 00:00:00 GMT+01:00 2024,Wedding,5048
5048,Network same.,Tue Apr 22 00:00:00 GMT+01:00 2025,Private Party,5049
5049,Course thus sign.,Sat Apr 15 00:00:00 GMT+01:00 2023,Private Party,5050
5050,Election relate example.,Thu Mar 23 00:00:00 GMT+01:00 2023,Birthday,5051
5051,That lay.,Sun Aug 24 00:00:00 GMT+01:00 2025,Wedding,5052
5052,Federal pretty development watch.,Sun Dec 31 00:00:00 GMT+01:00 2023,Private Party,5053
5054,Though attack place.,Sun Feb 09 00:00:00 GMT+01:00 2025,Birthday,5054
5055,Whether on eat.,Thu Oct 03 00:00:00 GMT+01:00 2024,Corporate Event,5055
5056,Remain.,Thu Oct 02 00:00:00 GMT+01:00 2025,Corporate Event,5056
5057,Interesting develop.,Fri Dec 26 00:00:00 GMT+01:00 2025,Private Party,5057
5058,Culture carry go.,Wed Jul 31 00:00:00 GMT+01:00 2024,Corporate Event,5058
5059,Suggest president.,Tue Dec 12 00:00:00 GMT+01:00 2023,Corporate Event,5059
5060,Whatever treat.,Tue Sep 05 00:00:00 GMT+01:00 2023,Wedding,5060
5061,Law play myself.,Sun May 25 00:00:00 GMT+01:00 2025,Wedding,5061
5062,Pm claim.,Fri May 30 00:00:00 GMT+01:00 2025,Private Party,5062
5063,Color religious remember.,Fri Sep 16 00:00:00 GMT+01:00 2022,Wedding,5063
5064,Bank.,Mon Apr 29 00:00:00 GMT+01:00 2024,Wedding,5064
5065,Often nation.,Mon Jun 19 00:00:00 GMT+01:00 2023,Private Party,5065
5066,Care worker risk.,Sun May 22 00:00:00 GMT+01:00 2022,Private Party,5066
5067,Rule this into.,Tue Dec 05 00:00:00 GMT+01:00 2023,Corporate Event,5067
5068,Impact.,Wed Sep 14 00:00:00 GMT+01:00 2022,Wedding,5068
5069,Owner I.,Tue Jun 21 00:00:00 GMT+01:00 2022,Wedding,5069
5070,Never community leg.,Mon Oct 14 00:00:00 GMT+01:00 2024,Wedding,5070
5071,Foreign PM partner.,Sun Jul 14 00:00:00 GMT+01:00 2024,Birthday,5071
5072,But leader bank.,Tue Mar 15 00:00:00 GMT+01:00 2022,Birthday,5072
5073,Office century.,Sun Jul 27 00:00:00 GMT+01:00 2025,Private Party,5073
5074,Process feel find.,Fri Jun 17 00:00:00 GMT+01:00 2022,Wedding,5074
5075,Between guy officer.,Wed Mar 20 00:00:00 GMT+01:00 2024,Wedding,5075
5076,Here.,Sat Jul 20 00:00:00 GMT+01:00 2024,Wedding,5076
5077,Difference tree science.,Sun Mar 05 00:00:00 GMT+01:00 2023,Corporate Event,5077
5078,Head ask little.,Tue Jan 24 00:00:00 GMT+01:00 2023,Wedding,5078
5079,Enjoy the.,Tue Aug 22 00:00:00 GMT+01:00 2023,Wedding,5079
5080,Listen where.,Fri Jun 09 00:00:00 GMT+01:00 2023,Birthday,5080
5081,Simple possible.,Sun Feb 13 00:00:00 GMT+01:00 2022,Corporate Event,5081
5082,Future create couple seem.,Tue Apr 23 00:00:00 GMT+01:00 2024,Private Party,5082
5083,Yeah attention.,Tue Oct 28 00:00:00 GMT+01:00 2025,Birthday,5083
5084,Prepare allow.,Mon Jan 27 00:00:00 GMT+01:00 2025,Birthday,5084
5085,Easy black night news.,Tue Apr 25 00:00:00 GMT+01:00 2023,Corporate Event,5085
5086,Blue its government.,Sat Aug 17 00:00:00 GMT+01:00 2024,Wedding,5086
5087,Prepare throw.,Tue Dec 12 00:00:00 GMT+01:00 2023,Corporate Event,5087
5088,Chance great.,Thu Dec 29 00:00:00 GMT+01:00 2022,Private Party,5088
5089,Current fire.,Fri Sep 23 00:00:00 GMT+01:00 2022,Wedding,5089
5090,Identify evidence recently.,Sat Sep 17 00:00:00 GMT+01:00 2022,Private Party,5090
5091,Able hand enjoy.,Sat Aug 05 00:00:00 GMT+01:00 2023,Corporate Event,5091
5092,Draw successful.,Sun Apr 20 00:00:00 GMT+01:00 2025,Private Party,5092
5093,Song until single.,Sat May 14 00:00:00 GMT+01:00 2022,Wedding,5093
5094,Yard yes.,Sat Mar 04 00:00:00 GMT+01:00 2023,Corporate Event,5094
5095,Learn boy.,Wed Feb 09 00:00:00 GMT+01:00 2022,Corporate Event,5095
5096,Kitchen gas.,Sun Dec 10 00:00:00 GMT+01:00 2023,Birthday,5096
5097,Will Republican.,Thu Nov 23 00:00:00 GMT+01:00 2023,Corporate Event,5097
5098,So fact.,Sat Sep 30 00:00:00 GMT+01:00 2023,Private Party,5098
5099,Realize west rock.,Mon Aug 25 00:00:00 GMT+01:00 2025,Birthday,5099
5100,Story ever.,Wed Mar 29 00:00:00 GMT+01:00 2023,Birthday,5100
5101,Election hard control.,Tue Jun 20 00:00:00 GMT+01:00 2023,Wedding,5101
5102,Exist appear.,Fri Oct 04 00:00:00 GMT+01:00 2024,Birthday,5102
5103,With respond.,Tue Oct 08 00:00:00 GMT+01:00 2024,Private Party,5103
5104,Thing allow.,Sat Jun 18 00:00:00 GMT+01:00 2022,Birthday,5104
5105,Travel movement drive.,Wed Jan 26 00:00:00 GMT+01:00 2022,Birthday,5105
5106,Rate rise market.,Thu Apr 07 00:00:00 GMT+01:00 2022,Private Party,5106
5107,Anyone professor campaign loss.,Tue Mar 07 00:00:00 GMT+01:00 2023,Wedding,5107
5108,Democrat themselves.,Sat Sep 20 00:00:00 GMT+01:00 2025,Birthday,5108
5109,Goal treat.,Tue Apr 30 00:00:00 GMT+01:00 2024,Birthday,5109
5110,Continue night blue.,Sun Jun 29 00:00:00 GMT+01:00 2025,Wedding,5110
5111,Friend event pay.,Sun Nov 23 00:00:00 GMT+01:00 2025,Wedding,5111
5112,Difficult outside.,Wed Sep 27 00:00:00 GMT+01:00 2023,Corporate Event,5112
5113,Campaign water.,Tue May 06 00:00:00 GMT+01:00 2025,Private Party,5113
5114,Character cost station.,Sat Apr 05 00:00:00 GMT+01:00 2025,Birthday,5114
5115,Sound fall.,Mon Aug 18 00:00:00 GMT+01:00 2025,Private Party,5115
5116,Blood.,Sat Mar 30 00:00:00 GMT+01:00 2024,Corporate Event,5116
5117,However form.,Tue May 20 00:00:00 GMT+01:00 2025,Corporate Event,5117
5118,Along natural.,Mon Nov 11 00:00:00 GMT+01:00 2024,Private Party,5118
5119,Raise fight trip.,Sun Oct 19 00:00:00 GMT+01:00 2025,Wedding,5119
5120,Thus share.,Sun Jun 18 00:00:00 GMT+01:00 2023,Private Party,5120
5121,Can different.,Tue Oct 08 00:00:00 GMT+01:00 2024,Wedding,5121
5122,Hundred family high.,Mon Aug 04 00:00:00 GMT+01:00 2025,Corporate Event,5122
5123,Table society not.,Sat Apr 08 00:00:00 GMT+01:00 2023,Birthday,5123
5124,Trip fall trade four.,Fri Jan 19 00:00:00 GMT+01:00 2024,Birthday,5124
5125,Prove cold.,Sun Oct 29 00:00:00 GMT+01:00 2023,Corporate Event,5125
5126,Wait mention soon.,Fri Nov 11 00:00:00 GMT+01:00 2022,Birthday,5126
5127,Financial small.,Wed Sep 06 00:00:00 GMT+01:00 2023,Wedding,5127
5128,Learn before.,Tue Apr 16 00:00:00 GMT+01:00 2024,Corporate Event,5128
5129,Behind window turn.,Sun Mar 02 00:00:00 GMT+01:00 2025,Birthday,5129
5130,At population trade.,Mon Oct 02 00:00:00 GMT+01:00 2023,Private Party,5130
5131,Carry.,Fri Feb 24 00:00:00 GMT+01:00 2023,Birthday,5131
5132,Performance technology.,Fri Jun 13 00:00:00 GMT+01:00 2025,Corporate Event,5132
5133,Administration there.,Mon Mar 13 00:00:00 GMT+01:00 2023,Birthday,5133
5134,Administration thousand idea.,Wed Jun 22 00:00:00 GMT+01:00 2022,Wedding,5134
5135,World picture degree.,Mon May 13 00:00:00 GMT+01:00 2024,Corporate Event,5135
5136,Artist maybe none author.,Thu Jun 13 00:00:00 GMT+01:00 2024,Private Party,5136
5137,Piece friend nature.,Tue May 10 00:00:00 GMT+01:00 2022,Wedding,5137
5138,Garden marriage.,Tue Aug 23 00:00:00 GMT+01:00 2022,Birthday,5138
5139,Wonder.,Thu Oct 02 00:00:00 GMT+01:00 2025,Private Party,5139
5140,Serious.,Thu Apr 13 00:00:00 GMT+01:00 2023,Private Party,5140
5141,Bring ready concern.,Tue Jul 11 00:00:00 GMT+01:00 2023,Wedding,5141
5142,American every.,Mon Dec 01 00:00:00 GMT+01:00 2025,Corporate Event,5142
5143,Particular we.,Tue Aug 15 00:00:00 GMT+01:00 2023,Wedding,5143
5144,Just standard mean.,Fri Jun 28 00:00:00 GMT+01:00 2024,Corporate Event,5144
5145,Can use event sport.,Wed Dec 07 00:00:00 GMT+01:00 2022,Corporate Event,5145
5146,Smile everything.,Fri Mar 24 00:00:00 GMT+01:00 2023,Wedding,5146
5147,Word military.,Sat Apr 29 00:00:00 GMT+01:00 2023,Corporate Event,5147
5148,Manage wait.,Sat Aug 27 00:00:00 GMT+01:00 2022,Corporate Event,5148
5149,Democratic themselves time buy.,Wed Mar 16 00:00:00 GMT+01:00 2022,Wedding,5149
5150,Show list police.,Fri Jun 16 00:00:00 GMT+01:00 2023,Private Party,5150
5151,Collection allow TV.,Wed Apr 12 00:00:00 GMT+01:00 2023,Corporate Event,5151
5152,On trip four.,Fri Feb 07 00:00:00 GMT+01:00 2025,Private Party,5152
5153,Hold large.,Thu Sep 22 00:00:00 GMT+01:00 2022,Corporate Event,5153
5154,Speech marriage.,Mon Mar 13 00:00:00 GMT+01:00 2023,Wedding,5154
5155,Position note read.,Sat Aug 30 00:00:00 GMT+01:00 2025,Birthday,5155
5156,Table response structure.,Fri Jul 28 00:00:00 GMT+01:00 2023,Private Party,5156
5157,Dark sound another.,Mon Jan 06 00:00:00 GMT+01:00 2025,Private Party,5157
5158,Child buy.,Wed Aug 02 00:00:00 GMT+01:00 2023,Birthday,5158
5159,Participant resource one.,Wed Mar 12 00:00:00 GMT+01:00 2025,Corporate Event,5159
5160,All result.,Sun Oct 20 00:00:00 GMT+01:00 2024,Private Party,5160
5161,Seem statement.,Thu Nov 16 00:00:00 GMT+01:00 2023,Corporate Event,5161
5162,Nature method.,Fri May 19 00:00:00 GMT+01:00 2023,Private Party,5162
5163,Another business see.,Sat Jul 30 00:00:00 GMT+01:00 2022,Private Party,5163
5164,Politics cover record style.,Tue Oct 15 00:00:00 GMT+01:00 2024,Corporate Event,5164
5165,Decision relate.,Mon Apr 18 00:00:00 GMT+01:00 2022,Corporate Event,5165
5166,Operation public.,Thu Mar 20 00:00:00 GMT+01:00 2025,Birthday,5166
5167,Stop anything.,Fri Apr 01 00:00:00 GMT+01:00 2022,Private Party,5167
5168,Value east discover.,Sat Apr 27 00:00:00 GMT+01:00 2024,Private Party,5168
5169,Language police east likely.,Sat Oct 08 00:00:00 GMT+01:00 2022,Private Party,5169
5170,Today society.,Sat Mar 26 00:00:00 GMT+01:00 2022,Private Party,5170
5171,Test describe major.,Sat Mar 04 00:00:00 GMT+01:00 2023,Wedding,5171
5172,Near bring theory.,Sun Nov 09 00:00:00 GMT+01:00 2025,Wedding,5172
5173,Majority raise power.,Fri Aug 08 00:00:00 GMT+01:00 2025,Corporate Event,5173
5174,Ten provide.,Fri Mar 15 00:00:00 GMT+01:00 2024,Private Party,5174
5175,In activity serious.,Sun Jul 14 00:00:00 GMT+01:00 2024,Wedding,5175
5176,Million realize only group.,Mon Jan 20 00:00:00 GMT+01:00 2025,Corporate Event,5176
5177,Apply certain hit food.,Tue Mar 22 00:00:00 GMT+01:00 2022,Private Party,5177
5178,Me top government.,Fri Oct 13 00:00:00 GMT+01:00 2023,Birthday,5178
5179,Run employee.,Tue Dec 16 00:00:00 GMT+01:00 2025,Wedding,5179
5180,Voice office which.,Sat Sep 13 00:00:00 GMT+01:00 2025,Birthday,5180
5181,Color.,Tue Jan 10 00:00:00 GMT+01:00 2023,Birthday,5181
5182,Role attention air.,Fri Mar 14 00:00:00 GMT+01:00 2025,Birthday,5182
5183,Improve staff poor their.,Tue Jul 02 00:00:00 GMT+01:00 2024,Birthday,5183
5184,Fear coach best.,Sat Jul 09 00:00:00 GMT+01:00 2022,Birthday,5184
5185,Pay measure.,Tue Mar 11 00:00:00 GMT+01:00 2025,Birthday,5185
5186,Tax check add.,Tue Dec 12 00:00:00 GMT+01:00 2023,Wedding,5186
5187,Study especially own there.,Fri Oct 24 00:00:00 GMT+01:00 2025,Birthday,5187
5188,History southern grow east.,Fri Jun 28 00:00:00 GMT+01:00 2024,Corporate Event,5188
5189,Despite most TV.,Sat Jan 15 00:00:00 GMT+01:00 2022,Corporate Event,5189
5190,Take special strategy trade.,Tue Dec 16 00:00:00 GMT+01:00 2025,Wedding,5190
5191,Less method.,Tue Jan 07 00:00:00 GMT+01:00 2025,Private Party,5191
5192,Throw center.,Mon Jun 30 00:00:00 GMT+01:00 2025,Birthday,5192
5193,Professional skin.,Thu May 04 00:00:00 GMT+01:00 2023,Wedding,5193
5194,Series administration.,Thu Apr 27 00:00:00 GMT+01:00 2023,Private Party,5194
5195,Anyone yeah.,Tue Sep 05 00:00:00 GMT+01:00 2023,Wedding,5195
5196,Minute.,Mon Jun 06 00:00:00 GMT+01:00 2022,Corporate Event,5196
5197,Season yes stock do.,Tue Oct 17 00:00:00 GMT+01:00 2023,Wedding,5197
5198,Others red.,Mon Jun 02 00:00:00 GMT+01:00 2025,Birthday,5198
5199,Guy no job.,Sat Apr 29 00:00:00 GMT+01:00 2023,Private Party,5199
5200,Green only.,Mon Dec 04 00:00:00 GMT+01:00 2023,Birthday,5200
5201,Prove maintain.,Mon Mar 21 00:00:00 GMT+01:00 2022,Wedding,5201
5202,Material free.,Sun Oct 30 00:00:00 GMT+01:00 2022,Birthday,5202
5203,Pattern nature leader.,Wed Jun 19 00:00:00 GMT+01:00 2024,Wedding,5203
5204,Five someone upon.,Mon Sep 25 00:00:00 GMT+01:00 2023,Wedding,5204
5205,On final land.,Thu Jul 06 00:00:00 GMT+01:00 2023,Corporate Event,5205
5206,Question poor blood.,Sat Jul 01 00:00:00 GMT+01:00 2023,Corporate Event,5206
5207,Wonder close fill.,Wed Jan 29 00:00:00 GMT+01:00 2025,Private Party,5207
5208,What decision Mr.,Sun Sep 25 00:00:00 GMT+01:00 2022,Birthday,5208
5209,Tell leg.,Tue Feb 06 00:00:00 GMT+01:00 2024,Wedding,5209
5210,Build agent.,Wed Aug 06 00:00:00 GMT+01:00 2025,Private Party,5210
5211,Matter every.,Sun May 07 00:00:00 GMT+01:00 2023,Wedding,5211
5212,Happen should.,Wed Nov 09 00:00:00 GMT+01:00 2022,Corporate Event,5212
5213,Financial able think.,Tue May 27 00:00:00 GMT+01:00 2025,Birthday,5213
5214,Foreign available.,Sat Nov 19 00:00:00 GMT+01:00 2022,Corporate Event,5214
5215,Security water learn.,Sat Aug 17 00:00:00 GMT+01:00 2024,Private Party,5215
5216,Current huge.,Thu Jun 05 00:00:00 GMT+01:00 2025,Private Party,5216
5217,Cup collection often apply.,Mon Dec 08 00:00:00 GMT+01:00 2025,Private Party,5217
5218,Conference animal.,Sun Sep 10 00:00:00 GMT+01:00 2023,Private Party,5218
5219,Better garden.,Thu Jun 30 00:00:00 GMT+01:00 2022,Wedding,5219
5220,Energy we.,Tue Mar 01 00:00:00 GMT+01:00 2022,Birthday,5220
5221,Wind.,Fri Mar 10 00:00:00 GMT+01:00 2023,Corporate Event,5221
5222,Skin direction.,Sat Feb 15 00:00:00 GMT+01:00 2025,Corporate Event,5222
5223,Follow we stuff.,Thu Oct 31 00:00:00 GMT+01:00 2024,Wedding,5223
5224,Seek a.,Sun Feb 20 00:00:00 GMT+01:00 2022,Corporate Event,5224
5225,Approach standard support.,Wed Mar 30 00:00:00 GMT+01:00 2022,Corporate Event,5225
5226,Across article rest.,Sun Jan 30 00:00:00 GMT+01:00 2022,Birthday,5226
5227,Likely such.,Mon Feb 14 00:00:00 GMT+01:00 2022,Private Party,5227
5228,Hear stuff too interesting.,Fri Nov 10 00:00:00 GMT+01:00 2023,Private Party,5228
5229,Left news animal task.,Thu Dec 05 00:00:00 GMT+01:00 2024,Corporate Event,5229
5230,Ability western sort.,Sun Jan 29 00:00:00 GMT+01:00 2023,Wedding,5230
5231,He third.,Tue May 03 00:00:00 GMT+01:00 2022,Private Party,5231
5232,Sit by.,Thu Mar 16 00:00:00 GMT+01:00 2023,Birthday,5232
5233,Policy billion.,Fri Feb 18 00:00:00 GMT+01:00 2022,Private Party,5233
5234,Cover minute long generation.,Sun Jan 28 00:00:00 GMT+01:00 2024,Wedding,5234
5235,Democratic after.,Tue Nov 05 00:00:00 GMT+01:00 2024,Wedding,5235
5236,Edge assume same day.,Sun Oct 01 00:00:00 GMT+01:00 2023,Corporate Event,5236
5237,True family.,Thu Aug 18 00:00:00 GMT+01:00 2022,Birthday,5237
5238,Example culture save.,Mon Jul 15 00:00:00 GMT+01:00 2024,Private Party,5238
5239,Family three.,Tue Apr 18 00:00:00 GMT+01:00 2023,Wedding,5239
5240,Upon food.,Mon Dec 08 00:00:00 GMT+01:00 2025,Wedding,5240
5241,His debate employee however.,Sun Nov 17 00:00:00 GMT+01:00 2024,Birthday,5241
5242,Artist success write.,Thu May 30 00:00:00 GMT+01:00 2024,Birthday,5242
5243,Heavy must.,Tue May 06 00:00:00 GMT+01:00 2025,Corporate Event,5243
5244,Design career.,Wed May 31 00:00:00 GMT+01:00 2023,Private Party,5244
5245,Nature newspaper.,Tue Dec 27 00:00:00 GMT+01:00 2022,Birthday,5245
5246,Step hospital else.,Sun Dec 24 00:00:00 GMT+01:00 2023,Corporate Event,5246
5247,Building any nation.,Thu Jan 20 00:00:00 GMT+01:00 2022,Wedding,5247
5248,Idea owner point.,Fri Sep 01 00:00:00 GMT+01:00 2023,Birthday,5248
5249,He fire.,Sat Mar 11 00:00:00 GMT+01:00 2023,Corporate Event,5249
5250,Top nation.,Sun Jan 22 00:00:00 GMT+01:00 2023,Wedding,5250
5251,Rich theory.,Fri Dec 09 00:00:00 GMT+01:00 2022,Corporate Event,5251
5252,Particular against together.,Sun Nov 03 00:00:00 GMT+01:00 2024,Corporate Event,5252
5253,Mind stock gun.,Sat Jun 29 00:00:00 GMT+01:00 2024,Private Party,5253
5254,Learn often prove.,Mon Feb 24 00:00:00 GMT+01:00 2025,Birthday,5254
5255,Score kind.,Mon Sep 25 00:00:00 GMT+01:00 2023,Private Party,5255
5256,View reality seven.,Sun Jan 07 00:00:00 GMT+01:00 2024,Birthday,5256
5257,Sense break federal.,Wed Oct 09 00:00:00 GMT+01:00 2024,Birthday,5257
5258,Heavy.,Sat Jan 14 00:00:00 GMT+01:00 2023,Birthday,5258
5259,Soldier outside there increase.,Tue Aug 05 00:00:00 GMT+01:00 2025,Wedding,5259
5260,Responsibility.,Tue Oct 08 00:00:00 GMT+01:00 2024,Corporate Event,5260
5261,Ready listen cover.,Tue Dec 05 00:00:00 GMT+01:00 2023,Wedding,5261
5262,Move to.,Sun Jul 02 00:00:00 GMT+01:00 2023,Private Party,5262
5263,Well doctor grow.,Thu Dec 11 00:00:00 GMT+01:00 2025,Corporate Event,5263
5264,Small environmental.,Thu Jul 10 00:00:00 GMT+01:00 2025,Wedding,5264
5265,Staff chair style.,Mon Aug 15 00:00:00 GMT+01:00 2022,Birthday,5265
5266,Identify chance.,Sun May 29 00:00:00 GMT+01:00 2022,Birthday,5266
5267,Approach individual finish.,Sun Aug 24 00:00:00 GMT+01:00 2025,Birthday,5267
5268,Month happen cost.,Sat Jun 07 00:00:00 GMT+01:00 2025,Birthday,5268
5269,However probably.,Tue Jun 14 00:00:00 GMT+01:00 2022,Corporate Event,5269
5270,Strategy generation you.,Fri Dec 29 00:00:00 GMT+01:00 2023,Birthday,5270
5271,Parent child old.,Sun May 28 00:00:00 GMT+01:00 2023,Wedding,5271
5272,Energy word blue.,Wed Nov 13 00:00:00 GMT+01:00 2024,Private Party,5272
5273,President rich.,Tue Mar 28 00:00:00 GMT+01:00 2023,Private Party,5273
5274,Role cover.,Tue Jul 15 00:00:00 GMT+01:00 2025,Birthday,5274
5275,Whether clearly.,Fri Feb 11 00:00:00 GMT+01:00 2022,Wedding,5275
5276,Prevent talk.,Tue May 24 00:00:00 GMT+01:00 2022,Corporate Event,5276
5277,Nearly fill education.,Sat Mar 15 00:00:00 GMT+01:00 2025,Private Party,5277
5278,Prevent music.,Fri Mar 17 00:00:00 GMT+01:00 2023,Corporate Event,5278
5279,Rule owner participant.,Wed Nov 15 00:00:00 GMT+01:00 2023,Corporate Event,5279
5280,Answer dinner.,Sun Feb 13 00:00:00 GMT+01:00 2022,Birthday,5280
5281,Hold feeling over.,Thu Jul 24 00:00:00 GMT+01:00 2025,Wedding,5281
5282,Night office gun.,Thu Jul 25 00:00:00 GMT+01:00 2024,Corporate Event,5282
5283,Apply although.,Tue Mar 01 00:00:00 GMT+01:00 2022,Birthday,5283
5284,Report despite.,Mon Apr 03 00:00:00 GMT+01:00 2023,Corporate Event,5284
5285,Page three old.,Sat Nov 30 00:00:00 GMT+01:00 2024,Birthday,5285
5286,Break agree true.,Sun Mar 05 00:00:00 GMT+01:00 2023,Birthday,5286
5287,Than watch.,Mon Nov 14 00:00:00 GMT+01:00 2022,Private Party,5287
5288,Reveal movement laugh behind.,Fri May 05 00:00:00 GMT+01:00 2023,Birthday,5288
5289,Involve shake.,Thu Nov 24 00:00:00 GMT+01:00 2022,Corporate Event,5289
5290,Run meeting.,Thu Jun 22 00:00:00 GMT+01:00 2023,Wedding,5290
5291,For race.,Tue May 23 00:00:00 GMT+01:00 2023,Wedding,5291
5292,Deep scene receive.,Fri Jan 03 00:00:00 GMT+01:00 2025,Corporate Event,5292
5293,Cold seat together.,Sat Nov 23 00:00:00 GMT+01:00 2024,Birthday,5293
5294,Them practice travel.,Fri Jun 30 00:00:00 GMT+01:00 2023,Wedding,5294
5295,Resource similar break.,Fri Jul 28 00:00:00 GMT+01:00 2023,Wedding,5295
5296,With foreign.,Mon May 16 00:00:00 GMT+01:00 2022,Birthday,5296
5297,Industry just pull.,Fri May 27 00:00:00 GMT+01:00 2022,Private Party,5297
5298,Affect than.,Sun Jun 18 00:00:00 GMT+01:00 2023,Birthday,5298
5299,Play attention line another.,Sat Oct 21 00:00:00 GMT+01:00 2023,Private Party,5299
5300,Young set ahead.,Sat Sep 03 00:00:00 GMT+01:00 2022,Wedding,5300
5301,Member medical.,Mon Sep 22 00:00:00 GMT+01:00 2025,Wedding,5301
5302,Art respond.,Sat Oct 22 00:00:00 GMT+01:00 2022,Birthday,5302
5303,Data culture seem.,Thu Dec 26 00:00:00 GMT+01:00 2024,Wedding,5303
5304,Per herself character.,Fri Nov 15 00:00:00 GMT+01:00 2024,Birthday,5304
5305,Deep listen.,Mon Jul 15 00:00:00 GMT+01:00 2024,Private Party,5305
5306,It let.,Thu May 22 00:00:00 GMT+01:00 2025,Corporate Event,5306
5307,Artist responsibility defense.,Wed Jan 25 00:00:00 GMT+01:00 2023,Private Party,5307
5308,Analysis lose state.,Fri Feb 17 00:00:00 GMT+01:00 2023,Birthday,5308
5309,Individual nice beautiful.,Tue Aug 22 00:00:00 GMT+01:00 2023,Wedding,5309
5310,Focus seem fire.,Fri Apr 29 00:00:00 GMT+01:00 2022,Corporate Event,5310
5311,Security stock image.,Sun Jun 11 00:00:00 GMT+01:00 2023,Private Party,5311
5312,Alone assume provide.,Tue Apr 12 00:00:00 GMT+01:00 2022,Corporate Event,5312
5313,Teacher born.,Mon Jun 26 00:00:00 GMT+01:00 2023,Birthday,5313
5314,Receive myself.,Mon Oct 30 00:00:00 GMT+01:00 2023,Wedding,5314
5315,Few cover this.,Sun Sep 03 00:00:00 GMT+01:00 2023,Private Party,5315
5316,Put teacher those.,Thu Nov 06 00:00:00 GMT+01:00 2025,Corporate Event,5316
5317,Pretty certain.,Mon May 12 00:00:00 GMT+01:00 2025,Corporate Event,5317
5318,Establish within story.,Mon Nov 20 00:00:00 GMT+01:00 2023,Birthday,5318
5319,Keep whole task.,Thu Nov 03 00:00:00 GMT+01:00 2022,Private Party,5319
5320,How fund sit agree.,Thu Jun 16 00:00:00 GMT+01:00 2022,Birthday,5320
5321,Reveal natural black.,Sun Jul 03 00:00:00 GMT+01:00 2022,Wedding,5321
5322,Stuff station.,Tue Jun 18 00:00:00 GMT+01:00 2024,Birthday,5322
5323,Media lawyer teach.,Fri Jul 26 00:00:00 GMT+01:00 2024,Private Party,5323
5324,Community plant.,Wed May 18 00:00:00 GMT+01:00 2022,Private Party,5324
5325,Long under writer.,Fri Jul 28 00:00:00 GMT+01:00 2023,Birthday,5325
5326,Late provide financial.,Sun Apr 20 00:00:00 GMT+01:00 2025,Private Party,5326
5327,Sign reveal money.,Sun Oct 09 00:00:00 GMT+01:00 2022,Birthday,5327
5328,Tree almost exist.,Wed Sep 10 00:00:00 GMT+01:00 2025,Private Party,5328
5329,Effect improve image.,Sun Aug 11 00:00:00 GMT+01:00 2024,Birthday,5329
5330,Simply garden yet.,Tue Feb 11 00:00:00 GMT+01:00 2025,Wedding,5330
5331,Others wind notice.,Thu Feb 23 00:00:00 GMT+01:00 2023,Corporate Event,5331
5332,Scientist others century.,Thu Jun 02 00:00:00 GMT+01:00 2022,Private Party,5332
5333,Before red style.,Tue Oct 18 00:00:00 GMT+01:00 2022,Private Party,5333
5334,Impact support.,Wed Oct 08 00:00:00 GMT+01:00 2025,Wedding,5334
5335,Including common onto.,Tue Jul 29 00:00:00 GMT+01:00 2025,Birthday,5335
5336,Million.,Tue Apr 23 00:00:00 GMT+01:00 2024,Wedding,5336
5337,Program set environment.,Mon Jun 16 00:00:00 GMT+01:00 2025,Private Party,5337
5338,Agency book radio.,Mon Aug 18 00:00:00 GMT+01:00 2025,Wedding,5338
5339,Argue black.,Tue Dec 09 00:00:00 GMT+01:00 2025,Wedding,5339
5340,Recognize performance theory.,Thu Sep 29 00:00:00 GMT+01:00 2022,Private Party,5340
5341,Best.,Fri May 24 00:00:00 GMT+01:00 2024,Private Party,5341
5342,Act upon very.,Thu Feb 08 00:00:00 GMT+01:00 2024,Corporate Event,5342
5343,Him area seek official.,Mon Jan 24 00:00:00 GMT+01:00 2022,Private Party,5343
5344,Authority specific type.,Wed Jan 19 00:00:00 GMT+01:00 2022,Corporate Event,5344
5345,Feel full government officer.,Mon Nov 11 00:00:00 GMT+01:00 2024,Wedding,5345
5346,Leg fill result.,Wed Nov 02 00:00:00 GMT+01:00 2022,Birthday,5346
5347,Theory story eat.,Tue Jan 25 00:00:00 GMT+01:00 2022,Private Party,5347
5348,Along note according.,Sat Jan 04 00:00:00 GMT+01:00 2025,Wedding,5348
5349,Energy hit.,Wed Dec 17 00:00:00 GMT+01:00 2025,Private Party,5349
5350,Maintain red minute.,Wed Feb 05 00:00:00 GMT+01:00 2025,Birthday,5350
5351,Computer throughout fish.,Tue Jan 03 00:00:00 GMT+01:00 2023,Corporate Event,5351
5352,Join store.,Thu Nov 27 00:00:00 GMT+01:00 2025,Wedding,5352
5353,Discover nature.,Mon Feb 24 00:00:00 GMT+01:00 2025,Private Party,5353
5354,Risk those.,Wed Oct 16 00:00:00 GMT+01:00 2024,Corporate Event,5354
5355,Control send interview.,Thu Feb 16 00:00:00 GMT+01:00 2023,Birthday,5355
5356,Nice past ready plant.,Tue Jun 27 00:00:00 GMT+01:00 2023,Wedding,5356
5357,Glass door.,Thu Jun 09 00:00:00 GMT+01:00 2022,Corporate Event,5357
5358,Will culture education every.,Sat Jun 29 00:00:00 GMT+01:00 2024,Corporate Event,5358
5359,Like computer order.,Sun Oct 08 00:00:00 GMT+01:00 2023,Corporate Event,5359
5360,Letter seven instead.,Wed Jul 24 00:00:00 GMT+01:00 2024,Corporate Event,5360
5361,Teacher to western.,Tue Jun 24 00:00:00 GMT+01:00 2025,Corporate Event,5361
5362,Policy.,Tue Oct 18 00:00:00 GMT+01:00 2022,Private Party,5362
5363,Space enjoy child.,Tue May 30 00:00:00 GMT+01:00 2023,Wedding,5363
5364,Wall rock.,Thu Jun 09 00:00:00 GMT+01:00 2022,Private Party,5364
5365,Team we.,Tue Aug 23 00:00:00 GMT+01:00 2022,Wedding,5365
5366,Marriage purpose big.,Tue Mar 11 00:00:00 GMT+01:00 2025,Private Party,5366
5367,Congress while court.,Mon Jan 02 00:00:00 GMT+01:00 2023,Wedding,5367
5368,Think effort.,Sat Sep 23 00:00:00 GMT+01:00 2023,Birthday,5368
5369,Three.,Tue Dec 05 00:00:00 GMT+01:00 2023,Birthday,5369
5370,Clearly owner.,Mon Dec 05 00:00:00 GMT+01:00 2022,Corporate Event,5370
5371,Find.,Thu Aug 11 00:00:00 GMT+01:00 2022,Wedding,5371
5372,Might three receive.,Sun Aug 17 00:00:00 GMT+01:00 2025,Corporate Event,5372
5373,History want future.,Tue Mar 11 00:00:00 GMT+01:00 2025,Corporate Event,5373
5374,Time put sport.,Sun Nov 23 00:00:00 GMT+01:00 2025,Private Party,5374
5375,They bring.,Tue Jun 10 00:00:00 GMT+01:00 2025,Private Party,5375
5376,Part conference.,Wed Feb 23 00:00:00 GMT+01:00 2022,Birthday,5376
5377,Section effect.,Sun Jun 15 00:00:00 GMT+01:00 2025,Corporate Event,5377
5378,More significant.,Sun Sep 21 00:00:00 GMT+01:00 2025,Wedding,5378
5379,Listen section.,Fri Jan 21 00:00:00 GMT+01:00 2022,Corporate Event,5379
5380,Us herself whom.,Sat Jan 20 00:00:00 GMT+01:00 2024,Corporate Event,5380
5381,Trip guy.,Tue Apr 08 00:00:00 GMT+01:00 2025,Wedding,5381
5382,Oil apply.,Sat Jan 25 00:00:00 GMT+01:00 2025,Birthday,5382
5383,Show two machine.,Tue Jun 13 00:00:00 GMT+01:00 2023,Wedding,5383
5384,Tend true.,Mon Apr 03 00:00:00 GMT+01:00 2023,Corporate Event,5384
5385,I cold avoid.,Thu Apr 21 00:00:00 GMT+01:00 2022,Private Party,5385
5386,Increase class day.,Fri Oct 06 00:00:00 GMT+01:00 2023,Wedding,5386
5387,With become enter.,Tue Aug 12 00:00:00 GMT+01:00 2025,Private Party,5387
5388,Realize firm carry.,Mon Oct 06 00:00:00 GMT+01:00 2025,Private Party,5388
5389,Option something summer somebody.,Mon Nov 04 00:00:00 GMT+01:00 2024,Corporate Event,5389
5390,Job security share.,Thu Jan 05 00:00:00 GMT+01:00 2023,Private Party,5390
5391,Of girl voice.,Mon Aug 05 00:00:00 GMT+01:00 2024,Private Party,5391
5392,Try push talk who.,Fri Jan 07 00:00:00 GMT+01:00 2022,Corporate Event,5392
5393,Trouble send.,Wed Feb 01 00:00:00 GMT+01:00 2023,Private Party,5393
5394,Accept smile.,Mon Jan 17 00:00:00 GMT+01:00 2022,Birthday,5394
5395,Woman authority.,Thu Mar 10 00:00:00 GMT+01:00 2022,Private Party,5395
5396,Risk time white.,Thu Nov 27 00:00:00 GMT+01:00 2025,Birthday,5396
5397,Law clearly.,Sun Dec 08 00:00:00 GMT+01:00 2024,Birthday,5397
5398,Let order.,Wed May 11 00:00:00 GMT+01:00 2022,Private Party,5398
5399,Where hear.,Mon Sep 23 00:00:00 GMT+01:00 2024,Corporate Event,5399
5400,Pick western.,Fri Aug 12 00:00:00 GMT+01:00 2022,Private Party,5400
5401,Western any painting whose.,Sun Jun 26 00:00:00 GMT+01:00 2022,Birthday,5401
5402,Join already full.,Sat Jul 27 00:00:00 GMT+01:00 2024,Birthday,5402
5403,Pretty especially.,Fri Dec 05 00:00:00 GMT+01:00 2025,Wedding,5403
5404,Crime.,Thu Nov 02 00:00:00 GMT+01:00 2023,Birthday,5404
5405,Maybe southern run.,Sun Feb 25 00:00:00 GMT+01:00 2024,Corporate Event,5405
5406,Sense.,Tue Mar 07 00:00:00 GMT+01:00 2023,Private Party,5406
5407,Could for blue.,Fri Jun 23 00:00:00 GMT+01:00 2023,Birthday,5407
5408,Cultural.,Wed Jan 12 00:00:00 GMT+01:00 2022,Wedding,5408
5409,Free notice book.,Mon Feb 03 00:00:00 GMT+01:00 2025,Birthday,5409
5410,Buy sing this.,Sat Apr 02 00:00:00 GMT+01:00 2022,Birthday,5410
5411,Hold science.,Fri Aug 09 00:00:00 GMT+01:00 2024,Corporate Event,5411
5412,Maybe professor.,Tue Nov 19 00:00:00 GMT+01:00 2024,Wedding,5412
5413,Tonight degree price.,Thu Feb 02 00:00:00 GMT+01:00 2023,Birthday,5413
5414,Woman lead very.,Sun Jul 16 00:00:00 GMT+01:00 2023,Birthday,5414
5415,Carry create.,Fri Jun 13 00:00:00 GMT+01:00 2025,Birthday,5415
5416,Always last.,Thu Jan 16 00:00:00 GMT+01:00 2025,Birthday,5416
5417,Physical shoulder.,Wed Mar 23 00:00:00 GMT+01:00 2022,Birthday,5417
5418,Discussion set born.,Wed Aug 30 00:00:00 GMT+01:00 2023,Private Party,5418
5419,Or establish.,Fri Jul 15 00:00:00 GMT+01:00 2022,Wedding,5419
5420,Same another.,Fri Dec 15 00:00:00 GMT+01:00 2023,Birthday,5420
5421,Beautiful leave.,Wed May 07 00:00:00 GMT+01:00 2025,Birthday,5421
5422,Season concern.,Thu Nov 16 00:00:00 GMT+01:00 2023,Private Party,5422
5423,Almost white.,Thu Nov 23 00:00:00 GMT+01:00 2023,Wedding,5423
5424,Into hospital.,Sun Sep 25 00:00:00 GMT+01:00 2022,Wedding,5424
5425,Good economic.,Sun Mar 12 00:00:00 GMT+01:00 2023,Corporate Event,5425
5426,Little this than.,Sat Mar 30 00:00:00 GMT+01:00 2024,Corporate Event,5426
5427,Exactly.,Wed Oct 23 00:00:00 GMT+01:00 2024,Corporate Event,5427
5428,Word week.,Thu May 15 00:00:00 GMT+01:00 2025,Wedding,5428
5429,Word face weight.,Mon May 08 00:00:00 GMT+01:00 2023,Private Party,5429
5430,Behavior direction.,Mon May 26 00:00:00 GMT+01:00 2025,Corporate Event,5430
5431,Because officer matter.,Mon Jan 03 00:00:00 GMT+01:00 2022,Birthday,5431
5432,Market tell.,Sun Mar 13 00:00:00 GMT+01:00 2022,Corporate Event,5432
5433,Option type.,Thu Oct 23 00:00:00 GMT+01:00 2025,Wedding,5433
5434,Individual act quality.,Mon Feb 07 00:00:00 GMT+01:00 2022,Wedding,5434
5435,Black chance order.,Fri Apr 15 00:00:00 GMT+01:00 2022,Wedding,5435
5436,Let we.,Wed Apr 02 00:00:00 GMT+01:00 2025,Birthday,5436
5437,Particularly eight effort.,Sat Dec 09 00:00:00 GMT+01:00 2023,Private Party,5437
5438,Do magazine quite.,Sun Jan 12 00:00:00 GMT+01:00 2025,Birthday,5438
5439,Boy.,Wed Apr 05 00:00:00 GMT+01:00 2023,Birthday,5439
5440,Political.,Sun Dec 01 00:00:00 GMT+01:00 2024,Corporate Event,5440
5441,Network until share.,Wed May 15 00:00:00 GMT+01:00 2024,Corporate Event,5441
5442,Debate memory.,Tue Oct 07 00:00:00 GMT+01:00 2025,Wedding,5442
5443,Beyond add.,Wed Sep 27 00:00:00 GMT+01:00 2023,Corporate Event,5443
5444,Return.,Sun Apr 14 00:00:00 GMT+01:00 2024,Wedding,5444
5445,Alone dinner.,Mon Jul 11 00:00:00 GMT+01:00 2022,Private Party,5445
5446,Finally clear.,Thu Sep 19 00:00:00 GMT+01:00 2024,Private Party,5446
5447,Over significant think.,Tue Jul 22 00:00:00 GMT+01:00 2025,Wedding,5447
5448,Ask throw town.,Sun Mar 17 00:00:00 GMT+01:00 2024,Birthday,5448
5449,Policy seek someone.,Wed Mar 23 00:00:00 GMT+01:00 2022,Birthday,5449
5450,Stop just serious.,Fri Feb 11 00:00:00 GMT+01:00 2022,Wedding,5450
5451,Material between.,Sun May 19 00:00:00 GMT+01:00 2024,Birthday,5451
5452,Set live.,Sat Jul 15 00:00:00 GMT+01:00 2023,Wedding,5452
5453,You race event.,Tue May 30 00:00:00 GMT+01:00 2023,Birthday,5453
5454,Suffer tough.,Mon May 20 00:00:00 GMT+01:00 2024,Private Party,5454
5455,And.,Tue Jun 03 00:00:00 GMT+01:00 2025,Birthday,5455
5456,Kitchen enter.,Sat Nov 05 00:00:00 GMT+01:00 2022,Corporate Event,5456
5457,Question address threat.,Tue Nov 05 00:00:00 GMT+01:00 2024,Birthday,5457
5458,Rest effect effort.,Sat Sep 13 00:00:00 GMT+01:00 2025,Private Party,5458
5459,Else grow.,Mon Feb 19 00:00:00 GMT+01:00 2024,Private Party,5459
5460,First recognize put.,Mon Sep 02 00:00:00 GMT+01:00 2024,Birthday,5460
5461,Section role together.,Sat Aug 03 00:00:00 GMT+01:00 2024,Birthday,5461
5462,Start high.,Tue Mar 05 00:00:00 GMT+01:00 2024,Corporate Event,5462
5463,Space course.,Mon Dec 26 00:00:00 GMT+01:00 2022,Corporate Event,5463
5464,Say together base.,Sat Mar 15 00:00:00 GMT+01:00 2025,Corporate Event,5464
5465,Technology avoid.,Mon Mar 13 00:00:00 GMT+01:00 2023,Birthday,5465
5466,According to decide.,Sat Apr 26 00:00:00 GMT+01:00 2025,Birthday,5466
5467,Myself fine.,Sun May 21 00:00:00 GMT+01:00 2023,Corporate Event,5467
5468,Most within.,Fri Apr 05 00:00:00 GMT+01:00 2024,Corporate Event,5468
5469,Can police.,Sun Apr 20 00:00:00 GMT+01:00 2025,Birthday,5469
5470,Deep whose end.,Fri Feb 25 00:00:00 GMT+01:00 2022,Private Party,5470
5471,Born own important.,Fri Feb 23 00:00:00 GMT+01:00 2024,Private Party,5471
5472,Former wonder.,Sat Apr 01 00:00:00 GMT+01:00 2023,Wedding,5472
5473,Fine answer simple.,Thu Apr 07 00:00:00 GMT+01:00 2022,Private Party,5473
5474,Visit research partner stand.,Sat Jul 08 00:00:00 GMT+01:00 2023,Wedding,5474
5475,Suddenly ask care.,Fri Sep 01 00:00:00 GMT+01:00 2023,Wedding,5475
5476,Piece.,Thu May 02 00:00:00 GMT+01:00 2024,Birthday,5476
5477,Market understand.,Sat Apr 23 00:00:00 GMT+01:00 2022,Corporate Event,5477
5478,Build age.,Fri Feb 25 00:00:00 GMT+01:00 2022,Corporate Event,5478
5479,Write understand.,Thu Nov 13 00:00:00 GMT+01:00 2025,Corporate Event,5479
5480,She foot someone.,Tue Jun 17 00:00:00 GMT+01:00 2025,Birthday,5480
5481,Reason provide still.,Sat Feb 17 00:00:00 GMT+01:00 2024,Birthday,5481
5482,How top.,Sun Jan 15 00:00:00 GMT+01:00 2023,Birthday,5482
5483,Policy that.,Sun Oct 01 00:00:00 GMT+01:00 2023,Wedding,5483
5484,Tell late.,Mon Aug 04 00:00:00 GMT+01:00 2025,Wedding,5484
5485,Official by keep.,Thu May 23 00:00:00 GMT+01:00 2024,Birthday,5485
5486,Easy street.,Fri Feb 07 00:00:00 GMT+01:00 2025,Corporate Event,5486
5487,Party record reality.,Thu Nov 20 00:00:00 GMT+01:00 2025,Private Party,5487
5488,Describe.,Sat Jul 27 00:00:00 GMT+01:00 2024,Wedding,5488
5489,Recent idea.,Tue Feb 18 00:00:00 GMT+01:00 2025,Birthday,5489
5490,Though necessary.,Fri Mar 15 00:00:00 GMT+01:00 2024,Corporate Event,5490
5491,Bit than.,Thu Nov 24 00:00:00 GMT+01:00 2022,Wedding,5491
5492,Wait industry year.,Sat Jun 14 00:00:00 GMT+01:00 2025,Private Party,5492
5493,History soon require.,Tue Feb 22 00:00:00 GMT+01:00 2022,Wedding,5493
5494,Image identify.,Tue Sep 17 00:00:00 GMT+01:00 2024,Corporate Event,5494
5495,Threat.,Fri May 10 00:00:00 GMT+01:00 2024,Private Party,5495
5496,Civil pay instead ago.,Sun Nov 06 00:00:00 GMT+01:00 2022,Birthday,5496
5497,Difference southern certainly.,Fri Mar 04 00:00:00 GMT+01:00 2022,Birthday,5497
5498,Also why major.,Sun Aug 25 00:00:00 GMT+01:00 2024,Corporate Event,5498
5499,Single dark.,Sat Feb 18 00:00:00 GMT+01:00 2023,Birthday,5499
5500,Page commercial.,Wed Nov 30 00:00:00 GMT+01:00 2022,Wedding,5500
5501,Nature director.,Tue Mar 04 00:00:00 GMT+01:00 2025,Birthday,5501
5502,Focus.,Tue Jan 16 00:00:00 GMT+01:00 2024,Wedding,5502
5503,Wrong serve high.,Tue Oct 10 00:00:00 GMT+01:00 2023,Wedding,5503
5504,Top truth room small.,Sun Apr 14 00:00:00 GMT+01:00 2024,Wedding,5504
5505,Among.,Wed Aug 06 00:00:00 GMT+01:00 2025,Wedding,5505
5506,Many physical trade.,Sat May 20 00:00:00 GMT+01:00 2023,Corporate Event,5506
5507,Dark consumer many write.,Mon Aug 08 00:00:00 GMT+01:00 2022,Private Party,5507
5508,Price national.,Sat Nov 26 00:00:00 GMT+01:00 2022,Birthday,5508
5509,Clearly few.,Sat Nov 02 00:00:00 GMT+01:00 2024,Corporate Event,5509
5510,Who.,Wed Jul 13 00:00:00 GMT+01:00 2022,Private Party,5510
5511,Able a.,Sat Jan 20 00:00:00 GMT+01:00 2024,Birthday,5511
5512,Step you.,Sun May 22 00:00:00 GMT+01:00 2022,Birthday,5512
5513,White region.,Sat Aug 02 00:00:00 GMT+01:00 2025,Corporate Event,5513
5514,Clear this or.,Tue Aug 13 00:00:00 GMT+01:00 2024,Birthday,5514
5515,Rise happen.,Tue Oct 18 00:00:00 GMT+01:00 2022,Private Party,5515
5516,Piece doctor.,Thu Nov 30 00:00:00 GMT+01:00 2023,Private Party,5516
5517,Explain style year.,Tue Dec 19 00:00:00 GMT+01:00 2023,Wedding,5517
5518,Past guy instead.,Sat Feb 24 00:00:00 GMT+01:00 2024,Wedding,5518
5519,Write reason sometimes.,Sun May 26 00:00:00 GMT+01:00 2024,Wedding,5519
5520,Face card.,Sun Jun 29 00:00:00 GMT+01:00 2025,Wedding,5520
5521,Market more.,Fri Feb 04 00:00:00 GMT+01:00 2022,Wedding,5521
5522,Will receive name those.,Tue Dec 30 00:00:00 GMT+01:00 2025,Private Party,5522
5523,Approach mean.,Fri Apr 18 00:00:00 GMT+01:00 2025,Private Party,5523
5524,War author morning.,Sat Feb 03 00:00:00 GMT+01:00 2024,Birthday,5524
5525,Ground despite skin.,Thu Feb 01 00:00:00 GMT+01:00 2024,Corporate Event,5525
5526,Decide hour.,Thu Jan 23 00:00:00 GMT+01:00 2025,Birthday,5526
5527,Take agreement.,Thu Sep 14 00:00:00 GMT+01:00 2023,Wedding,5527
5528,Structure military forget.,Thu Sep 14 00:00:00 GMT+01:00 2023,Corporate Event,5528
5529,Research.,Fri Jul 19 00:00:00 GMT+01:00 2024,Wedding,5529
5530,Low hour.,Sun Jul 14 00:00:00 GMT+01:00 2024,Private Party,5530
5531,Pass card.,Sun May 19 00:00:00 GMT+01:00 2024,Wedding,5531
5532,Left himself.,Sun Nov 27 00:00:00 GMT+01:00 2022,Private Party,5532
5533,Movement stock author.,Mon Mar 18 00:00:00 GMT+01:00 2024,Corporate Event,5533
5534,From entire.,Sat Mar 29 00:00:00 GMT+01:00 2025,Private Party,5534
5535,Operation computer.,Tue Apr 16 00:00:00 GMT+01:00 2024,Private Party,5535
5536,Serve determine foot.,Tue Jun 14 00:00:00 GMT+01:00 2022,Private Party,5536
5537,Human others task.,Fri Apr 04 00:00:00 GMT+01:00 2025,Private Party,5537
5538,Newspaper finish cell.,Sat Sep 21 00:00:00 GMT+01:00 2024,Birthday,5538
5539,Five government.,Wed Apr 13 00:00:00 GMT+01:00 2022,Wedding,5539
5540,Option they spring.,Mon Jan 09 00:00:00 GMT+01:00 2023,Private Party,5540
5541,Suddenly ability life.,Sat Jul 20 00:00:00 GMT+01:00 2024,Birthday,5541
5542,Beautiful.,Sat Dec 31 00:00:00 GMT+01:00 2022,Birthday,5542
5543,News away.,Thu Apr 25 00:00:00 GMT+01:00 2024,Birthday,5543
5544,Collection beyond.,Mon Oct 21 00:00:00 GMT+01:00 2024,Birthday,5544
5545,Various move interesting.,Thu Feb 13 00:00:00 GMT+01:00 2025,Private Party,5545
5546,Stay prevent administration.,Mon Jan 29 00:00:00 GMT+01:00 2024,Wedding,5546
5547,Fight save on.,Mon Jan 31 00:00:00 GMT+01:00 2022,Birthday,5547
5548,Different age through key.,Wed Aug 23 00:00:00 GMT+01:00 2023,Private Party,5548
5549,Lose never test.,Wed Nov 05 00:00:00 GMT+01:00 2025,Wedding,5549
5550,Machine house.,Mon Oct 20 00:00:00 GMT+01:00 2025,Birthday,5550
5551,Community land success.,Wed Apr 13 00:00:00 GMT+01:00 2022,Corporate Event,5551
5552,Near thousand believe life.,Fri Nov 08 00:00:00 GMT+01:00 2024,Corporate Event,5552
5553,Risk stage reduce.,Fri Sep 16 00:00:00 GMT+01:00 2022,Wedding,5553
5554,Send now.,Mon Dec 11 00:00:00 GMT+01:00 2023,Private Party,5554
5555,Security.,Fri Sep 01 00:00:00 GMT+01:00 2023,Wedding,5555
5556,Get level yourself special.,Thu Jan 06 00:00:00 GMT+01:00 2022,Corporate Event,5556
5557,Two audience system.,Thu Jan 30 00:00:00 GMT+01:00 2025,Birthday,5557
5558,Effort partner kitchen.,Tue May 28 00:00:00 GMT+01:00 2024,Private Party,5558
5559,Ask do.,Sun Oct 05 00:00:00 GMT+01:00 2025,Private Party,5559
5560,Ok south prove.,Fri Jun 07 00:00:00 GMT+01:00 2024,Birthday,5560
5561,End mind.,Thu Nov 27 00:00:00 GMT+01:00 2025,Birthday,5561
5562,Late financial.,Thu Jan 09 00:00:00 GMT+01:00 2025,Wedding,5562
5563,Make media.,Wed Jan 22 00:00:00 GMT+01:00 2025,Wedding,5563
5564,Game work air.,Tue Dec 09 00:00:00 GMT+01:00 2025,Birthday,5564
5565,Black focus ball.,Mon May 09 00:00:00 GMT+01:00 2022,Birthday,5565
5566,Prove.,Tue Dec 23 00:00:00 GMT+01:00 2025,Wedding,5566
5567,Performance necessary.,Sun May 18 00:00:00 GMT+01:00 2025,Private Party,5567
5568,Government teacher human.,Fri Dec 20 00:00:00 GMT+01:00 2024,Corporate Event,5568
5569,Office design six.,Mon Feb 17 00:00:00 GMT+01:00 2025,Private Party,5569
5570,Usually middle respond.,Sat Aug 17 00:00:00 GMT+01:00 2024,Corporate Event,5570
5571,Low firm north relationship.,Sat Aug 20 00:00:00 GMT+01:00 2022,Private Party,5571
5572,Tough anything.,Thu Feb 29 00:00:00 GMT+01:00 2024,Private Party,5572
5573,After movie represent anything.,Fri Apr 28 00:00:00 GMT+01:00 2023,Birthday,5573
5574,Hundred.,Wed Oct 15 00:00:00 GMT+01:00 2025,Private Party,5574
5575,Mission.,Thu Feb 02 00:00:00 GMT+01:00 2023,Wedding,5575
5576,Firm community form fear.,Fri Oct 25 00:00:00 GMT+01:00 2024,Private Party,5576
5577,Bank sure agreement.,Tue Oct 21 00:00:00 GMT+01:00 2025,Corporate Event,5577
5578,Generation smile.,Wed Apr 05 00:00:00 GMT+01:00 2023,Birthday,5578
5579,Tree fast subject success.,Fri Dec 01 00:00:00 GMT+01:00 2023,Wedding,5579
5580,Scene.,Wed Jan 18 00:00:00 GMT+01:00 2023,Wedding,5580
5581,Establish she each.,Thu Sep 22 00:00:00 GMT+01:00 2022,Wedding,5581
5582,Vote material already.,Fri May 06 00:00:00 GMT+01:00 2022,Birthday,5582
5583,Response power.,Fri Jan 31 00:00:00 GMT+01:00 2025,Private Party,5583
5584,Civil third control.,Mon Jan 16 00:00:00 GMT+01:00 2023,Wedding,5584
5585,There notice factor.,Sat Nov 18 00:00:00 GMT+01:00 2023,Birthday,5585
5586,Sign never.,Sat Jul 16 00:00:00 GMT+01:00 2022,Corporate Event,5586
5587,Life safe beautiful.,Wed Jan 18 00:00:00 GMT+01:00 2023,Corporate Event,5587
5588,About receive option.,Mon Jul 10 00:00:00 GMT+01:00 2023,Corporate Event,5588
5589,End area involve.,Mon Jun 03 00:00:00 GMT+01:00 2024,Wedding,5589
5590,Note because law.,Fri Nov 21 00:00:00 GMT+01:00 2025,Wedding,5590
5591,Environmental war.,Sat Dec 06 00:00:00 GMT+01:00 2025,Private Party,5591
5592,Same a.,Sat Feb 22 00:00:00 GMT+01:00 2025,Corporate Event,5592
5593,Less expect.,Wed Dec 28 00:00:00 GMT+01:00 2022,Wedding,5593
5594,Wall policy.,Tue Feb 13 00:00:00 GMT+01:00 2024,Corporate Event,5594
5595,Lot thought guy.,Sun Dec 15 00:00:00 GMT+01:00 2024,Private Party,5595
5596,Open.,Wed Jan 05 00:00:00 GMT+01:00 2022,Wedding,5596
5597,Three leave.,Wed Nov 27 00:00:00 GMT+01:00 2024,Private Party,5597
5598,Force southern major.,Mon Nov 14 00:00:00 GMT+01:00 2022,Corporate Event,5598
5599,Manager operation country interesting.,Sat Jun 01 00:00:00 GMT+01:00 2024,Corporate Event,5599
5600,Agency trip enjoy.,Tue Feb 22 00:00:00 GMT+01:00 2022,Birthday,5600
5601,Firm number.,Fri Nov 18 00:00:00 GMT+01:00 2022,Corporate Event,5601
5602,Another item.,Sat Jun 14 00:00:00 GMT+01:00 2025,Wedding,5602
5603,Eat explain wind another.,Sat Jun 25 00:00:00 GMT+01:00 2022,Birthday,5603
5604,And spend property.,Sat Jun 01 00:00:00 GMT+01:00 2024,Private Party,5604
5605,Other heavy.,Fri Nov 14 00:00:00 GMT+01:00 2025,Private Party,5605
5606,Yourself drop.,Tue Aug 22 00:00:00 GMT+01:00 2023,Birthday,5606
5607,Fine another respond.,Mon Dec 30 00:00:00 GMT+01:00 2024,Birthday,5607
5608,Bill event.,Mon Mar 31 00:00:00 GMT+01:00 2025,Birthday,5608
5609,Attorney example glass.,Wed Jun 07 00:00:00 GMT+01:00 2023,Corporate Event,5609
5610,Laugh.,Thu Dec 18 00:00:00 GMT+01:00 2025,Birthday,5610
5611,Soon policy.,Wed Apr 19 00:00:00 GMT+01:00 2023,Private Party,5611
5612,Seek.,Sat Aug 24 00:00:00 GMT+01:00 2024,Private Party,5612
5613,Executive science prepare.,Fri Mar 25 00:00:00 GMT+01:00 2022,Birthday,5613
5614,Wonder determine.,Tue Oct 29 00:00:00 GMT+01:00 2024,Wedding,5614
5615,Save provide.,Sun Oct 12 00:00:00 GMT+01:00 2025,Private Party,5615
5616,Another seem.,Wed Jul 24 00:00:00 GMT+01:00 2024,Private Party,5616
5617,Meeting myself service.,Fri May 19 00:00:00 GMT+01:00 2023,Wedding,5617
5618,Look standard final down.,Sun Sep 24 00:00:00 GMT+01:00 2023,Birthday,5618
5619,Sea every.,Thu Aug 21 00:00:00 GMT+01:00 2025,Corporate Event,5619
5620,Several security he.,Sun Jul 30 00:00:00 GMT+01:00 2023,Birthday,5620
5621,Agent onto.,Sun Dec 25 00:00:00 GMT+01:00 2022,Corporate Event,5621
5622,Grow.,Wed Dec 11 00:00:00 GMT+01:00 2024,Wedding,5622
5623,Price will low.,Sat Dec 07 00:00:00 GMT+01:00 2024,Corporate Event,5623
5624,Hard board draw environmental.,Mon Nov 27 00:00:00 GMT+01:00 2023,Private Party,5624
5625,Sell management.,Sun Nov 30 00:00:00 GMT+01:00 2025,Private Party,5625
5626,Energy.,Sat Oct 12 00:00:00 GMT+01:00 2024,Corporate Event,5626
5627,Cultural response.,Sat Jan 25 00:00:00 GMT+01:00 2025,Private Party,5627
5628,Indicate single claim bag.,Tue Jan 24 00:00:00 GMT+01:00 2023,Private Party,5628
5629,Election group.,Thu Aug 18 00:00:00 GMT+01:00 2022,Wedding,5629
5630,Court public today.,Thu May 29 00:00:00 GMT+01:00 2025,Private Party,5630
5631,Try resource.,Fri Feb 17 00:00:00 GMT+01:00 2023,Wedding,5631
5632,After.,Wed Mar 06 00:00:00 GMT+01:00 2024,Wedding,5632
5633,Trade produce.,Sun Jul 09 00:00:00 GMT+01:00 2023,Corporate Event,5633
5634,Whether.,Tue Aug 15 00:00:00 GMT+01:00 2023,Birthday,5634
5635,Food would.,Tue May 21 00:00:00 GMT+01:00 2024,Wedding,5635
5636,Decide maybe sound.,Tue Nov 26 00:00:00 GMT+01:00 2024,Corporate Event,5636
5637,Return him they.,Wed Apr 17 00:00:00 GMT+01:00 2024,Private Party,5637
5638,News card mouth almost.,Fri Feb 23 00:00:00 GMT+01:00 2024,Corporate Event,5638
5639,Reduce must.,Sun Feb 20 00:00:00 GMT+01:00 2022,Private Party,5639
5640,Help fast.,Mon Sep 01 00:00:00 GMT+01:00 2025,Birthday,5640
5641,Tough fact past.,Fri Mar 03 00:00:00 GMT+01:00 2023,Corporate Event,5641
5642,Job quite.,Sun May 22 00:00:00 GMT+01:00 2022,Private Party,5642
5643,Yet sit federal.,Tue Feb 07 00:00:00 GMT+01:00 2023,Birthday,5643
5644,After before.,Wed Dec 20 00:00:00 GMT+01:00 2023,Private Party,5644
5645,Spend call Mrs.,Sat Feb 04 00:00:00 GMT+01:00 2023,Private Party,5645
5646,Few pressure.,Wed Apr 20 00:00:00 GMT+01:00 2022,Private Party,5646
5647,Break system.,Wed Oct 22 00:00:00 GMT+01:00 2025,Private Party,5647
5648,Board candidate far still.,Thu Jul 03 00:00:00 GMT+01:00 2025,Private Party,5648
5649,System majority.,Thu Mar 23 00:00:00 GMT+01:00 2023,Birthday,5649
5650,Pattern include strategy.,Tue Feb 21 00:00:00 GMT+01:00 2023,Private Party,5650
5651,Painting main.,Tue Jan 30 00:00:00 GMT+01:00 2024,Corporate Event,5651
5652,Reduce defense.,Thu May 01 00:00:00 GMT+01:00 2025,Corporate Event,5652
5653,Practice investment.,Thu Nov 21 00:00:00 GMT+01:00 2024,Birthday,5653
5654,Left lose approach.,Thu Mar 03 00:00:00 GMT+01:00 2022,Private Party,5654
5655,Laugh building physical.,Sat Mar 08 00:00:00 GMT+01:00 2025,Birthday,5655
5656,Smile employee forget.,Tue Mar 01 00:00:00 GMT+01:00 2022,Private Party,5656
5657,Age know.,Sat Dec 03 00:00:00 GMT+01:00 2022,Private Party,5657
5658,Production.,Mon Jun 06 00:00:00 GMT+01:00 2022,Private Party,5658
5659,West term him say.,Mon May 15 00:00:00 GMT+01:00 2023,Private Party,5659
5660,Floor foreign.,Mon Apr 28 00:00:00 GMT+01:00 2025,Wedding,5660
5661,Sea truth then.,Thu Nov 14 00:00:00 GMT+01:00 2024,Wedding,5661
5662,Suggest effect deep.,Thu Sep 26 00:00:00 GMT+01:00 2024,Wedding,5662
5663,Sea space.,Thu Dec 19 00:00:00 GMT+01:00 2024,Private Party,5663
5664,Teach choose know.,Mon Jan 09 00:00:00 GMT+01:00 2023,Corporate Event,5664
5665,Together some.,Mon Apr 03 00:00:00 GMT+01:00 2023,Birthday,5665
5666,Some.,Sun Sep 21 00:00:00 GMT+01:00 2025,Birthday,5666
5667,Institution on.,Sat Jul 09 00:00:00 GMT+01:00 2022,Birthday,5667
5668,Attention nor actually business.,Sat Dec 24 00:00:00 GMT+01:00 2022,Wedding,5668
5669,Next picture.,Mon Oct 23 00:00:00 GMT+01:00 2023,Birthday,5669
5670,Dream every discover.,Fri Dec 22 00:00:00 GMT+01:00 2023,Wedding,5670
5671,Believe part.,Fri Jul 04 00:00:00 GMT+01:00 2025,Wedding,5671
5672,Yet across together.,Tue Mar 21 00:00:00 GMT+01:00 2023,Corporate Event,5672
5673,Else response short.,Sat Dec 20 00:00:00 GMT+01:00 2025,Private Party,5673
5674,Do hair president.,Thu Jun 29 00:00:00 GMT+01:00 2023,Private Party,5674
5675,Benefit truth never.,Wed Jun 04 00:00:00 GMT+01:00 2025,Private Party,5675
5676,Himself gun.,Sun Mar 26 00:00:00 GMT+01:00 2023,Wedding,5676
5677,Culture.,Tue Jul 23 00:00:00 GMT+01:00 2024,Private Party,5677
5678,Very art.,Thu Aug 28 00:00:00 GMT+01:00 2025,Birthday,5678
5679,Consumer interest.,Mon Jul 21 00:00:00 GMT+01:00 2025,Wedding,5679
5680,Surface moment grow will.,Sat Jan 08 00:00:00 GMT+01:00 2022,Birthday,5680
5681,Vote less.,Thu Sep 26 00:00:00 GMT+01:00 2024,Wedding,5681
5682,Figure toward.,Tue Aug 22 00:00:00 GMT+01:00 2023,Private Party,5682
5683,Soon election eye.,Tue Aug 26 00:00:00 GMT+01:00 2025,Wedding,5683
5684,Life government.,Fri Nov 14 00:00:00 GMT+01:00 2025,Private Party,5684
5685,Interest statement.,Thu Jun 16 00:00:00 GMT+01:00 2022,Corporate Event,5685
5686,Exist story.,Fri Jun 23 00:00:00 GMT+01:00 2023,Birthday,5686
5687,Later get stuff.,Tue Dec 23 00:00:00 GMT+01:00 2025,Private Party,5687
5688,Nothing keep require.,Tue Sep 24 00:00:00 GMT+01:00 2024,Wedding,5688
5689,Against step.,Mon Feb 19 00:00:00 GMT+01:00 2024,Birthday,5689
5690,Join sea.,Wed Jul 27 00:00:00 GMT+01:00 2022,Corporate Event,5690
5691,Assume moment challenge.,Sat Nov 09 00:00:00 GMT+01:00 2024,Private Party,5691
5692,Leg answer.,Sun May 28 00:00:00 GMT+01:00 2023,Corporate Event,5692
5693,Employee.,Thu Oct 05 00:00:00 GMT+01:00 2023,Private Party,5693
5694,State worker.,Tue May 17 00:00:00 GMT+01:00 2022,Corporate Event,5694
5695,Only each day.,Sat Nov 29 00:00:00 GMT+01:00 2025,Birthday,5695
5696,Left majority draw.,Sun Jul 03 00:00:00 GMT+01:00 2022,Private Party,5696
5697,Whether have.,Sat Jul 08 00:00:00 GMT+01:00 2023,Wedding,5697
5698,Whole.,Fri Oct 07 00:00:00 GMT+01:00 2022,Wedding,5698
5699,Important figure service method.,Fri Dec 23 00:00:00 GMT+01:00 2022,Birthday,5699
5700,While face for.,Sun Jan 26 00:00:00 GMT+01:00 2025,Private Party,5700
5701,Analysis institution.,Thu Mar 09 00:00:00 GMT+01:00 2023,Birthday,5701
5702,Case book.,Wed Dec 10 00:00:00 GMT+01:00 2025,Corporate Event,5702
5703,Music become close.,Sun Mar 10 00:00:00 GMT+01:00 2024,Private Party,5703
5704,Her exactly quite.,Mon Nov 18 00:00:00 GMT+01:00 2024,Corporate Event,5704
5705,Mention able machine.,Thu Oct 30 00:00:00 GMT+01:00 2025,Birthday,5705
5706,Box nation.,Sun May 21 00:00:00 GMT+01:00 2023,Corporate Event,5706
5707,Gas then cost.,Sat Jul 08 00:00:00 GMT+01:00 2023,Corporate Event,5707
5708,Exist energy happen.,Tue Aug 15 00:00:00 GMT+01:00 2023,Private Party,5708
5709,Wide exist.,Sun Jan 12 00:00:00 GMT+01:00 2025,Private Party,5709
5710,Mean seek.,Sun Aug 24 00:00:00 GMT+01:00 2025,Corporate Event,5710
5711,Interest third trip.,Fri Nov 14 00:00:00 GMT+01:00 2025,Private Party,5711
5712,Probably fear.,Mon Oct 14 00:00:00 GMT+01:00 2024,Private Party,5712
5713,Plant tree consumer.,Tue Oct 31 00:00:00 GMT+01:00 2023,Wedding,5713
5714,Outside draw product.,Sun May 26 00:00:00 GMT+01:00 2024,Corporate Event,5714
5715,Class summer.,Wed Dec 13 00:00:00 GMT+01:00 2023,Corporate Event,5715
5716,Close population.,Fri May 05 00:00:00 GMT+01:00 2023,Corporate Event,5716
5717,Public open discussion community.,Sat May 07 00:00:00 GMT+01:00 2022,Corporate Event,5717
5718,Economic such affect.,Tue Oct 03 00:00:00 GMT+01:00 2023,Wedding,5718
5719,Stand action our the.,Thu Mar 03 00:00:00 GMT+01:00 2022,Corporate Event,5719
5720,Left cause.,Fri Oct 17 00:00:00 GMT+01:00 2025,Corporate Event,5720
5721,Crime specific.,Mon May 08 00:00:00 GMT+01:00 2023,Private Party,5721
5722,Room too.,Thu Apr 06 00:00:00 GMT+01:00 2023,Birthday,5722
5723,Store determine then.,Sun Dec 10 00:00:00 GMT+01:00 2023,Wedding,5723
5724,Decade support.,Sun Jan 07 00:00:00 GMT+01:00 2024,Corporate Event,5724
5725,Born news science.,Thu May 16 00:00:00 GMT+01:00 2024,Private Party,5725
5726,Contain record.,Tue Apr 30 00:00:00 GMT+01:00 2024,Wedding,5726
5727,Organization case professor decade.,Tue Jul 09 00:00:00 GMT+01:00 2024,Wedding,5727
5728,Mention well network.,Tue Aug 29 00:00:00 GMT+01:00 2023,Birthday,5728
5729,Center or last.,Mon Jul 07 00:00:00 GMT+01:00 2025,Birthday,5729
5730,Any race.,Thu Jun 02 00:00:00 GMT+01:00 2022,Wedding,5730
5731,Available market would.,Fri Mar 25 00:00:00 GMT+01:00 2022,Private Party,5731
5732,Learn learn.,Mon Jan 27 00:00:00 GMT+01:00 2025,Wedding,5732
5733,Financial still.,Tue Feb 18 00:00:00 GMT+01:00 2025,Wedding,5733
5734,Stock give.,Tue Jul 16 00:00:00 GMT+01:00 2024,Private Party,5734
5735,Process much kid.,Mon Nov 04 00:00:00 GMT+01:00 2024,Birthday,5735
5736,Memory wind drive.,Tue Mar 08 00:00:00 GMT+01:00 2022,Birthday,5736
5737,Would might.,Wed Jan 04 00:00:00 GMT+01:00 2023,Corporate Event,5737
5738,Peace.,Thu Jul 06 00:00:00 GMT+01:00 2023,Corporate Event,5738
5739,Capital budget.,Sun Feb 11 00:00:00 GMT+01:00 2024,Corporate Event,5739
5740,Fire about.,Tue Aug 01 00:00:00 GMT+01:00 2023,Corporate Event,5740
5741,Degree us pressure.,Tue Jan 23 00:00:00 GMT+01:00 2024,Wedding,5741
5742,Certainly let.,Fri Sep 26 00:00:00 GMT+01:00 2025,Corporate Event,5742
5743,According situation.,Sun Feb 06 00:00:00 GMT+01:00 2022,Birthday,5743
5744,Size.,Wed Aug 17 00:00:00 GMT+01:00 2022,Birthday,5744
5745,How hundred health.,Wed Mar 27 00:00:00 GMT+01:00 2024,Wedding,5745
5746,Enough I surface.,Wed Oct 25 00:00:00 GMT+01:00 2023,Corporate Event,5746
5747,East history.,Sat Jul 05 00:00:00 GMT+01:00 2025,Private Party,5747
5748,As family.,Fri Mar 01 00:00:00 GMT+01:00 2024,Birthday,5748
5749,Language case boy.,Wed Oct 09 00:00:00 GMT+01:00 2024,Wedding,5749
5750,Director rather.,Sun Jul 03 00:00:00 GMT+01:00 2022,Wedding,5750
5751,Area north woman.,Tue Aug 12 00:00:00 GMT+01:00 2025,Corporate Event,5751
5752,Stock than.,Sat Sep 06 00:00:00 GMT+01:00 2025,Corporate Event,5752
5753,Number company stop.,Mon Apr 08 00:00:00 GMT+01:00 2024,Corporate Event,5753
5754,Pm material specific.,Thu Mar 16 00:00:00 GMT+01:00 2023,Private Party,5754
5755,Occur anyone.,Tue Apr 18 00:00:00 GMT+01:00 2023,Corporate Event,5755
5756,Next high cut.,Fri Mar 03 00:00:00 GMT+01:00 2023,Corporate Event,5756
5757,Since increase throw employee.,Thu May 29 00:00:00 GMT+01:00 2025,Wedding,5757
5758,Between clearly majority.,Mon Dec 12 00:00:00 GMT+01:00 2022,Wedding,5758
5759,Well least.,Fri Feb 09 00:00:00 GMT+01:00 2024,Private Party,5759
5760,Education may baby.,Mon Apr 07 00:00:00 GMT+01:00 2025,Private Party,5760
5761,Indeed follow effort.,Tue Aug 16 00:00:00 GMT+01:00 2022,Corporate Event,5761
5762,Them eye off experience.,Wed Sep 18 00:00:00 GMT+01:00 2024,Birthday,5762
5763,Carry instead while.,Wed Jul 16 00:00:00 GMT+01:00 2025,Corporate Event,5763
5764,Able red medical.,Sat Aug 12 00:00:00 GMT+01:00 2023,Private Party,5764
5765,Run seven cost.,Tue Oct 07 00:00:00 GMT+01:00 2025,Private Party,5765
5766,Nation paper avoid.,Tue Jul 15 00:00:00 GMT+01:00 2025,Corporate Event,5766
5767,Analysis.,Fri Jul 11 00:00:00 GMT+01:00 2025,Wedding,5767
5768,Image such.,Fri Nov 14 00:00:00 GMT+01:00 2025,Birthday,5768
5769,Message hotel machine.,Wed Sep 20 00:00:00 GMT+01:00 2023,Corporate Event,5769
5770,Accept range across couple.,Thu Mar 09 00:00:00 GMT+01:00 2023,Wedding,5770
5771,Population a will.,Fri Mar 31 00:00:00 GMT+01:00 2023,Birthday,5771
5772,Produce inside parent.,Fri Jan 24 00:00:00 GMT+01:00 2025,Birthday,5772
5773,Face behind as.,Tue Jul 02 00:00:00 GMT+01:00 2024,Birthday,5773
5774,Alone heart add.,Sat Mar 09 00:00:00 GMT+01:00 2024,Corporate Event,5774
5775,Lot within decision.,Tue Mar 11 00:00:00 GMT+01:00 2025,Corporate Event,5775
5776,Throughout what son.,Mon Jun 20 00:00:00 GMT+01:00 2022,Corporate Event,5776
5777,Set model.,Fri Jul 04 00:00:00 GMT+01:00 2025,Corporate Event,5777
5778,Sister apply author.,Thu Dec 26 00:00:00 GMT+01:00 2024,Birthday,5778
5779,Through avoid.,Tue Apr 23 00:00:00 GMT+01:00 2024,Birthday,5779
5780,Treatment themselves nation.,Wed Jan 31 00:00:00 GMT+01:00 2024,Birthday,5780
5781,Treat during effect party.,Tue Dec 20 00:00:00 GMT+01:00 2022,Corporate Event,5781
5782,Manager who office.,Thu Jan 11 00:00:00 GMT+01:00 2024,Birthday,5782
5783,Quite suddenly.,Thu Sep 11 00:00:00 GMT+01:00 2025,Wedding,5783
5784,Lead quickly.,Thu Apr 21 00:00:00 GMT+01:00 2022,Birthday,5784
5785,Lawyer side administration.,Sat Jun 11 00:00:00 GMT+01:00 2022,Birthday,5785
5786,Visit kitchen.,Wed Jul 19 00:00:00 GMT+01:00 2023,Corporate Event,5786
5787,May green serious.,Sun Jun 23 00:00:00 GMT+01:00 2024,Birthday,5787
5788,Rock model.,Sat Nov 25 00:00:00 GMT+01:00 2023,Corporate Event,5788
5789,Picture wrong teach.,Sun Jul 07 00:00:00 GMT+01:00 2024,Corporate Event,5789
5790,Sell door wall tax.,Mon Dec 25 00:00:00 GMT+01:00 2023,Wedding,5790
5791,Article school.,Sun Mar 03 00:00:00 GMT+01:00 2024,Wedding,5791
5792,Often southern hotel.,Sun Aug 21 00:00:00 GMT+01:00 2022,Wedding,5792
5793,New while.,Thu Nov 24 00:00:00 GMT+01:00 2022,Birthday,5793
5794,Manage everyone.,Sun Nov 16 00:00:00 GMT+01:00 2025,Corporate Event,5794
5795,Free west be.,Wed Dec 17 00:00:00 GMT+01:00 2025,Wedding,5795
5796,Film.,Thu Jul 21 00:00:00 GMT+01:00 2022,Wedding,5796
5797,Until admit view.,Sun Feb 27 00:00:00 GMT+01:00 2022,Birthday,5797
5798,Now exist.,Fri Jan 28 00:00:00 GMT+01:00 2022,Corporate Event,5798
5799,Force particular six.,Mon Aug 12 00:00:00 GMT+01:00 2024,Private Party,5799
5800,Alone individual.,Fri Mar 18 00:00:00 GMT+01:00 2022,Private Party,5800
5801,Kitchen.,Wed May 22 00:00:00 GMT+01:00 2024,Wedding,5801
5802,Week cup large popular.,Sun Oct 20 00:00:00 GMT+01:00 2024,Private Party,5802
5803,Be occur gas.,Fri Jul 05 00:00:00 GMT+01:00 2024,Wedding,5803
5804,No life.,Thu Oct 19 00:00:00 GMT+01:00 2023,Wedding,5804
5805,Spring night.,Fri May 31 00:00:00 GMT+01:00 2024,Corporate Event,5805
5806,Agent road like.,Sat Dec 31 00:00:00 GMT+01:00 2022,Corporate Event,5806
5807,South describe fear.,Fri Aug 16 00:00:00 GMT+01:00 2024,Wedding,5807
5808,Ask mind.,Mon Aug 14 00:00:00 GMT+01:00 2023,Wedding,5808
5809,Style represent team.,Sun Apr 13 00:00:00 GMT+01:00 2025,Wedding,5809
5810,Show candidate partner.,Wed Jul 06 00:00:00 GMT+01:00 2022,Private Party,5810
5811,Forward unit.,Wed Nov 13 00:00:00 GMT+01:00 2024,Corporate Event,5811
5812,Trial mention.,Sat Apr 06 00:00:00 GMT+01:00 2024,Private Party,5812
5813,Strong once minute.,Wed Nov 26 00:00:00 GMT+01:00 2025,Corporate Event,5813
5814,Option Congress.,Tue Jul 12 00:00:00 GMT+01:00 2022,Birthday,5814
5815,Sit record pass.,Fri Feb 21 00:00:00 GMT+01:00 2025,Private Party,5815
5816,Soon lawyer real.,Thu Jul 14 00:00:00 GMT+01:00 2022,Corporate Event,5816
5817,Threat.,Wed May 15 00:00:00 GMT+01:00 2024,Corporate Event,5817
5818,Tonight music.,Sun Dec 11 00:00:00 GMT+01:00 2022,Wedding,5818
5819,Painting effort size set.,Sun Jun 30 00:00:00 GMT+01:00 2024,Birthday,5819
5820,Name hear.,Tue Aug 29 00:00:00 GMT+01:00 2023,Private Party,5820
5821,Reduce available cultural girl.,Fri Mar 22 00:00:00 GMT+01:00 2024,Birthday,5821
5822,Past trip able.,Fri Nov 25 00:00:00 GMT+01:00 2022,Corporate Event,5822
5823,Cold ahead.,Thu Sep 01 00:00:00 GMT+01:00 2022,Corporate Event,5823
5824,Fast will east activity.,Fri Sep 23 00:00:00 GMT+01:00 2022,Birthday,5824
5825,Leg election firm.,Thu Jan 25 00:00:00 GMT+01:00 2024,Wedding,5825
5826,Such more.,Thu Feb 03 00:00:00 GMT+01:00 2022,Corporate Event,5826
5827,Resource data.,Tue Feb 06 00:00:00 GMT+01:00 2024,Wedding,5827
5828,Including eight.,Sun Jan 09 00:00:00 GMT+01:00 2022,Birthday,5828
5829,Factor since expert age.,Mon Jun 24 00:00:00 GMT+01:00 2024,Wedding,5829
5830,Treatment imagine.,Thu Sep 26 00:00:00 GMT+01:00 2024,Corporate Event,5830
5831,Campaign him.,Wed Jun 22 00:00:00 GMT+01:00 2022,Wedding,5831
5832,Fall recently.,Sun Jun 15 00:00:00 GMT+01:00 2025,Wedding,5832
5833,Class side figure night.,Fri Jul 05 00:00:00 GMT+01:00 2024,Birthday,5833
5834,Either live effect weight.,Mon Dec 12 00:00:00 GMT+01:00 2022,Private Party,5834
5835,Wait begin too.,Sun Feb 23 00:00:00 GMT+01:00 2025,Private Party,5835
5836,Paper television near.,Tue Oct 10 00:00:00 GMT+01:00 2023,Corporate Event,5836
5837,Very yourself general.,Tue Jun 28 00:00:00 GMT+01:00 2022,Birthday,5837
5838,Wall.,Wed Jul 13 00:00:00 GMT+01:00 2022,Birthday,5838
5839,Resource.,Sun Jun 25 00:00:00 GMT+01:00 2023,Wedding,5839
5840,Participant play.,Wed Nov 29 00:00:00 GMT+01:00 2023,Corporate Event,5840
5841,Important.,Mon Apr 21 00:00:00 GMT+01:00 2025,Wedding,5841
5842,Try tough.,Thu May 05 00:00:00 GMT+01:00 2022,Corporate Event,5842
5843,During.,Wed Aug 03 00:00:00 GMT+01:00 2022,Birthday,5843
5844,We challenge.,Fri Sep 22 00:00:00 GMT+01:00 2023,Birthday,5844
5845,Member sell size fight.,Sun May 11 00:00:00 GMT+01:00 2025,Private Party,5845
5846,First.,Mon Jul 18 00:00:00 GMT+01:00 2022,Private Party,5846
5847,State.,Sun Dec 07 00:00:00 GMT+01:00 2025,Private Party,5847
5848,Sort reduce series.,Wed Nov 16 00:00:00 GMT+01:00 2022,Birthday,5848
5849,Star money support.,Mon Jun 05 00:00:00 GMT+01:00 2023,Corporate Event,5849
5850,Network safe ago situation.,Sat Aug 03 00:00:00 GMT+01:00 2024,Private Party,5850
5851,Region sell.,Sun Jan 19 00:00:00 GMT+01:00 2025,Corporate Event,5851
5852,Hear occur discover.,Thu Jun 23 00:00:00 GMT+01:00 2022,Corporate Event,5852
5853,Approach central.,Wed Jun 05 00:00:00 GMT+01:00 2024,Wedding,5853
5854,Strong history.,Tue Aug 23 00:00:00 GMT+01:00 2022,Wedding,5854
5855,Team attention note.,Tue Jul 23 00:00:00 GMT+01:00 2024,Wedding,5855
5856,Bank series other.,Fri Mar 29 00:00:00 GMT+01:00 2024,Birthday,5856
5857,Man bill.,Sun Feb 11 00:00:00 GMT+01:00 2024,Private Party,5857
5858,We civil.,Thu Apr 07 00:00:00 GMT+01:00 2022,Wedding,5858
5859,History.,Sat Apr 26 00:00:00 GMT+01:00 2025,Corporate Event,5859
5860,Card reach.,Fri Sep 01 00:00:00 GMT+01:00 2023,Corporate Event,5860
5861,Miss building.,Tue Aug 08 00:00:00 GMT+01:00 2023,Private Party,5861
5862,Gun.,Wed Dec 21 00:00:00 GMT+01:00 2022,Private Party,5862
5863,Item up.,Fri May 20 00:00:00 GMT+01:00 2022,Private Party,5863
5864,Want back.,Mon Sep 25 00:00:00 GMT+01:00 2023,Birthday,5864
5865,However later trouble.,Sun Aug 13 00:00:00 GMT+01:00 2023,Private Party,5865
5866,New attorney ready anything.,Sun Sep 28 00:00:00 GMT+01:00 2025,Private Party,5866
5867,Yeah sort.,Mon Jul 07 00:00:00 GMT+01:00 2025,Birthday,5867
5868,Body build.,Wed Aug 07 00:00:00 GMT+01:00 2024,Wedding,5868
5869,Through.,Mon Oct 02 00:00:00 GMT+01:00 2023,Wedding,5869
5870,You near edge.,Fri Mar 31 00:00:00 GMT+01:00 2023,Corporate Event,5870
5871,Traditional address young.,Mon Mar 27 00:00:00 GMT+01:00 2023,Birthday,5871
5872,Play spend.,Sun Sep 28 00:00:00 GMT+01:00 2025,Birthday,5872
5873,Amount support right.,Sun Jun 30 00:00:00 GMT+01:00 2024,Wedding,5873
5874,Back consumer international.,Tue Apr 12 00:00:00 GMT+01:00 2022,Corporate Event,5874
5875,Action senior statement.,Wed Nov 30 00:00:00 GMT+01:00 2022,Corporate Event,5875
5876,Deal reality.,Thu Dec 11 00:00:00 GMT+01:00 2025,Corporate Event,5876
5877,Consumer wall.,Tue Mar 19 00:00:00 GMT+01:00 2024,Private Party,5877
5878,Catch be media.,Mon Jul 04 00:00:00 GMT+01:00 2022,Wedding,5878
5879,Call simple.,Tue Oct 08 00:00:00 GMT+01:00 2024,Private Party,5879
5880,Career heavy child.,Mon Apr 08 00:00:00 GMT+01:00 2024,Private Party,5880
5881,Game low speech.,Sat Oct 12 00:00:00 GMT+01:00 2024,Private Party,5881
5882,Direction.,Mon Mar 27 00:00:00 GMT+01:00 2023,Wedding,5882
5883,Quickly deal seat short.,Tue Jul 25 00:00:00 GMT+01:00 2023,Birthday,5883
5884,Concern opportunity difficult.,Sun Nov 27 00:00:00 GMT+01:00 2022,Corporate Event,5884
5885,Agreement term president.,Thu Oct 23 00:00:00 GMT+01:00 2025,Corporate Event,5885
5886,Begin where.,Thu Jul 14 00:00:00 GMT+01:00 2022,Corporate Event,5886
5887,Table fund break.,Wed Jun 25 00:00:00 GMT+01:00 2025,Wedding,5887
5888,Population.,Thu Jun 19 00:00:00 GMT+01:00 2025,Birthday,5888
5889,Past couple.,Wed Aug 23 00:00:00 GMT+01:00 2023,Wedding,5889
5890,Best nature recognize.,Sat Jan 04 00:00:00 GMT+01:00 2025,Private Party,5890
5891,Team them.,Thu Jul 25 00:00:00 GMT+01:00 2024,Wedding,5891
5892,Hear information prepare.,Wed Jan 08 00:00:00 GMT+01:00 2025,Corporate Event,5892
5893,Political little fire company.,Wed Oct 16 00:00:00 GMT+01:00 2024,Corporate Event,5893
5894,Should.,Fri Mar 10 00:00:00 GMT+01:00 2023,Corporate Event,5894
5895,Contain remember second various.,Thu May 30 00:00:00 GMT+01:00 2024,Wedding,5895
5896,Nice series.,Sun Sep 03 00:00:00 GMT+01:00 2023,Birthday,5896
5897,Environmental pretty.,Mon Nov 13 00:00:00 GMT+01:00 2023,Wedding,5897
5898,Box life rich.,Sun Nov 30 00:00:00 GMT+01:00 2025,Corporate Event,5898
5899,Open everyone admit.,Wed Jun 11 00:00:00 GMT+01:00 2025,Corporate Event,5899
5900,Bill exactly walk material.,Tue May 24 00:00:00 GMT+01:00 2022,Private Party,5900
5901,Least arrive she agent.,Mon Oct 23 00:00:00 GMT+01:00 2023,Birthday,5901
5902,Civil benefit.,Sun Jun 26 00:00:00 GMT+01:00 2022,Private Party,5902
5903,Democrat environment spend.,Fri Apr 01 00:00:00 GMT+01:00 2022,Birthday,5903
5904,Four security.,Sat Mar 23 00:00:00 GMT+01:00 2024,Corporate Event,5904
5905,During subject raise.,Tue Sep 06 00:00:00 GMT+01:00 2022,Birthday,5905
5906,Bring expert me.,Tue May 31 00:00:00 GMT+01:00 2022,Wedding,5906
5907,Parent list.,Sat Aug 26 00:00:00 GMT+01:00 2023,Private Party,5907
5908,Man stand.,Fri Feb 16 00:00:00 GMT+01:00 2024,Private Party,5908
5909,Whether anyone ready.,Thu Sep 08 00:00:00 GMT+01:00 2022,Corporate Event,5909
5910,Trade maybe leg.,Sat Jan 13 00:00:00 GMT+01:00 2024,Private Party,5910
5911,Push top the another.,Mon Sep 22 00:00:00 GMT+01:00 2025,Wedding,5911
5912,Director article.,Sat Jan 14 00:00:00 GMT+01:00 2023,Corporate Event,5912
5913,Whose agency whatever do.,Tue Sep 20 00:00:00 GMT+01:00 2022,Wedding,5913
5914,Including enjoy middle.,Sun Jan 01 00:00:00 GMT+01:00 2023,Birthday,5914
5915,Bed can.,Tue Jun 13 00:00:00 GMT+01:00 2023,Private Party,5915
5916,Production.,Sun Aug 20 00:00:00 GMT+01:00 2023,Wedding,5916
5917,Reflect with evening.,Thu Feb 06 00:00:00 GMT+01:00 2025,Corporate Event,5917
5918,Many quite.,Sat Jun 21 00:00:00 GMT+01:00 2025,Wedding,5918
5919,Meet few.,Fri Aug 12 00:00:00 GMT+01:00 2022,Birthday,5919
5920,Mrs garden.,Sat Nov 22 00:00:00 GMT+01:00 2025,Private Party,5920
5921,Particular teacher.,Tue Dec 19 00:00:00 GMT+01:00 2023,Wedding,5921
5922,Trade himself.,Sat Mar 02 00:00:00 GMT+01:00 2024,Birthday,5922
5923,Pick style.,Thu May 04 00:00:00 GMT+01:00 2023,Private Party,5923
5924,Involve usually.,Fri Oct 24 00:00:00 GMT+01:00 2025,Private Party,5924
5925,Painting trade manager.,Mon Jan 10 00:00:00 GMT+01:00 2022,Birthday,5925
5926,Truth friend turn.,Sat May 07 00:00:00 GMT+01:00 2022,Birthday,5926
5927,Fish learn.,Thu Oct 09 00:00:00 GMT+01:00 2025,Private Party,5927
5928,Science decision.,Mon Jun 24 00:00:00 GMT+01:00 2024,Birthday,5928
5929,Loss evidence actually.,Sun Jan 01 00:00:00 GMT+01:00 2023,Private Party,5929
5930,Matter fear approach.,Sun Jul 28 00:00:00 GMT+01:00 2024,Private Party,5930
5931,Like option mission.,Sat Jan 07 00:00:00 GMT+01:00 2023,Birthday,5931
5932,Stock line about wrong.,Thu Jan 26 00:00:00 GMT+01:00 2023,Birthday,5932
5933,Force always against.,Sun Jun 30 00:00:00 GMT+01:00 2024,Birthday,5933
5934,Line skin.,Thu Dec 21 00:00:00 GMT+01:00 2023,Corporate Event,5934
5935,Wear cup professional.,Mon Dec 26 00:00:00 GMT+01:00 2022,Private Party,5935
5936,Site decision heavy.,Tue Feb 08 00:00:00 GMT+01:00 2022,Wedding,5936
5937,Research cell.,Fri Dec 06 00:00:00 GMT+01:00 2024,Birthday,5937
5938,With collection student.,Sat Aug 05 00:00:00 GMT+01:00 2023,Birthday,5938
5939,Issue cause.,Sun Nov 24 00:00:00 GMT+01:00 2024,Birthday,5939
5940,Possible check so.,Fri Jun 27 00:00:00 GMT+01:00 2025,Private Party,5940
5941,Institution none themselves field.,Thu Dec 11 00:00:00 GMT+01:00 2025,Wedding,5941
5942,Another add.,Wed Aug 21 00:00:00 GMT+01:00 2024,Private Party,5942
5943,As service.,Mon Jan 08 00:00:00 GMT+01:00 2024,Wedding,5943
5944,Music agreement although.,Fri Jul 25 00:00:00 GMT+01:00 2025,Private Party,5944
5945,Leader entire will.,Tue Jan 10 00:00:00 GMT+01:00 2023,Corporate Event,5945
5946,Direction member analysis.,Wed Dec 28 00:00:00 GMT+01:00 2022,Private Party,5946
5947,Choose policy.,Sun Aug 06 00:00:00 GMT+01:00 2023,Birthday,5947
5948,Its.,Wed Dec 13 00:00:00 GMT+01:00 2023,Wedding,5948
5949,Happen why.,Tue Apr 11 00:00:00 GMT+01:00 2023,Corporate Event,5949
5950,Career man its.,Sun Jul 17 00:00:00 GMT+01:00 2022,Corporate Event,5950
5951,Window arrive.,Sat Aug 27 00:00:00 GMT+01:00 2022,Private Party,5951
5952,Thousand.,Sun Feb 12 00:00:00 GMT+01:00 2023,Private Party,5952
5953,How chair.,Sun Dec 24 00:00:00 GMT+01:00 2023,Birthday,5953
5954,Future any.,Fri Dec 16 00:00:00 GMT+01:00 2022,Wedding,5954
5955,Offer carry fish.,Mon Oct 30 00:00:00 GMT+01:00 2023,Wedding,5955
5956,Chair production.,Thu May 29 00:00:00 GMT+01:00 2025,Wedding,5956
5957,Cultural student necessary.,Sun Oct 12 00:00:00 GMT+01:00 2025,Corporate Event,5957
5958,Health forward performance.,Fri May 17 00:00:00 GMT+01:00 2024,Birthday,5958
5959,Huge result condition.,Mon Oct 28 00:00:00 GMT+01:00 2024,Private Party,5959
5960,Drug.,Tue Dec 23 00:00:00 GMT+01:00 2025,Private Party,5960
5961,Issue red.,Sat Jan 13 00:00:00 GMT+01:00 2024,Birthday,5961
5962,Send create high claim.,Sun Jan 16 00:00:00 GMT+01:00 2022,Birthday,5962
5963,Author so.,Mon May 08 00:00:00 GMT+01:00 2023,Private Party,5963
5964,Benefit determine turn.,Tue Oct 28 00:00:00 GMT+01:00 2025,Birthday,5964
5965,Minute lay some.,Sun Mar 06 00:00:00 GMT+01:00 2022,Private Party,5965
5966,My research.,Sun Jan 14 00:00:00 GMT+01:00 2024,Corporate Event,5966
5967,Myself bit.,Wed May 14 00:00:00 GMT+01:00 2025,Private Party,5967
5968,Catch some.,Tue Jul 15 00:00:00 GMT+01:00 2025,Corporate Event,5968
5969,Congress sign.,Fri Oct 06 00:00:00 GMT+01:00 2023,Birthday,5969
5970,Family success.,Fri Oct 25 00:00:00 GMT+01:00 2024,Private Party,5970
5971,Course radio.,Wed May 14 00:00:00 GMT+01:00 2025,Private Party,5971
5972,Hope still factor.,Sat Jan 20 00:00:00 GMT+01:00 2024,Birthday,5972
5973,Bit practice town.,Mon May 27 00:00:00 GMT+01:00 2024,Birthday,5973
5974,Moment though.,Thu Jun 02 00:00:00 GMT+01:00 2022,Corporate Event,5974
5975,Increase child.,Sun Jan 22 00:00:00 GMT+01:00 2023,Corporate Event,5975
5976,Personal well someone add.,Fri Sep 16 00:00:00 GMT+01:00 2022,Corporate Event,5976
5977,Learn responsibility above.,Mon Aug 26 00:00:00 GMT+01:00 2024,Private Party,5977
5978,Sure image.,Thu Oct 03 00:00:00 GMT+01:00 2024,Wedding,5978
5979,Wish I.,Sat Nov 23 00:00:00 GMT+01:00 2024,Wedding,5979
5980,Remain game per.,Sat Jul 20 00:00:00 GMT+01:00 2024,Private Party,5980
5981,Market.,Thu Feb 10 00:00:00 GMT+01:00 2022,Wedding,5981
5982,Officer husband decide.,Sat Nov 11 00:00:00 GMT+01:00 2023,Birthday,5982
5983,Hospital often.,Sun Aug 18 00:00:00 GMT+01:00 2024,Wedding,5983
5984,Fly require stuff.,Sat May 04 00:00:00 GMT+01:00 2024,Birthday,5984
5985,Stock relate environment power.,Mon Feb 05 00:00:00 GMT+01:00 2024,Birthday,5985
5986,Make more month.,Fri Apr 28 00:00:00 GMT+01:00 2023,Private Party,5986
5987,Eight have.,Tue Oct 07 00:00:00 GMT+01:00 2025,Private Party,5987
5988,Notice goal site.,Fri Feb 11 00:00:00 GMT+01:00 2022,Wedding,5988
5989,Adult or partner.,Tue Jun 13 00:00:00 GMT+01:00 2023,Private Party,5989
5990,Toward eye.,Thu Oct 19 00:00:00 GMT+01:00 2023,Corporate Event,5990
5991,Never it.,Sat Nov 04 00:00:00 GMT+01:00 2023,Birthday,5991
5992,Against of three.,Sun Oct 09 00:00:00 GMT+01:00 2022,Birthday,5992
5993,Could word.,Wed May 11 00:00:00 GMT+01:00 2022,Wedding,5993
5994,Decision project word again.,Fri May 02 00:00:00 GMT+01:00 2025,Wedding,5994
5995,Security.,Wed Oct 25 00:00:00 GMT+01:00 2023,Wedding,5995
5996,Trip lead bank.,Sat Feb 25 00:00:00 GMT+01:00 2023,Wedding,5996
5997,Child yard.,Sat Nov 08 00:00:00 GMT+01:00 2025,Private Party,5997
5998,Newspaper name.,Thu Sep 26 00:00:00 GMT+01:00 2024,Private Party,5998
5999,Likely one but white.,Sat Feb 22 00:00:00 GMT+01:00 2025,Private Party,5999
6000,Fish movement.,Tue Dec 05 00:00:00 GMT+01:00 2023,Wedding,6000
6001,Hour mouth happy bring.,Fri Jul 15 00:00:00 GMT+01:00 2022,Birthday,6001
6002,Set against.,Tue Feb 15 00:00:00 GMT+01:00 2022,Wedding,6002
6003,Language kitchen.,Fri Jul 19 00:00:00 GMT+01:00 2024,Corporate Event,6003
6004,Clear low team.,Sat Jan 28 00:00:00 GMT+01:00 2023,Wedding,6004
6005,Bad town Mrs.,Sat Aug 19 00:00:00 GMT+01:00 2023,Corporate Event,6005
6006,As population fast.,Tue Aug 26 00:00:00 GMT+01:00 2025,Wedding,6006
6007,Rate media.,Tue Feb 04 00:00:00 GMT+01:00 2025,Wedding,6007
6008,Vote coach player scene.,Wed Mar 05 00:00:00 GMT+01:00 2025,Private Party,6008
6009,Technology entire.,Fri Nov 03 00:00:00 GMT+01:00 2023,Birthday,6009
6010,Any rock.,Sun Aug 24 00:00:00 GMT+01:00 2025,Private Party,6010
6011,Drop.,Fri Feb 25 00:00:00 GMT+01:00 2022,Private Party,6011
6012,Team attack.,Mon Nov 11 00:00:00 GMT+01:00 2024,Corporate Event,6012
6013,Road heavy evening.,Fri Mar 17 00:00:00 GMT+01:00 2023,Corporate Event,6013
6014,Mother.,Tue May 28 00:00:00 GMT+01:00 2024,Wedding,6014
6015,Education financial.,Fri Jun 02 00:00:00 GMT+01:00 2023,Corporate Event,6015
6016,Color like.,Mon Nov 24 00:00:00 GMT+01:00 2025,Corporate Event,6016
6017,Population figure TV.,Mon May 05 00:00:00 GMT+01:00 2025,Wedding,6017
6018,Million treatment certain.,Thu Aug 29 00:00:00 GMT+01:00 2024,Corporate Event,6018
6019,Walk Congress.,Sun Mar 06 00:00:00 GMT+01:00 2022,Birthday,6019
6020,Knowledge this run.,Fri Jun 03 00:00:00 GMT+01:00 2022,Birthday,6020
6021,Million enough develop.,Wed May 18 00:00:00 GMT+01:00 2022,Wedding,6021
6022,Song degree.,Tue Jul 19 00:00:00 GMT+01:00 2022,Birthday,6022
6023,Agent carry year.,Mon Aug 15 00:00:00 GMT+01:00 2022,Private Party,6023
6024,Policy water.,Mon Jul 03 00:00:00 GMT+01:00 2023,Corporate Event,6024
6025,Financial Mr.,Mon Apr 17 00:00:00 GMT+01:00 2023,Birthday,6025
6026,Carry piece hot.,Sun Jul 03 00:00:00 GMT+01:00 2022,Wedding,6026
6027,Soon exist eye.,Sun Jun 05 00:00:00 GMT+01:00 2022,Wedding,6027
6028,Determine soon.,Thu Nov 06 00:00:00 GMT+01:00 2025,Birthday,6028
6029,Apply grow.,Wed Dec 11 00:00:00 GMT+01:00 2024,Birthday,6029
6030,Summer though win.,Fri Jul 01 00:00:00 GMT+01:00 2022,Private Party,6030
6031,Something provide decide young.,Sun Jan 23 00:00:00 GMT+01:00 2022,Wedding,6031
6032,Whatever interview.,Tue Dec 03 00:00:00 GMT+01:00 2024,Private Party,6032
6033,Keep experience trip.,Sun Aug 07 00:00:00 GMT+01:00 2022,Private Party,6033
6034,Say agreement tonight.,Mon Nov 04 00:00:00 GMT+01:00 2024,Private Party,6034
6035,Court population better.,Fri Jun 10 00:00:00 GMT+01:00 2022,Corporate Event,6035
6036,Weight manage ever.,Fri Jan 03 00:00:00 GMT+01:00 2025,Wedding,6036
6037,Produce all small.,Thu May 02 00:00:00 GMT+01:00 2024,Wedding,6037
6038,Write level laugh.,Fri Mar 25 00:00:00 GMT+01:00 2022,Private Party,6038
6039,Position argue picture.,Thu Jan 20 00:00:00 GMT+01:00 2022,Corporate Event,6039
6040,Join management action.,Sun Oct 15 00:00:00 GMT+01:00 2023,Birthday,6040
6041,Time traditional.,Thu Oct 05 00:00:00 GMT+01:00 2023,Corporate Event,6041
6042,Picture hope several.,Sun Jul 16 00:00:00 GMT+01:00 2023,Wedding,6042
6043,Alone apply.,Sun Jun 02 00:00:00 GMT+01:00 2024,Private Party,6043
6044,Though such later.,Sun Jun 29 00:00:00 GMT+01:00 2025,Wedding,6044
6045,Could half drug.,Sun Oct 23 00:00:00 GMT+01:00 2022,Wedding,6045
6046,Be add.,Tue Oct 28 00:00:00 GMT+01:00 2025,Corporate Event,6046
6047,Build me.,Fri Nov 07 00:00:00 GMT+01:00 2025,Wedding,6047
6048,People modern learn.,Tue Nov 18 00:00:00 GMT+01:00 2025,Private Party,6048
6049,Color class.,Fri Apr 12 00:00:00 GMT+01:00 2024,Birthday,6049
6050,Simple trade board.,Fri Apr 18 00:00:00 GMT+01:00 2025,Wedding,6050
6051,That art.,Tue Jul 22 00:00:00 GMT+01:00 2025,Private Party,6051
6052,Author develop.,Tue Jan 09 00:00:00 GMT+01:00 2024,Birthday,6052
6053,American yes.,Tue Jun 11 00:00:00 GMT+01:00 2024,Private Party,6053
6054,News opportunity protect.,Mon Nov 10 00:00:00 GMT+01:00 2025,Birthday,6054
6055,Later turn for.,Sun May 01 00:00:00 GMT+01:00 2022,Corporate Event,6055
6056,Thank exist painting.,Thu Nov 06 00:00:00 GMT+01:00 2025,Private Party,6056
6057,Democratic word word.,Mon Sep 15 00:00:00 GMT+01:00 2025,Corporate Event,6057
6058,Court coach.,Fri May 05 00:00:00 GMT+01:00 2023,Wedding,6058
6059,Affect resource.,Sat Apr 15 00:00:00 GMT+01:00 2023,Wedding,6059
6060,Parent year change stock.,Fri Sep 06 00:00:00 GMT+01:00 2024,Birthday,6060
6061,Practice behavior ability.,Mon Dec 11 00:00:00 GMT+01:00 2023,Corporate Event,6061
6062,Six marriage.,Sun Dec 11 00:00:00 GMT+01:00 2022,Corporate Event,6062
6063,Southern magazine.,Sat Mar 18 00:00:00 GMT+01:00 2023,Private Party,6063
6064,Room central upon.,Tue Apr 19 00:00:00 GMT+01:00 2022,Birthday,6064
6065,Already exist after.,Fri Jun 21 00:00:00 GMT+01:00 2024,Birthday,6065
6066,However interesting.,Tue Mar 22 00:00:00 GMT+01:00 2022,Private Party,6066
6067,Nature project.,Tue Oct 22 00:00:00 GMT+01:00 2024,Corporate Event,6067
6068,Phone born wind both.,Tue Sep 27 00:00:00 GMT+01:00 2022,Wedding,6068
6069,Third while stay.,Mon Nov 04 00:00:00 GMT+01:00 2024,Private Party,6069
6070,Many maybe.,Sun May 08 00:00:00 GMT+01:00 2022,Birthday,6070
6071,Story social.,Sat Jun 29 00:00:00 GMT+01:00 2024,Birthday,6071
6072,Join forget.,Fri May 17 00:00:00 GMT+01:00 2024,Private Party,6072
6073,Floor act.,Sun Oct 08 00:00:00 GMT+01:00 2023,Private Party,6073
6074,Half many part.,Tue Mar 15 00:00:00 GMT+01:00 2022,Corporate Event,6074
6075,Return even process.,Mon Mar 24 00:00:00 GMT+01:00 2025,Corporate Event,6075
6076,Chair wish.,Sun Oct 13 00:00:00 GMT+01:00 2024,Birthday,6076
6077,In style move.,Mon May 19 00:00:00 GMT+01:00 2025,Corporate Event,6077
6078,Particular million include not.,Fri Sep 09 00:00:00 GMT+01:00 2022,Private Party,6078
6079,Suffer up cost.,Thu Oct 31 00:00:00 GMT+01:00 2024,Private Party,6079
6080,Sea push benefit.,Fri Jun 14 00:00:00 GMT+01:00 2024,Corporate Event,6080
6081,Quite eye old.,Sat Mar 25 00:00:00 GMT+01:00 2023,Corporate Event,6081
6082,Kitchen.,Sun Dec 14 00:00:00 GMT+01:00 2025,Corporate Event,6082
6083,Least mother trial.,Mon Mar 14 00:00:00 GMT+01:00 2022,Birthday,6083
6084,Box plan.,Thu Aug 07 00:00:00 GMT+01:00 2025,Wedding,6084
6085,Mission.,Sun Aug 10 00:00:00 GMT+01:00 2025,Birthday,6085
6086,Huge spring.,Tue Jun 14 00:00:00 GMT+01:00 2022,Private Party,6086
6087,Off know.,Fri Jan 07 00:00:00 GMT+01:00 2022,Private Party,6087
6088,Simple less simple contain.,Wed May 11 00:00:00 GMT+01:00 2022,Wedding,6088
6089,Fact vote worry.,Fri May 20 00:00:00 GMT+01:00 2022,Wedding,6089
6090,Follow account.,Tue Nov 01 00:00:00 GMT+01:00 2022,Private Party,6090
6091,Trial behavior successful.,Wed Feb 28 00:00:00 GMT+01:00 2024,Corporate Event,6091
6092,Good ahead.,Fri Feb 07 00:00:00 GMT+01:00 2025,Private Party,6092
6093,Chance office organization.,Tue Apr 11 00:00:00 GMT+01:00 2023,Corporate Event,6093
6094,Baby audience nature.,Thu Dec 29 00:00:00 GMT+01:00 2022,Corporate Event,6094
6095,Society side north.,Sun Mar 03 00:00:00 GMT+01:00 2024,Wedding,6095
6096,Specific.,Thu Nov 24 00:00:00 GMT+01:00 2022,Wedding,6096
6097,Information white.,Tue Feb 28 00:00:00 GMT+01:00 2023,Private Party,6097
6098,Data night approach.,Fri Nov 01 00:00:00 GMT+01:00 2024,Corporate Event,6098
6099,Meet friend.,Sat Aug 03 00:00:00 GMT+01:00 2024,Corporate Event,6099
6100,Present station maintain.,Sat Sep 23 00:00:00 GMT+01:00 2023,Wedding,6100
6101,Fear arrive perhaps wait.,Thu Nov 23 00:00:00 GMT+01:00 2023,Corporate Event,6101
6102,Manage seem.,Wed Jun 21 00:00:00 GMT+01:00 2023,Wedding,6102
6103,Store quickly.,Tue Apr 29 00:00:00 GMT+01:00 2025,Corporate Event,6103
6104,Life inside.,Tue Oct 04 00:00:00 GMT+01:00 2022,Corporate Event,6104
6105,Several for follow.,Wed Sep 14 00:00:00 GMT+01:00 2022,Corporate Event,6105
6106,Business development.,Thu Apr 27 00:00:00 GMT+01:00 2023,Birthday,6106
6107,Involve language.,Tue Dec 17 00:00:00 GMT+01:00 2024,Wedding,6107
6108,Team involve.,Fri Aug 29 00:00:00 GMT+01:00 2025,Corporate Event,6108
6109,Just imagine your.,Fri Jul 11 00:00:00 GMT+01:00 2025,Wedding,6109
6110,Phone forward road.,Wed Dec 03 00:00:00 GMT+01:00 2025,Birthday,6110
6111,How though.,Sat May 11 00:00:00 GMT+01:00 2024,Wedding,6111
6112,Benefit weight always.,Tue Sep 13 00:00:00 GMT+01:00 2022,Corporate Event,6112
6113,Movie just sport.,Mon Jun 06 00:00:00 GMT+01:00 2022,Wedding,6113
6114,Include stand lead.,Tue Mar 18 00:00:00 GMT+01:00 2025,Wedding,6114
6115,All reduce.,Mon Mar 13 00:00:00 GMT+01:00 2023,Birthday,6115
6116,Article plan.,Tue May 10 00:00:00 GMT+01:00 2022,Wedding,6116
6117,Rise middle modern.,Wed May 15 00:00:00 GMT+01:00 2024,Wedding,6117
6118,Officer.,Sun Nov 10 00:00:00 GMT+01:00 2024,Private Party,6118
6119,History whether.,Fri Sep 02 00:00:00 GMT+01:00 2022,Birthday,6119
6120,Parent across.,Fri Nov 29 00:00:00 GMT+01:00 2024,Birthday,6120
6121,Top third myself.,Tue Jan 18 00:00:00 GMT+01:00 2022,Private Party,6121
6122,World point newspaper.,Tue Apr 29 00:00:00 GMT+01:00 2025,Wedding,6122
6123,At knowledge.,Tue Mar 11 00:00:00 GMT+01:00 2025,Corporate Event,6123
6124,Face walk.,Mon Nov 21 00:00:00 GMT+01:00 2022,Corporate Event,6124
6125,Executive impact PM officer.,Mon Jul 21 00:00:00 GMT+01:00 2025,Corporate Event,6125
6126,Run issue.,Thu Apr 10 00:00:00 GMT+01:00 2025,Private Party,6126
6127,International part.,Thu Sep 19 00:00:00 GMT+01:00 2024,Corporate Event,6127
6128,Body.,Mon Aug 04 00:00:00 GMT+01:00 2025,Wedding,6128
6129,Star item theory.,Sun Jan 12 00:00:00 GMT+01:00 2025,Birthday,6129
6130,Become each.,Tue May 27 00:00:00 GMT+01:00 2025,Corporate Event,6130
6131,Recently blood play.,Thu Feb 08 00:00:00 GMT+01:00 2024,Wedding,6131
6132,Attack break skin.,Mon Jul 10 00:00:00 GMT+01:00 2023,Corporate Event,6132
6133,Interview.,Sun May 12 00:00:00 GMT+01:00 2024,Birthday,6133
6134,Main traditional serve.,Sun Jun 18 00:00:00 GMT+01:00 2023,Private Party,6134
6135,Left.,Fri May 27 00:00:00 GMT+01:00 2022,Corporate Event,6135
6136,Technology training party little.,Mon Jun 27 00:00:00 GMT+01:00 2022,Corporate Event,6136
6137,Education some.,Sun Feb 04 00:00:00 GMT+01:00 2024,Corporate Event,6137
6138,Family plan never.,Tue May 27 00:00:00 GMT+01:00 2025,Corporate Event,6138
6139,Mind scene travel.,Wed Mar 30 00:00:00 GMT+01:00 2022,Wedding,6139
6140,Of season large.,Thu Dec 08 00:00:00 GMT+01:00 2022,Corporate Event,6140
6141,Mention lose hope.,Wed Dec 20 00:00:00 GMT+01:00 2023,Corporate Event,6141
6142,Color very see.,Thu Apr 17 00:00:00 GMT+01:00 2025,Corporate Event,6142
6143,Grow like writer.,Tue Aug 15 00:00:00 GMT+01:00 2023,Wedding,6143
6144,Ability bank.,Sun Aug 13 00:00:00 GMT+01:00 2023,Private Party,6144
6145,Side agreement here.,Sun Aug 06 00:00:00 GMT+01:00 2023,Corporate Event,6145
6146,Two increase seem.,Sat Sep 24 00:00:00 GMT+01:00 2022,Birthday,6146
6147,Hour maintain.,Tue Jan 25 00:00:00 GMT+01:00 2022,Private Party,6147
6148,Fine decade media.,Wed Mar 29 00:00:00 GMT+01:00 2023,Wedding,6148
6149,President hundred.,Sat Jun 15 00:00:00 GMT+01:00 2024,Corporate Event,6149
6150,Book loss.,Fri Jan 14 00:00:00 GMT+01:00 2022,Private Party,6150
6151,Care program.,Wed Mar 02 00:00:00 GMT+01:00 2022,Birthday,6151
6152,Research grow.,Sat Aug 19 00:00:00 GMT+01:00 2023,Birthday,6152
6153,Particular father herself.,Sun Nov 02 00:00:00 GMT+01:00 2025,Corporate Event,6153
6154,Deep protect produce.,Wed Oct 23 00:00:00 GMT+01:00 2024,Corporate Event,6154
6155,Purpose table baby.,Tue Oct 25 00:00:00 GMT+01:00 2022,Wedding,6155
6156,Put baby drive.,Mon Dec 02 00:00:00 GMT+01:00 2024,Birthday,6156
6157,Listen provide.,Fri Mar 03 00:00:00 GMT+01:00 2023,Wedding,6157
6158,Suffer add argue.,Sun Dec 01 00:00:00 GMT+01:00 2024,Corporate Event,6158
6159,About security.,Mon Jan 27 00:00:00 GMT+01:00 2025,Birthday,6159
6160,Cup affect.,Mon Oct 03 00:00:00 GMT+01:00 2022,Wedding,6160
6161,Drug let entire.,Mon Nov 11 00:00:00 GMT+01:00 2024,Birthday,6161
6162,Ability.,Tue Apr 05 00:00:00 GMT+01:00 2022,Wedding,6162
6163,Leave explain.,Wed Jun 19 00:00:00 GMT+01:00 2024,Wedding,6163
6164,Interest do simple.,Tue Nov 11 00:00:00 GMT+01:00 2025,Private Party,6164
6165,Still grow seven often.,Sun Jul 31 00:00:00 GMT+01:00 2022,Wedding,6165
6166,Area coach.,Tue Jan 07 00:00:00 GMT+01:00 2025,Birthday,6166
6167,Majority after language.,Sat Jul 08 00:00:00 GMT+01:00 2023,Corporate Event,6167
6168,Walk animal service.,Tue Aug 02 00:00:00 GMT+01:00 2022,Private Party,6168
6169,Speak blue item.,Fri Jul 28 00:00:00 GMT+01:00 2023,Birthday,6169
6170,Exist smile.,Tue Aug 16 00:00:00 GMT+01:00 2022,Private Party,6170
6171,Moment break.,Sun Oct 12 00:00:00 GMT+01:00 2025,Birthday,6171
6172,Service marriage production.,Tue May 13 00:00:00 GMT+01:00 2025,Private Party,6172
6173,Ground.,Sat May 18 00:00:00 GMT+01:00 2024,Wedding,6173
6174,Use boy teacher.,Thu Dec 28 00:00:00 GMT+01:00 2023,Birthday,6174
6175,Look federal.,Fri Oct 31 00:00:00 GMT+01:00 2025,Private Party,6175
6176,Score country.,Sun May 28 00:00:00 GMT+01:00 2023,Corporate Event,6176
6177,Father usually voice.,Tue Jun 21 00:00:00 GMT+01:00 2022,Corporate Event,6177
6178,Themselves picture free.,Fri Feb 28 00:00:00 GMT+01:00 2025,Wedding,6178
6179,Fill affect.,Fri Nov 01 00:00:00 GMT+01:00 2024,Corporate Event,6179
6180,Leader lot remain.,Wed Oct 23 00:00:00 GMT+01:00 2024,Wedding,6180
6181,Without care small.,Sat Jan 08 00:00:00 GMT+01:00 2022,Private Party,6181
6182,Claim people.,Wed Nov 15 00:00:00 GMT+01:00 2023,Wedding,6182
6183,Top campaign.,Sun May 05 00:00:00 GMT+01:00 2024,Private Party,6183
6184,Son people education.,Sat Apr 05 00:00:00 GMT+01:00 2025,Birthday,6184
6185,Sort garden story.,Fri Feb 03 00:00:00 GMT+01:00 2023,Wedding,6185
6186,Program this environment.,Sun Mar 27 00:00:00 GMT+01:00 2022,Private Party,6186
6187,Fall turn site.,Thu Feb 03 00:00:00 GMT+01:00 2022,Birthday,6187
6188,Land benefit.,Thu Jan 27 00:00:00 GMT+01:00 2022,Birthday,6188
6189,From any.,Mon Nov 04 00:00:00 GMT+01:00 2024,Wedding,6189
6190,Small accept story.,Thu Nov 03 00:00:00 GMT+01:00 2022,Private Party,6190
6191,Dinner language.,Thu Jun 01 00:00:00 GMT+01:00 2023,Private Party,6191
6192,Goal skill close.,Sat Dec 31 00:00:00 GMT+01:00 2022,Corporate Event,6192
6193,Tough.,Thu Feb 22 00:00:00 GMT+01:00 2024,Corporate Event,6193
6194,Able scientist.,Mon Jan 24 00:00:00 GMT+01:00 2022,Corporate Event,6194
6195,Democratic civil federal.,Fri Aug 11 00:00:00 GMT+01:00 2023,Wedding,6195
6196,Report party.,Wed Nov 02 00:00:00 GMT+01:00 2022,Birthday,6196
6197,Concern beyond.,Mon Dec 26 00:00:00 GMT+01:00 2022,Corporate Event,6197
6198,School sit citizen.,Mon Nov 18 00:00:00 GMT+01:00 2024,Wedding,6198
6199,Heavy determine meeting.,Sat Dec 31 00:00:00 GMT+01:00 2022,Birthday,6199
6200,Reflect human.,Mon Mar 07 00:00:00 GMT+01:00 2022,Private Party,6200
6201,Cover financial.,Sun Apr 02 00:00:00 GMT+01:00 2023,Corporate Event,6201
6202,And difficult.,Fri Aug 12 00:00:00 GMT+01:00 2022,Birthday,6202
6203,Education town wonder.,Fri Oct 13 00:00:00 GMT+01:00 2023,Wedding,6203
6204,Once.,Thu Jan 12 00:00:00 GMT+01:00 2023,Private Party,6204
6205,Do real this purpose.,Thu Nov 13 00:00:00 GMT+01:00 2025,Birthday,6205
6206,Professor official everyone.,Fri Feb 04 00:00:00 GMT+01:00 2022,Corporate Event,6206
6207,Build set certainly.,Sun Jul 23 00:00:00 GMT+01:00 2023,Birthday,6207
6208,Available yes.,Fri Jan 12 00:00:00 GMT+01:00 2024,Wedding,6208
6209,View itself place.,Sun Dec 25 00:00:00 GMT+01:00 2022,Wedding,6209
6210,Market just test.,Sat Dec 21 00:00:00 GMT+01:00 2024,Birthday,6210
6211,Somebody long out.,Mon Apr 28 00:00:00 GMT+01:00 2025,Wedding,6211
6212,Song usually.,Tue Jan 30 00:00:00 GMT+01:00 2024,Private Party,6212
6213,Explain.,Sat Jan 21 00:00:00 GMT+01:00 2023,Wedding,6213
6214,Ground special alone.,Wed Feb 07 00:00:00 GMT+01:00 2024,Wedding,6214
6215,Similar send.,Sat Aug 12 00:00:00 GMT+01:00 2023,Birthday,6215
6216,Buy important manager.,Tue Feb 22 00:00:00 GMT+01:00 2022,Birthday,6216
6217,Stock material bit.,Mon Sep 05 00:00:00 GMT+01:00 2022,Birthday,6217
6218,Public.,Mon Nov 04 00:00:00 GMT+01:00 2024,Corporate Event,6218
6219,Bit particular.,Wed Mar 16 00:00:00 GMT+01:00 2022,Wedding,6219
6220,Bit analysis current.,Sun Jul 10 00:00:00 GMT+01:00 2022,Wedding,6220
6221,Wear hour.,Wed Oct 29 00:00:00 GMT+01:00 2025,Wedding,6221
6222,Share attention.,Fri Oct 25 00:00:00 GMT+01:00 2024,Birthday,6222
6223,Policy remember question management.,Sat Aug 30 00:00:00 GMT+01:00 2025,Corporate Event,6223
6224,Many manager even democratic.,Tue Aug 19 00:00:00 GMT+01:00 2025,Wedding,6224
6225,Foot recognize.,Sun Jan 05 00:00:00 GMT+01:00 2025,Private Party,6225
6226,Trial continue positive.,Sat Aug 06 00:00:00 GMT+01:00 2022,Wedding,6226
6227,Must break share candidate.,Sun Mar 05 00:00:00 GMT+01:00 2023,Private Party,6227
6228,Close nice.,Tue Aug 22 00:00:00 GMT+01:00 2023,Wedding,6228
6229,Such action.,Thu Feb 20 00:00:00 GMT+01:00 2025,Wedding,6229
6230,Change must paper.,Mon Feb 19 00:00:00 GMT+01:00 2024,Wedding,6230
6231,Represent huge work.,Fri Jul 18 00:00:00 GMT+01:00 2025,Private Party,6231
6232,Fast cost individual eat.,Tue Oct 25 00:00:00 GMT+01:00 2022,Birthday,6232
6233,But member.,Wed Jul 30 00:00:00 GMT+01:00 2025,Birthday,6233
6234,Foreign but eat.,Sun Oct 08 00:00:00 GMT+01:00 2023,Private Party,6234
6235,Forget.,Tue May 21 00:00:00 GMT+01:00 2024,Wedding,6235
6236,Book month.,Mon Jun 16 00:00:00 GMT+01:00 2025,Corporate Event,6236
6237,Produce time white.,Fri Dec 15 00:00:00 GMT+01:00 2023,Private Party,6237
6238,Give race learn.,Wed May 24 00:00:00 GMT+01:00 2023,Birthday,6238
6239,Six democratic yes.,Thu Mar 31 00:00:00 GMT+01:00 2022,Birthday,6239
6240,Thank anyone.,Mon Jan 27 00:00:00 GMT+01:00 2025,Private Party,6240
6241,Today money improve.,Thu May 05 00:00:00 GMT+01:00 2022,Birthday,6241
6242,Several manager really arm.,Tue Aug 15 00:00:00 GMT+01:00 2023,Wedding,6242
6243,Form.,Mon May 27 00:00:00 GMT+01:00 2024,Corporate Event,6243
6244,Then cost candidate.,Mon Oct 16 00:00:00 GMT+01:00 2023,Birthday,6244
6245,Oil it else.,Wed Jun 21 00:00:00 GMT+01:00 2023,Wedding,6245
6246,Whether president.,Wed Aug 13 00:00:00 GMT+01:00 2025,Birthday,6246
6247,Social maintain.,Wed Aug 28 00:00:00 GMT+01:00 2024,Corporate Event,6247
6248,Friend growth woman.,Fri Aug 02 00:00:00 GMT+01:00 2024,Private Party,6248
6249,Star under.,Sat Mar 30 00:00:00 GMT+01:00 2024,Wedding,6249
6250,Course strategy.,Sat Jan 06 00:00:00 GMT+01:00 2024,Corporate Event,6250
6251,Speech tend.,Tue Oct 11 00:00:00 GMT+01:00 2022,Private Party,6251
6252,Wait his.,Sun Mar 05 00:00:00 GMT+01:00 2023,Birthday,6252
6253,Report audience thought.,Wed Nov 09 00:00:00 GMT+01:00 2022,Corporate Event,6253
6254,Compare note black.,Sun Dec 08 00:00:00 GMT+01:00 2024,Birthday,6254
6255,Want keep door.,Sun Jan 05 00:00:00 GMT+01:00 2025,Private Party,6255
6256,Include allow.,Wed Jan 17 00:00:00 GMT+01:00 2024,Private Party,6256
6257,Whose hospital glass.,Sun May 25 00:00:00 GMT+01:00 2025,Wedding,6257
6258,Red door.,Wed Oct 01 00:00:00 GMT+01:00 2025,Corporate Event,6258
6259,Military impact.,Fri Oct 14 00:00:00 GMT+01:00 2022,Wedding,6259
6260,Music despite term.,Fri Jan 19 00:00:00 GMT+01:00 2024,Wedding,6260
6261,Base care.,Wed Jul 20 00:00:00 GMT+01:00 2022,Corporate Event,6261
6262,Mother fall.,Tue Sep 27 00:00:00 GMT+01:00 2022,Birthday,6262
6263,Become term hour.,Sat Nov 18 00:00:00 GMT+01:00 2023,Private Party,6263
6264,Prevent small.,Tue May 13 00:00:00 GMT+01:00 2025,Private Party,6264
6265,Simple fight memory military.,Fri Jun 13 00:00:00 GMT+01:00 2025,Corporate Event,6265
6266,Explain international support success.,Fri Sep 15 00:00:00 GMT+01:00 2023,Private Party,6266
6267,Meet lot increase.,Wed Feb 08 00:00:00 GMT+01:00 2023,Birthday,6267
6268,Write east.,Fri Jan 28 00:00:00 GMT+01:00 2022,Corporate Event,6268
6269,Catch real notice.,Sat Dec 03 00:00:00 GMT+01:00 2022,Corporate Event,6269
6270,Full.,Thu Aug 04 00:00:00 GMT+01:00 2022,Private Party,6270
6271,Understand different.,Fri Jan 26 00:00:00 GMT+01:00 2024,Private Party,6271
6272,Contain knowledge hope.,Fri Oct 24 00:00:00 GMT+01:00 2025,Birthday,6272
6273,Budget truth expect.,Fri Mar 25 00:00:00 GMT+01:00 2022,Private Party,6273
6274,Mean feeling nothing.,Sun Jul 13 00:00:00 GMT+01:00 2025,Corporate Event,6274
6275,Police hope.,Thu Jul 07 00:00:00 GMT+01:00 2022,Private Party,6275
6276,Wonder seem.,Wed Oct 26 00:00:00 GMT+01:00 2022,Birthday,6276
6277,Rather several professional.,Thu Aug 29 00:00:00 GMT+01:00 2024,Corporate Event,6277
6278,Interest leader hot.,Fri May 17 00:00:00 GMT+01:00 2024,Corporate Event,6278
6279,Just since source.,Mon Oct 09 00:00:00 GMT+01:00 2023,Private Party,6279
6280,Late animal.,Sun May 14 00:00:00 GMT+01:00 2023,Corporate Event,6280
6281,It woman offer.,Fri Aug 26 00:00:00 GMT+01:00 2022,Private Party,6281
6282,Full land raise.,Sun Mar 10 00:00:00 GMT+01:00 2024,Birthday,6282
6283,Debate image spend.,Sun Nov 13 00:00:00 GMT+01:00 2022,Corporate Event,6283
6284,Three forward push.,Mon Dec 19 00:00:00 GMT+01:00 2022,Corporate Event,6284
6285,Nothing dream win purpose.,Wed Dec 31 00:00:00 GMT+01:00 2025,Private Party,6285
6286,Give few strategy.,Tue Jul 15 00:00:00 GMT+01:00 2025,Private Party,6286
6287,Inside edge.,Mon Apr 29 00:00:00 GMT+01:00 2024,Wedding,6287
6288,Wonder tell body.,Mon Jan 06 00:00:00 GMT+01:00 2025,Private Party,6288
6289,Push feeling.,Thu Mar 16 00:00:00 GMT+01:00 2023,Corporate Event,6289
6290,Perform.,Sun Jan 26 00:00:00 GMT+01:00 2025,Wedding,6290
6291,Agree.,Sat Sep 20 00:00:00 GMT+01:00 2025,Corporate Event,6291
6292,Lead response nothing.,Sun Apr 24 00:00:00 GMT+01:00 2022,Private Party,6292
6293,My participant kitchen.,Thu Feb 22 00:00:00 GMT+01:00 2024,Private Party,6293
6294,Country election discussion.,Wed Oct 01 00:00:00 GMT+01:00 2025,Private Party,6294
6295,Goal memory.,Tue Feb 22 00:00:00 GMT+01:00 2022,Private Party,6295
6296,Me.,Thu Aug 03 00:00:00 GMT+01:00 2023,Private Party,6296
6297,Often identify.,Thu Jul 21 00:00:00 GMT+01:00 2022,Birthday,6297
6298,Movement fly perform.,Mon Mar 04 00:00:00 GMT+01:00 2024,Corporate Event,6298
6299,Season argue off.,Wed May 28 00:00:00 GMT+01:00 2025,Wedding,6299
6300,Seven treat.,Thu Oct 10 00:00:00 GMT+01:00 2024,Birthday,6300
6301,Plan risk.,Wed Apr 24 00:00:00 GMT+01:00 2024,Corporate Event,6301
6302,Pattern particularly could.,Sun Dec 24 00:00:00 GMT+01:00 2023,Private Party,6302
6303,Smile.,Thu Nov 17 00:00:00 GMT+01:00 2022,Wedding,6303
6304,Fine so model.,Mon Apr 07 00:00:00 GMT+01:00 2025,Corporate Event,6304
6305,Interview region why.,Thu Jun 22 00:00:00 GMT+01:00 2023,Wedding,6305
6306,About gun.,Thu Jan 12 00:00:00 GMT+01:00 2023,Corporate Event,6306
6307,Ago garden large.,Sun Mar 30 00:00:00 GMT+01:00 2025,Corporate Event,6307
6308,Clearly cover through.,Mon Feb 24 00:00:00 GMT+01:00 2025,Wedding,6308
6309,Hospital nothing.,Fri May 05 00:00:00 GMT+01:00 2023,Corporate Event,6309
6310,Decide already design.,Thu Jan 20 00:00:00 GMT+01:00 2022,Birthday,6310
6311,Place price.,Mon Jun 27 00:00:00 GMT+01:00 2022,Birthday,6311
6312,Lot fly star work.,Sun Mar 24 00:00:00 GMT+01:00 2024,Birthday,6312
6313,Fund father fly.,Fri May 23 00:00:00 GMT+01:00 2025,Wedding,6313
6314,Particularly.,Fri Jan 28 00:00:00 GMT+01:00 2022,Private Party,6314
6315,Little office share.,Tue Feb 11 00:00:00 GMT+01:00 2025,Wedding,6315
6316,Camera pretty.,Mon Jul 03 00:00:00 GMT+01:00 2023,Private Party,6316
6317,Add word Congress.,Fri Aug 08 00:00:00 GMT+01:00 2025,Wedding,6317
6318,Practice start house condition.,Fri Nov 03 00:00:00 GMT+01:00 2023,Corporate Event,6318
6319,Far try state.,Thu Jun 30 00:00:00 GMT+01:00 2022,Wedding,6319
6320,Through chair smile.,Wed Nov 20 00:00:00 GMT+01:00 2024,Wedding,6320
6321,Worry.,Wed Jun 21 00:00:00 GMT+01:00 2023,Private Party,6321
6322,Court tell.,Sat Jun 03 00:00:00 GMT+01:00 2023,Wedding,6322
6323,Address act game.,Mon May 15 00:00:00 GMT+01:00 2023,Wedding,6323
6324,Yourself form.,Wed Oct 19 00:00:00 GMT+01:00 2022,Birthday,6324
6325,Brother note western.,Fri Jun 23 00:00:00 GMT+01:00 2023,Corporate Event,6325
6326,Soon suffer improve.,Sat Jun 15 00:00:00 GMT+01:00 2024,Birthday,6326
6327,Stage success.,Wed May 14 00:00:00 GMT+01:00 2025,Private Party,6327
6328,Resource will later.,Thu Oct 23 00:00:00 GMT+01:00 2025,Birthday,6328
6329,Compare affect maybe.,Tue Apr 02 00:00:00 GMT+01:00 2024,Private Party,6329
6330,Popular could.,Tue Oct 11 00:00:00 GMT+01:00 2022,Wedding,6330
6331,Nature appear soldier already.,Wed Jun 18 00:00:00 GMT+01:00 2025,Birthday,6331
6332,Relate soldier.,Sat Feb 11 00:00:00 GMT+01:00 2023,Corporate Event,6332
6333,Agency thank huge.,Mon Mar 18 00:00:00 GMT+01:00 2024,Corporate Event,6333
6334,Decision degree.,Sat Jul 19 00:00:00 GMT+01:00 2025,Wedding,6334
6335,Early need before.,Mon Dec 15 00:00:00 GMT+01:00 2025,Birthday,6335
6336,Else most smile.,Thu Dec 29 00:00:00 GMT+01:00 2022,Corporate Event,6336
6337,Bank produce.,Thu May 04 00:00:00 GMT+01:00 2023,Birthday,6337
6338,Carry involve.,Fri Jul 01 00:00:00 GMT+01:00 2022,Birthday,6338
6339,Eat not.,Tue Jun 17 00:00:00 GMT+01:00 2025,Wedding,6339
6340,Apply sign suggest.,Thu Jan 06 00:00:00 GMT+01:00 2022,Birthday,6340
6341,Cold father see.,Fri Sep 30 00:00:00 GMT+01:00 2022,Private Party,6341
6342,Democratic have.,Sun Jan 28 00:00:00 GMT+01:00 2024,Corporate Event,6342
6343,Tell time.,Wed Apr 13 00:00:00 GMT+01:00 2022,Wedding,6343
6344,These available sort.,Sat Oct 11 00:00:00 GMT+01:00 2025,Wedding,6344
6345,Attention.,Tue Sep 19 00:00:00 GMT+01:00 2023,Corporate Event,6345
6346,Defense never seven.,Wed Sep 03 00:00:00 GMT+01:00 2025,Wedding,6346
6347,Church success.,Sat Jan 13 00:00:00 GMT+01:00 2024,Private Party,6347
6348,Remain ten officer.,Mon Apr 15 00:00:00 GMT+01:00 2024,Wedding,6348
6349,Well hold population.,Fri May 12 00:00:00 GMT+01:00 2023,Birthday,6349
6350,Summer himself.,Wed Apr 12 00:00:00 GMT+01:00 2023,Private Party,6350
6351,Town southern within.,Sat Jun 22 00:00:00 GMT+01:00 2024,Wedding,6351
6352,Value situation little.,Mon Mar 28 00:00:00 GMT+01:00 2022,Wedding,6352
6353,Resource red.,Tue Sep 20 00:00:00 GMT+01:00 2022,Birthday,6353
6354,Lay PM cultural.,Sun Dec 15 00:00:00 GMT+01:00 2024,Corporate Event,6354
6355,Myself professor.,Sun Feb 09 00:00:00 GMT+01:00 2025,Wedding,6355
6356,Parent world.,Mon Feb 17 00:00:00 GMT+01:00 2025,Birthday,6356
6357,Country instead apply.,Sat May 20 00:00:00 GMT+01:00 2023,Private Party,6357
6358,In establish college ready.,Mon Apr 24 00:00:00 GMT+01:00 2023,Corporate Event,6358
6359,Deal public.,Sun Sep 15 00:00:00 GMT+01:00 2024,Private Party,6359
6360,Determine.,Fri Apr 22 00:00:00 GMT+01:00 2022,Private Party,6360
6361,State far.,Thu Oct 31 00:00:00 GMT+01:00 2024,Private Party,6361
6362,Strong clear science.,Wed Jul 05 00:00:00 GMT+01:00 2023,Corporate Event,6362
6363,Nation box small.,Fri Dec 09 00:00:00 GMT+01:00 2022,Private Party,6363
6364,Huge relationship.,Wed Nov 22 00:00:00 GMT+01:00 2023,Corporate Event,6364
6365,Center soldier true outside.,Mon Jul 21 00:00:00 GMT+01:00 2025,Private Party,6365
6366,Push.,Sat Apr 05 00:00:00 GMT+01:00 2025,Wedding,6366
6367,She military.,Sun Jul 21 00:00:00 GMT+01:00 2024,Corporate Event,6367
6368,Husband concern kitchen.,Fri Jan 14 00:00:00 GMT+01:00 2022,Private Party,6368
6369,As seek some.,Sat Aug 17 00:00:00 GMT+01:00 2024,Birthday,6369
6370,Others at.,Wed Apr 23 00:00:00 GMT+01:00 2025,Corporate Event,6370
6371,Go here.,Fri May 17 00:00:00 GMT+01:00 2024,Wedding,6371
6372,See tonight wear.,Wed Apr 23 00:00:00 GMT+01:00 2025,Private Party,6372
6373,Or between anyone.,Thu Dec 12 00:00:00 GMT+01:00 2024,Corporate Event,6373
6374,Friend require.,Mon Nov 18 00:00:00 GMT+01:00 2024,Wedding,6374
6375,Shoulder.,Sun Apr 21 00:00:00 GMT+01:00 2024,Private Party,6375
6376,These current.,Sat Oct 26 00:00:00 GMT+01:00 2024,Private Party,6376
6377,She by.,Tue Nov 04 00:00:00 GMT+01:00 2025,Corporate Event,6377
6378,Deep behavior option.,Mon Apr 14 00:00:00 GMT+01:00 2025,Birthday,6378
6379,Music open road.,Thu Jan 23 00:00:00 GMT+01:00 2025,Private Party,6379
6380,Community.,Mon Jul 18 00:00:00 GMT+01:00 2022,Birthday,6380
6381,Kitchen.,Tue Dec 03 00:00:00 GMT+01:00 2024,Private Party,6381
6382,Citizen especially.,Sun Jun 11 00:00:00 GMT+01:00 2023,Wedding,6382
6383,How health reduce.,Mon Feb 26 00:00:00 GMT+01:00 2024,Private Party,6383
6384,Option when.,Fri Oct 18 00:00:00 GMT+01:00 2024,Private Party,6384
6385,Summer ready practice establish.,Thu Mar 03 00:00:00 GMT+01:00 2022,Private Party,6385
6386,Anyone test.,Sun Jan 01 00:00:00 GMT+01:00 2023,Private Party,6386
6387,Sure series.,Tue Nov 28 00:00:00 GMT+01:00 2023,Private Party,6387
6388,Enough clearly century.,Sat Apr 22 00:00:00 GMT+01:00 2023,Private Party,6388
6389,Evidence early.,Tue Mar 14 00:00:00 GMT+01:00 2023,Wedding,6389
6390,Approach option.,Tue Aug 16 00:00:00 GMT+01:00 2022,Birthday,6390
6391,Republican discuss crime.,Sat Jun 18 00:00:00 GMT+01:00 2022,Corporate Event,6391
6392,Up to.,Mon Nov 04 00:00:00 GMT+01:00 2024,Corporate Event,6392
6393,Financial better family.,Mon Jan 20 00:00:00 GMT+01:00 2025,Wedding,6393
6394,Herself best free better.,Tue Feb 21 00:00:00 GMT+01:00 2023,Private Party,6394
6395,Teach here food.,Fri Dec 27 00:00:00 GMT+01:00 2024,Wedding,6395
6396,Start home toward.,Fri Sep 20 00:00:00 GMT+01:00 2024,Corporate Event,6396
6397,Order share.,Sat Dec 03 00:00:00 GMT+01:00 2022,Wedding,6397
6398,Right.,Thu May 18 00:00:00 GMT+01:00 2023,Private Party,6398
6399,Start war already after.,Tue Dec 02 00:00:00 GMT+01:00 2025,Private Party,6399
6400,Central the.,Wed Jul 20 00:00:00 GMT+01:00 2022,Birthday,6400
6401,Themselves ability.,Thu Jun 12 00:00:00 GMT+01:00 2025,Private Party,6401
6402,Happen arrive.,Thu Sep 01 00:00:00 GMT+01:00 2022,Private Party,6402
6403,Respond here clear.,Mon Feb 26 00:00:00 GMT+01:00 2024,Corporate Event,6403
6404,Draw service buy.,Tue Apr 02 00:00:00 GMT+01:00 2024,Private Party,6404
6405,Small serve.,Tue Aug 16 00:00:00 GMT+01:00 2022,Wedding,6405
6406,Happen.,Thu Nov 06 00:00:00 GMT+01:00 2025,Corporate Event,6406
6407,Watch want.,Mon Apr 04 00:00:00 GMT+01:00 2022,Birthday,6407
6408,Decide never.,Wed Jan 15 00:00:00 GMT+01:00 2025,Private Party,6408
6409,Present agent.,Wed Feb 07 00:00:00 GMT+01:00 2024,Wedding,6409
6410,Authority across.,Tue Jan 28 00:00:00 GMT+01:00 2025,Wedding,6410
6411,Painting very popular.,Fri Jul 11 00:00:00 GMT+01:00 2025,Birthday,6411
6412,Push teach a within.,Thu Aug 15 00:00:00 GMT+01:00 2024,Private Party,6412
6413,Day successful.,Mon Dec 02 00:00:00 GMT+01:00 2024,Wedding,6413
6414,Pull down.,Sun Mar 12 00:00:00 GMT+01:00 2023,Birthday,6414
6415,Could simply act.,Tue Feb 14 00:00:00 GMT+01:00 2023,Birthday,6415
6416,House key under.,Wed Dec 21 00:00:00 GMT+01:00 2022,Corporate Event,6416
6417,Ball huge kitchen.,Fri Jul 25 00:00:00 GMT+01:00 2025,Corporate Event,6417
6418,Song treatment allow.,Wed Oct 26 00:00:00 GMT+01:00 2022,Corporate Event,6418
6419,Father land nature.,Tue Jun 03 00:00:00 GMT+01:00 2025,Birthday,6419
6420,Approach ground word.,Tue Sep 30 00:00:00 GMT+01:00 2025,Corporate Event,6420
6421,Story phone media rich.,Thu Dec 01 00:00:00 GMT+01:00 2022,Private Party,6421
6422,Listen entire set on.,Wed Oct 04 00:00:00 GMT+01:00 2023,Private Party,6422
6423,Late increase.,Fri Apr 08 00:00:00 GMT+01:00 2022,Corporate Event,6423
6424,Check certain determine subject.,Sun May 15 00:00:00 GMT+01:00 2022,Birthday,6424
6425,Pull fight sister.,Thu Jun 01 00:00:00 GMT+01:00 2023,Private Party,6425
6426,Late voice seven.,Wed Nov 16 00:00:00 GMT+01:00 2022,Wedding,6426
6427,Read next alone kitchen.,Sun Jun 18 00:00:00 GMT+01:00 2023,Private Party,6427
6428,Know skin civil.,Tue Jan 24 00:00:00 GMT+01:00 2023,Wedding,6428
6429,Crime decide.,Fri Apr 15 00:00:00 GMT+01:00 2022,Corporate Event,6429
6430,Others stage.,Mon Dec 25 00:00:00 GMT+01:00 2023,Birthday,6430
6431,International current.,Wed Jun 07 00:00:00 GMT+01:00 2023,Private Party,6431
6432,Can.,Fri May 27 00:00:00 GMT+01:00 2022,Corporate Event,6432
6433,Participant history traditional.,Mon May 09 00:00:00 GMT+01:00 2022,Private Party,6433
6434,Too spend.,Wed Sep 25 00:00:00 GMT+01:00 2024,Wedding,6434
6435,Perform ago.,Fri Sep 02 00:00:00 GMT+01:00 2022,Private Party,6435
6436,Left garden.,Tue Aug 13 00:00:00 GMT+01:00 2024,Wedding,6436
6437,Work forget.,Sun Mar 23 00:00:00 GMT+01:00 2025,Wedding,6437
6438,Environmental thus.,Thu Dec 29 00:00:00 GMT+01:00 2022,Wedding,6438
6439,Upon glass.,Tue Sep 24 00:00:00 GMT+01:00 2024,Wedding,6439
6440,Culture our administration amount.,Thu Sep 04 00:00:00 GMT+01:00 2025,Private Party,6440
6441,Little ahead right create.,Sun Mar 20 00:00:00 GMT+01:00 2022,Birthday,6441
6442,Book all.,Fri May 03 00:00:00 GMT+01:00 2024,Wedding,6442
6443,Today audience camera.,Mon Apr 21 00:00:00 GMT+01:00 2025,Birthday,6443
6444,Authority door contain.,Tue Mar 21 00:00:00 GMT+01:00 2023,Birthday,6444
6445,Within later.,Mon May 01 00:00:00 GMT+01:00 2023,Corporate Event,6445
6446,Friend body.,Wed Oct 26 00:00:00 GMT+01:00 2022,Wedding,6446
6447,Road forget partner.,Mon Dec 08 00:00:00 GMT+01:00 2025,Birthday,6447
6448,Rate language man.,Tue Nov 29 00:00:00 GMT+01:00 2022,Private Party,6448
6449,True popular share.,Fri Apr 21 00:00:00 GMT+01:00 2023,Wedding,6449
6450,Attention the three.,Sat Oct 19 00:00:00 GMT+01:00 2024,Wedding,6450
6451,Appear personal.,Sun Mar 17 00:00:00 GMT+01:00 2024,Wedding,6451
6452,Thank cover dinner.,Sat Sep 03 00:00:00 GMT+01:00 2022,Corporate Event,6452
6453,Sea forget another program.,Sat Jan 28 00:00:00 GMT+01:00 2023,Birthday,6453
6454,Grow throughout.,Tue Aug 01 00:00:00 GMT+01:00 2023,Birthday,6454
6455,Fast film be.,Tue Sep 13 00:00:00 GMT+01:00 2022,Private Party,6455
6456,Office this.,Mon Mar 13 00:00:00 GMT+01:00 2023,Private Party,6456
6457,Give grow hit.,Fri Feb 07 00:00:00 GMT+01:00 2025,Birthday,6457
6458,Recognize free enter.,Thu Jul 25 00:00:00 GMT+01:00 2024,Wedding,6458
6459,Current husband.,Fri Feb 02 00:00:00 GMT+01:00 2024,Corporate Event,6459
6460,Than soldier.,Sun Nov 19 00:00:00 GMT+01:00 2023,Private Party,6460
6461,Standard seem.,Mon Aug 28 00:00:00 GMT+01:00 2023,Birthday,6461
6462,Child us use.,Tue Sep 03 00:00:00 GMT+01:00 2024,Birthday,6462
6463,Team article.,Mon Aug 29 00:00:00 GMT+01:00 2022,Wedding,6463
6464,Mean everyone free stage.,Wed Jul 20 00:00:00 GMT+01:00 2022,Private Party,6464
6465,Also soon.,Sun Dec 31 00:00:00 GMT+01:00 2023,Private Party,6465
6466,Tonight add talk ground.,Wed Oct 04 00:00:00 GMT+01:00 2023,Corporate Event,6466
6467,Hope thus suffer.,Fri Oct 14 00:00:00 GMT+01:00 2022,Corporate Event,6467
6468,Type network.,Thu Mar 02 00:00:00 GMT+01:00 2023,Private Party,6468
6469,Brother cover.,Sat Oct 29 00:00:00 GMT+01:00 2022,Corporate Event,6469
6470,Door everyone war.,Sun Sep 04 00:00:00 GMT+01:00 2022,Birthday,6470
6471,Particularly change perhaps.,Mon May 30 00:00:00 GMT+01:00 2022,Birthday,6471
6472,Region thought.,Wed Apr 06 00:00:00 GMT+01:00 2022,Wedding,6472
6473,Recently single.,Tue Nov 12 00:00:00 GMT+01:00 2024,Corporate Event,6473
6474,Star argue source.,Fri Feb 04 00:00:00 GMT+01:00 2022,Corporate Event,6474
6475,Economy mention.,Wed Dec 17 00:00:00 GMT+01:00 2025,Wedding,6475
6476,Hundred put likely.,Mon Jun 06 00:00:00 GMT+01:00 2022,Private Party,6476
6477,Begin crime involve.,Sun Oct 20 00:00:00 GMT+01:00 2024,Birthday,6477
6478,None girl.,Sun Feb 18 00:00:00 GMT+01:00 2024,Corporate Event,6478
6479,Stock spring course sign.,Sun Mar 16 00:00:00 GMT+01:00 2025,Birthday,6479
6480,All beat.,Sun Aug 27 00:00:00 GMT+01:00 2023,Private Party,6480
6481,Guy be paper.,Thu Nov 02 00:00:00 GMT+01:00 2023,Corporate Event,6481
6482,Method more economic.,Sat May 24 00:00:00 GMT+01:00 2025,Wedding,6482
6483,Nearly news.,Sun Nov 27 00:00:00 GMT+01:00 2022,Wedding,6483
6484,Key sing up.,Fri Jan 12 00:00:00 GMT+01:00 2024,Wedding,6484
6485,Agency ever follow approach.,Mon Jun 23 00:00:00 GMT+01:00 2025,Birthday,6485
6486,Surface about if.,Sat Jul 16 00:00:00 GMT+01:00 2022,Corporate Event,6486
6487,Prove each firm.,Tue Dec 10 00:00:00 GMT+01:00 2024,Private Party,6487
6488,Authority enter challenge.,Sat Oct 25 00:00:00 GMT+01:00 2025,Corporate Event,6488
6489,Particularly sea.,Thu May 12 00:00:00 GMT+01:00 2022,Birthday,6489
6490,Hit out.,Wed Dec 18 00:00:00 GMT+01:00 2024,Birthday,6490
6491,Then later.,Fri Mar 25 00:00:00 GMT+01:00 2022,Corporate Event,6491
6492,Them argue.,Mon Feb 03 00:00:00 GMT+01:00 2025,Private Party,6492
6493,Move street process.,Fri Apr 18 00:00:00 GMT+01:00 2025,Private Party,6493
6494,Sound how third.,Wed Feb 01 00:00:00 GMT+01:00 2023,Private Party,6494
6495,Artist specific.,Tue Aug 27 00:00:00 GMT+01:00 2024,Private Party,6495
6496,Section enough young.,Sun Feb 09 00:00:00 GMT+01:00 2025,Birthday,6496
6497,Technology site.,Mon Jun 23 00:00:00 GMT+01:00 2025,Birthday,6497
6498,Of decision.,Tue Apr 02 00:00:00 GMT+01:00 2024,Private Party,6498
6499,Company.,Wed Oct 23 00:00:00 GMT+01:00 2024,Wedding,6499
6500,Young friend small.,Sat Jun 18 00:00:00 GMT+01:00 2022,Wedding,6500
6501,Think physical who.,Sun Nov 30 00:00:00 GMT+01:00 2025,Private Party,6501
6502,Beat security choice.,Sat Nov 08 00:00:00 GMT+01:00 2025,Private Party,6502
6503,Picture collection.,Fri Nov 11 00:00:00 GMT+01:00 2022,Wedding,6503
6504,Agent newspaper court.,Thu Jul 10 00:00:00 GMT+01:00 2025,Birthday,6504
6505,Pick hand success.,Fri Dec 13 00:00:00 GMT+01:00 2024,Private Party,6505
6506,Subject.,Thu Aug 14 00:00:00 GMT+01:00 2025,Corporate Event,6506
6507,Leg parent realize.,Tue Apr 25 00:00:00 GMT+01:00 2023,Wedding,6507
6508,Just that population.,Sat Nov 15 00:00:00 GMT+01:00 2025,Corporate Event,6508
6509,Bed not.,Sat May 21 00:00:00 GMT+01:00 2022,Wedding,6509
6510,Imagine traditional our.,Tue Sep 10 00:00:00 GMT+01:00 2024,Wedding,6510
6511,Save local.,Tue Jun 28 00:00:00 GMT+01:00 2022,Birthday,6511
6512,Environmental.,Thu Jul 14 00:00:00 GMT+01:00 2022,Wedding,6512
6513,Style hope.,Sun Jan 01 00:00:00 GMT+01:00 2023,Wedding,6513
6514,Tree your.,Mon Apr 21 00:00:00 GMT+01:00 2025,Wedding,6514
6515,Though talk.,Sat Aug 03 00:00:00 GMT+01:00 2024,Wedding,6515
6516,Without thank special.,Mon Jun 20 00:00:00 GMT+01:00 2022,Wedding,6516
6517,Statement also.,Wed Sep 13 00:00:00 GMT+01:00 2023,Birthday,6517
6518,Material machine.,Sun Aug 21 00:00:00 GMT+01:00 2022,Private Party,6518
6519,Thing public.,Sun Jan 08 00:00:00 GMT+01:00 2023,Wedding,6519
6520,Now man success there.,Fri Sep 20 00:00:00 GMT+01:00 2024,Wedding,6520
6521,Culture perform magazine.,Sun Aug 06 00:00:00 GMT+01:00 2023,Birthday,6521
6522,Matter send.,Sun Mar 06 00:00:00 GMT+01:00 2022,Wedding,6522
6523,Stand education garden.,Sat Dec 13 00:00:00 GMT+01:00 2025,Wedding,6523
6524,Social culture real.,Thu May 12 00:00:00 GMT+01:00 2022,Corporate Event,6524
6525,Say property.,Tue Aug 29 00:00:00 GMT+01:00 2023,Birthday,6525
6526,Six machine.,Wed Nov 23 00:00:00 GMT+01:00 2022,Birthday,6526
6527,Data common official.,Mon Aug 26 00:00:00 GMT+01:00 2024,Wedding,6527
6528,Sister instead probably turn.,Thu Oct 30 00:00:00 GMT+01:00 2025,Corporate Event,6528
6529,Three.,Fri Mar 28 00:00:00 GMT+01:00 2025,Private Party,6529
6530,Make positive total visit.,Mon May 13 00:00:00 GMT+01:00 2024,Private Party,6530
6531,Range teacher network.,Wed Jul 16 00:00:00 GMT+01:00 2025,Corporate Event,6531
6532,Somebody field practice.,Tue Jan 21 00:00:00 GMT+01:00 2025,Private Party,6532
6533,While.,Thu Feb 17 00:00:00 GMT+01:00 2022,Private Party,6533
6534,Detail fund.,Thu Jun 06 00:00:00 GMT+01:00 2024,Private Party,6534
6535,Travel four into.,Wed Dec 24 00:00:00 GMT+01:00 2025,Wedding,6535
6536,Age crime others.,Wed Mar 09 00:00:00 GMT+01:00 2022,Private Party,6536
6537,Really could scene.,Tue Apr 25 00:00:00 GMT+01:00 2023,Birthday,6537
6538,Image know.,Wed Aug 14 00:00:00 GMT+01:00 2024,Wedding,6538
6539,Kind which.,Mon Feb 26 00:00:00 GMT+01:00 2024,Private Party,6539
6540,Right history risk difficult.,Mon Dec 02 00:00:00 GMT+01:00 2024,Corporate Event,6540
6541,Central design scene.,Mon Jun 17 00:00:00 GMT+01:00 2024,Wedding,6541
6542,Democrat turn.,Mon May 01 00:00:00 GMT+01:00 2023,Corporate Event,6542
6543,Television send.,Sun Dec 11 00:00:00 GMT+01:00 2022,Birthday,6543
6544,Several page join.,Wed Dec 06 00:00:00 GMT+01:00 2023,Wedding,6544
6545,Claim.,Sun Apr 23 00:00:00 GMT+01:00 2023,Corporate Event,6545
6546,Republican bit music.,Thu Jan 05 00:00:00 GMT+01:00 2023,Birthday,6546
6547,Sign term year.,Mon Oct 20 00:00:00 GMT+01:00 2025,Birthday,6547
6548,Write fine cold.,Mon Aug 18 00:00:00 GMT+01:00 2025,Private Party,6548
6549,Today.,Tue Aug 02 00:00:00 GMT+01:00 2022,Private Party,6549
6550,There garden worry.,Sun Jan 12 00:00:00 GMT+01:00 2025,Private Party,6550
6551,Old cause.,Tue Dec 06 00:00:00 GMT+01:00 2022,Birthday,6551
6552,Western radio cold.,Fri Jul 12 00:00:00 GMT+01:00 2024,Birthday,6552
6553,Never remember human.,Sun Apr 17 00:00:00 GMT+01:00 2022,Wedding,6553
6554,Seven really successful paper.,Wed Feb 23 00:00:00 GMT+01:00 2022,Corporate Event,6554
6555,Not turn.,Tue Mar 19 00:00:00 GMT+01:00 2024,Wedding,6555
6556,Ability.,Mon Jan 09 00:00:00 GMT+01:00 2023,Corporate Event,6556
6557,Media technology your.,Wed May 07 00:00:00 GMT+01:00 2025,Private Party,6557
6558,Specific course friend.,Thu Sep 11 00:00:00 GMT+01:00 2025,Wedding,6558
6559,Anything.,Tue Jul 04 00:00:00 GMT+01:00 2023,Private Party,6559
6560,Should yet nation.,Fri Oct 07 00:00:00 GMT+01:00 2022,Private Party,6560
6561,Study dark edge necessary.,Sat Apr 15 00:00:00 GMT+01:00 2023,Wedding,6561
6562,Think event.,Fri Feb 03 00:00:00 GMT+01:00 2023,Wedding,6562
6563,Direction born each.,Sun Dec 15 00:00:00 GMT+01:00 2024,Corporate Event,6563
6564,Major step feel.,Sat Feb 03 00:00:00 GMT+01:00 2024,Corporate Event,6564
6565,Some fast road.,Wed May 24 00:00:00 GMT+01:00 2023,Corporate Event,6565
6566,Possible.,Thu Dec 07 00:00:00 GMT+01:00 2023,Corporate Event,6566
6567,Fine idea police.,Fri Jul 22 00:00:00 GMT+01:00 2022,Wedding,6567
6568,Development.,Wed Nov 20 00:00:00 GMT+01:00 2024,Birthday,6568
6569,Smile her individual.,Sun Apr 24 00:00:00 GMT+01:00 2022,Wedding,6569
6570,His indeed western floor.,Tue Aug 09 00:00:00 GMT+01:00 2022,Birthday,6570
6571,Leave grow enter.,Fri Sep 12 00:00:00 GMT+01:00 2025,Private Party,6571
6572,Job popular.,Sat Oct 05 00:00:00 GMT+01:00 2024,Private Party,6572
6573,Purpose dinner.,Thu Jun 06 00:00:00 GMT+01:00 2024,Private Party,6573
6574,Agree war tax upon.,Fri Feb 25 00:00:00 GMT+01:00 2022,Private Party,6574
6575,Professor player.,Wed Nov 20 00:00:00 GMT+01:00 2024,Corporate Event,6575
6576,More be party.,Thu Sep 11 00:00:00 GMT+01:00 2025,Corporate Event,6576
6577,State behind relate.,Sun Jul 20 00:00:00 GMT+01:00 2025,Private Party,6577
6578,Relate yourself.,Thu Apr 13 00:00:00 GMT+01:00 2023,Private Party,6578
6579,Focus firm moment.,Tue Nov 11 00:00:00 GMT+01:00 2025,Private Party,6579
6580,Wide hospital other learn.,Thu Apr 18 00:00:00 GMT+01:00 2024,Wedding,6580
6581,Magazine.,Sun May 07 00:00:00 GMT+01:00 2023,Private Party,6581
6582,By also bring prevent.,Tue Dec 09 00:00:00 GMT+01:00 2025,Birthday,6582
6583,Possible fight throughout.,Fri Jul 12 00:00:00 GMT+01:00 2024,Corporate Event,6583
6584,Somebody start consumer.,Sat Oct 04 00:00:00 GMT+01:00 2025,Birthday,6584
6585,Tv note network.,Sat Jan 25 00:00:00 GMT+01:00 2025,Corporate Event,6585
6586,Prepare cut.,Fri May 06 00:00:00 GMT+01:00 2022,Corporate Event,6586
6587,Clear.,Thu Jun 23 00:00:00 GMT+01:00 2022,Private Party,6587
6588,Certainly support bill.,Thu Jun 13 00:00:00 GMT+01:00 2024,Birthday,6588
6589,Start ball series.,Fri Feb 03 00:00:00 GMT+01:00 2023,Wedding,6589
6590,Million late item sell.,Sat Feb 18 00:00:00 GMT+01:00 2023,Wedding,6590
6591,Low mission fire.,Mon Nov 03 00:00:00 GMT+01:00 2025,Corporate Event,6591
6592,Push we career.,Thu Sep 08 00:00:00 GMT+01:00 2022,Private Party,6592
6593,Nature three thousand.,Sun Jun 01 00:00:00 GMT+01:00 2025,Birthday,6593
6594,Edge.,Sun Jun 30 00:00:00 GMT+01:00 2024,Birthday,6594
6595,Recently analysis.,Mon Aug 11 00:00:00 GMT+01:00 2025,Wedding,6595
6596,Medical turn analysis.,Thu Jul 03 00:00:00 GMT+01:00 2025,Private Party,6596
6597,Three cell field fall.,Sun Jun 12 00:00:00 GMT+01:00 2022,Corporate Event,6597
6598,Then especially.,Thu Oct 13 00:00:00 GMT+01:00 2022,Corporate Event,6598
6599,Store question president.,Sun Aug 28 00:00:00 GMT+01:00 2022,Private Party,6599
6600,Protect process event.,Wed Jun 12 00:00:00 GMT+01:00 2024,Private Party,6600
6601,Popular learn.,Fri Aug 04 00:00:00 GMT+01:00 2023,Wedding,6601
6602,Another kitchen.,Sat Jul 01 00:00:00 GMT+01:00 2023,Private Party,6602
6603,Hospital section bill.,Mon Apr 29 00:00:00 GMT+01:00 2024,Wedding,6603
6604,Rich doctor look.,Wed Sep 06 00:00:00 GMT+01:00 2023,Private Party,6604
6605,Center baby seek.,Fri Jun 03 00:00:00 GMT+01:00 2022,Private Party,6605
6763,Each onto.,Sat Jun 08 00:00:00 GMT+01:00 2024,Private Party,6606
6606,Strategy beautiful sort.,Sat May 14 00:00:00 GMT+01:00 2022,Wedding,6607
6607,Likely training produce.,Thu Dec 12 00:00:00 GMT+01:00 2024,Wedding,6608
6608,Wonder.,Sat Jul 13 00:00:00 GMT+01:00 2024,Birthday,6609
6609,Product huge.,Wed Jun 22 00:00:00 GMT+01:00 2022,Wedding,6610
6610,Put for house.,Thu Aug 07 00:00:00 GMT+01:00 2025,Birthday,6611
6611,As model reflect.,Wed Apr 23 00:00:00 GMT+01:00 2025,Corporate Event,6612
6612,Focus billion exist animal.,Sun Feb 26 00:00:00 GMT+01:00 2023,Private Party,6613
6613,Organization day who skill.,Tue Dec 13 00:00:00 GMT+01:00 2022,Corporate Event,6614
6614,Lose ask.,Tue Mar 18 00:00:00 GMT+01:00 2025,Corporate Event,6615
6615,Political reality.,Mon Jun 10 00:00:00 GMT+01:00 2024,Private Party,6616
6616,Human itself.,Mon Mar 28 00:00:00 GMT+01:00 2022,Birthday,6617
6617,Notice like.,Mon Aug 15 00:00:00 GMT+01:00 2022,Private Party,6618
6618,Address.,Fri Aug 11 00:00:00 GMT+01:00 2023,Birthday,6619
6619,System local.,Mon Mar 13 00:00:00 GMT+01:00 2023,Birthday,6620
6620,Factor tree.,Sun Jan 23 00:00:00 GMT+01:00 2022,Corporate Event,6621
6621,Issue exactly available.,Mon Aug 19 00:00:00 GMT+01:00 2024,Birthday,6622
6622,Yeah build recent.,Thu Jun 30 00:00:00 GMT+01:00 2022,Wedding,6623
6623,Kid score.,Sat Feb 22 00:00:00 GMT+01:00 2025,Birthday,6624
6624,Also our situation discuss.,Wed Aug 28 00:00:00 GMT+01:00 2024,Private Party,6625
6625,Chance government.,Tue Jul 01 00:00:00 GMT+01:00 2025,Birthday,6626
6626,Recently guy.,Sun Dec 07 00:00:00 GMT+01:00 2025,Wedding,6627
6627,Part assume.,Sun Aug 28 00:00:00 GMT+01:00 2022,Corporate Event,6628
6628,Address situation.,Tue Aug 29 00:00:00 GMT+01:00 2023,Wedding,6629
6629,Need mouth lot.,Fri Apr 21 00:00:00 GMT+01:00 2023,Private Party,6630
6630,Continue out different.,Wed May 15 00:00:00 GMT+01:00 2024,Private Party,6631
6631,Born specific.,Wed Jun 28 00:00:00 GMT+01:00 2023,Wedding,6632
6632,Director front.,Thu Oct 17 00:00:00 GMT+01:00 2024,Private Party,6633
6633,Data like.,Wed Mar 16 00:00:00 GMT+01:00 2022,Birthday,6634
6634,So somebody.,Thu Sep 21 00:00:00 GMT+01:00 2023,Corporate Event,6635
6635,Including possible.,Wed Nov 01 00:00:00 GMT+01:00 2023,Wedding,6636
6636,Issue new.,Fri Dec 16 00:00:00 GMT+01:00 2022,Wedding,6637
6637,Every author.,Fri Jan 12 00:00:00 GMT+01:00 2024,Birthday,6638
6638,Blood election kid.,Mon Aug 14 00:00:00 GMT+01:00 2023,Private Party,6639
6639,Grow happy kid.,Tue Jan 09 00:00:00 GMT+01:00 2024,Private Party,6640
6640,Region.,Thu May 04 00:00:00 GMT+01:00 2023,Birthday,6641
6641,Down government able.,Tue May 09 00:00:00 GMT+01:00 2023,Wedding,6642
6642,Could from walk.,Tue Oct 01 00:00:00 GMT+01:00 2024,Wedding,6643
6643,Today threat will.,Fri Oct 21 00:00:00 GMT+01:00 2022,Corporate Event,6644
6644,Make travel.,Sun Sep 14 00:00:00 GMT+01:00 2025,Wedding,6645
6645,Raise thus.,Tue Oct 11 00:00:00 GMT+01:00 2022,Corporate Event,6646
6646,Player.,Mon Dec 19 00:00:00 GMT+01:00 2022,Birthday,6647
6647,Out memory school.,Wed Nov 02 00:00:00 GMT+01:00 2022,Birthday,6648
6648,Wind tax.,Sat Apr 29 00:00:00 GMT+01:00 2023,Private Party,6649
6649,Player yet class.,Thu Jan 05 00:00:00 GMT+01:00 2023,Private Party,6650
6650,Leave church.,Mon Aug 25 00:00:00 GMT+01:00 2025,Corporate Event,6651
6651,Report style evening.,Wed Jul 12 00:00:00 GMT+01:00 2023,Wedding,6652
6652,Today new.,Mon Nov 04 00:00:00 GMT+01:00 2024,Wedding,6653
6653,When.,Sat Mar 22 00:00:00 GMT+01:00 2025,Birthday,6654
6654,Claim listen.,Fri Sep 12 00:00:00 GMT+01:00 2025,Wedding,6655
6655,Present reach.,Sun Apr 09 00:00:00 GMT+01:00 2023,Private Party,6656
6656,His reveal study.,Wed Nov 26 00:00:00 GMT+01:00 2025,Birthday,6657
6657,Figure movie.,Mon Sep 30 00:00:00 GMT+01:00 2024,Wedding,6658
6658,Around.,Tue Apr 18 00:00:00 GMT+01:00 2023,Private Party,6659
6659,Of leave.,Wed Jul 19 00:00:00 GMT+01:00 2023,Corporate Event,6660
6660,Party.,Sat Aug 05 00:00:00 GMT+01:00 2023,Corporate Event,6661
6661,How bar goal.,Tue Aug 06 00:00:00 GMT+01:00 2024,Private Party,6662
6663,Left arm reason.,Fri Sep 20 00:00:00 GMT+01:00 2024,Corporate Event,6664
6664,Rule imagine pattern.,Sat Mar 25 00:00:00 GMT+01:00 2023,Corporate Event,6665
6665,International tough.,Mon Feb 06 00:00:00 GMT+01:00 2023,Wedding,6666
6666,Serious.,Mon Aug 22 00:00:00 GMT+01:00 2022,Private Party,6667
6667,Great last build.,Sun Nov 23 00:00:00 GMT+01:00 2025,Private Party,6668
6668,Nothing.,Sun Mar 13 00:00:00 GMT+01:00 2022,Wedding,6669
6669,Seven camera blue.,Fri Aug 15 00:00:00 GMT+01:00 2025,Birthday,6670
6670,Imagine method.,Wed Mar 20 00:00:00 GMT+01:00 2024,Corporate Event,6671
6671,Wear think notice without.,Sat Nov 18 00:00:00 GMT+01:00 2023,Corporate Event,6672
6672,Wind me.,Sat May 13 00:00:00 GMT+01:00 2023,Wedding,6673
6673,Building security.,Wed Sep 17 00:00:00 GMT+01:00 2025,Birthday,6674
6674,Capital.,Sun Jul 21 00:00:00 GMT+01:00 2024,Birthday,6675
6675,About boy.,Tue Mar 22 00:00:00 GMT+01:00 2022,Private Party,6676
6676,Party.,Thu Feb 13 00:00:00 GMT+01:00 2025,Private Party,6677
6677,Individual benefit example.,Wed Sep 11 00:00:00 GMT+01:00 2024,Private Party,6678
6678,Energy occur family.,Sun Apr 14 00:00:00 GMT+01:00 2024,Private Party,6679
6679,Pick impact rest.,Thu Jul 21 00:00:00 GMT+01:00 2022,Corporate Event,6680
6680,Tell where.,Sun Feb 06 00:00:00 GMT+01:00 2022,Corporate Event,6681
6681,Entire stage news.,Wed Jan 25 00:00:00 GMT+01:00 2023,Birthday,6682
6682,Admit.,Wed Sep 21 00:00:00 GMT+01:00 2022,Private Party,6683
6683,Brother situation future.,Fri Mar 22 00:00:00 GMT+01:00 2024,Birthday,6684
6684,Generation.,Fri May 12 00:00:00 GMT+01:00 2023,Wedding,6685
6685,Bit because whether.,Fri Feb 17 00:00:00 GMT+01:00 2023,Private Party,6686
6686,Always north morning.,Tue Sep 16 00:00:00 GMT+01:00 2025,Private Party,6687
6687,Public accept bad.,Wed Jun 01 00:00:00 GMT+01:00 2022,Private Party,6688
6688,Amount you.,Thu Jun 01 00:00:00 GMT+01:00 2023,Corporate Event,6689
6689,Significant between.,Tue Apr 30 00:00:00 GMT+01:00 2024,Private Party,6690
6690,Me detail against.,Tue Feb 08 00:00:00 GMT+01:00 2022,Wedding,6691
6691,Congress.,Sun Feb 12 00:00:00 GMT+01:00 2023,Private Party,6692
6692,Enjoy successful.,Tue Dec 17 00:00:00 GMT+01:00 2024,Corporate Event,6693
6693,Else they.,Sat Nov 22 00:00:00 GMT+01:00 2025,Private Party,6694
6694,Claim different.,Sun Feb 13 00:00:00 GMT+01:00 2022,Birthday,6695
6695,Learn nature news.,Sat Sep 13 00:00:00 GMT+01:00 2025,Wedding,6696
6696,Green vote.,Fri Sep 29 00:00:00 GMT+01:00 2023,Corporate Event,6697
6697,Minute.,Mon Oct 24 00:00:00 GMT+01:00 2022,Private Party,6698
6698,Agency political.,Fri Jun 24 00:00:00 GMT+01:00 2022,Private Party,6699
6699,Space present.,Tue Feb 18 00:00:00 GMT+01:00 2025,Birthday,6700
6700,Candidate people avoid.,Sun Aug 03 00:00:00 GMT+01:00 2025,Wedding,6701
6701,Father major.,Mon Apr 29 00:00:00 GMT+01:00 2024,Private Party,6702
6702,Less physical best health.,Fri Oct 17 00:00:00 GMT+01:00 2025,Birthday,6703
6703,No several attention professor.,Fri Jul 26 00:00:00 GMT+01:00 2024,Private Party,6704
6704,Democratic including cover.,Sat Jul 30 00:00:00 GMT+01:00 2022,Wedding,6705
6705,Management against local.,Tue Jun 07 00:00:00 GMT+01:00 2022,Corporate Event,6706
6706,Eye north.,Sun Feb 25 00:00:00 GMT+01:00 2024,Birthday,6707
6707,Guy order.,Fri Sep 13 00:00:00 GMT+01:00 2024,Birthday,6708
6708,Morning sign pattern.,Wed Feb 14 00:00:00 GMT+01:00 2024,Birthday,6709
6709,Live section.,Sat Jul 27 00:00:00 GMT+01:00 2024,Corporate Event,6710
6710,Receive bar.,Mon Sep 25 00:00:00 GMT+01:00 2023,Corporate Event,6711
6711,Strategy attorney interview.,Thu Sep 25 00:00:00 GMT+01:00 2025,Birthday,6712
6712,Trip a be.,Tue May 31 00:00:00 GMT+01:00 2022,Private Party,6713
6713,Toward author her.,Sun Dec 28 00:00:00 GMT+01:00 2025,Wedding,6714
6714,Someone high sit.,Tue Nov 08 00:00:00 GMT+01:00 2022,Corporate Event,6715
6715,Moment technology Democrat everyone.,Sun Dec 22 00:00:00 GMT+01:00 2024,Birthday,6716
6716,Data ground.,Tue Mar 08 00:00:00 GMT+01:00 2022,Birthday,6717
6717,Grow action.,Thu Jul 28 00:00:00 GMT+01:00 2022,Corporate Event,6718
6718,Nature protect already.,Wed Dec 21 00:00:00 GMT+01:00 2022,Birthday,6719
6719,Place weight.,Tue Nov 21 00:00:00 GMT+01:00 2023,Birthday,6720
6720,Window three hot risk.,Tue Oct 18 00:00:00 GMT+01:00 2022,Birthday,6721
6721,Bank catch education.,Mon Sep 11 00:00:00 GMT+01:00 2023,Wedding,6722
6722,Exist other imagine.,Mon Oct 17 00:00:00 GMT+01:00 2022,Wedding,6723
6723,Suggest election run other.,Thu Nov 23 00:00:00 GMT+01:00 2023,Private Party,6724
6724,Forget tend.,Sun Apr 07 00:00:00 GMT+01:00 2024,Birthday,6725
6725,In specific.,Wed May 03 00:00:00 GMT+01:00 2023,Wedding,6726
6726,City successful score.,Tue Jun 17 00:00:00 GMT+01:00 2025,Birthday,6727
6727,Entire exactly news.,Mon Jul 25 00:00:00 GMT+01:00 2022,Private Party,6728
6728,Someone change.,Sun Nov 24 00:00:00 GMT+01:00 2024,Birthday,6729
6729,As since.,Mon Feb 10 00:00:00 GMT+01:00 2025,Corporate Event,6730
6730,Eight fill.,Mon Jul 01 00:00:00 GMT+01:00 2024,Private Party,6731
6731,Think huge serve.,Thu Oct 03 00:00:00 GMT+01:00 2024,Private Party,6732
6732,Past PM cold.,Mon Apr 14 00:00:00 GMT+01:00 2025,Private Party,6733
6733,People nearly politics.,Wed Jun 05 00:00:00 GMT+01:00 2024,Wedding,6734
6734,Still however scientist.,Mon Aug 26 00:00:00 GMT+01:00 2024,Private Party,6735
6735,Benefit have.,Sun Jul 23 00:00:00 GMT+01:00 2023,Birthday,6736
6736,Business whether.,Wed Oct 04 00:00:00 GMT+01:00 2023,Birthday,6737
6737,Simply.,Tue Sep 30 00:00:00 GMT+01:00 2025,Birthday,6738
6738,Teacher fish treatment.,Tue Oct 01 00:00:00 GMT+01:00 2024,Birthday,6739
6739,Road base customer.,Sun Oct 12 00:00:00 GMT+01:00 2025,Birthday,6740
6740,Manager.,Wed Dec 21 00:00:00 GMT+01:00 2022,Wedding,6741
6741,Stop.,Tue Apr 11 00:00:00 GMT+01:00 2023,Corporate Event,6742
6742,Everybody remember.,Sun Jul 27 00:00:00 GMT+01:00 2025,Corporate Event,6743
6743,Work person his.,Thu Oct 10 00:00:00 GMT+01:00 2024,Birthday,6744
6744,Check because act.,Mon Apr 11 00:00:00 GMT+01:00 2022,Corporate Event,6745
6745,Believe house.,Sat Sep 21 00:00:00 GMT+01:00 2024,Wedding,6746
6746,Enjoy suddenly song.,Sat Jul 02 00:00:00 GMT+01:00 2022,Birthday,6747
6747,Yard enter company.,Mon Sep 25 00:00:00 GMT+01:00 2023,Corporate Event,6748
6748,Wall while discover several.,Wed May 29 00:00:00 GMT+01:00 2024,Private Party,6749
6749,Thing sit.,Mon Feb 26 00:00:00 GMT+01:00 2024,Corporate Event,6750
6750,Prepare establish show.,Thu Apr 21 00:00:00 GMT+01:00 2022,Private Party,6751
6751,Never idea.,Wed Jun 05 00:00:00 GMT+01:00 2024,Wedding,6752
6752,Good discussion to.,Thu Dec 14 00:00:00 GMT+01:00 2023,Private Party,6753
6753,Too explain.,Wed Feb 08 00:00:00 GMT+01:00 2023,Corporate Event,6754
6754,Traditional until friend.,Thu Sep 14 00:00:00 GMT+01:00 2023,Birthday,6755
6755,Message assume suddenly.,Wed Dec 18 00:00:00 GMT+01:00 2024,Wedding,6756
6756,Sing available.,Thu Nov 30 00:00:00 GMT+01:00 2023,Corporate Event,6757
6757,Look raise.,Sat Feb 25 00:00:00 GMT+01:00 2023,Private Party,6758
6758,Eight case.,Wed Nov 20 00:00:00 GMT+01:00 2024,Wedding,6759
6759,True garden.,Fri Sep 01 00:00:00 GMT+01:00 2023,Birthday,6760
6760,Model idea.,Fri Mar 15 00:00:00 GMT+01:00 2024,Birthday,6761
6761,Still stuff.,Wed Jul 30 00:00:00 GMT+01:00 2025,Private Party,6762
6762,Team.,Tue May 02 00:00:00 GMT+01:00 2023,Private Party,6763
6764,Country simple.,Mon May 26 00:00:00 GMT+01:00 2025,Private Party,6764
6765,Opportunity risk big fight.,Sat Nov 18 00:00:00 GMT+01:00 2023,Birthday,6765
6766,Figure indicate.,Thu Mar 20 00:00:00 GMT+01:00 2025,Corporate Event,6766
6767,Message research out.,Thu May 19 00:00:00 GMT+01:00 2022,Private Party,6767
6768,Pick.,Wed Jan 18 00:00:00 GMT+01:00 2023,Private Party,6768
6769,Population best.,Tue Nov 08 00:00:00 GMT+01:00 2022,Birthday,6769
6770,Task condition relationship.,Tue Nov 14 00:00:00 GMT+01:00 2023,Corporate Event,6770
6771,At my program really.,Fri Dec 08 00:00:00 GMT+01:00 2023,Wedding,6771
6772,East head individual.,Sun Mar 20 00:00:00 GMT+01:00 2022,Wedding,6772
6773,Tend.,Fri Jan 28 00:00:00 GMT+01:00 2022,Wedding,6773
6774,Try hot only.,Tue Mar 04 00:00:00 GMT+01:00 2025,Birthday,6774
6775,Majority.,Sun Aug 20 00:00:00 GMT+01:00 2023,Birthday,6775
6776,Together try sister employee.,Sun Mar 26 00:00:00 GMT+01:00 2023,Private Party,6776
6777,General education.,Tue Feb 06 00:00:00 GMT+01:00 2024,Wedding,6777
6778,By growth.,Fri Jul 14 00:00:00 GMT+01:00 2023,Wedding,6778
6779,Success particular.,Fri Apr 19 00:00:00 GMT+01:00 2024,Corporate Event,6779
6780,Wife education.,Sun Sep 10 00:00:00 GMT+01:00 2023,Wedding,6780
6781,At traditional owner.,Thu Jun 01 00:00:00 GMT+01:00 2023,Private Party,6781
6782,Dog in mission.,Thu Jan 16 00:00:00 GMT+01:00 2025,Wedding,6782
6783,Among need read.,Sun May 08 00:00:00 GMT+01:00 2022,Birthday,6783
6784,Professional tend a.,Sun Oct 30 00:00:00 GMT+01:00 2022,Private Party,6784
6785,These.,Fri Apr 19 00:00:00 GMT+01:00 2024,Private Party,6785
6786,Argue second century store.,Mon Feb 07 00:00:00 GMT+01:00 2022,Wedding,6786
6787,Single hold.,Fri Jul 12 00:00:00 GMT+01:00 2024,Private Party,6787
6788,View family since.,Wed Aug 27 00:00:00 GMT+01:00 2025,Private Party,6788
6789,Federal.,Tue Mar 26 00:00:00 GMT+01:00 2024,Corporate Event,6789
6790,Lead.,Wed Apr 24 00:00:00 GMT+01:00 2024,Corporate Event,6790
6791,Country role let.,Tue May 17 00:00:00 GMT+01:00 2022,Birthday,6791
6792,Weight join store.,Sun Dec 25 00:00:00 GMT+01:00 2022,Wedding,6792
6793,As stock.,Thu Dec 12 00:00:00 GMT+01:00 2024,Corporate Event,6793
6794,Three operation parent modern.,Mon Sep 23 00:00:00 GMT+01:00 2024,Wedding,6794
6795,Clearly particularly professional.,Tue May 31 00:00:00 GMT+01:00 2022,Wedding,6795
6796,Cause one.,Fri Apr 21 00:00:00 GMT+01:00 2023,Wedding,6796
6797,I throughout foot.,Sun Oct 02 00:00:00 GMT+01:00 2022,Private Party,6797
6798,Whatever natural hope.,Thu Jul 28 00:00:00 GMT+01:00 2022,Wedding,6798
6799,Election wait.,Tue Jun 03 00:00:00 GMT+01:00 2025,Corporate Event,6799
6800,Safe.,Sun Oct 27 00:00:00 GMT+01:00 2024,Birthday,6800
6801,Me wind.,Sun Dec 11 00:00:00 GMT+01:00 2022,Birthday,6801
6802,Identify check.,Sun Sep 10 00:00:00 GMT+01:00 2023,Private Party,6802
6803,Bill majority degree hope.,Tue Nov 12 00:00:00 GMT+01:00 2024,Corporate Event,6803
6804,Trip to.,Thu Sep 18 00:00:00 GMT+01:00 2025,Corporate Event,6804
6805,Building sense.,Sat Jun 14 00:00:00 GMT+01:00 2025,Wedding,6805
6806,I heavy sell.,Sun Jun 12 00:00:00 GMT+01:00 2022,Corporate Event,6806
6807,Moment matter role.,Mon Jul 14 00:00:00 GMT+01:00 2025,Wedding,6807
6808,Computer.,Fri Nov 07 00:00:00 GMT+01:00 2025,Birthday,6808
6809,Better.,Sat Feb 05 00:00:00 GMT+01:00 2022,Wedding,6809
6810,Activity figure chance.,Wed Sep 27 00:00:00 GMT+01:00 2023,Birthday,6810
6811,Establish ground.,Tue Aug 12 00:00:00 GMT+01:00 2025,Birthday,6811
6812,Car toward.,Sun Mar 05 00:00:00 GMT+01:00 2023,Corporate Event,6812
6813,Mr about region.,Wed Aug 23 00:00:00 GMT+01:00 2023,Wedding,6813
6814,Card nearly.,Sun Jul 30 00:00:00 GMT+01:00 2023,Birthday,6814
6815,Of news itself.,Sun Apr 17 00:00:00 GMT+01:00 2022,Wedding,6815
6816,Left.,Thu May 05 00:00:00 GMT+01:00 2022,Private Party,6816
6817,Smile specific similar.,Wed Feb 08 00:00:00 GMT+01:00 2023,Birthday,6817
6818,Room commercial charge president.,Mon Feb 12 00:00:00 GMT+01:00 2024,Wedding,6818
6819,Note small training.,Sat Mar 12 00:00:00 GMT+01:00 2022,Private Party,6819
6820,Rock human.,Wed Aug 03 00:00:00 GMT+01:00 2022,Private Party,6820
6821,Back with per.,Mon Mar 07 00:00:00 GMT+01:00 2022,Birthday,6821
6822,Father common everyone.,Thu Feb 13 00:00:00 GMT+01:00 2025,Wedding,6822
6823,Both music.,Tue Dec 19 00:00:00 GMT+01:00 2023,Corporate Event,6823
6824,Word everyone.,Sun Apr 23 00:00:00 GMT+01:00 2023,Wedding,6824
6825,Public fill.,Sun Oct 06 00:00:00 GMT+01:00 2024,Wedding,6825
6826,Congress.,Sun Jun 30 00:00:00 GMT+01:00 2024,Corporate Event,6826
6827,Herself standard.,Mon Dec 01 00:00:00 GMT+01:00 2025,Private Party,6827
6828,Book professor member.,Thu Apr 24 00:00:00 GMT+01:00 2025,Corporate Event,6828
6829,Trip station body example.,Mon Nov 04 00:00:00 GMT+01:00 2024,Birthday,6829
6830,Young several budget.,Mon Feb 21 00:00:00 GMT+01:00 2022,Corporate Event,6830
6831,Pretty common.,Sun Apr 06 00:00:00 GMT+01:00 2025,Private Party,6831
6832,Also debate large.,Sun Apr 21 00:00:00 GMT+01:00 2024,Wedding,6832
6833,Explain there.,Tue Apr 12 00:00:00 GMT+01:00 2022,Wedding,6833
6834,Dream enter.,Sat Aug 31 00:00:00 GMT+01:00 2024,Private Party,6834
6835,Reduce.,Tue Aug 27 00:00:00 GMT+01:00 2024,Corporate Event,6835
6836,Get guess.,Tue Mar 29 00:00:00 GMT+01:00 2022,Wedding,6836
6837,Example right floor late.,Thu Oct 05 00:00:00 GMT+01:00 2023,Private Party,6837
6838,Assume wind.,Thu Sep 11 00:00:00 GMT+01:00 2025,Birthday,6838
6839,Report board.,Thu Dec 15 00:00:00 GMT+01:00 2022,Wedding,6839
6840,Performance challenge.,Sat Nov 22 00:00:00 GMT+01:00 2025,Birthday,6840
6841,Commercial fast.,Fri Sep 19 00:00:00 GMT+01:00 2025,Wedding,6841
6842,Find job determine.,Wed Aug 10 00:00:00 GMT+01:00 2022,Birthday,6842
6843,Our air.,Tue Jun 04 00:00:00 GMT+01:00 2024,Wedding,6843
6844,Should product wife.,Tue Oct 31 00:00:00 GMT+01:00 2023,Wedding,6844
6845,Notice six southern.,Sat Jun 25 00:00:00 GMT+01:00 2022,Wedding,6845
6846,Whether there.,Sun Jun 04 00:00:00 GMT+01:00 2023,Birthday,6846
6847,Company.,Sun Jun 01 00:00:00 GMT+01:00 2025,Private Party,6847
6848,Bag person.,Sun Oct 22 00:00:00 GMT+01:00 2023,Corporate Event,6848
6849,Project theory past.,Mon Jun 23 00:00:00 GMT+01:00 2025,Birthday,6849
6850,Maybe reduce decide.,Wed Jan 19 00:00:00 GMT+01:00 2022,Private Party,6850
6851,Behavior choose least.,Tue Oct 28 00:00:00 GMT+01:00 2025,Corporate Event,6851
6852,Social their.,Fri Nov 10 00:00:00 GMT+01:00 2023,Wedding,6852
6853,Eat oil south rate.,Sun Jan 12 00:00:00 GMT+01:00 2025,Private Party,6853
6854,Gas production Mrs.,Sat Aug 19 00:00:00 GMT+01:00 2023,Corporate Event,6854
6855,There have shake Congress.,Fri Dec 29 00:00:00 GMT+01:00 2023,Private Party,6855
6856,Decide trial.,Thu Mar 31 00:00:00 GMT+01:00 2022,Private Party,6856
6857,Mind position page.,Thu Jun 27 00:00:00 GMT+01:00 2024,Birthday,6857
6858,Kid game.,Thu May 26 00:00:00 GMT+01:00 2022,Wedding,6858
6859,Police hold situation.,Mon Jun 23 00:00:00 GMT+01:00 2025,Private Party,6859
6860,Today actually.,Fri Oct 11 00:00:00 GMT+01:00 2024,Corporate Event,6860
6861,Rather seven.,Sat Sep 27 00:00:00 GMT+01:00 2025,Corporate Event,6861
6862,Direction.,Sat May 04 00:00:00 GMT+01:00 2024,Corporate Event,6862
6863,After add ahead.,Thu Nov 24 00:00:00 GMT+01:00 2022,Corporate Event,6863
6864,Own marriage garden.,Wed Nov 02 00:00:00 GMT+01:00 2022,Birthday,6864
6865,True three.,Thu Apr 10 00:00:00 GMT+01:00 2025,Wedding,6865
6866,Sign store father.,Thu Apr 03 00:00:00 GMT+01:00 2025,Private Party,6866
6867,Occur course start.,Wed Mar 16 00:00:00 GMT+01:00 2022,Birthday,6867
6868,Season suffer be.,Mon Sep 25 00:00:00 GMT+01:00 2023,Wedding,6868
6869,Black character.,Tue Sep 06 00:00:00 GMT+01:00 2022,Private Party,6869
6870,Time stand.,Tue Jul 19 00:00:00 GMT+01:00 2022,Birthday,6870
6871,Art main.,Mon Jul 18 00:00:00 GMT+01:00 2022,Private Party,6871
6872,Nothing step.,Thu Dec 29 00:00:00 GMT+01:00 2022,Wedding,6872
6873,Down five.,Sun Jun 01 00:00:00 GMT+01:00 2025,Corporate Event,6873
6874,Country raise forward.,Tue Jul 16 00:00:00 GMT+01:00 2024,Birthday,6874
6875,Field successful.,Fri Mar 08 00:00:00 GMT+01:00 2024,Birthday,6875
6876,Concern capital.,Fri Oct 28 00:00:00 GMT+01:00 2022,Private Party,6876
6877,Clearly ground college training.,Mon Apr 14 00:00:00 GMT+01:00 2025,Birthday,6877
6878,Not north this.,Sun Apr 24 00:00:00 GMT+01:00 2022,Corporate Event,6878
6879,Along because stuff major.,Sun Oct 20 00:00:00 GMT+01:00 2024,Corporate Event,6879
6880,About these case.,Sun Mar 03 00:00:00 GMT+01:00 2024,Corporate Event,6880
6881,Chair thus carry player.,Mon Jul 18 00:00:00 GMT+01:00 2022,Birthday,6881
6882,Sense.,Thu Jan 05 00:00:00 GMT+01:00 2023,Private Party,6882
6883,Off coach.,Sat Aug 19 00:00:00 GMT+01:00 2023,Birthday,6883
6884,Form audience professor.,Fri Jan 03 00:00:00 GMT+01:00 2025,Corporate Event,6884
6885,World purpose put.,Mon Oct 21 00:00:00 GMT+01:00 2024,Birthday,6885
6886,Rate crime.,Sun Dec 21 00:00:00 GMT+01:00 2025,Private Party,6886
6887,Small three local.,Fri Mar 01 00:00:00 GMT+01:00 2024,Private Party,6887
6888,Thing down.,Sun Aug 13 00:00:00 GMT+01:00 2023,Wedding,6888
6889,Officer exactly economy.,Thu Jun 26 00:00:00 GMT+01:00 2025,Wedding,6889
6890,Write structure space culture.,Sun Jan 12 00:00:00 GMT+01:00 2025,Wedding,6890
6891,Strategy president soon.,Mon Sep 30 00:00:00 GMT+01:00 2024,Wedding,6891
6892,Herself way red support.,Tue Nov 29 00:00:00 GMT+01:00 2022,Wedding,6892
6893,Modern Congress.,Thu Feb 23 00:00:00 GMT+01:00 2023,Private Party,6893
6894,They truth during.,Fri Sep 15 00:00:00 GMT+01:00 2023,Private Party,6894
6895,Center operation ability.,Thu Feb 02 00:00:00 GMT+01:00 2023,Wedding,6895
6896,Letter not home.,Sun Jun 12 00:00:00 GMT+01:00 2022,Wedding,6896
6897,Skin interesting camera.,Sat May 11 00:00:00 GMT+01:00 2024,Private Party,6897
6898,Happen player himself.,Tue Apr 22 00:00:00 GMT+01:00 2025,Private Party,6898
6899,Resource memory.,Mon Feb 19 00:00:00 GMT+01:00 2024,Private Party,6899
6900,Animal finally.,Thu May 12 00:00:00 GMT+01:00 2022,Birthday,6900
6901,Unit property it.,Fri Apr 04 00:00:00 GMT+01:00 2025,Wedding,6901
6902,Land free simple energy.,Tue Aug 16 00:00:00 GMT+01:00 2022,Birthday,6902
6903,Big impact.,Sat Oct 15 00:00:00 GMT+01:00 2022,Corporate Event,6903
6904,You carry.,Mon Aug 25 00:00:00 GMT+01:00 2025,Private Party,6904
6905,Suggest sister.,Tue May 28 00:00:00 GMT+01:00 2024,Corporate Event,6905
6906,Blood affect.,Thu Jun 15 00:00:00 GMT+01:00 2023,Private Party,6906
6907,The religious high.,Fri Jul 05 00:00:00 GMT+01:00 2024,Corporate Event,6907
6908,Ability pretty author.,Fri Dec 15 00:00:00 GMT+01:00 2023,Wedding,6908
6909,Feeling author.,Sat Sep 17 00:00:00 GMT+01:00 2022,Private Party,6909
6910,Public turn history.,Sat Jul 08 00:00:00 GMT+01:00 2023,Private Party,6910
6911,The technology.,Sat Nov 15 00:00:00 GMT+01:00 2025,Birthday,6911
6912,We less.,Tue Oct 25 00:00:00 GMT+01:00 2022,Birthday,6912
6913,Late collection left.,Mon Nov 03 00:00:00 GMT+01:00 2025,Private Party,6913
6914,Less home play evening.,Sat May 11 00:00:00 GMT+01:00 2024,Corporate Event,6914
6915,Power fear.,Wed Jun 15 00:00:00 GMT+01:00 2022,Birthday,6915
6916,Line clearly require area.,Fri Apr 18 00:00:00 GMT+01:00 2025,Birthday,6916
6917,College she.,Tue Sep 24 00:00:00 GMT+01:00 2024,Corporate Event,6917
6918,Reduce soldier.,Fri Feb 21 00:00:00 GMT+01:00 2025,Private Party,6918
6919,Official give.,Wed Aug 14 00:00:00 GMT+01:00 2024,Birthday,6919
6920,Reveal crime fill.,Mon Nov 28 00:00:00 GMT+01:00 2022,Private Party,6920
6921,Accept assume.,Tue Jun 28 00:00:00 GMT+01:00 2022,Birthday,6921
6922,Team last national.,Sat Sep 21 00:00:00 GMT+01:00 2024,Corporate Event,6922
6923,Election expect standard.,Fri Jul 26 00:00:00 GMT+01:00 2024,Private Party,6923
6924,Pull response traditional.,Tue Jun 11 00:00:00 GMT+01:00 2024,Corporate Event,6924
6925,Inside professor hit.,Sun Oct 08 00:00:00 GMT+01:00 2023,Wedding,6925
6926,Likely purpose name.,Sun Mar 31 00:00:00 GMT+01:00 2024,Wedding,6926
6927,Technology allow.,Sat Oct 12 00:00:00 GMT+01:00 2024,Corporate Event,6927
6928,Cup discover option.,Thu Dec 28 00:00:00 GMT+01:00 2023,Wedding,6928
6929,Large prove.,Sun Sep 07 00:00:00 GMT+01:00 2025,Wedding,6929
6930,One throw learn.,Tue May 28 00:00:00 GMT+01:00 2024,Corporate Event,6930
6931,See.,Wed Mar 22 00:00:00 GMT+01:00 2023,Birthday,6931
6932,Lot read.,Fri Aug 30 00:00:00 GMT+01:00 2024,Corporate Event,6932
6933,Run ever over.,Sat Jan 14 00:00:00 GMT+01:00 2023,Wedding,6933
6934,Doctor stand.,Thu Mar 07 00:00:00 GMT+01:00 2024,Birthday,6934
6935,Despite material.,Mon Nov 10 00:00:00 GMT+01:00 2025,Private Party,6935
6936,Least democratic investment.,Thu Jun 15 00:00:00 GMT+01:00 2023,Private Party,6936
6937,Send lot.,Mon Feb 07 00:00:00 GMT+01:00 2022,Wedding,6937
6938,Prove development.,Sat Mar 26 00:00:00 GMT+01:00 2022,Private Party,6938
6939,Low feel.,Tue Dec 10 00:00:00 GMT+01:00 2024,Corporate Event,6939
6940,Husband if.,Sun Jul 20 00:00:00 GMT+01:00 2025,Corporate Event,6940
6941,Interest state.,Fri Sep 05 00:00:00 GMT+01:00 2025,Corporate Event,6941
6942,Expect forget book.,Mon Apr 29 00:00:00 GMT+01:00 2024,Private Party,6942
6943,Enjoy summer reflect.,Fri Sep 15 00:00:00 GMT+01:00 2023,Wedding,6943
6944,Trade official interesting.,Wed Jul 19 00:00:00 GMT+01:00 2023,Wedding,6944
6945,About take friend.,Sat Aug 19 00:00:00 GMT+01:00 2023,Wedding,6945
6946,That check.,Wed May 22 00:00:00 GMT+01:00 2024,Birthday,6946
6947,Through I.,Thu Nov 09 00:00:00 GMT+01:00 2023,Private Party,6947
6948,Per food.,Fri May 10 00:00:00 GMT+01:00 2024,Corporate Event,6948
6949,Still class gas.,Tue Jul 19 00:00:00 GMT+01:00 2022,Wedding,6949
6950,Fly report mention any.,Mon Mar 28 00:00:00 GMT+01:00 2022,Private Party,6950
6951,Bed point between.,Mon Feb 17 00:00:00 GMT+01:00 2025,Corporate Event,6951
6952,Difficult probably water.,Sat Aug 27 00:00:00 GMT+01:00 2022,Birthday,6952
6953,Down development leader speak.,Sat Jan 13 00:00:00 GMT+01:00 2024,Wedding,6953
6954,Pay environment.,Tue Aug 27 00:00:00 GMT+01:00 2024,Wedding,6954
6955,Professional serve.,Thu Aug 29 00:00:00 GMT+01:00 2024,Private Party,6955
6956,While officer guy.,Tue Apr 11 00:00:00 GMT+01:00 2023,Wedding,6956
6957,Direction ground.,Tue Nov 05 00:00:00 GMT+01:00 2024,Birthday,6957
6958,Reality.,Fri Dec 05 00:00:00 GMT+01:00 2025,Private Party,6958
6959,Police chance travel.,Sun Mar 06 00:00:00 GMT+01:00 2022,Wedding,6959
6960,Easy dog.,Sun Dec 14 00:00:00 GMT+01:00 2025,Corporate Event,6960
6961,Home system.,Sat Nov 18 00:00:00 GMT+01:00 2023,Birthday,6961
6962,Paper.,Sat May 18 00:00:00 GMT+01:00 2024,Birthday,6962
6963,Sign.,Tue Oct 31 00:00:00 GMT+01:00 2023,Wedding,6963
6964,Agreement wife.,Mon Jan 27 00:00:00 GMT+01:00 2025,Corporate Event,6964
6965,Fine whose debate.,Thu Sep 01 00:00:00 GMT+01:00 2022,Wedding,6965
6966,Listen clear.,Fri Feb 09 00:00:00 GMT+01:00 2024,Corporate Event,6966
6967,Identify choose Mrs.,Wed Aug 07 00:00:00 GMT+01:00 2024,Private Party,6967
6968,Lot way do dog.,Sun Apr 17 00:00:00 GMT+01:00 2022,Corporate Event,6968
6969,Base situation attorney.,Fri Apr 12 00:00:00 GMT+01:00 2024,Private Party,6969
6970,Federal go.,Fri Jun 20 00:00:00 GMT+01:00 2025,Corporate Event,6970
6971,Protect sound under.,Sat Nov 18 00:00:00 GMT+01:00 2023,Wedding,6971
6972,Hand member physical.,Tue Feb 27 00:00:00 GMT+01:00 2024,Wedding,6972
6973,Reason.,Wed Feb 19 00:00:00 GMT+01:00 2025,Birthday,6973
6974,Maintain town.,Wed Jun 21 00:00:00 GMT+01:00 2023,Private Party,6974
6975,Direction necessary.,Wed Mar 09 00:00:00 GMT+01:00 2022,Corporate Event,6975
6976,Run price line.,Tue Dec 05 00:00:00 GMT+01:00 2023,Private Party,6976
6977,Office gun from.,Mon Dec 11 00:00:00 GMT+01:00 2023,Private Party,6977
6978,Finish treat.,Thu Oct 13 00:00:00 GMT+01:00 2022,Corporate Event,6978
6979,Skin leg.,Thu Oct 27 00:00:00 GMT+01:00 2022,Wedding,6979
6980,You form body.,Wed May 22 00:00:00 GMT+01:00 2024,Private Party,6980
6981,Manager meet network.,Mon Mar 03 00:00:00 GMT+01:00 2025,Private Party,6981
6982,Shoulder eat.,Fri Oct 27 00:00:00 GMT+01:00 2023,Wedding,6982
6983,Idea discuss around.,Wed Jul 09 00:00:00 GMT+01:00 2025,Birthday,6983
6984,Range act three.,Sun Jun 22 00:00:00 GMT+01:00 2025,Private Party,6984
6985,Care page field.,Sun Oct 13 00:00:00 GMT+01:00 2024,Corporate Event,6985
6986,Thank popular reach.,Wed Nov 08 00:00:00 GMT+01:00 2023,Birthday,6986
6987,As child.,Thu May 02 00:00:00 GMT+01:00 2024,Private Party,6987
6988,Protect itself home.,Wed Nov 22 00:00:00 GMT+01:00 2023,Corporate Event,6988
6989,Watch.,Sun May 18 00:00:00 GMT+01:00 2025,Wedding,6989
6990,Degree strategy.,Fri May 06 00:00:00 GMT+01:00 2022,Wedding,6990
6991,First.,Thu Apr 11 00:00:00 GMT+01:00 2024,Birthday,6991
6992,Enough both.,Sat Apr 22 00:00:00 GMT+01:00 2023,Birthday,6992
6993,Identify someone future entire.,Thu Mar 10 00:00:00 GMT+01:00 2022,Wedding,6993
6994,Size summer.,Tue Sep 10 00:00:00 GMT+01:00 2024,Private Party,6994
6995,Page here process year.,Mon Jul 01 00:00:00 GMT+01:00 2024,Private Party,6995
6996,During.,Wed Apr 20 00:00:00 GMT+01:00 2022,Wedding,6996
6997,Story certainly appear.,Thu Feb 27 00:00:00 GMT+01:00 2025,Private Party,6997
6998,Finish month.,Sun Dec 15 00:00:00 GMT+01:00 2024,Wedding,6998
6999,Foot same.,Mon Feb 20 00:00:00 GMT+01:00 2023,Corporate Event,6999
7000,Check from whole.,Tue Jun 07 00:00:00 GMT+01:00 2022,Wedding,7000
7001,Style experience.,Sun Dec 03 00:00:00 GMT+01:00 2023,Wedding,7001
7002,Whom sit.,Sun Mar 26 00:00:00 GMT+01:00 2023,Corporate Event,7002
7003,Others.,Wed Sep 25 00:00:00 GMT+01:00 2024,Corporate Event,7003
7004,Particular room positive.,Mon Feb 17 00:00:00 GMT+01:00 2025,Birthday,7004
7005,Turn although.,Tue Nov 11 00:00:00 GMT+01:00 2025,Private Party,7005
7006,Second federal body.,Thu Aug 28 00:00:00 GMT+01:00 2025,Birthday,7006
7007,Want which culture.,Wed May 11 00:00:00 GMT+01:00 2022,Birthday,7007
7008,Treat yeah end.,Wed Jul 27 00:00:00 GMT+01:00 2022,Corporate Event,7008
7009,Term issue.,Thu Aug 31 00:00:00 GMT+01:00 2023,Birthday,7009
7010,Direction challenge my.,Sun Apr 07 00:00:00 GMT+01:00 2024,Corporate Event,7010
7011,Same guy story.,Wed Feb 28 00:00:00 GMT+01:00 2024,Birthday,7011
7012,Mother too allow.,Sat May 20 00:00:00 GMT+01:00 2023,Birthday,7012
7013,Instead hear soldier.,Tue Jul 22 00:00:00 GMT+01:00 2025,Birthday,7013
7014,Though structure hundred.,Wed Aug 28 00:00:00 GMT+01:00 2024,Corporate Event,7014
7015,Understand member catch.,Thu May 11 00:00:00 GMT+01:00 2023,Private Party,7015
7016,Small outside.,Tue Aug 02 00:00:00 GMT+01:00 2022,Wedding,7016
7017,Same move.,Thu Jun 06 00:00:00 GMT+01:00 2024,Birthday,7017
7018,Represent stop.,Fri Oct 11 00:00:00 GMT+01:00 2024,Birthday,7018
7019,Pattern behind vote.,Mon Jul 11 00:00:00 GMT+01:00 2022,Birthday,7019
7020,Painting recent.,Mon Jan 13 00:00:00 GMT+01:00 2025,Private Party,7020
7021,Realize society per soon.,Mon Jul 25 00:00:00 GMT+01:00 2022,Wedding,7021
7022,Sell about.,Tue Jul 09 00:00:00 GMT+01:00 2024,Birthday,7022
7023,Boy simple.,Thu May 29 00:00:00 GMT+01:00 2025,Birthday,7023
7024,Dark effect them.,Wed Nov 06 00:00:00 GMT+01:00 2024,Wedding,7024
7025,Well rise pick.,Sat Aug 13 00:00:00 GMT+01:00 2022,Wedding,7025
7026,Crime safe.,Sat Jan 28 00:00:00 GMT+01:00 2023,Wedding,7026
7027,Able capital.,Wed Apr 27 00:00:00 GMT+01:00 2022,Private Party,7027
7028,History car.,Thu Jun 06 00:00:00 GMT+01:00 2024,Birthday,7028
7029,Interview change.,Fri Oct 07 00:00:00 GMT+01:00 2022,Birthday,7029
7030,Point through.,Fri Jun 10 00:00:00 GMT+01:00 2022,Corporate Event,7030
7031,Whose like feeling.,Fri Oct 03 00:00:00 GMT+01:00 2025,Birthday,7031
7032,After enter boy.,Wed Aug 09 00:00:00 GMT+01:00 2023,Wedding,7032
7033,State treat.,Wed Jul 09 00:00:00 GMT+01:00 2025,Wedding,7033
7034,So left improve.,Mon Nov 10 00:00:00 GMT+01:00 2025,Wedding,7034
7035,Better something.,Fri Apr 07 00:00:00 GMT+01:00 2023,Private Party,7035
7036,Condition walk.,Sun Jun 05 00:00:00 GMT+01:00 2022,Wedding,7036
7037,Kind scene question.,Mon Aug 12 00:00:00 GMT+01:00 2024,Corporate Event,7037
7038,Room street then.,Fri Oct 13 00:00:00 GMT+01:00 2023,Birthday,7038
7039,Later thought race.,Thu Dec 01 00:00:00 GMT+01:00 2022,Private Party,7039
7040,Nothing hotel son car.,Thu Mar 30 00:00:00 GMT+01:00 2023,Birthday,7040
7041,Car admit.,Wed Nov 05 00:00:00 GMT+01:00 2025,Corporate Event,7041
7042,Difference good.,Sat Mar 04 00:00:00 GMT+01:00 2023,Private Party,7042
7043,Democrat increase.,Wed Jan 11 00:00:00 GMT+01:00 2023,Birthday,7043
7044,Itself hour.,Mon Aug 26 00:00:00 GMT+01:00 2024,Corporate Event,7044
7045,Party red easy modern.,Mon Jun 24 00:00:00 GMT+01:00 2024,Corporate Event,7045
7046,Recognize newspaper government cause.,Wed Dec 06 00:00:00 GMT+01:00 2023,Corporate Event,7046
7047,Crime century.,Mon Oct 03 00:00:00 GMT+01:00 2022,Corporate Event,7047
7048,Find next.,Sun Jan 14 00:00:00 GMT+01:00 2024,Corporate Event,7048
7049,Various.,Sun Mar 16 00:00:00 GMT+01:00 2025,Wedding,7049
7050,Book buy commercial.,Sat Nov 01 00:00:00 GMT+01:00 2025,Corporate Event,7050
7051,Age fire opportunity.,Mon Feb 10 00:00:00 GMT+01:00 2025,Wedding,7051
7052,Could begin.,Fri Apr 22 00:00:00 GMT+01:00 2022,Birthday,7052
7053,Yeah growth.,Fri Jun 17 00:00:00 GMT+01:00 2022,Wedding,7053
7054,Page very trial.,Wed Aug 20 00:00:00 GMT+01:00 2025,Private Party,7054
7055,Across lose.,Sat Mar 22 00:00:00 GMT+01:00 2025,Wedding,7055
7056,Easy half me again.,Thu Sep 18 00:00:00 GMT+01:00 2025,Birthday,7056
7057,Majority himself who.,Mon Oct 30 00:00:00 GMT+01:00 2023,Birthday,7057
7058,Themselves economic.,Sun Apr 24 00:00:00 GMT+01:00 2022,Corporate Event,7058
7059,Break I.,Tue Jan 07 00:00:00 GMT+01:00 2025,Wedding,7059
7060,Deep despite color.,Thu Mar 17 00:00:00 GMT+01:00 2022,Birthday,7060
7061,Source week amount.,Mon Feb 19 00:00:00 GMT+01:00 2024,Corporate Event,7061
7062,Call have.,Sat Mar 04 00:00:00 GMT+01:00 2023,Private Party,7062
7063,Camera require.,Wed May 10 00:00:00 GMT+01:00 2023,Birthday,7063
7064,Degree factor can direction.,Wed Mar 19 00:00:00 GMT+01:00 2025,Corporate Event,7064
7065,Cold seat great.,Thu Feb 27 00:00:00 GMT+01:00 2025,Birthday,7065
7066,According serve yes.,Sat Feb 15 00:00:00 GMT+01:00 2025,Wedding,7066
7067,Final pick turn.,Tue Aug 06 00:00:00 GMT+01:00 2024,Private Party,7067
7068,Great approach.,Tue Oct 28 00:00:00 GMT+01:00 2025,Private Party,7068
7069,Growth work goal.,Wed Sep 21 00:00:00 GMT+01:00 2022,Birthday,7069
7070,Environment less weight.,Mon Aug 25 00:00:00 GMT+01:00 2025,Birthday,7070
7071,Until Congress.,Thu Mar 10 00:00:00 GMT+01:00 2022,Wedding,7071
7072,View middle one.,Fri Jan 31 00:00:00 GMT+01:00 2025,Private Party,7072
7073,Standard risk rate.,Sat Sep 24 00:00:00 GMT+01:00 2022,Birthday,7073
7074,Because reflect no.,Tue Jun 17 00:00:00 GMT+01:00 2025,Wedding,7074
7075,World anyone.,Thu Oct 31 00:00:00 GMT+01:00 2024,Private Party,7075
7076,Section.,Thu Dec 21 00:00:00 GMT+01:00 2023,Private Party,7076
7077,Risk camera.,Mon Jul 22 00:00:00 GMT+01:00 2024,Birthday,7077
7078,Check tonight rule.,Mon Jun 24 00:00:00 GMT+01:00 2024,Private Party,7078
7079,Experience may memory financial.,Tue Mar 22 00:00:00 GMT+01:00 2022,Private Party,7079
7080,Yard right lose.,Thu Mar 27 00:00:00 GMT+01:00 2025,Private Party,7080
7081,Worker.,Tue Jan 31 00:00:00 GMT+01:00 2023,Private Party,7081
7082,Pass I career increase.,Wed Feb 08 00:00:00 GMT+01:00 2023,Corporate Event,7082
7083,Soldier quickly mouth.,Mon Mar 27 00:00:00 GMT+01:00 2023,Private Party,7083
7084,Explain else.,Thu Jan 25 00:00:00 GMT+01:00 2024,Private Party,7084
7085,Just whole reveal.,Wed Jan 08 00:00:00 GMT+01:00 2025,Private Party,7085
7086,Speak indicate during.,Thu Mar 13 00:00:00 GMT+01:00 2025,Corporate Event,7086
7087,Might.,Fri Feb 16 00:00:00 GMT+01:00 2024,Wedding,7087
7088,Help special across continue.,Mon Dec 09 00:00:00 GMT+01:00 2024,Wedding,7088
7089,Community activity.,Mon Jun 17 00:00:00 GMT+01:00 2024,Corporate Event,7089
7090,Social reflect once still.,Sat May 14 00:00:00 GMT+01:00 2022,Corporate Event,7090
7091,Some weight.,Wed Dec 24 00:00:00 GMT+01:00 2025,Wedding,7091
7092,People save.,Fri Oct 20 00:00:00 GMT+01:00 2023,Wedding,7092
7093,Boy deep its.,Tue Nov 11 00:00:00 GMT+01:00 2025,Birthday,7093
7094,Sell other be.,Sat Dec 24 00:00:00 GMT+01:00 2022,Private Party,7094
7095,Staff other pay.,Sat May 27 00:00:00 GMT+01:00 2023,Wedding,7095
7096,Game particular summer.,Sat Jul 12 00:00:00 GMT+01:00 2025,Wedding,7096
7097,Condition sit discussion reason.,Thu Sep 15 00:00:00 GMT+01:00 2022,Corporate Event,7097
7098,Always letter people specific.,Sun Aug 11 00:00:00 GMT+01:00 2024,Birthday,7098
7099,Idea understand Congress beautiful.,Mon Nov 03 00:00:00 GMT+01:00 2025,Birthday,7099
7100,Identify next.,Tue Jan 28 00:00:00 GMT+01:00 2025,Wedding,7100
7101,Energy condition kid.,Fri Jan 14 00:00:00 GMT+01:00 2022,Wedding,7101
7102,Whether sister or.,Fri Aug 09 00:00:00 GMT+01:00 2024,Wedding,7102
7103,Doctor if own.,Mon Oct 13 00:00:00 GMT+01:00 2025,Corporate Event,7103
7104,Chance success trial.,Wed Sep 07 00:00:00 GMT+01:00 2022,Corporate Event,7104
7105,Despite energy.,Wed Feb 15 00:00:00 GMT+01:00 2023,Private Party,7105
7106,White spend little.,Mon Jan 27 00:00:00 GMT+01:00 2025,Birthday,7106
7107,Arm available.,Mon Jun 06 00:00:00 GMT+01:00 2022,Private Party,7107
7108,Floor shoulder high experience.,Sun Dec 18 00:00:00 GMT+01:00 2022,Corporate Event,7108
7109,Audience reality.,Wed Oct 18 00:00:00 GMT+01:00 2023,Birthday,7109
7110,Serve discussion.,Mon Oct 24 00:00:00 GMT+01:00 2022,Corporate Event,7110
7111,Agent use.,Thu Sep 01 00:00:00 GMT+01:00 2022,Corporate Event,7111
7112,Local floor.,Mon Feb 27 00:00:00 GMT+01:00 2023,Birthday,7112
7113,Catch factor ten shake.,Fri Apr 04 00:00:00 GMT+01:00 2025,Birthday,7113
7114,Home ground business.,Fri Oct 24 00:00:00 GMT+01:00 2025,Private Party,7114
7115,Again shake hotel.,Fri Sep 19 00:00:00 GMT+01:00 2025,Corporate Event,7115
7116,Thank according indicate.,Sat Sep 02 00:00:00 GMT+01:00 2023,Birthday,7116
7117,Ground almost.,Fri Feb 10 00:00:00 GMT+01:00 2023,Birthday,7117
7118,Central do city generation.,Sun Aug 17 00:00:00 GMT+01:00 2025,Wedding,7118
7119,Class.,Tue Sep 27 00:00:00 GMT+01:00 2022,Birthday,7119
7120,Garden talk price.,Wed Jan 05 00:00:00 GMT+01:00 2022,Birthday,7120
7121,Put machine.,Tue Apr 25 00:00:00 GMT+01:00 2023,Wedding,7121
7122,Somebody local down.,Tue May 27 00:00:00 GMT+01:00 2025,Private Party,7122
7123,Before often.,Sun Dec 24 00:00:00 GMT+01:00 2023,Private Party,7123
7124,Water age student.,Fri Sep 09 00:00:00 GMT+01:00 2022,Birthday,7124
7125,Television much management.,Mon Aug 29 00:00:00 GMT+01:00 2022,Wedding,7125
7126,Real campaign art.,Sat Jun 07 00:00:00 GMT+01:00 2025,Corporate Event,7126
7127,Entire.,Mon Jun 13 00:00:00 GMT+01:00 2022,Corporate Event,7127
7128,Exist throw born.,Mon Dec 18 00:00:00 GMT+01:00 2023,Wedding,7128
7129,Himself health paper.,Sun Apr 24 00:00:00 GMT+01:00 2022,Private Party,7129
7130,Thousand play.,Wed Jan 22 00:00:00 GMT+01:00 2025,Birthday,7130
7131,Voice myself station.,Wed Sep 28 00:00:00 GMT+01:00 2022,Corporate Event,7131
7132,Magazine cell decision.,Sat Feb 25 00:00:00 GMT+01:00 2023,Wedding,7132
7133,Determine campaign.,Sat Aug 13 00:00:00 GMT+01:00 2022,Birthday,7133
7134,Part reduce.,Thu Nov 24 00:00:00 GMT+01:00 2022,Corporate Event,7134
7135,Million decision.,Mon Feb 14 00:00:00 GMT+01:00 2022,Birthday,7135
7136,Including forward.,Mon Sep 05 00:00:00 GMT+01:00 2022,Corporate Event,7136
7137,Door little.,Sat Aug 05 00:00:00 GMT+01:00 2023,Wedding,7137
7138,To beautiful.,Sat Jun 24 00:00:00 GMT+01:00 2023,Wedding,7138
7139,Note though yard.,Sun Oct 27 00:00:00 GMT+01:00 2024,Wedding,7139
7140,Scene life hit.,Wed Nov 19 00:00:00 GMT+01:00 2025,Corporate Event,7140
7141,Interview rich minute.,Mon Jul 18 00:00:00 GMT+01:00 2022,Corporate Event,7141
7142,Head less property.,Fri Aug 09 00:00:00 GMT+01:00 2024,Birthday,7142
7143,Star high one.,Thu Aug 22 00:00:00 GMT+01:00 2024,Birthday,7143
7144,Bank would.,Mon May 15 00:00:00 GMT+01:00 2023,Private Party,7144
7145,Home collection policy.,Sun Mar 09 00:00:00 GMT+01:00 2025,Birthday,7145
7146,Heart cold share.,Mon May 16 00:00:00 GMT+01:00 2022,Wedding,7146
7147,Work which he.,Sat Dec 28 00:00:00 GMT+01:00 2024,Birthday,7147
7148,Reduce audience.,Tue Dec 19 00:00:00 GMT+01:00 2023,Corporate Event,7148
7149,Very cover either.,Mon Jan 03 00:00:00 GMT+01:00 2022,Private Party,7149
7150,Range shoulder animal.,Fri Jul 29 00:00:00 GMT+01:00 2022,Wedding,7150
7151,Student peace.,Sat Jan 07 00:00:00 GMT+01:00 2023,Wedding,7151
7152,Subject.,Wed Apr 23 00:00:00 GMT+01:00 2025,Wedding,7152
7153,Draw service choose.,Fri Dec 19 00:00:00 GMT+01:00 2025,Private Party,7153
7154,Turn rate.,Sat Dec 13 00:00:00 GMT+01:00 2025,Private Party,7154
7155,Audience important skill.,Sun Mar 16 00:00:00 GMT+01:00 2025,Wedding,7155
7156,Development character.,Fri Mar 17 00:00:00 GMT+01:00 2023,Corporate Event,7156
7157,Pretty bank.,Sun Jun 23 00:00:00 GMT+01:00 2024,Wedding,7157
7158,Remember gas among.,Wed Sep 25 00:00:00 GMT+01:00 2024,Private Party,7158
7159,Character call.,Mon Aug 21 00:00:00 GMT+01:00 2023,Private Party,7159
7160,Picture according.,Wed Dec 31 00:00:00 GMT+01:00 2025,Private Party,7160
7161,Everyone onto ever.,Sun Dec 29 00:00:00 GMT+01:00 2024,Wedding,7161
7162,Sit low.,Sat May 11 00:00:00 GMT+01:00 2024,Birthday,7162
7163,West kitchen ok.,Mon Feb 06 00:00:00 GMT+01:00 2023,Birthday,7163
7164,Water three thought.,Thu Aug 03 00:00:00 GMT+01:00 2023,Corporate Event,7164
7165,Should certainly seek.,Wed Dec 13 00:00:00 GMT+01:00 2023,Private Party,7165
7166,Central raise.,Thu May 19 00:00:00 GMT+01:00 2022,Private Party,7166
7167,End follow along.,Fri Jul 04 00:00:00 GMT+01:00 2025,Private Party,7167
7168,Style out.,Fri Dec 01 00:00:00 GMT+01:00 2023,Private Party,7168
7169,Grow trade director.,Tue Jan 24 00:00:00 GMT+01:00 2023,Private Party,7169
7170,Today century.,Sun Dec 01 00:00:00 GMT+01:00 2024,Corporate Event,7170
7171,Figure peace.,Thu May 11 00:00:00 GMT+01:00 2023,Corporate Event,7171
7172,Live sound.,Mon Oct 27 00:00:00 GMT+01:00 2025,Private Party,7172
7173,My must.,Fri Nov 22 00:00:00 GMT+01:00 2024,Private Party,7173
7174,Sell attention.,Fri May 02 00:00:00 GMT+01:00 2025,Wedding,7174
7175,I yard key.,Fri Aug 11 00:00:00 GMT+01:00 2023,Birthday,7175
7176,Catch stuff response.,Wed Jan 24 00:00:00 GMT+01:00 2024,Private Party,7176
7177,Boy may.,Thu Apr 07 00:00:00 GMT+01:00 2022,Birthday,7177
7178,Price from.,Mon May 05 00:00:00 GMT+01:00 2025,Private Party,7178
7179,Relate source.,Fri May 19 00:00:00 GMT+01:00 2023,Birthday,7179
7180,Bank police last able.,Sat Sep 28 00:00:00 GMT+01:00 2024,Wedding,7180
7181,Shake size exactly.,Thu Aug 28 00:00:00 GMT+01:00 2025,Wedding,7181
7182,Clear.,Wed Jan 05 00:00:00 GMT+01:00 2022,Wedding,7182
7183,Owner relationship everybody.,Tue Apr 26 00:00:00 GMT+01:00 2022,Birthday,7183
7184,Our unit.,Thu Apr 18 00:00:00 GMT+01:00 2024,Birthday,7184
7185,News the treatment.,Tue Jul 25 00:00:00 GMT+01:00 2023,Wedding,7185
7186,Politics behavior outside fine.,Tue May 28 00:00:00 GMT+01:00 2024,Corporate Event,7186
7187,Dog clearly above.,Tue Oct 25 00:00:00 GMT+01:00 2022,Birthday,7187
7188,Season tell car phone.,Wed Dec 13 00:00:00 GMT+01:00 2023,Corporate Event,7188
7189,Leave through.,Sat Nov 25 00:00:00 GMT+01:00 2023,Private Party,7189
7190,Spend address.,Sun Jan 16 00:00:00 GMT+01:00 2022,Corporate Event,7190
7191,Ball under.,Sun Dec 10 00:00:00 GMT+01:00 2023,Wedding,7191
7192,Next recent huge.,Mon Jul 24 00:00:00 GMT+01:00 2023,Birthday,7192
7193,Adult forget any.,Wed Sep 17 00:00:00 GMT+01:00 2025,Wedding,7193
7194,Attack my.,Mon May 26 00:00:00 GMT+01:00 2025,Birthday,7194
7195,Major idea.,Tue Dec 27 00:00:00 GMT+01:00 2022,Birthday,7195
7196,Start strategy.,Fri Sep 23 00:00:00 GMT+01:00 2022,Birthday,7196
7197,Marriage couple contain.,Fri Aug 23 00:00:00 GMT+01:00 2024,Private Party,7197
7198,Garden effect.,Sat Jun 04 00:00:00 GMT+01:00 2022,Wedding,7198
7199,Participant discussion produce.,Fri Apr 18 00:00:00 GMT+01:00 2025,Birthday,7199
7200,Head.,Tue Dec 05 00:00:00 GMT+01:00 2023,Birthday,7200
7201,Quite.,Sat Oct 19 00:00:00 GMT+01:00 2024,Wedding,7201
7202,Believe role research.,Thu Mar 23 00:00:00 GMT+01:00 2023,Corporate Event,7202
7203,Theory.,Sat Dec 21 00:00:00 GMT+01:00 2024,Wedding,7203
7204,Citizen language.,Sat Jul 09 00:00:00 GMT+01:00 2022,Wedding,7204
7205,Deep prove.,Fri Sep 23 00:00:00 GMT+01:00 2022,Birthday,7205
7206,National old.,Sun Nov 05 00:00:00 GMT+01:00 2023,Private Party,7206
7207,Meeting play receive.,Sun Sep 17 00:00:00 GMT+01:00 2023,Corporate Event,7207
7208,Than what gas travel.,Tue Sep 30 00:00:00 GMT+01:00 2025,Birthday,7208
7209,May.,Thu Oct 23 00:00:00 GMT+01:00 2025,Birthday,7209
7211,Section site all.,Mon Nov 27 00:00:00 GMT+01:00 2023,Wedding,7211
7212,Ever enjoy.,Wed Oct 25 00:00:00 GMT+01:00 2023,Corporate Event,7212
7213,Effort.,Thu Sep 26 00:00:00 GMT+01:00 2024,Corporate Event,7213
7214,Become town.,Mon Apr 18 00:00:00 GMT+01:00 2022,Birthday,7214
7215,That change range college.,Mon Jul 24 00:00:00 GMT+01:00 2023,Private Party,7215
7216,Each able.,Sun Dec 22 00:00:00 GMT+01:00 2024,Wedding,7216
7217,Hotel budget investment.,Mon Jun 02 00:00:00 GMT+01:00 2025,Birthday,7217
7218,Law box stock.,Tue May 14 00:00:00 GMT+01:00 2024,Private Party,7218
7219,Interview increase detail.,Sat May 06 00:00:00 GMT+01:00 2023,Corporate Event,7219
7220,Space skill strategy result.,Wed Jan 19 00:00:00 GMT+01:00 2022,Private Party,7220
7221,World none.,Sun Apr 27 00:00:00 GMT+01:00 2025,Wedding,7221
7222,Company fear.,Sun Feb 13 00:00:00 GMT+01:00 2022,Private Party,7222
7223,Work score.,Sun Jul 24 00:00:00 GMT+01:00 2022,Wedding,7223
7224,Scene laugh set.,Thu Apr 13 00:00:00 GMT+01:00 2023,Birthday,7224
7225,Write conference reality.,Sun Dec 01 00:00:00 GMT+01:00 2024,Wedding,7225
7226,Drop school.,Wed Jun 01 00:00:00 GMT+01:00 2022,Private Party,7226
7227,Budget eye.,Thu Mar 03 00:00:00 GMT+01:00 2022,Wedding,7227
7228,Six including.,Sun Apr 06 00:00:00 GMT+01:00 2025,Private Party,7228
7229,Miss whether under.,Sun Apr 21 00:00:00 GMT+01:00 2024,Corporate Event,7229
7230,Arm eight history.,Sat Mar 09 00:00:00 GMT+01:00 2024,Wedding,7230
7231,Time require ask.,Tue Sep 26 00:00:00 GMT+01:00 2023,Birthday,7231
7232,Act southern.,Thu Mar 13 00:00:00 GMT+01:00 2025,Birthday,7232
7233,War some.,Wed Apr 13 00:00:00 GMT+01:00 2022,Birthday,7233
7234,Second.,Fri May 27 00:00:00 GMT+01:00 2022,Wedding,7234
7235,West.,Sat Jul 20 00:00:00 GMT+01:00 2024,Corporate Event,7235
7236,Operation dog.,Thu Feb 08 00:00:00 GMT+01:00 2024,Wedding,7236
7237,Artist short.,Sun Aug 31 00:00:00 GMT+01:00 2025,Birthday,7237
7238,The through.,Wed Oct 12 00:00:00 GMT+01:00 2022,Private Party,7238
7239,Meeting necessary.,Sat Apr 27 00:00:00 GMT+01:00 2024,Private Party,7239
7240,Bag take street strong.,Tue Feb 25 00:00:00 GMT+01:00 2025,Birthday,7240
7241,Partner song type.,Sat Oct 05 00:00:00 GMT+01:00 2024,Wedding,7241
7242,Administration number college.,Thu Oct 19 00:00:00 GMT+01:00 2023,Corporate Event,7242
7243,Account beat game.,Sun Jan 21 00:00:00 GMT+01:00 2024,Wedding,7243
7244,Particular it force.,Wed Aug 27 00:00:00 GMT+01:00 2025,Corporate Event,7244
7245,Leader.,Thu Jul 07 00:00:00 GMT+01:00 2022,Corporate Event,7245
7246,Animal through.,Fri Jul 26 00:00:00 GMT+01:00 2024,Private Party,7246
7247,Research business.,Sun Jun 19 00:00:00 GMT+01:00 2022,Birthday,7247
7248,Yes crime under.,Fri Jun 27 00:00:00 GMT+01:00 2025,Wedding,7248
7249,Administration house.,Thu Nov 30 00:00:00 GMT+01:00 2023,Private Party,7249
7250,Gun guess blue plan.,Mon Sep 01 00:00:00 GMT+01:00 2025,Wedding,7250
7251,Newspaper.,Tue Apr 09 00:00:00 GMT+01:00 2024,Birthday,7251
7252,Happy white we meeting.,Thu Oct 06 00:00:00 GMT+01:00 2022,Corporate Event,7252
7253,Particularly me who husband.,Sat Aug 10 00:00:00 GMT+01:00 2024,Wedding,7253
7254,Television.,Wed Aug 30 00:00:00 GMT+01:00 2023,Corporate Event,7254
7255,Research mean.,Sun Sep 15 00:00:00 GMT+01:00 2024,Corporate Event,7255
7256,Challenge.,Sun Oct 16 00:00:00 GMT+01:00 2022,Wedding,7256
7257,Seek couple off.,Wed Nov 12 00:00:00 GMT+01:00 2025,Private Party,7257
7258,Office condition.,Wed Mar 12 00:00:00 GMT+01:00 2025,Private Party,7258
7259,Study upon whose.,Thu Feb 08 00:00:00 GMT+01:00 2024,Wedding,7259
7260,My conference she.,Mon Oct 03 00:00:00 GMT+01:00 2022,Private Party,7260
7261,Which weight factor.,Sat Nov 30 00:00:00 GMT+01:00 2024,Corporate Event,7261
7262,Special game low successful.,Tue Aug 20 00:00:00 GMT+01:00 2024,Private Party,7262
7263,Manage girl manage.,Sat May 03 00:00:00 GMT+01:00 2025,Private Party,7263
7264,Health TV each grow.,Fri Dec 23 00:00:00 GMT+01:00 2022,Wedding,7264
7265,War safe.,Sat Oct 26 00:00:00 GMT+01:00 2024,Wedding,7265
7266,General benefit great.,Mon Aug 12 00:00:00 GMT+01:00 2024,Corporate Event,7266
7267,Along notice.,Wed Aug 13 00:00:00 GMT+01:00 2025,Private Party,7267
7268,Again sister.,Fri Jan 27 00:00:00 GMT+01:00 2023,Corporate Event,7268
7269,Writer late.,Sat May 04 00:00:00 GMT+01:00 2024,Wedding,7269
7270,Local than.,Wed Mar 05 00:00:00 GMT+01:00 2025,Wedding,7270
7271,Team little.,Mon Oct 06 00:00:00 GMT+01:00 2025,Private Party,7271
7272,Rather memory.,Tue Aug 15 00:00:00 GMT+01:00 2023,Corporate Event,7272
7273,Understand may.,Tue Nov 29 00:00:00 GMT+01:00 2022,Birthday,7273
7274,Performance run week.,Tue Feb 11 00:00:00 GMT+01:00 2025,Corporate Event,7274
7275,Impact particular push.,Mon Apr 15 00:00:00 GMT+01:00 2024,Corporate Event,7275
7276,Whose guy its.,Sat Feb 01 00:00:00 GMT+01:00 2025,Corporate Event,7276
7277,Try travel contain consider.,Sun Jan 21 00:00:00 GMT+01:00 2024,Birthday,7277
7278,Place political card.,Tue Dec 30 00:00:00 GMT+01:00 2025,Birthday,7278
7279,So onto perhaps involve.,Mon Nov 04 00:00:00 GMT+01:00 2024,Corporate Event,7279
7280,Nor need magazine.,Fri Dec 12 00:00:00 GMT+01:00 2025,Corporate Event,7280
7281,How claim character.,Wed May 03 00:00:00 GMT+01:00 2023,Birthday,7281
7282,Not throughout.,Thu Dec 07 00:00:00 GMT+01:00 2023,Corporate Event,7282
7283,According poor.,Thu Mar 03 00:00:00 GMT+01:00 2022,Private Party,7283
7284,Pretty act whether.,Sat Mar 15 00:00:00 GMT+01:00 2025,Birthday,7284
7285,General drop similar air.,Sat Oct 08 00:00:00 GMT+01:00 2022,Wedding,7285
7286,Baby.,Tue Jul 16 00:00:00 GMT+01:00 2024,Wedding,7286
7287,Short build.,Mon Aug 25 00:00:00 GMT+01:00 2025,Private Party,7287
7288,Impact reality.,Tue Oct 14 00:00:00 GMT+01:00 2025,Wedding,7288
7289,Education low.,Fri May 06 00:00:00 GMT+01:00 2022,Wedding,7289
7290,Expert heavy show.,Sat Feb 19 00:00:00 GMT+01:00 2022,Private Party,7290
7291,Charge.,Wed Aug 28 00:00:00 GMT+01:00 2024,Private Party,7291
7292,Leader why.,Fri May 12 00:00:00 GMT+01:00 2023,Birthday,7292
7293,Answer official my.,Fri Apr 05 00:00:00 GMT+01:00 2024,Birthday,7293
7294,Mrs we either.,Tue Dec 30 00:00:00 GMT+01:00 2025,Private Party,7294
7295,Debate so work.,Tue Sep 23 00:00:00 GMT+01:00 2025,Corporate Event,7295
7296,Despite expert whose.,Tue Jun 18 00:00:00 GMT+01:00 2024,Corporate Event,7296
7297,Understand ground receive.,Tue Apr 19 00:00:00 GMT+01:00 2022,Private Party,7297
7298,Huge whom certainly.,Sun Jun 19 00:00:00 GMT+01:00 2022,Wedding,7298
7299,Nothing beautiful doctor.,Mon Dec 08 00:00:00 GMT+01:00 2025,Private Party,7299
7300,By technology.,Thu Jan 20 00:00:00 GMT+01:00 2022,Corporate Event,7300
7301,Start two behind.,Wed Feb 15 00:00:00 GMT+01:00 2023,Private Party,7301
7302,Establish its.,Sat Jun 11 00:00:00 GMT+01:00 2022,Birthday,7302
7303,Cultural impact.,Mon May 15 00:00:00 GMT+01:00 2023,Birthday,7303
7304,Kind sort.,Thu Nov 27 00:00:00 GMT+01:00 2025,Private Party,7304
7305,One point.,Mon May 15 00:00:00 GMT+01:00 2023,Corporate Event,7305
7306,Condition.,Fri Nov 29 00:00:00 GMT+01:00 2024,Birthday,7306
7307,Expect several daughter.,Thu May 15 00:00:00 GMT+01:00 2025,Wedding,7307
7308,Image play.,Sun Dec 24 00:00:00 GMT+01:00 2023,Corporate Event,7308
7309,Environmental upon small total.,Sun Sep 22 00:00:00 GMT+01:00 2024,Birthday,7309
7310,Different new still.,Mon Oct 14 00:00:00 GMT+01:00 2024,Corporate Event,7310
7311,Up including professional traditional.,Tue Feb 15 00:00:00 GMT+01:00 2022,Private Party,7311
7312,War.,Sun Jan 28 00:00:00 GMT+01:00 2024,Private Party,7312
7313,Loss.,Sun Feb 20 00:00:00 GMT+01:00 2022,Private Party,7313
7314,Lay past commercial.,Sun Nov 09 00:00:00 GMT+01:00 2025,Private Party,7314
7315,Throw election.,Tue May 20 00:00:00 GMT+01:00 2025,Corporate Event,7315
7316,Woman least one.,Thu Dec 11 00:00:00 GMT+01:00 2025,Private Party,7316
7317,Others something house.,Thu Jan 04 00:00:00 GMT+01:00 2024,Birthday,7317
7318,Accept catch wide.,Sun Jan 05 00:00:00 GMT+01:00 2025,Birthday,7318
7319,Into professional fear.,Tue Aug 22 00:00:00 GMT+01:00 2023,Birthday,7319
7320,Dinner five.,Sat Apr 12 00:00:00 GMT+01:00 2025,Private Party,7320
7321,Stay population outside.,Sat Feb 22 00:00:00 GMT+01:00 2025,Corporate Event,7321
7322,Response occur.,Sun Sep 24 00:00:00 GMT+01:00 2023,Private Party,7322
7323,Kind strong.,Mon Jul 28 00:00:00 GMT+01:00 2025,Birthday,7323
7324,Local city.,Thu Oct 12 00:00:00 GMT+01:00 2023,Private Party,7324
7325,Half important.,Fri Feb 18 00:00:00 GMT+01:00 2022,Birthday,7325
7326,Color order according.,Mon Jul 29 00:00:00 GMT+01:00 2024,Wedding,7326
7327,Develop anyone.,Tue Feb 15 00:00:00 GMT+01:00 2022,Corporate Event,7327
7328,Land however past.,Thu Sep 14 00:00:00 GMT+01:00 2023,Birthday,7328
7329,Agency benefit.,Wed Apr 24 00:00:00 GMT+01:00 2024,Birthday,7329
7330,Mr still else onto.,Tue Jul 02 00:00:00 GMT+01:00 2024,Private Party,7330
7331,Which small.,Sun Jul 21 00:00:00 GMT+01:00 2024,Wedding,7331
7332,Mrs government.,Wed Aug 30 00:00:00 GMT+01:00 2023,Private Party,7332
7333,Learn just successful.,Sun Dec 11 00:00:00 GMT+01:00 2022,Private Party,7333
7334,Several.,Thu Jan 30 00:00:00 GMT+01:00 2025,Private Party,7334
7335,Ability success television reach.,Tue Jan 11 00:00:00 GMT+01:00 2022,Corporate Event,7335
7336,Likely.,Fri Sep 13 00:00:00 GMT+01:00 2024,Corporate Event,7336
7337,Whatever manager.,Fri Mar 04 00:00:00 GMT+01:00 2022,Birthday,7337
7338,Number about.,Wed May 21 00:00:00 GMT+01:00 2025,Wedding,7338
7339,And maybe million.,Tue May 28 00:00:00 GMT+01:00 2024,Birthday,7339
7340,Operation.,Mon Sep 12 00:00:00 GMT+01:00 2022,Private Party,7340
7341,Myself information economy.,Sun Jan 23 00:00:00 GMT+01:00 2022,Corporate Event,7341
7342,Soon second theory.,Sat May 31 00:00:00 GMT+01:00 2025,Birthday,7342
7343,Interest back create citizen.,Thu Apr 21 00:00:00 GMT+01:00 2022,Private Party,7343
7344,Decade fire.,Fri Nov 18 00:00:00 GMT+01:00 2022,Private Party,7344
7345,Could one.,Mon Jun 26 00:00:00 GMT+01:00 2023,Birthday,7345
7346,Least new lawyer.,Tue Jan 31 00:00:00 GMT+01:00 2023,Private Party,7346
7347,Court determine.,Thu May 26 00:00:00 GMT+01:00 2022,Wedding,7347
7348,Face admit hold.,Tue Oct 08 00:00:00 GMT+01:00 2024,Birthday,7348
7349,They black policy.,Fri Oct 17 00:00:00 GMT+01:00 2025,Corporate Event,7349
7350,Wife report.,Thu Nov 16 00:00:00 GMT+01:00 2023,Corporate Event,7350
7351,Environment well keep hold.,Thu Jan 26 00:00:00 GMT+01:00 2023,Corporate Event,7351
7352,Practice standard.,Fri Jun 03 00:00:00 GMT+01:00 2022,Corporate Event,7352
7353,Trial enjoy.,Sat Feb 12 00:00:00 GMT+01:00 2022,Private Party,7353
7354,Consider seek represent.,Fri Dec 06 00:00:00 GMT+01:00 2024,Wedding,7354
7355,Administration today.,Tue Feb 20 00:00:00 GMT+01:00 2024,Birthday,7355
7356,Among find.,Mon Apr 10 00:00:00 GMT+01:00 2023,Wedding,7356
7357,Finally wonder social.,Sat Jun 15 00:00:00 GMT+01:00 2024,Birthday,7357
7358,Anything thought.,Fri Jul 26 00:00:00 GMT+01:00 2024,Corporate Event,7358
7359,Painting whose.,Sun Jun 25 00:00:00 GMT+01:00 2023,Corporate Event,7359
7360,Production subject.,Sat Jan 27 00:00:00 GMT+01:00 2024,Wedding,7360
7361,Million.,Wed Apr 27 00:00:00 GMT+01:00 2022,Birthday,7361
7362,Process local.,Sat May 28 00:00:00 GMT+01:00 2022,Private Party,7362
7363,Help bad between wife.,Sat Mar 30 00:00:00 GMT+01:00 2024,Wedding,7363
7364,Now leave us.,Fri Oct 31 00:00:00 GMT+01:00 2025,Wedding,7364
7365,Company not.,Thu Nov 28 00:00:00 GMT+01:00 2024,Private Party,7365
7366,Art ready cause analysis.,Sun Sep 04 00:00:00 GMT+01:00 2022,Private Party,7366
7367,Bag go.,Sat Dec 21 00:00:00 GMT+01:00 2024,Wedding,7367
7368,Win industry.,Mon Oct 13 00:00:00 GMT+01:00 2025,Private Party,7368
7369,Attack money.,Wed Nov 01 00:00:00 GMT+01:00 2023,Wedding,7369
7370,Me will.,Sun Feb 16 00:00:00 GMT+01:00 2025,Corporate Event,7370
7371,Modern dream claim.,Sat Oct 15 00:00:00 GMT+01:00 2022,Corporate Event,7371
7372,Bad seven remain.,Mon Jun 17 00:00:00 GMT+01:00 2024,Wedding,7372
7373,Foot.,Thu May 25 00:00:00 GMT+01:00 2023,Wedding,7373
7374,Huge administration company.,Wed Sep 11 00:00:00 GMT+01:00 2024,Corporate Event,7374
7375,Physical according during.,Tue Jan 24 00:00:00 GMT+01:00 2023,Birthday,7375
7376,Require.,Sun Jun 19 00:00:00 GMT+01:00 2022,Private Party,7376
7377,Begin hold.,Mon Apr 07 00:00:00 GMT+01:00 2025,Private Party,7377
7378,Mouth chair ball.,Wed Feb 19 00:00:00 GMT+01:00 2025,Private Party,7378
7379,Town same pull.,Mon Mar 10 00:00:00 GMT+01:00 2025,Private Party,7379
7380,Win short.,Mon Jun 09 00:00:00 GMT+01:00 2025,Wedding,7380
7381,Meet raise.,Fri May 09 00:00:00 GMT+01:00 2025,Private Party,7381
7382,Us describe work.,Tue Feb 20 00:00:00 GMT+01:00 2024,Birthday,7382
7383,Financial room.,Thu Feb 15 00:00:00 GMT+01:00 2024,Wedding,7383
7384,Power officer management.,Sat Aug 27 00:00:00 GMT+01:00 2022,Corporate Event,7384
7385,Public management teach attention.,Thu Feb 08 00:00:00 GMT+01:00 2024,Wedding,7385
7386,Health recent toward.,Thu Apr 14 00:00:00 GMT+01:00 2022,Birthday,7386
7387,Instead interesting.,Tue Oct 24 00:00:00 GMT+01:00 2023,Wedding,7387
7388,Thus suffer of need.,Sat Feb 10 00:00:00 GMT+01:00 2024,Private Party,7388
7389,Involve by right.,Thu Jan 05 00:00:00 GMT+01:00 2023,Wedding,7389
7390,Themselves cup.,Tue Mar 15 00:00:00 GMT+01:00 2022,Corporate Event,7390
7391,Shoulder become.,Sat Oct 04 00:00:00 GMT+01:00 2025,Birthday,7391
7392,We.,Fri Dec 19 00:00:00 GMT+01:00 2025,Wedding,7392
7393,Only doctor appear.,Wed Dec 10 00:00:00 GMT+01:00 2025,Private Party,7393
7394,Miss relate else authority.,Fri Jan 06 00:00:00 GMT+01:00 2023,Birthday,7394
7395,Car you generation.,Sun May 07 00:00:00 GMT+01:00 2023,Corporate Event,7395
7396,Support share.,Fri Apr 08 00:00:00 GMT+01:00 2022,Private Party,7396
7397,Just again.,Thu Dec 15 00:00:00 GMT+01:00 2022,Birthday,7397
7398,Head actually.,Mon Mar 18 00:00:00 GMT+01:00 2024,Wedding,7398
7399,Force consider.,Mon Jul 07 00:00:00 GMT+01:00 2025,Birthday,7399
7400,Generation however culture.,Thu Jul 11 00:00:00 GMT+01:00 2024,Corporate Event,7400
7401,Fly never how.,Wed Jan 08 00:00:00 GMT+01:00 2025,Corporate Event,7401
7402,Tree could research.,Sat May 27 00:00:00 GMT+01:00 2023,Private Party,7402
7403,Pressure make most.,Sat Apr 05 00:00:00 GMT+01:00 2025,Private Party,7403
7404,Yet success next.,Sun Jul 07 00:00:00 GMT+01:00 2024,Private Party,7404
7405,Hour democratic.,Wed Jul 09 00:00:00 GMT+01:00 2025,Birthday,7405
7406,Color.,Fri Feb 25 00:00:00 GMT+01:00 2022,Birthday,7406
7407,Order keep computer.,Tue Oct 21 00:00:00 GMT+01:00 2025,Private Party,7407
7408,Fear number hair.,Tue Nov 04 00:00:00 GMT+01:00 2025,Corporate Event,7408
7409,Government board.,Fri Nov 14 00:00:00 GMT+01:00 2025,Private Party,7409
7410,Tough.,Wed Mar 22 00:00:00 GMT+01:00 2023,Wedding,7410
7411,Building such.,Thu Jul 17 00:00:00 GMT+01:00 2025,Private Party,7411
7412,Either smile less.,Mon Oct 27 00:00:00 GMT+01:00 2025,Birthday,7412
7413,Floor much score.,Sat Feb 22 00:00:00 GMT+01:00 2025,Birthday,7413
7414,Officer.,Fri Feb 23 00:00:00 GMT+01:00 2024,Wedding,7414
7415,Choice conference like.,Tue Oct 28 00:00:00 GMT+01:00 2025,Private Party,7415
7416,Enter war.,Wed May 03 00:00:00 GMT+01:00 2023,Corporate Event,7416
7417,Central actually by.,Tue Apr 11 00:00:00 GMT+01:00 2023,Wedding,7417
7418,Himself with.,Thu Mar 30 00:00:00 GMT+01:00 2023,Corporate Event,7418
7419,Own reality last.,Mon Jan 23 00:00:00 GMT+01:00 2023,Private Party,7419
7420,Yourself cut eat.,Thu Jan 27 00:00:00 GMT+01:00 2022,Wedding,7420
7421,Together animal doctor.,Sat Dec 28 00:00:00 GMT+01:00 2024,Private Party,7421
7422,Community experience million.,Sun May 08 00:00:00 GMT+01:00 2022,Wedding,7422
7423,Will remain gun.,Mon Mar 24 00:00:00 GMT+01:00 2025,Birthday,7423
7424,Box.,Tue Mar 22 00:00:00 GMT+01:00 2022,Wedding,7424
7425,She anything.,Mon Oct 24 00:00:00 GMT+01:00 2022,Private Party,7425
7426,Over hundred region.,Thu Apr 25 00:00:00 GMT+01:00 2024,Birthday,7426
7427,Social ever.,Thu Jan 09 00:00:00 GMT+01:00 2025,Private Party,7427
7428,Market.,Sat Nov 25 00:00:00 GMT+01:00 2023,Birthday,7428
7429,Stock amount.,Sat May 03 00:00:00 GMT+01:00 2025,Wedding,7429
7430,Last voice.,Wed Sep 06 00:00:00 GMT+01:00 2023,Birthday,7430
7431,Policy.,Thu Feb 03 00:00:00 GMT+01:00 2022,Birthday,7431
7432,Recent issue also financial.,Sat May 24 00:00:00 GMT+01:00 2025,Birthday,7432
7433,Trip thank.,Mon Apr 28 00:00:00 GMT+01:00 2025,Birthday,7433
7434,Sure let market.,Tue Mar 01 00:00:00 GMT+01:00 2022,Private Party,7434
7435,Beautiful soon offer.,Wed Apr 05 00:00:00 GMT+01:00 2023,Birthday,7435
7436,Everybody.,Wed Mar 06 00:00:00 GMT+01:00 2024,Birthday,7436
7437,Hold young go.,Sun Aug 24 00:00:00 GMT+01:00 2025,Wedding,7437
7438,Laugh then.,Thu Feb 03 00:00:00 GMT+01:00 2022,Private Party,7438
7439,Outside whole.,Wed Jan 05 00:00:00 GMT+01:00 2022,Wedding,7439
7440,Consider.,Fri Jan 07 00:00:00 GMT+01:00 2022,Private Party,7440
7441,Page because box exactly.,Tue May 07 00:00:00 GMT+01:00 2024,Wedding,7441
7442,Job dark bed.,Sat Sep 24 00:00:00 GMT+01:00 2022,Corporate Event,7442
7443,Choose source.,Tue Nov 14 00:00:00 GMT+01:00 2023,Wedding,7443
7444,My loss where property.,Thu Apr 27 00:00:00 GMT+01:00 2023,Corporate Event,7444
7445,Some since.,Thu Aug 03 00:00:00 GMT+01:00 2023,Corporate Event,7445
7446,Expect buy wear.,Sat Apr 05 00:00:00 GMT+01:00 2025,Private Party,7446
7447,Almost finally win.,Sun Jul 03 00:00:00 GMT+01:00 2022,Corporate Event,7447
7448,Budget.,Thu Feb 15 00:00:00 GMT+01:00 2024,Wedding,7448
7449,Relationship world.,Sat Jan 14 00:00:00 GMT+01:00 2023,Corporate Event,7449
7450,Wife place somebody.,Fri Jun 06 00:00:00 GMT+01:00 2025,Private Party,7450
7451,Crime chair.,Mon Nov 17 00:00:00 GMT+01:00 2025,Birthday,7451
7452,From right natural.,Fri Oct 25 00:00:00 GMT+01:00 2024,Birthday,7452
7453,Fine situation.,Thu Sep 18 00:00:00 GMT+01:00 2025,Wedding,7453
7454,Office analysis.,Mon Jan 24 00:00:00 GMT+01:00 2022,Wedding,7454
7455,Specific could list.,Fri Mar 21 00:00:00 GMT+01:00 2025,Wedding,7455
7456,Visit ability.,Tue Oct 10 00:00:00 GMT+01:00 2023,Private Party,7456
7457,Whose.,Mon Apr 14 00:00:00 GMT+01:00 2025,Corporate Event,7457
7458,Stand often.,Wed May 18 00:00:00 GMT+01:00 2022,Birthday,7458
7459,Standard especially.,Sun Dec 29 00:00:00 GMT+01:00 2024,Wedding,7459
7460,Take everything.,Wed May 15 00:00:00 GMT+01:00 2024,Private Party,7460
7461,Price total against.,Sun Apr 30 00:00:00 GMT+01:00 2023,Birthday,7461
7462,Debate say lawyer.,Sun Oct 01 00:00:00 GMT+01:00 2023,Wedding,7462
7463,Per ahead.,Thu Oct 12 00:00:00 GMT+01:00 2023,Corporate Event,7463
7464,Travel trouble.,Mon Jun 20 00:00:00 GMT+01:00 2022,Wedding,7464
7465,Find success.,Mon Aug 11 00:00:00 GMT+01:00 2025,Wedding,7465
7466,Evening region.,Wed Sep 07 00:00:00 GMT+01:00 2022,Wedding,7466
7467,Remember clearly.,Sat Apr 15 00:00:00 GMT+01:00 2023,Wedding,7467
7468,Guy month.,Sun Sep 10 00:00:00 GMT+01:00 2023,Wedding,7468
7469,Weight role determine.,Sun Jan 23 00:00:00 GMT+01:00 2022,Private Party,7469
7470,Take man.,Mon Feb 19 00:00:00 GMT+01:00 2024,Corporate Event,7470
7471,More else early.,Sun Aug 20 00:00:00 GMT+01:00 2023,Wedding,7471
7472,Out arm can.,Sat Apr 16 00:00:00 GMT+01:00 2022,Corporate Event,7472
7473,Find work visit.,Mon Oct 03 00:00:00 GMT+01:00 2022,Birthday,7473
7474,Yes onto.,Thu Nov 24 00:00:00 GMT+01:00 2022,Wedding,7474
7475,Hand produce human Mrs.,Tue Jun 04 00:00:00 GMT+01:00 2024,Corporate Event,7475
7476,Top bit.,Fri Jul 07 00:00:00 GMT+01:00 2023,Birthday,7476
7477,Scientist public environmental.,Sat Oct 21 00:00:00 GMT+01:00 2023,Corporate Event,7477
7478,Reason.,Sat Oct 19 00:00:00 GMT+01:00 2024,Birthday,7478
7479,Real.,Tue Feb 04 00:00:00 GMT+01:00 2025,Birthday,7479
7480,Effort family huge.,Fri Sep 27 00:00:00 GMT+01:00 2024,Corporate Event,7480
7481,Score list.,Thu Dec 07 00:00:00 GMT+01:00 2023,Birthday,7481
7482,Probably major more.,Wed Sep 27 00:00:00 GMT+01:00 2023,Private Party,7482
7483,Already happy step.,Thu Oct 06 00:00:00 GMT+01:00 2022,Private Party,7483
7484,Best.,Sun Jul 10 00:00:00 GMT+01:00 2022,Corporate Event,7484
7485,West section college inside.,Thu Sep 04 00:00:00 GMT+01:00 2025,Birthday,7485
7486,Very agree.,Wed Jan 26 00:00:00 GMT+01:00 2022,Corporate Event,7486
7487,Share.,Sat Aug 10 00:00:00 GMT+01:00 2024,Birthday,7487
7488,Dog they herself.,Mon Oct 23 00:00:00 GMT+01:00 2023,Private Party,7488
7489,Sell clear.,Sat Oct 19 00:00:00 GMT+01:00 2024,Wedding,7489
7490,Wish special.,Sat May 27 00:00:00 GMT+01:00 2023,Birthday,7490
7491,Beyond which box.,Sun Jun 02 00:00:00 GMT+01:00 2024,Wedding,7491
7492,Day.,Wed Jan 17 00:00:00 GMT+01:00 2024,Private Party,7492
7493,Be ten.,Mon Mar 24 00:00:00 GMT+01:00 2025,Corporate Event,7493
7494,Game anyone along give.,Thu Nov 27 00:00:00 GMT+01:00 2025,Wedding,7494
7495,Land beat.,Fri Jul 19 00:00:00 GMT+01:00 2024,Corporate Event,7495
7496,Decade goal.,Wed Oct 19 00:00:00 GMT+01:00 2022,Corporate Event,7496
7497,Brother happen conference.,Sun May 21 00:00:00 GMT+01:00 2023,Birthday,7497
7498,Alone while.,Tue Oct 04 00:00:00 GMT+01:00 2022,Private Party,7498
7499,Resource much.,Tue Nov 25 00:00:00 GMT+01:00 2025,Corporate Event,7499
7500,Serious government prove.,Sat Jun 01 00:00:00 GMT+01:00 2024,Birthday,7500
7501,As coach appear.,Wed Apr 03 00:00:00 GMT+01:00 2024,Private Party,7501
7502,Entire between fast.,Sat Aug 02 00:00:00 GMT+01:00 2025,Corporate Event,7502
7503,Rate own crime.,Thu Jul 04 00:00:00 GMT+01:00 2024,Wedding,7503
7504,Use bill.,Sun Jun 25 00:00:00 GMT+01:00 2023,Wedding,7504
7505,Community hope through Mr.,Tue Feb 18 00:00:00 GMT+01:00 2025,Birthday,7505
7506,Wide manage fact.,Wed Feb 26 00:00:00 GMT+01:00 2025,Birthday,7506
7507,Six reality.,Tue Aug 19 00:00:00 GMT+01:00 2025,Private Party,7507
7508,Computer.,Mon Jul 15 00:00:00 GMT+01:00 2024,Birthday,7508
7509,Arm democratic.,Wed Nov 23 00:00:00 GMT+01:00 2022,Birthday,7509
7510,Capital pattern nice.,Sun Mar 09 00:00:00 GMT+01:00 2025,Private Party,7510
7511,First open.,Wed Sep 06 00:00:00 GMT+01:00 2023,Private Party,7511
7512,Short last.,Sat Dec 21 00:00:00 GMT+01:00 2024,Wedding,7512
7513,Brother Mrs president resource.,Sat Jan 22 00:00:00 GMT+01:00 2022,Birthday,7513
7514,Federal watch.,Sat Aug 03 00:00:00 GMT+01:00 2024,Wedding,7514
7515,System recently culture.,Sun Dec 11 00:00:00 GMT+01:00 2022,Corporate Event,7515
7516,In explain story.,Mon Feb 17 00:00:00 GMT+01:00 2025,Corporate Event,7516
7517,Recognize.,Wed Jun 15 00:00:00 GMT+01:00 2022,Private Party,7517
7518,Civil discussion door.,Thu Jan 23 00:00:00 GMT+01:00 2025,Corporate Event,7518
7519,Any theory.,Sat Sep 02 00:00:00 GMT+01:00 2023,Corporate Event,7519
7520,My because public.,Mon Aug 12 00:00:00 GMT+01:00 2024,Corporate Event,7520
7521,Teach will.,Fri Jul 04 00:00:00 GMT+01:00 2025,Birthday,7521
7522,Part difference.,Sat Feb 10 00:00:00 GMT+01:00 2024,Birthday,7522
7523,Century TV.,Tue Dec 10 00:00:00 GMT+01:00 2024,Private Party,7523
7524,Behavior activity.,Thu Oct 20 00:00:00 GMT+01:00 2022,Wedding,7524
7525,Allow today.,Mon Feb 20 00:00:00 GMT+01:00 2023,Private Party,7525
7526,Research rather.,Fri Jul 18 00:00:00 GMT+01:00 2025,Birthday,7526
7527,Him like pressure.,Thu Jan 16 00:00:00 GMT+01:00 2025,Corporate Event,7527
7528,Surface thousand whose.,Thu Oct 09 00:00:00 GMT+01:00 2025,Private Party,7528
7529,Interesting listen across.,Wed Oct 15 00:00:00 GMT+01:00 2025,Birthday,7529
7530,Congress amount this.,Sat Dec 13 00:00:00 GMT+01:00 2025,Private Party,7530
7531,Yes attorney need maybe.,Sun Jul 30 00:00:00 GMT+01:00 2023,Birthday,7531
7532,Allow seek raise.,Sat May 20 00:00:00 GMT+01:00 2023,Birthday,7532
7533,Visit data.,Wed Jan 19 00:00:00 GMT+01:00 2022,Private Party,7533
7534,Throughout mean get.,Wed Mar 09 00:00:00 GMT+01:00 2022,Corporate Event,7534
7535,Investment actually might.,Wed Oct 04 00:00:00 GMT+01:00 2023,Private Party,7535
7536,Though.,Sat Mar 11 00:00:00 GMT+01:00 2023,Wedding,7536
7537,Music senior condition follow.,Wed May 15 00:00:00 GMT+01:00 2024,Private Party,7537
7538,Simply subject less.,Wed Jun 29 00:00:00 GMT+01:00 2022,Corporate Event,7538
7539,Certain.,Sun May 29 00:00:00 GMT+01:00 2022,Wedding,7539
7540,More hope.,Sat Aug 30 00:00:00 GMT+01:00 2025,Private Party,7540
7541,Simple me.,Sat Jun 17 00:00:00 GMT+01:00 2023,Corporate Event,7541
7542,Economy top.,Sat Oct 11 00:00:00 GMT+01:00 2025,Wedding,7542
7543,Couple despite standard.,Tue Oct 29 00:00:00 GMT+01:00 2024,Birthday,7543
7544,Book serious.,Fri Jul 08 00:00:00 GMT+01:00 2022,Birthday,7544
7545,Involve.,Tue Aug 12 00:00:00 GMT+01:00 2025,Private Party,7545
7546,Term site east.,Fri Jun 06 00:00:00 GMT+01:00 2025,Wedding,7546
7547,Large court.,Sat Sep 02 00:00:00 GMT+01:00 2023,Corporate Event,7547
7548,Trouble really son.,Tue Jan 25 00:00:00 GMT+01:00 2022,Wedding,7548
7549,Environmental develop.,Sun Sep 15 00:00:00 GMT+01:00 2024,Wedding,7549
7550,Manager both.,Wed Feb 05 00:00:00 GMT+01:00 2025,Corporate Event,7550
7551,Benefit method lay.,Mon May 29 00:00:00 GMT+01:00 2023,Corporate Event,7551
7552,Type street.,Mon Jun 03 00:00:00 GMT+01:00 2024,Corporate Event,7552
7553,Audience military scene us.,Fri Oct 20 00:00:00 GMT+01:00 2023,Wedding,7553
7554,Case good.,Wed Jan 17 00:00:00 GMT+01:00 2024,Wedding,7554
7555,Congress only.,Sun Jul 20 00:00:00 GMT+01:00 2025,Private Party,7555
7556,Then bed.,Mon Apr 10 00:00:00 GMT+01:00 2023,Corporate Event,7556
7557,Film station sound.,Sat Sep 09 00:00:00 GMT+01:00 2023,Wedding,7557
7558,Over however.,Sat Sep 02 00:00:00 GMT+01:00 2023,Private Party,7558
7559,Lot even.,Mon Sep 15 00:00:00 GMT+01:00 2025,Private Party,7559
7560,Director much.,Thu Jan 27 00:00:00 GMT+01:00 2022,Corporate Event,7560
7561,She may expert.,Thu May 23 00:00:00 GMT+01:00 2024,Corporate Event,7561
7562,Become perhaps.,Fri Feb 18 00:00:00 GMT+01:00 2022,Wedding,7562
7563,Improve after garden.,Wed Apr 20 00:00:00 GMT+01:00 2022,Corporate Event,7563
7564,Focus cold all.,Sun Nov 13 00:00:00 GMT+01:00 2022,Corporate Event,7564
7565,Team base road.,Sat Sep 02 00:00:00 GMT+01:00 2023,Wedding,7565
7566,Participant involve.,Tue Jul 29 00:00:00 GMT+01:00 2025,Wedding,7566
7567,Line manager beyond against.,Tue Jul 23 00:00:00 GMT+01:00 2024,Corporate Event,7567
7568,Fill later.,Sat Feb 17 00:00:00 GMT+01:00 2024,Private Party,7568
7569,Theory town some.,Sun Oct 08 00:00:00 GMT+01:00 2023,Private Party,7569
7570,Month Democrat.,Wed Jun 01 00:00:00 GMT+01:00 2022,Wedding,7570
7571,Fact nothing moment.,Sat Sep 16 00:00:00 GMT+01:00 2023,Wedding,7571
7572,Little hope.,Mon Jan 24 00:00:00 GMT+01:00 2022,Wedding,7572
7573,Open.,Sat Jun 01 00:00:00 GMT+01:00 2024,Corporate Event,7573
7574,They.,Wed May 10 00:00:00 GMT+01:00 2023,Private Party,7574
7575,Feel.,Wed Jul 13 00:00:00 GMT+01:00 2022,Corporate Event,7575
7576,So seem push.,Mon Jun 10 00:00:00 GMT+01:00 2024,Birthday,7576
7577,Reason owner.,Tue Feb 04 00:00:00 GMT+01:00 2025,Corporate Event,7577
7578,Reality above.,Thu Aug 08 00:00:00 GMT+01:00 2024,Birthday,7578
7579,Same arrive morning.,Fri Sep 27 00:00:00 GMT+01:00 2024,Corporate Event,7579
7580,Participant happen.,Sun Aug 04 00:00:00 GMT+01:00 2024,Wedding,7580
7581,Social indeed factor save.,Sun Sep 11 00:00:00 GMT+01:00 2022,Private Party,7581
7582,Without success do.,Fri Oct 10 00:00:00 GMT+01:00 2025,Wedding,7582
7583,Thousand where direction.,Sat Apr 01 00:00:00 GMT+01:00 2023,Birthday,7583
7584,We present.,Tue Sep 16 00:00:00 GMT+01:00 2025,Private Party,7584
7585,How anyone glass.,Mon May 30 00:00:00 GMT+01:00 2022,Corporate Event,7585
7586,Process factor president.,Mon Mar 28 00:00:00 GMT+01:00 2022,Private Party,7586
7587,Official nation dark.,Tue May 14 00:00:00 GMT+01:00 2024,Corporate Event,7587
7588,Role imagine.,Mon Mar 06 00:00:00 GMT+01:00 2023,Private Party,7588
7589,Exist table.,Wed Jul 02 00:00:00 GMT+01:00 2025,Birthday,7589
7590,Red decide.,Sun May 04 00:00:00 GMT+01:00 2025,Birthday,7590
7591,Pull place.,Tue Jun 25 00:00:00 GMT+01:00 2024,Wedding,7591
7592,Similar provide.,Fri Jul 04 00:00:00 GMT+01:00 2025,Private Party,7592
7593,Relate forget activity.,Mon Sep 30 00:00:00 GMT+01:00 2024,Corporate Event,7593
7594,Interesting data.,Fri Jan 10 00:00:00 GMT+01:00 2025,Birthday,7594
7595,Step subject up.,Wed Dec 14 00:00:00 GMT+01:00 2022,Wedding,7595
7596,Lawyer another their.,Sat Feb 04 00:00:00 GMT+01:00 2023,Corporate Event,7596
7597,Activity wide.,Wed Jun 12 00:00:00 GMT+01:00 2024,Birthday,7597
7598,Way research thank home.,Fri Jun 24 00:00:00 GMT+01:00 2022,Birthday,7598
7599,Option.,Sun Jul 16 00:00:00 GMT+01:00 2023,Birthday,7599
7600,Win himself page.,Thu Sep 14 00:00:00 GMT+01:00 2023,Private Party,7600
7601,Learn positive.,Thu Aug 08 00:00:00 GMT+01:00 2024,Wedding,7601
7602,Official.,Sat Aug 30 00:00:00 GMT+01:00 2025,Corporate Event,7602
7603,Choice people.,Tue Jul 15 00:00:00 GMT+01:00 2025,Birthday,7603
7604,Have my include.,Wed Nov 12 00:00:00 GMT+01:00 2025,Birthday,7604
7605,Throw mean big.,Fri Mar 04 00:00:00 GMT+01:00 2022,Private Party,7605
7606,Look learn agree.,Tue Dec 17 00:00:00 GMT+01:00 2024,Wedding,7606
7607,Contain yet.,Sat Oct 25 00:00:00 GMT+01:00 2025,Private Party,7607
7608,Memory never.,Sun Aug 13 00:00:00 GMT+01:00 2023,Wedding,7608
7609,Career benefit cut.,Mon Nov 06 00:00:00 GMT+01:00 2023,Corporate Event,7609
7610,Strategy hope movement.,Fri Jul 25 00:00:00 GMT+01:00 2025,Private Party,7610
7611,Beyond put eat.,Sat Jun 15 00:00:00 GMT+01:00 2024,Birthday,7611
7612,Large above able.,Tue Apr 08 00:00:00 GMT+01:00 2025,Birthday,7612
7613,Of matter cover.,Tue Nov 26 00:00:00 GMT+01:00 2024,Birthday,7613
7614,Discussion doctor.,Wed Jan 04 00:00:00 GMT+01:00 2023,Private Party,7614
7615,Old late.,Sat Oct 21 00:00:00 GMT+01:00 2023,Private Party,7615
7616,Month individual.,Sat Jun 25 00:00:00 GMT+01:00 2022,Corporate Event,7616
7617,Alone building above smile.,Fri Jun 17 00:00:00 GMT+01:00 2022,Wedding,7617
7618,Sport would message.,Wed Feb 05 00:00:00 GMT+01:00 2025,Wedding,7618
7619,Window hundred national.,Wed Mar 02 00:00:00 GMT+01:00 2022,Private Party,7619
7620,Affect hand whose.,Sat Aug 02 00:00:00 GMT+01:00 2025,Private Party,7620
7621,Church knowledge.,Fri Jul 14 00:00:00 GMT+01:00 2023,Birthday,7621
7622,City.,Mon May 20 00:00:00 GMT+01:00 2024,Birthday,7622
7623,Think perhaps describe.,Mon May 15 00:00:00 GMT+01:00 2023,Wedding,7623
7624,Yet wife.,Sat Oct 19 00:00:00 GMT+01:00 2024,Private Party,7624
7625,Exactly knowledge.,Sun Feb 25 00:00:00 GMT+01:00 2024,Wedding,7625
7626,Difficult style.,Wed May 08 00:00:00 GMT+01:00 2024,Wedding,7626
7627,Movie yourself heavy.,Tue Oct 31 00:00:00 GMT+01:00 2023,Private Party,7627
7628,Hotel door oil.,Wed Nov 08 00:00:00 GMT+01:00 2023,Wedding,7628
7629,Trouble hit amount.,Fri Jan 21 00:00:00 GMT+01:00 2022,Corporate Event,7629
7630,Eye value.,Fri Aug 29 00:00:00 GMT+01:00 2025,Private Party,7630
7631,Political son.,Wed Apr 27 00:00:00 GMT+01:00 2022,Birthday,7631
7632,Society technology course.,Sun Oct 23 00:00:00 GMT+01:00 2022,Corporate Event,7632
7633,Hot argue on.,Sat Feb 18 00:00:00 GMT+01:00 2023,Corporate Event,7633
7634,Will personal.,Wed Mar 08 00:00:00 GMT+01:00 2023,Wedding,7634
7635,Blue view.,Sat Jan 15 00:00:00 GMT+01:00 2022,Birthday,7635
7636,Kid.,Fri Mar 29 00:00:00 GMT+01:00 2024,Birthday,7636
7637,Never poor.,Wed May 15 00:00:00 GMT+01:00 2024,Wedding,7637
7638,Too American pick.,Tue Sep 17 00:00:00 GMT+01:00 2024,Corporate Event,7638
7639,Tax career play.,Sun Apr 16 00:00:00 GMT+01:00 2023,Wedding,7639
7640,Father economic thought through.,Sun Jun 30 00:00:00 GMT+01:00 2024,Wedding,7640
7641,Score account.,Mon Feb 19 00:00:00 GMT+01:00 2024,Corporate Event,7641
7642,Factor worker through.,Fri Feb 10 00:00:00 GMT+01:00 2023,Birthday,7642
7643,Themselves talk.,Wed Jul 31 00:00:00 GMT+01:00 2024,Birthday,7643
7644,Nor player.,Wed Oct 22 00:00:00 GMT+01:00 2025,Wedding,7644
7645,Who beyond example.,Wed Mar 27 00:00:00 GMT+01:00 2024,Birthday,7645
7646,Final simply for.,Tue Oct 31 00:00:00 GMT+01:00 2023,Wedding,7646
7647,Final customer network.,Tue Feb 06 00:00:00 GMT+01:00 2024,Wedding,7647
7648,Accept effect cultural.,Sun Sep 14 00:00:00 GMT+01:00 2025,Corporate Event,7648
7649,Such friend.,Fri Jul 04 00:00:00 GMT+01:00 2025,Private Party,7649
7650,Energy visit reason.,Tue May 09 00:00:00 GMT+01:00 2023,Corporate Event,7650
7651,Training central.,Sat Jan 08 00:00:00 GMT+01:00 2022,Birthday,7651
7652,Rock force.,Tue Jun 17 00:00:00 GMT+01:00 2025,Private Party,7652
7653,Woman house expert.,Wed Feb 23 00:00:00 GMT+01:00 2022,Corporate Event,7653
7654,Reveal century.,Sat Sep 28 00:00:00 GMT+01:00 2024,Wedding,7654
7655,Sure apply.,Sat May 24 00:00:00 GMT+01:00 2025,Corporate Event,7655
7656,Issue source my.,Mon Mar 24 00:00:00 GMT+01:00 2025,Private Party,7656
7657,Serious degree peace.,Thu Jan 04 00:00:00 GMT+01:00 2024,Corporate Event,7657
7658,Local.,Mon Dec 09 00:00:00 GMT+01:00 2024,Private Party,7658
7659,Week step full.,Sat Mar 19 00:00:00 GMT+01:00 2022,Birthday,7659
7660,Two radio on.,Thu Dec 08 00:00:00 GMT+01:00 2022,Corporate Event,7660
7661,Phone remember front.,Sat May 13 00:00:00 GMT+01:00 2023,Birthday,7661
7662,System mind day each.,Wed Aug 16 00:00:00 GMT+01:00 2023,Birthday,7662
7663,Military fact TV.,Tue Mar 01 00:00:00 GMT+01:00 2022,Birthday,7663
7664,Smile people.,Mon Oct 28 00:00:00 GMT+01:00 2024,Birthday,7664
7665,Certain view.,Tue Jul 16 00:00:00 GMT+01:00 2024,Wedding,7665
7666,Everyone score several.,Tue Jan 02 00:00:00 GMT+01:00 2024,Birthday,7666
7667,Price score.,Sat Jan 15 00:00:00 GMT+01:00 2022,Birthday,7667
7668,Soldier involve land.,Thu Jun 29 00:00:00 GMT+01:00 2023,Private Party,7668
7669,Door interview protect.,Thu May 18 00:00:00 GMT+01:00 2023,Birthday,7669
7670,Field best car exist.,Thu Sep 26 00:00:00 GMT+01:00 2024,Wedding,7670
7671,Effort look color.,Mon Sep 30 00:00:00 GMT+01:00 2024,Birthday,7671
7672,Size field evidence.,Sun Sep 07 00:00:00 GMT+01:00 2025,Private Party,7672
7673,Indicate buy report.,Wed Jun 14 00:00:00 GMT+01:00 2023,Wedding,7673
7674,Agency activity.,Thu Oct 27 00:00:00 GMT+01:00 2022,Birthday,7674
7675,Support commercial.,Sun Jun 15 00:00:00 GMT+01:00 2025,Wedding,7675
7676,Particular artist term.,Fri Sep 01 00:00:00 GMT+01:00 2023,Birthday,7676
7677,Open model.,Tue Dec 02 00:00:00 GMT+01:00 2025,Birthday,7677
7678,Son point.,Sat Feb 18 00:00:00 GMT+01:00 2023,Private Party,7678
7679,Speech property lay.,Thu Jun 08 00:00:00 GMT+01:00 2023,Birthday,7679
7680,Ability hold nearly.,Sat Jan 04 00:00:00 GMT+01:00 2025,Corporate Event,7680
7681,Bad.,Mon Jan 17 00:00:00 GMT+01:00 2022,Corporate Event,7681
7682,The cut until.,Fri Apr 15 00:00:00 GMT+01:00 2022,Corporate Event,7682
7683,Several effort.,Sun Feb 09 00:00:00 GMT+01:00 2025,Corporate Event,7683
7684,Hand investment.,Wed Apr 10 00:00:00 GMT+01:00 2024,Private Party,7684
7685,Fall century.,Wed Oct 05 00:00:00 GMT+01:00 2022,Private Party,7685
7686,Card rule executive some.,Fri Mar 25 00:00:00 GMT+01:00 2022,Corporate Event,7686
7687,Blue entire.,Sat Jan 13 00:00:00 GMT+01:00 2024,Wedding,7687
7688,Recognize.,Tue Apr 23 00:00:00 GMT+01:00 2024,Wedding,7688
7689,Dark factor.,Sun Dec 03 00:00:00 GMT+01:00 2023,Birthday,7689
7690,Mr himself.,Mon Nov 03 00:00:00 GMT+01:00 2025,Birthday,7690
7691,Site.,Wed Sep 07 00:00:00 GMT+01:00 2022,Private Party,7691
7692,Data local piece various.,Sat Apr 15 00:00:00 GMT+01:00 2023,Corporate Event,7692
7693,Least.,Sat Jul 29 00:00:00 GMT+01:00 2023,Corporate Event,7693
7694,As.,Wed Aug 14 00:00:00 GMT+01:00 2024,Corporate Event,7694
7695,Would management.,Mon Jul 24 00:00:00 GMT+01:00 2023,Private Party,7695
7696,Structure situation impact.,Mon Apr 25 00:00:00 GMT+01:00 2022,Corporate Event,7696
7697,Appear use probably.,Thu Jan 06 00:00:00 GMT+01:00 2022,Private Party,7697
7698,Structure part.,Tue May 10 00:00:00 GMT+01:00 2022,Private Party,7698
7699,Local school month.,Sun Jul 21 00:00:00 GMT+01:00 2024,Wedding,7699
7700,Business simply receive.,Fri Jul 05 00:00:00 GMT+01:00 2024,Wedding,7700
7701,Seat gas already.,Thu Nov 07 00:00:00 GMT+01:00 2024,Birthday,7701
7702,Staff.,Fri Oct 10 00:00:00 GMT+01:00 2025,Private Party,7702
7703,Animal believe.,Sun Nov 10 00:00:00 GMT+01:00 2024,Wedding,7703
7704,Account plan.,Fri Jul 22 00:00:00 GMT+01:00 2022,Corporate Event,7704
7705,Tree cut.,Mon Mar 04 00:00:00 GMT+01:00 2024,Corporate Event,7705
7706,Consider trial.,Thu Jan 05 00:00:00 GMT+01:00 2023,Birthday,7706
7707,Everybody than free.,Mon May 02 00:00:00 GMT+01:00 2022,Wedding,7707
7708,Exist affect.,Sat Sep 03 00:00:00 GMT+01:00 2022,Birthday,7708
7709,Would style ball.,Mon Feb 17 00:00:00 GMT+01:00 2025,Private Party,7709
7710,Education human business final.,Fri Sep 12 00:00:00 GMT+01:00 2025,Private Party,7710
7711,Involve share someone.,Tue Apr 23 00:00:00 GMT+01:00 2024,Corporate Event,7711
7712,News local want.,Fri Feb 14 00:00:00 GMT+01:00 2025,Corporate Event,7712
7713,Yard grow.,Sun Aug 14 00:00:00 GMT+01:00 2022,Wedding,7713
7714,House blue.,Mon Nov 24 00:00:00 GMT+01:00 2025,Wedding,7714
7715,Kind environment every.,Thu Jun 06 00:00:00 GMT+01:00 2024,Private Party,7715
7716,Trial beyond.,Sat Jun 29 00:00:00 GMT+01:00 2024,Private Party,7716
7717,Inside fine.,Thu Feb 29 00:00:00 GMT+01:00 2024,Wedding,7717
7718,Pm boy remember.,Mon Sep 08 00:00:00 GMT+01:00 2025,Birthday,7718
7719,Bad stay.,Tue Nov 18 00:00:00 GMT+01:00 2025,Wedding,7719
7720,Civil former letter.,Tue Dec 30 00:00:00 GMT+01:00 2025,Corporate Event,7720
7721,Open test.,Tue Apr 16 00:00:00 GMT+01:00 2024,Corporate Event,7721
7722,Change actually would.,Thu Oct 20 00:00:00 GMT+01:00 2022,Wedding,7722
7723,For rest.,Mon May 30 00:00:00 GMT+01:00 2022,Wedding,7723
7724,Hit move watch.,Thu Dec 21 00:00:00 GMT+01:00 2023,Corporate Event,7724
7725,Road there fight.,Tue Nov 04 00:00:00 GMT+01:00 2025,Corporate Event,7725
7726,Reality fund quality.,Mon Oct 31 00:00:00 GMT+01:00 2022,Wedding,7726
7727,Prepare discover.,Thu Oct 09 00:00:00 GMT+01:00 2025,Birthday,7727
7728,Strong similar.,Tue Jan 31 00:00:00 GMT+01:00 2023,Wedding,7728
7729,Will happy join.,Wed Jun 25 00:00:00 GMT+01:00 2025,Birthday,7729
7730,Wife product.,Fri Aug 04 00:00:00 GMT+01:00 2023,Birthday,7730
7731,Follow hundred citizen edge.,Wed May 08 00:00:00 GMT+01:00 2024,Private Party,7731
7732,Town production.,Sat Sep 07 00:00:00 GMT+01:00 2024,Birthday,7732
7733,Cultural fear mind.,Sun Aug 07 00:00:00 GMT+01:00 2022,Wedding,7733
7734,Military ready rate.,Mon Jan 09 00:00:00 GMT+01:00 2023,Wedding,7734
7735,Rise.,Tue Nov 08 00:00:00 GMT+01:00 2022,Wedding,7735
7736,Look social remember policy.,Thu Jan 18 00:00:00 GMT+01:00 2024,Corporate Event,7736
7737,Six by home.,Wed Jul 13 00:00:00 GMT+01:00 2022,Private Party,7737
7738,Chance.,Sat Mar 19 00:00:00 GMT+01:00 2022,Corporate Event,7738
7739,Easy value.,Sat Mar 12 00:00:00 GMT+01:00 2022,Corporate Event,7739
7740,Might never up.,Sun Aug 28 00:00:00 GMT+01:00 2022,Private Party,7740
7741,Drive discover.,Fri May 03 00:00:00 GMT+01:00 2024,Corporate Event,7741
7742,Notice our hit both.,Wed Jan 24 00:00:00 GMT+01:00 2024,Private Party,7742
7743,Into care.,Thu Jul 13 00:00:00 GMT+01:00 2023,Private Party,7743
7744,Economy show mouth.,Thu Oct 26 00:00:00 GMT+01:00 2023,Private Party,7744
7745,Specific present.,Thu Nov 24 00:00:00 GMT+01:00 2022,Birthday,7745
7746,Trouble age.,Thu Sep 26 00:00:00 GMT+01:00 2024,Birthday,7746
7747,Fear eat.,Wed Dec 18 00:00:00 GMT+01:00 2024,Private Party,7747
7748,Truth change traditional.,Sat Feb 18 00:00:00 GMT+01:00 2023,Private Party,7748
7749,Mention election prevent.,Fri Jan 27 00:00:00 GMT+01:00 2023,Birthday,7749
7750,Live sit defense.,Mon Oct 17 00:00:00 GMT+01:00 2022,Private Party,7750
7751,Mother machine.,Wed Aug 09 00:00:00 GMT+01:00 2023,Private Party,7751
7752,Firm company.,Sat Mar 15 00:00:00 GMT+01:00 2025,Wedding,7752
7753,Spend have protect.,Sun Jul 03 00:00:00 GMT+01:00 2022,Wedding,7753
7754,Dark happen.,Fri Apr 18 00:00:00 GMT+01:00 2025,Private Party,7754
7755,None cold.,Tue Jan 04 00:00:00 GMT+01:00 2022,Private Party,7755
7756,Either work yourself.,Mon May 27 00:00:00 GMT+01:00 2024,Wedding,7756
7757,Water effort.,Mon Dec 08 00:00:00 GMT+01:00 2025,Private Party,7757
7758,Performance your.,Thu Aug 21 00:00:00 GMT+01:00 2025,Wedding,7758
7759,Small fight.,Wed Mar 13 00:00:00 GMT+01:00 2024,Corporate Event,7759
7760,Pass former issue.,Fri Mar 17 00:00:00 GMT+01:00 2023,Private Party,7760
7761,Available the coach.,Mon Oct 28 00:00:00 GMT+01:00 2024,Corporate Event,7761
7762,Real southern employee.,Fri Sep 01 00:00:00 GMT+01:00 2023,Wedding,7762
7763,At stuff care.,Fri Sep 23 00:00:00 GMT+01:00 2022,Birthday,7763
7764,Individual us process.,Mon Oct 24 00:00:00 GMT+01:00 2022,Private Party,7764
7765,Difference painting.,Sun May 01 00:00:00 GMT+01:00 2022,Private Party,7765
7766,West identify win.,Thu May 15 00:00:00 GMT+01:00 2025,Wedding,7766
7767,Remain professor.,Mon Jun 27 00:00:00 GMT+01:00 2022,Wedding,7767
7768,Local with Congress.,Sun Oct 08 00:00:00 GMT+01:00 2023,Corporate Event,7768
7769,News tonight free.,Mon Sep 12 00:00:00 GMT+01:00 2022,Corporate Event,7769
7770,Decide value.,Sat Aug 20 00:00:00 GMT+01:00 2022,Private Party,7770
7771,Local area college.,Wed May 10 00:00:00 GMT+01:00 2023,Birthday,7771
7772,Gun side office.,Wed Apr 27 00:00:00 GMT+01:00 2022,Wedding,7772
7773,Force general not.,Wed Jul 26 00:00:00 GMT+01:00 2023,Birthday,7773
7774,Do compare building.,Sat Dec 16 00:00:00 GMT+01:00 2023,Corporate Event,7774
7775,West able cold.,Mon Dec 02 00:00:00 GMT+01:00 2024,Birthday,7775
7776,Everyone heavy.,Sat May 17 00:00:00 GMT+01:00 2025,Private Party,7776
7777,Force less.,Mon Mar 14 00:00:00 GMT+01:00 2022,Birthday,7777
7778,Artist detail very buy.,Sun Oct 30 00:00:00 GMT+01:00 2022,Birthday,7778
7779,Understand station.,Tue Jan 10 00:00:00 GMT+01:00 2023,Birthday,7779
7780,Recently over.,Mon Oct 14 00:00:00 GMT+01:00 2024,Private Party,7780
7781,Miss interesting.,Wed Jul 30 00:00:00 GMT+01:00 2025,Wedding,7781
7782,Little.,Fri Jun 28 00:00:00 GMT+01:00 2024,Private Party,7782
7783,He truth.,Sat Jun 22 00:00:00 GMT+01:00 2024,Private Party,7783
7784,Open thus.,Wed Oct 30 00:00:00 GMT+01:00 2024,Birthday,7784
7785,Month nature citizen.,Sat Oct 26 00:00:00 GMT+01:00 2024,Private Party,7785
7786,Phone response none.,Wed Mar 13 00:00:00 GMT+01:00 2024,Birthday,7786
7787,Clear far Democrat.,Wed Nov 06 00:00:00 GMT+01:00 2024,Private Party,7787
7788,Nice almost history.,Tue Apr 15 00:00:00 GMT+01:00 2025,Birthday,7788
7789,Heavy just.,Fri Aug 01 00:00:00 GMT+01:00 2025,Wedding,7789
7790,Sense history.,Wed Oct 09 00:00:00 GMT+01:00 2024,Wedding,7790
7791,Under health help.,Mon Sep 04 00:00:00 GMT+01:00 2023,Corporate Event,7791
7792,Sense yes her.,Thu Jun 30 00:00:00 GMT+01:00 2022,Birthday,7792
7793,Around national.,Thu Jan 13 00:00:00 GMT+01:00 2022,Corporate Event,7793
7794,Subject final.,Wed Jan 25 00:00:00 GMT+01:00 2023,Corporate Event,7794
7795,Second care.,Wed Nov 08 00:00:00 GMT+01:00 2023,Wedding,7795
7796,Best eat cold.,Sun Jun 23 00:00:00 GMT+01:00 2024,Corporate Event,7796
7797,Office budget minute.,Wed Jul 20 00:00:00 GMT+01:00 2022,Birthday,7797
7798,Gas area spend.,Fri Mar 14 00:00:00 GMT+01:00 2025,Wedding,7798
7799,Wall ability continue.,Sun Sep 28 00:00:00 GMT+01:00 2025,Corporate Event,7799
7800,Court list night.,Sat Apr 13 00:00:00 GMT+01:00 2024,Birthday,7800
7801,General brother hand.,Thu Jan 12 00:00:00 GMT+01:00 2023,Wedding,7801
7802,Phone I spring.,Tue Oct 14 00:00:00 GMT+01:00 2025,Wedding,7802
7803,Peace strong million.,Fri Feb 21 00:00:00 GMT+01:00 2025,Wedding,7803
7804,Before season idea.,Tue Jan 17 00:00:00 GMT+01:00 2023,Corporate Event,7804
7805,Enough practice.,Tue Apr 25 00:00:00 GMT+01:00 2023,Birthday,7805
7806,World including.,Sat Jun 04 00:00:00 GMT+01:00 2022,Birthday,7806
7807,Degree civil.,Wed Nov 15 00:00:00 GMT+01:00 2023,Birthday,7807
7808,Fire how.,Mon Apr 11 00:00:00 GMT+01:00 2022,Private Party,7808
7809,Arm level understand.,Fri Oct 31 00:00:00 GMT+01:00 2025,Private Party,7809
7810,Huge job.,Mon Jun 06 00:00:00 GMT+01:00 2022,Corporate Event,7810
7811,Pretty others then.,Sat Sep 16 00:00:00 GMT+01:00 2023,Wedding,7811
7812,Record board.,Wed Jul 26 00:00:00 GMT+01:00 2023,Wedding,7812
7813,Real shake office inside.,Tue Oct 29 00:00:00 GMT+01:00 2024,Corporate Event,7813
7814,Enjoy dark who.,Mon Mar 27 00:00:00 GMT+01:00 2023,Corporate Event,7814
7815,True suggest rule.,Sun Jan 16 00:00:00 GMT+01:00 2022,Corporate Event,7815
7816,Religious ball.,Sat Mar 16 00:00:00 GMT+01:00 2024,Corporate Event,7816
7817,Customer argue property during.,Fri Oct 17 00:00:00 GMT+01:00 2025,Birthday,7817
7818,Look doctor.,Tue Jan 09 00:00:00 GMT+01:00 2024,Corporate Event,7818
7819,Prevent last large.,Sat Aug 10 00:00:00 GMT+01:00 2024,Wedding,7819
7820,Painting white.,Tue Dec 09 00:00:00 GMT+01:00 2025,Birthday,7820
7821,Yeah these.,Sat Apr 09 00:00:00 GMT+01:00 2022,Birthday,7821
7822,Movie get who.,Fri Aug 16 00:00:00 GMT+01:00 2024,Wedding,7822
7823,Style move level.,Thu Jan 23 00:00:00 GMT+01:00 2025,Wedding,7823
7824,Throughout key.,Thu Jan 16 00:00:00 GMT+01:00 2025,Corporate Event,7824
7825,When million case.,Sat Dec 10 00:00:00 GMT+01:00 2022,Corporate Event,7825
7826,Within suddenly.,Thu Oct 26 00:00:00 GMT+01:00 2023,Birthday,7826
7827,Mind rise.,Thu Nov 17 00:00:00 GMT+01:00 2022,Wedding,7827
7828,Low a dinner.,Fri May 19 00:00:00 GMT+01:00 2023,Corporate Event,7828
7829,Rock tonight able floor.,Fri Jan 19 00:00:00 GMT+01:00 2024,Birthday,7829
7830,Thank seek suggest.,Sat Jul 16 00:00:00 GMT+01:00 2022,Private Party,7830
7831,Least meeting space.,Thu May 05 00:00:00 GMT+01:00 2022,Private Party,7831
7832,Easy throughout fine.,Fri Apr 14 00:00:00 GMT+01:00 2023,Wedding,7832
7833,Another example.,Tue Oct 17 00:00:00 GMT+01:00 2023,Birthday,7833
7834,Factor stage you.,Mon Oct 23 00:00:00 GMT+01:00 2023,Wedding,7834
7835,Ever mind cover.,Thu Dec 08 00:00:00 GMT+01:00 2022,Wedding,7835
7836,Million evening.,Sun Nov 02 00:00:00 GMT+01:00 2025,Wedding,7836
7837,Government small recent final.,Sat Jun 15 00:00:00 GMT+01:00 2024,Private Party,7837
7838,Community concern.,Tue Sep 05 00:00:00 GMT+01:00 2023,Wedding,7838
7839,Across.,Mon Oct 23 00:00:00 GMT+01:00 2023,Wedding,7839
7840,Both usually.,Tue Nov 14 00:00:00 GMT+01:00 2023,Private Party,7840
7841,Office behavior would.,Fri Mar 18 00:00:00 GMT+01:00 2022,Birthday,7841
7842,Amount range thing.,Wed Mar 29 00:00:00 GMT+01:00 2023,Wedding,7842
7843,Trouble experience simple.,Sun Feb 06 00:00:00 GMT+01:00 2022,Wedding,7843
7844,Student simple.,Fri Jan 05 00:00:00 GMT+01:00 2024,Private Party,7844
7845,First will.,Fri Mar 28 00:00:00 GMT+01:00 2025,Birthday,7845
7846,Sort environment.,Sun Oct 29 00:00:00 GMT+01:00 2023,Birthday,7846
7847,Rock color.,Fri May 09 00:00:00 GMT+01:00 2025,Wedding,7847
7848,Subject week.,Fri Oct 31 00:00:00 GMT+01:00 2025,Corporate Event,7848
7849,Too mission.,Fri May 30 00:00:00 GMT+01:00 2025,Wedding,7849
7850,Democratic fact service.,Tue Jun 20 00:00:00 GMT+01:00 2023,Corporate Event,7850
7851,Model.,Thu Apr 06 00:00:00 GMT+01:00 2023,Wedding,7851
7852,Relate decide.,Sun Aug 20 00:00:00 GMT+01:00 2023,Birthday,7852
7853,Name kind north before.,Wed Feb 26 00:00:00 GMT+01:00 2025,Private Party,7853
7854,Do.,Sun Jul 30 00:00:00 GMT+01:00 2023,Wedding,7854
7855,Most.,Tue Oct 07 00:00:00 GMT+01:00 2025,Birthday,7855
7856,West collection director.,Tue Jul 22 00:00:00 GMT+01:00 2025,Wedding,7856
7857,View.,Sat May 03 00:00:00 GMT+01:00 2025,Birthday,7857
7858,Just air trade.,Sun May 05 00:00:00 GMT+01:00 2024,Birthday,7858
7859,Difference receive history.,Sun Nov 10 00:00:00 GMT+01:00 2024,Birthday,7859
7860,Poor plan.,Wed Mar 19 00:00:00 GMT+01:00 2025,Corporate Event,7860
7861,Turn real.,Mon Apr 03 00:00:00 GMT+01:00 2023,Private Party,7861
7862,Teach.,Tue Nov 15 00:00:00 GMT+01:00 2022,Private Party,7862
7863,Project hit.,Wed Mar 30 00:00:00 GMT+01:00 2022,Corporate Event,7863
7864,Adult it look.,Fri Feb 28 00:00:00 GMT+01:00 2025,Private Party,7864
7865,Require son.,Wed Sep 24 00:00:00 GMT+01:00 2025,Corporate Event,7865
7866,Look herself.,Fri Feb 11 00:00:00 GMT+01:00 2022,Corporate Event,7866
7867,Employee better as.,Sat Jan 06 00:00:00 GMT+01:00 2024,Private Party,7867
7868,Beat eight before.,Sun Aug 14 00:00:00 GMT+01:00 2022,Wedding,7868
7869,Something sense management.,Fri Dec 29 00:00:00 GMT+01:00 2023,Corporate Event,7869
7870,Something be.,Tue Feb 01 00:00:00 GMT+01:00 2022,Corporate Event,7870
7871,Law speech.,Sat Sep 09 00:00:00 GMT+01:00 2023,Private Party,7871
7872,Task.,Sun Jun 01 00:00:00 GMT+01:00 2025,Wedding,7872
7873,Relate one place.,Sat May 25 00:00:00 GMT+01:00 2024,Wedding,7873
7874,You talk.,Fri Jan 28 00:00:00 GMT+01:00 2022,Wedding,7874
7875,Nation purpose above.,Tue Mar 22 00:00:00 GMT+01:00 2022,Wedding,7875
7876,Would mind him.,Mon Jun 03 00:00:00 GMT+01:00 2024,Private Party,7876
7877,Opportunity respond.,Sun Apr 21 00:00:00 GMT+01:00 2024,Birthday,7877
7878,Skin always.,Fri Dec 29 00:00:00 GMT+01:00 2023,Wedding,7878
7879,Nor stand speech.,Wed Sep 20 00:00:00 GMT+01:00 2023,Wedding,7879
7880,Should senior.,Sun Jun 29 00:00:00 GMT+01:00 2025,Private Party,7880
7881,Mouth source argue.,Sun Oct 26 00:00:00 GMT+01:00 2025,Wedding,7881
7882,Budget scientist cut.,Mon Oct 21 00:00:00 GMT+01:00 2024,Corporate Event,7882
7883,Few position compare.,Mon Jan 03 00:00:00 GMT+01:00 2022,Private Party,7883
7884,Out discuss.,Sat Aug 06 00:00:00 GMT+01:00 2022,Birthday,7884
7885,Agreement other.,Mon Jun 30 00:00:00 GMT+01:00 2025,Corporate Event,7885
7886,One free better month.,Sun Jun 25 00:00:00 GMT+01:00 2023,Private Party,7886
7887,Success lawyer.,Fri Nov 03 00:00:00 GMT+01:00 2023,Corporate Event,7887
7888,Get camera design.,Wed May 25 00:00:00 GMT+01:00 2022,Corporate Event,7888
7889,Other person.,Tue Feb 22 00:00:00 GMT+01:00 2022,Corporate Event,7889
7890,Sing agreement her.,Fri Apr 15 00:00:00 GMT+01:00 2022,Birthday,7890
7891,Subject anyone list.,Sat Feb 04 00:00:00 GMT+01:00 2023,Wedding,7891
7892,Usually maybe until it.,Mon Apr 18 00:00:00 GMT+01:00 2022,Birthday,7892
7893,Produce see.,Wed Oct 08 00:00:00 GMT+01:00 2025,Private Party,7893
7894,Arm give.,Wed May 03 00:00:00 GMT+01:00 2023,Private Party,7894
7895,Effort employee.,Tue Apr 25 00:00:00 GMT+01:00 2023,Wedding,7895
7896,Which fall.,Sun Jan 22 00:00:00 GMT+01:00 2023,Birthday,7896
7897,It fire.,Mon Jul 17 00:00:00 GMT+01:00 2023,Birthday,7897
7898,It court five.,Sun Aug 27 00:00:00 GMT+01:00 2023,Corporate Event,7898
7899,About send.,Thu Sep 18 00:00:00 GMT+01:00 2025,Birthday,7899
7900,Career anyone main.,Sun Mar 30 00:00:00 GMT+01:00 2025,Wedding,7900
7901,Seven road argue.,Sat Jan 15 00:00:00 GMT+01:00 2022,Wedding,7901
7902,Their scene high movie.,Sat Nov 29 00:00:00 GMT+01:00 2025,Birthday,7902
7903,Hundred note.,Thu Aug 25 00:00:00 GMT+01:00 2022,Corporate Event,7903
7904,Consider skill music rock.,Mon Jul 21 00:00:00 GMT+01:00 2025,Private Party,7904
7905,Particular tell.,Sat Dec 27 00:00:00 GMT+01:00 2025,Corporate Event,7905
7906,Pay various candidate.,Tue Feb 13 00:00:00 GMT+01:00 2024,Corporate Event,7906
7907,Accept per goal will.,Sun Nov 19 00:00:00 GMT+01:00 2023,Birthday,7907
7908,Under case.,Tue Oct 25 00:00:00 GMT+01:00 2022,Wedding,7908
7909,Add ask under.,Fri Jan 06 00:00:00 GMT+01:00 2023,Corporate Event,7909
7910,Effect movement part.,Mon Jul 17 00:00:00 GMT+01:00 2023,Birthday,7910
7911,Free daughter suggest.,Sun Mar 13 00:00:00 GMT+01:00 2022,Wedding,7911
7912,Difference field day.,Tue Jun 21 00:00:00 GMT+01:00 2022,Wedding,7912
7913,Learn near.,Thu Feb 01 00:00:00 GMT+01:00 2024,Corporate Event,7913
7914,Mean significant arm north.,Mon Jun 03 00:00:00 GMT+01:00 2024,Corporate Event,7914
7915,Black five such.,Sun Mar 23 00:00:00 GMT+01:00 2025,Birthday,7915
7916,Real especially.,Wed Apr 16 00:00:00 GMT+01:00 2025,Birthday,7916
7917,Way four.,Tue Apr 04 00:00:00 GMT+01:00 2023,Wedding,7917
7918,Strong little.,Mon May 23 00:00:00 GMT+01:00 2022,Wedding,7918
7919,Four hard hair success.,Thu Jun 06 00:00:00 GMT+01:00 2024,Corporate Event,7919
7920,Win traditional story.,Tue Jun 28 00:00:00 GMT+01:00 2022,Private Party,7920
7921,Student democratic.,Sat Sep 03 00:00:00 GMT+01:00 2022,Birthday,7921
7922,Eat play.,Sat Dec 17 00:00:00 GMT+01:00 2022,Corporate Event,7922
7923,Air determine could.,Mon Feb 28 00:00:00 GMT+01:00 2022,Wedding,7923
7924,Enter safe between.,Tue Dec 31 00:00:00 GMT+01:00 2024,Birthday,7924
7925,During old western.,Wed Jun 19 00:00:00 GMT+01:00 2024,Corporate Event,7925
7926,Future identify home.,Fri Aug 09 00:00:00 GMT+01:00 2024,Private Party,7926
7927,Lead week weight.,Sun Sep 08 00:00:00 GMT+01:00 2024,Birthday,7927
7928,Heavy meet firm.,Sun Mar 10 00:00:00 GMT+01:00 2024,Wedding,7928
7929,Lawyer certain.,Wed Sep 25 00:00:00 GMT+01:00 2024,Corporate Event,7929
7930,Actually.,Tue Nov 01 00:00:00 GMT+01:00 2022,Corporate Event,7930
7931,Rest real.,Mon Aug 11 00:00:00 GMT+01:00 2025,Wedding,7931
7932,Five dinner law.,Thu Nov 14 00:00:00 GMT+01:00 2024,Wedding,7932
7933,Matter begin.,Fri Feb 11 00:00:00 GMT+01:00 2022,Private Party,7933
7934,Kind new parent.,Mon Aug 19 00:00:00 GMT+01:00 2024,Corporate Event,7934
7935,Ready practice important each.,Tue Aug 30 00:00:00 GMT+01:00 2022,Private Party,7935
7936,Human political.,Thu May 11 00:00:00 GMT+01:00 2023,Private Party,7936
7937,Three control.,Wed Oct 22 00:00:00 GMT+01:00 2025,Wedding,7937
7938,Sign fast.,Tue Nov 19 00:00:00 GMT+01:00 2024,Wedding,7938
7939,Rule debate throw.,Thu Mar 21 00:00:00 GMT+01:00 2024,Private Party,7939
7940,Maybe write.,Fri Jun 09 00:00:00 GMT+01:00 2023,Private Party,7940
7941,Answer herself last.,Mon Jan 27 00:00:00 GMT+01:00 2025,Corporate Event,7941
7942,Water girl.,Fri Aug 11 00:00:00 GMT+01:00 2023,Corporate Event,7942
7943,Soon military.,Wed Dec 27 00:00:00 GMT+01:00 2023,Private Party,7943
7944,Before cause create.,Sun Aug 07 00:00:00 GMT+01:00 2022,Corporate Event,7944
7945,School yourself among.,Mon May 13 00:00:00 GMT+01:00 2024,Private Party,7945
7946,Other special.,Mon Dec 19 00:00:00 GMT+01:00 2022,Corporate Event,7946
7947,Talk decision.,Thu Jan 09 00:00:00 GMT+01:00 2025,Birthday,7947
7948,Food choose.,Wed Jan 08 00:00:00 GMT+01:00 2025,Private Party,7948
7949,Image debate.,Mon Mar 11 00:00:00 GMT+01:00 2024,Corporate Event,7949
7950,Step director each.,Mon Nov 10 00:00:00 GMT+01:00 2025,Private Party,7950
7951,Put professor.,Fri Aug 29 00:00:00 GMT+01:00 2025,Birthday,7951
7952,Consumer right dream.,Wed Dec 28 00:00:00 GMT+01:00 2022,Birthday,7952
7953,Bar.,Sun Dec 22 00:00:00 GMT+01:00 2024,Private Party,7953
7954,Relationship executive.,Sun Dec 17 00:00:00 GMT+01:00 2023,Birthday,7954
7955,System Republican law.,Tue Dec 27 00:00:00 GMT+01:00 2022,Private Party,7955
7956,Another.,Sat May 14 00:00:00 GMT+01:00 2022,Wedding,7956
7957,Identify.,Thu Oct 24 00:00:00 GMT+01:00 2024,Birthday,7957
7958,Leave think including.,Sun Oct 01 00:00:00 GMT+01:00 2023,Birthday,7958
7959,Person not.,Thu Sep 15 00:00:00 GMT+01:00 2022,Private Party,7959
7960,Certainly truth yard rest.,Thu Jan 12 00:00:00 GMT+01:00 2023,Wedding,7960
7961,Human him.,Thu Aug 14 00:00:00 GMT+01:00 2025,Birthday,7961
7962,Recently which.,Tue Nov 15 00:00:00 GMT+01:00 2022,Private Party,7962
7963,Hotel movie contain.,Thu Feb 02 00:00:00 GMT+01:00 2023,Corporate Event,7963
7964,Soon year treatment.,Sat Nov 23 00:00:00 GMT+01:00 2024,Corporate Event,7964
7965,Finally represent someone.,Mon Feb 17 00:00:00 GMT+01:00 2025,Corporate Event,7965
7966,Talk picture low.,Wed Apr 09 00:00:00 GMT+01:00 2025,Private Party,7966
7967,Example think they.,Wed Oct 25 00:00:00 GMT+01:00 2023,Birthday,7967
7968,People this professor.,Sat Apr 16 00:00:00 GMT+01:00 2022,Corporate Event,7968
7969,Safe send even.,Sat Aug 27 00:00:00 GMT+01:00 2022,Wedding,7969
7970,Visit cause position.,Sat Oct 08 00:00:00 GMT+01:00 2022,Corporate Event,7970
7971,Him field.,Mon Apr 28 00:00:00 GMT+01:00 2025,Birthday,7971
7972,East vote.,Sat Jul 06 00:00:00 GMT+01:00 2024,Corporate Event,7972
7973,Cause sport blue evening.,Mon Jul 10 00:00:00 GMT+01:00 2023,Corporate Event,7973
7974,Key their.,Sat Jul 08 00:00:00 GMT+01:00 2023,Private Party,7974
7975,Agent least.,Tue Jul 16 00:00:00 GMT+01:00 2024,Wedding,7975
7976,Call.,Tue May 31 00:00:00 GMT+01:00 2022,Wedding,7976
7977,Daughter you.,Mon Apr 18 00:00:00 GMT+01:00 2022,Wedding,7977
7978,Interview behind.,Fri Nov 08 00:00:00 GMT+01:00 2024,Corporate Event,7978
7979,Field list.,Mon Jan 15 00:00:00 GMT+01:00 2024,Wedding,7979
7980,Hear now physical.,Thu Aug 21 00:00:00 GMT+01:00 2025,Wedding,7980
7981,Finally night.,Wed Dec 11 00:00:00 GMT+01:00 2024,Corporate Event,7981
7982,Health audience.,Fri Aug 22 00:00:00 GMT+01:00 2025,Wedding,7982
7983,Yeah produce finish.,Fri Nov 21 00:00:00 GMT+01:00 2025,Corporate Event,7983
7984,Site marriage close.,Tue Feb 25 00:00:00 GMT+01:00 2025,Private Party,7984
7985,Summer.,Sun Oct 30 00:00:00 GMT+01:00 2022,Private Party,7985
7986,Team.,Wed Aug 14 00:00:00 GMT+01:00 2024,Private Party,7986
7987,Player key care.,Fri Apr 14 00:00:00 GMT+01:00 2023,Private Party,7987
7988,Man candidate foreign.,Mon Jul 21 00:00:00 GMT+01:00 2025,Birthday,7988
7989,Determine free.,Sun Nov 16 00:00:00 GMT+01:00 2025,Corporate Event,7989
7990,Office site energy.,Mon Mar 20 00:00:00 GMT+01:00 2023,Private Party,7990
7991,Store statement who.,Tue Dec 02 00:00:00 GMT+01:00 2025,Corporate Event,7991
7992,Explain truth.,Thu Jun 02 00:00:00 GMT+01:00 2022,Birthday,7992
7993,Yard position difference.,Mon Oct 16 00:00:00 GMT+01:00 2023,Corporate Event,7993
7994,Risk college.,Mon Apr 29 00:00:00 GMT+01:00 2024,Birthday,7994
7995,Program letter plant.,Wed Jul 26 00:00:00 GMT+01:00 2023,Wedding,7995
7996,Cultural fast.,Mon Jun 05 00:00:00 GMT+01:00 2023,Private Party,7996
7997,Kitchen style.,Thu Feb 22 00:00:00 GMT+01:00 2024,Birthday,7997
8076,Door hit.,Fri Sep 08 00:00:00 GMT+01:00 2023,Private Party,8076
7998,Consumer blue leave.,Tue Apr 18 00:00:00 GMT+01:00 2023,Private Party,7998
7999,Same smile official.,Fri Jan 24 00:00:00 GMT+01:00 2025,Birthday,7999
8000,Prove better candidate book.,Wed Jun 26 00:00:00 GMT+01:00 2024,Private Party,8000
8001,Some you despite.,Wed Oct 16 00:00:00 GMT+01:00 2024,Corporate Event,8001
8002,Food truth growth.,Thu Nov 06 00:00:00 GMT+01:00 2025,Private Party,8002
8003,Meet cover start.,Thu Apr 20 00:00:00 GMT+01:00 2023,Wedding,8003
8004,Image wear.,Sat Aug 12 00:00:00 GMT+01:00 2023,Birthday,8004
8005,Hundred might use.,Wed Nov 29 00:00:00 GMT+01:00 2023,Private Party,8005
8006,My lose.,Thu Apr 13 00:00:00 GMT+01:00 2023,Wedding,8006
8007,Key performance practice.,Sun Jan 22 00:00:00 GMT+01:00 2023,Private Party,8007
8008,Performance seat.,Mon Sep 19 00:00:00 GMT+01:00 2022,Private Party,8008
8009,Whether church idea who.,Sun Jun 29 00:00:00 GMT+01:00 2025,Wedding,8009
8010,Republican edge new.,Tue Nov 01 00:00:00 GMT+01:00 2022,Birthday,8010
8011,Large popular democratic me.,Wed Aug 31 00:00:00 GMT+01:00 2022,Birthday,8011
8012,Well.,Sun Apr 17 00:00:00 GMT+01:00 2022,Birthday,8012
8013,Involve owner social.,Mon Dec 09 00:00:00 GMT+01:00 2024,Corporate Event,8013
8014,Cell affect.,Tue Mar 12 00:00:00 GMT+01:00 2024,Birthday,8014
8015,Until eat.,Tue Apr 19 00:00:00 GMT+01:00 2022,Private Party,8015
8016,Available interest against.,Thu Mar 27 00:00:00 GMT+01:00 2025,Birthday,8016
8017,Impact.,Tue Sep 24 00:00:00 GMT+01:00 2024,Birthday,8017
8018,Individual staff.,Thu Dec 21 00:00:00 GMT+01:00 2023,Birthday,8018
8019,Call.,Mon Nov 27 00:00:00 GMT+01:00 2023,Private Party,8019
8020,Article three newspaper.,Tue Jan 17 00:00:00 GMT+01:00 2023,Birthday,8020
8021,Hour everybody in.,Sat Apr 01 00:00:00 GMT+01:00 2023,Wedding,8021
8022,Rock group dinner.,Thu Jul 10 00:00:00 GMT+01:00 2025,Corporate Event,8022
8023,Assume air.,Tue Jul 22 00:00:00 GMT+01:00 2025,Corporate Event,8023
8024,Figure.,Thu Jun 19 00:00:00 GMT+01:00 2025,Corporate Event,8024
8025,Claim rather own determine.,Mon Aug 07 00:00:00 GMT+01:00 2023,Corporate Event,8025
8026,Clearly.,Wed Apr 05 00:00:00 GMT+01:00 2023,Wedding,8026
8027,Travel there.,Fri Apr 21 00:00:00 GMT+01:00 2023,Corporate Event,8027
8028,Lose scene physical.,Sun Dec 17 00:00:00 GMT+01:00 2023,Birthday,8028
8029,Girl once present page.,Mon Jul 15 00:00:00 GMT+01:00 2024,Wedding,8029
8030,South institution.,Sat Sep 10 00:00:00 GMT+01:00 2022,Wedding,8030
8031,Let maybe among.,Wed Apr 02 00:00:00 GMT+01:00 2025,Wedding,8031
8032,Drop small get.,Mon Jul 11 00:00:00 GMT+01:00 2022,Birthday,8032
8033,City which her.,Tue Nov 15 00:00:00 GMT+01:00 2022,Corporate Event,8033
8034,Tax recently remain.,Mon Oct 06 00:00:00 GMT+01:00 2025,Birthday,8034
8035,Accept measure south.,Fri Mar 22 00:00:00 GMT+01:00 2024,Private Party,8035
8036,Choice cover across.,Sat Jun 25 00:00:00 GMT+01:00 2022,Corporate Event,8036
8037,Especially.,Sat Mar 04 00:00:00 GMT+01:00 2023,Private Party,8037
8038,Baby campaign figure true.,Wed Jan 15 00:00:00 GMT+01:00 2025,Wedding,8038
8039,Own trouble.,Thu Aug 17 00:00:00 GMT+01:00 2023,Private Party,8039
8040,Building financial day.,Tue Apr 04 00:00:00 GMT+01:00 2023,Birthday,8040
8041,Central cup effect.,Sat Sep 09 00:00:00 GMT+01:00 2023,Corporate Event,8041
8042,Hospital difference entire collection.,Sat Apr 16 00:00:00 GMT+01:00 2022,Corporate Event,8042
8043,Address mother our.,Sat Jan 11 00:00:00 GMT+01:00 2025,Wedding,8043
8044,Natural surface anyone government.,Thu Dec 19 00:00:00 GMT+01:00 2024,Birthday,8044
8045,Gas ok current.,Tue Apr 11 00:00:00 GMT+01:00 2023,Birthday,8045
8046,Country church.,Sat Sep 13 00:00:00 GMT+01:00 2025,Birthday,8046
8047,Free.,Tue Nov 18 00:00:00 GMT+01:00 2025,Corporate Event,8047
8048,Bad special truth.,Wed Aug 17 00:00:00 GMT+01:00 2022,Corporate Event,8048
8049,Gas already.,Wed Feb 12 00:00:00 GMT+01:00 2025,Wedding,8049
8050,Matter on.,Wed May 25 00:00:00 GMT+01:00 2022,Wedding,8050
8051,Politics feel read.,Tue Jun 10 00:00:00 GMT+01:00 2025,Private Party,8051
8052,Suddenly shake.,Wed Feb 12 00:00:00 GMT+01:00 2025,Wedding,8052
8053,Perform myself hard.,Mon Oct 28 00:00:00 GMT+01:00 2024,Wedding,8053
8054,North clear.,Tue May 24 00:00:00 GMT+01:00 2022,Wedding,8054
8055,Eat.,Sun Jun 04 00:00:00 GMT+01:00 2023,Wedding,8055
8056,Tend meeting.,Sun May 22 00:00:00 GMT+01:00 2022,Private Party,8056
8057,Writer threat.,Thu Oct 02 00:00:00 GMT+01:00 2025,Wedding,8057
8058,Education scene.,Wed Oct 09 00:00:00 GMT+01:00 2024,Corporate Event,8058
8059,Close same mission.,Wed Jun 01 00:00:00 GMT+01:00 2022,Corporate Event,8059
8060,Sell economic.,Thu Jan 12 00:00:00 GMT+01:00 2023,Wedding,8060
8061,Discover suggest true.,Sun Oct 02 00:00:00 GMT+01:00 2022,Birthday,8061
8062,Soon worker region.,Mon Jun 02 00:00:00 GMT+01:00 2025,Birthday,8062
8063,Media morning.,Fri Dec 09 00:00:00 GMT+01:00 2022,Private Party,8063
8064,Than who blood politics.,Sat Jun 29 00:00:00 GMT+01:00 2024,Birthday,8064
8065,Population church rather.,Wed Dec 07 00:00:00 GMT+01:00 2022,Private Party,8065
8066,Garden occur institution.,Sun Dec 07 00:00:00 GMT+01:00 2025,Corporate Event,8066
8067,Fly.,Wed Dec 11 00:00:00 GMT+01:00 2024,Wedding,8067
8068,Environment life machine.,Fri Dec 29 00:00:00 GMT+01:00 2023,Corporate Event,8068
8069,Base language lay.,Fri Jul 11 00:00:00 GMT+01:00 2025,Private Party,8069
8070,Her above.,Fri May 13 00:00:00 GMT+01:00 2022,Private Party,8070
8071,Tax control.,Sun Mar 26 00:00:00 GMT+01:00 2023,Wedding,8071
8072,Occur surface where.,Fri Oct 27 00:00:00 GMT+01:00 2023,Private Party,8072
8073,Much cultural consumer four.,Wed Apr 16 00:00:00 GMT+01:00 2025,Wedding,8073
8074,Finish card.,Tue Jun 17 00:00:00 GMT+01:00 2025,Birthday,8074
8075,Report certainly more.,Fri Apr 11 00:00:00 GMT+01:00 2025,Birthday,8075
8077,Ago standard top.,Sun Aug 24 00:00:00 GMT+01:00 2025,Private Party,8077
8078,City suffer current.,Fri Aug 11 00:00:00 GMT+01:00 2023,Corporate Event,8078
8079,Herself more.,Sun Sep 10 00:00:00 GMT+01:00 2023,Corporate Event,8079
8080,Including exist suggest.,Sat Sep 21 00:00:00 GMT+01:00 2024,Birthday,8080
8081,Different federal.,Sat Oct 08 00:00:00 GMT+01:00 2022,Birthday,8081
8082,Painting into join whole.,Sat Sep 17 00:00:00 GMT+01:00 2022,Corporate Event,8082
8083,Current church.,Sat Mar 26 00:00:00 GMT+01:00 2022,Birthday,8083
8084,Various could.,Fri Feb 11 00:00:00 GMT+01:00 2022,Private Party,8084
8085,Maintain how first.,Thu Mar 03 00:00:00 GMT+01:00 2022,Wedding,8085
8086,Lay none system.,Sun Nov 05 00:00:00 GMT+01:00 2023,Private Party,8086
8087,Pressure six.,Tue Jun 04 00:00:00 GMT+01:00 2024,Private Party,8087
8088,Third foot.,Fri Oct 03 00:00:00 GMT+01:00 2025,Wedding,8088
8089,Resource cut.,Fri Oct 31 00:00:00 GMT+01:00 2025,Birthday,8089
8090,Wind reduce.,Wed Apr 09 00:00:00 GMT+01:00 2025,Birthday,8090
8091,Wide language maybe.,Tue Oct 17 00:00:00 GMT+01:00 2023,Birthday,8091
8092,Others spring actually.,Thu Sep 25 00:00:00 GMT+01:00 2025,Wedding,8092
8093,Between less.,Wed Oct 08 00:00:00 GMT+01:00 2025,Corporate Event,8093
8094,Child both chair.,Sat May 21 00:00:00 GMT+01:00 2022,Corporate Event,8094
8095,Point collection door.,Tue Mar 15 00:00:00 GMT+01:00 2022,Corporate Event,8095
8096,Material job choose.,Wed May 11 00:00:00 GMT+01:00 2022,Corporate Event,8096
8097,Room pressure order.,Thu Mar 13 00:00:00 GMT+01:00 2025,Corporate Event,8097
8098,Him teach better.,Fri Oct 28 00:00:00 GMT+01:00 2022,Birthday,8098
8099,Hotel.,Sun Aug 10 00:00:00 GMT+01:00 2025,Private Party,8099
8100,Color.,Thu May 19 00:00:00 GMT+01:00 2022,Birthday,8100
8101,Kitchen against.,Fri Sep 30 00:00:00 GMT+01:00 2022,Wedding,8101
8102,Admit play ball relationship.,Thu Jan 25 00:00:00 GMT+01:00 2024,Corporate Event,8102
8103,Sell this similar.,Tue Oct 25 00:00:00 GMT+01:00 2022,Birthday,8103
8104,Population everybody open.,Sat Jan 06 00:00:00 GMT+01:00 2024,Private Party,8104
8105,Area PM.,Mon Feb 27 00:00:00 GMT+01:00 2023,Wedding,8105
8106,Traditional travel low.,Fri Sep 29 00:00:00 GMT+01:00 2023,Wedding,8106
8107,Consumer senior.,Sun Jul 09 00:00:00 GMT+01:00 2023,Private Party,8107
8108,President first hand.,Tue Dec 19 00:00:00 GMT+01:00 2023,Wedding,8108
8109,Success.,Tue Mar 07 00:00:00 GMT+01:00 2023,Corporate Event,8109
8110,Cover military language.,Mon Jun 24 00:00:00 GMT+01:00 2024,Private Party,8110
8111,Point effort.,Mon Apr 21 00:00:00 GMT+01:00 2025,Wedding,8111
8112,War degree.,Tue Jun 25 00:00:00 GMT+01:00 2024,Birthday,8112
8113,Very after what.,Wed Feb 01 00:00:00 GMT+01:00 2023,Private Party,8113
8114,Matter activity argue manager.,Thu Sep 05 00:00:00 GMT+01:00 2024,Birthday,8114
8115,Long tree.,Sun Aug 14 00:00:00 GMT+01:00 2022,Corporate Event,8115
8116,Red figure season.,Wed Oct 15 00:00:00 GMT+01:00 2025,Corporate Event,8116
8117,Home friend.,Wed Oct 19 00:00:00 GMT+01:00 2022,Private Party,8117
8118,Court term choice.,Wed Oct 12 00:00:00 GMT+01:00 2022,Corporate Event,8118
8119,Task short.,Tue Apr 16 00:00:00 GMT+01:00 2024,Birthday,8119
8120,Right knowledge fund.,Mon Sep 01 00:00:00 GMT+01:00 2025,Corporate Event,8120
8121,Heart spend something.,Sun Apr 02 00:00:00 GMT+01:00 2023,Birthday,8121
8122,Scientist government.,Mon Oct 23 00:00:00 GMT+01:00 2023,Corporate Event,8122
8123,Condition treat final.,Sun Jan 23 00:00:00 GMT+01:00 2022,Corporate Event,8123
8124,Deal land.,Sun May 05 00:00:00 GMT+01:00 2024,Corporate Event,8124
8125,Institution bad figure.,Wed Oct 19 00:00:00 GMT+01:00 2022,Private Party,8125
8126,Material everybody.,Wed Aug 07 00:00:00 GMT+01:00 2024,Private Party,8126
8127,National.,Tue Feb 15 00:00:00 GMT+01:00 2022,Wedding,8127
8128,Us item.,Tue Apr 04 00:00:00 GMT+01:00 2023,Birthday,8128
8129,Book heart how.,Sun Sep 17 00:00:00 GMT+01:00 2023,Private Party,8129
8130,Above government explain important.,Thu May 30 00:00:00 GMT+01:00 2024,Corporate Event,8130
8131,Let rule.,Sun Mar 10 00:00:00 GMT+01:00 2024,Corporate Event,8131
8132,Half plant generation.,Wed Mar 20 00:00:00 GMT+01:00 2024,Birthday,8132
8133,Certain effect.,Fri Feb 23 00:00:00 GMT+01:00 2024,Birthday,8133
8134,Range represent four.,Fri Oct 21 00:00:00 GMT+01:00 2022,Corporate Event,8134
8135,Drop first student.,Fri Dec 05 00:00:00 GMT+01:00 2025,Private Party,8135
8136,Hour.,Thu Apr 03 00:00:00 GMT+01:00 2025,Wedding,8136
8137,At up word.,Sat Mar 05 00:00:00 GMT+01:00 2022,Wedding,8137
8138,Believe attorney because.,Wed Apr 24 00:00:00 GMT+01:00 2024,Corporate Event,8138
8139,Strategy society.,Sun Mar 23 00:00:00 GMT+01:00 2025,Corporate Event,8139
8140,Get poor citizen magazine.,Thu Feb 16 00:00:00 GMT+01:00 2023,Birthday,8140
8141,Improve hospital owner.,Mon Feb 17 00:00:00 GMT+01:00 2025,Corporate Event,8141
8142,Senior blood whose.,Tue Jul 18 00:00:00 GMT+01:00 2023,Corporate Event,8142
8143,Since wish.,Thu Dec 15 00:00:00 GMT+01:00 2022,Wedding,8143
8144,Short think.,Fri Jun 23 00:00:00 GMT+01:00 2023,Private Party,8144
8145,Pm arrive.,Tue Sep 09 00:00:00 GMT+01:00 2025,Birthday,8145
8146,Campaign card similar.,Fri Jun 27 00:00:00 GMT+01:00 2025,Corporate Event,8146
8147,Know top.,Mon Apr 21 00:00:00 GMT+01:00 2025,Private Party,8147
8148,Agreement management first.,Thu Dec 25 00:00:00 GMT+01:00 2025,Birthday,8148
8149,List across.,Tue Jul 02 00:00:00 GMT+01:00 2024,Birthday,8149
8150,State peace market.,Tue Oct 18 00:00:00 GMT+01:00 2022,Birthday,8150
8151,Often degree our.,Sat Jan 28 00:00:00 GMT+01:00 2023,Corporate Event,8151
8152,Consumer customer miss.,Thu May 01 00:00:00 GMT+01:00 2025,Birthday,8152
8153,Serious.,Sun Jan 15 00:00:00 GMT+01:00 2023,Private Party,8153
8154,Father build.,Wed Feb 09 00:00:00 GMT+01:00 2022,Birthday,8154
8156,Box big.,Tue May 03 00:00:00 GMT+01:00 2022,Wedding,8156
8157,Enjoy.,Mon Jul 18 00:00:00 GMT+01:00 2022,Private Party,8157
8158,Old eat leader.,Thu Sep 26 00:00:00 GMT+01:00 2024,Private Party,8158
8159,Member.,Mon Mar 20 00:00:00 GMT+01:00 2023,Corporate Event,8159
8160,Happy manager live.,Fri Mar 04 00:00:00 GMT+01:00 2022,Birthday,8160
8161,City detail against forget.,Fri May 17 00:00:00 GMT+01:00 2024,Corporate Event,8161
8162,Sort view type.,Sun Jan 22 00:00:00 GMT+01:00 2023,Corporate Event,8162
8163,Book.,Sun Jun 05 00:00:00 GMT+01:00 2022,Birthday,8163
8164,Stay religious success.,Fri Oct 27 00:00:00 GMT+01:00 2023,Corporate Event,8164
8165,Occur system.,Thu Aug 22 00:00:00 GMT+01:00 2024,Wedding,8165
8166,Able security sound car.,Tue Nov 29 00:00:00 GMT+01:00 2022,Wedding,8166
8167,Smile realize.,Wed Jun 25 00:00:00 GMT+01:00 2025,Birthday,8167
8168,Opportunity successful food yard.,Mon Dec 02 00:00:00 GMT+01:00 2024,Corporate Event,8168
8169,Bar that size various.,Fri Mar 21 00:00:00 GMT+01:00 2025,Birthday,8169
8170,Brother north page.,Fri May 12 00:00:00 GMT+01:00 2023,Birthday,8170
8171,Ten imagine.,Sun Nov 10 00:00:00 GMT+01:00 2024,Corporate Event,8171
8172,Race local.,Tue Feb 07 00:00:00 GMT+01:00 2023,Birthday,8172
8173,Return body.,Tue Feb 28 00:00:00 GMT+01:00 2023,Birthday,8173
8174,On billion interest.,Sun Apr 21 00:00:00 GMT+01:00 2024,Wedding,8174
8175,Drop a positive.,Sat Jul 05 00:00:00 GMT+01:00 2025,Corporate Event,8175
8176,Green.,Mon Nov 04 00:00:00 GMT+01:00 2024,Birthday,8176
8177,Room easy tax.,Tue Oct 24 00:00:00 GMT+01:00 2023,Birthday,8177
8178,Admit mean national.,Sat Apr 12 00:00:00 GMT+01:00 2025,Corporate Event,8178
8179,Future approach.,Thu Feb 17 00:00:00 GMT+01:00 2022,Birthday,8179
8180,A candidate Republican.,Thu Nov 23 00:00:00 GMT+01:00 2023,Birthday,8180
8181,Difficult inside head.,Thu Mar 23 00:00:00 GMT+01:00 2023,Corporate Event,8181
8182,Central learn less traditional.,Sun Oct 08 00:00:00 GMT+01:00 2023,Birthday,8182
8183,Name well within.,Thu Oct 23 00:00:00 GMT+01:00 2025,Birthday,8183
8184,Recognize movie week.,Wed Feb 09 00:00:00 GMT+01:00 2022,Corporate Event,8184
8185,Chair visit.,Mon Nov 25 00:00:00 GMT+01:00 2024,Birthday,8185
8186,Kitchen hour war south.,Sun Jul 03 00:00:00 GMT+01:00 2022,Birthday,8186
8187,Economy or.,Sun Mar 17 00:00:00 GMT+01:00 2024,Corporate Event,8187
8188,Be assume.,Fri Apr 12 00:00:00 GMT+01:00 2024,Private Party,8188
8189,Store opportunity sport.,Mon Oct 21 00:00:00 GMT+01:00 2024,Corporate Event,8189
8190,Form prepare.,Tue Apr 19 00:00:00 GMT+01:00 2022,Wedding,8190
8191,Under control director trouble.,Mon Apr 25 00:00:00 GMT+01:00 2022,Birthday,8191
8192,Discussion sort.,Tue Sep 02 00:00:00 GMT+01:00 2025,Corporate Event,8192
8193,Million meet machine.,Fri Dec 26 00:00:00 GMT+01:00 2025,Corporate Event,8193
8194,Travel stock office.,Mon Jul 24 00:00:00 GMT+01:00 2023,Birthday,8194
8195,Amount study account.,Tue Sep 19 00:00:00 GMT+01:00 2023,Corporate Event,8195
8196,Teacher growth.,Mon Feb 10 00:00:00 GMT+01:00 2025,Corporate Event,8196
8197,Less bring.,Fri Mar 11 00:00:00 GMT+01:00 2022,Wedding,8197
8198,Player member left.,Sun Feb 20 00:00:00 GMT+01:00 2022,Corporate Event,8198
8199,Executive some me.,Thu Jan 16 00:00:00 GMT+01:00 2025,Corporate Event,8199
8200,Artist.,Sun Mar 13 00:00:00 GMT+01:00 2022,Wedding,8200
8201,Word concern.,Fri Dec 05 00:00:00 GMT+01:00 2025,Corporate Event,8201
8202,Front good.,Fri Oct 21 00:00:00 GMT+01:00 2022,Corporate Event,8202
8203,Form good much.,Thu Feb 01 00:00:00 GMT+01:00 2024,Birthday,8203
8204,There would.,Thu Oct 06 00:00:00 GMT+01:00 2022,Corporate Event,8204
8205,Ground size.,Fri Oct 18 00:00:00 GMT+01:00 2024,Wedding,8205
8206,Camera woman move.,Sat Jun 25 00:00:00 GMT+01:00 2022,Wedding,8206
8207,Sound whole.,Mon Oct 13 00:00:00 GMT+01:00 2025,Private Party,8207
8208,However nature pattern.,Tue Sep 06 00:00:00 GMT+01:00 2022,Wedding,8208
8209,Movement as theory.,Tue Apr 02 00:00:00 GMT+01:00 2024,Private Party,8209
8210,Record of room.,Sat Sep 20 00:00:00 GMT+01:00 2025,Corporate Event,8210
8211,My know cultural.,Tue May 06 00:00:00 GMT+01:00 2025,Private Party,8211
8212,Police.,Thu Jul 07 00:00:00 GMT+01:00 2022,Corporate Event,8212
8213,Among option indeed.,Tue May 27 00:00:00 GMT+01:00 2025,Private Party,8213
8214,Possible myself.,Fri Jan 03 00:00:00 GMT+01:00 2025,Birthday,8214
8215,East.,Sat May 27 00:00:00 GMT+01:00 2023,Private Party,8215
8216,As we.,Fri Jul 22 00:00:00 GMT+01:00 2022,Corporate Event,8216
8217,One.,Thu Feb 17 00:00:00 GMT+01:00 2022,Birthday,8217
8218,Him easy.,Sun Sep 01 00:00:00 GMT+01:00 2024,Corporate Event,8218
8219,Next boy.,Fri Jun 28 00:00:00 GMT+01:00 2024,Corporate Event,8219
8220,Lose start.,Thu Jun 23 00:00:00 GMT+01:00 2022,Birthday,8220
8221,Four bag.,Thu Nov 20 00:00:00 GMT+01:00 2025,Corporate Event,8221
8222,Anything argue.,Tue Jul 23 00:00:00 GMT+01:00 2024,Wedding,8222
8223,View movement.,Wed Jan 12 00:00:00 GMT+01:00 2022,Corporate Event,8223
8224,Person.,Wed Jan 26 00:00:00 GMT+01:00 2022,Private Party,8224
8225,Beyond teach.,Wed Mar 30 00:00:00 GMT+01:00 2022,Private Party,8225
8226,Class window.,Thu Sep 29 00:00:00 GMT+01:00 2022,Birthday,8226
8227,Firm majority.,Thu Jan 11 00:00:00 GMT+01:00 2024,Corporate Event,8227
8228,Street performance.,Fri Apr 26 00:00:00 GMT+01:00 2024,Wedding,8228
8229,Owner vote interesting.,Mon Oct 14 00:00:00 GMT+01:00 2024,Corporate Event,8229
8230,Will above from.,Thu Sep 26 00:00:00 GMT+01:00 2024,Corporate Event,8230
8231,Kitchen join.,Thu Sep 01 00:00:00 GMT+01:00 2022,Corporate Event,8231
8232,Suggest eye building.,Sun Jan 30 00:00:00 GMT+01:00 2022,Wedding,8232
8233,Hope simple.,Mon Jan 15 00:00:00 GMT+01:00 2024,Birthday,8233
8234,Understand run until.,Sat Aug 06 00:00:00 GMT+01:00 2022,Private Party,8234
8235,News piece suffer.,Wed Jul 03 00:00:00 GMT+01:00 2024,Wedding,8235
8236,And college.,Sun Jan 21 00:00:00 GMT+01:00 2024,Wedding,8236
8237,Ten better.,Wed Jun 29 00:00:00 GMT+01:00 2022,Private Party,8237
8238,Raise now.,Fri Jun 24 00:00:00 GMT+01:00 2022,Wedding,8238
8239,Call.,Sun Jun 01 00:00:00 GMT+01:00 2025,Birthday,8239
8240,Hundred then reduce technology.,Tue Jan 28 00:00:00 GMT+01:00 2025,Private Party,8240
8241,Pull final physical.,Fri Sep 01 00:00:00 GMT+01:00 2023,Birthday,8241
8242,Tough pass only.,Sun Nov 27 00:00:00 GMT+01:00 2022,Private Party,8242
8243,Trial charge computer.,Sat Nov 16 00:00:00 GMT+01:00 2024,Corporate Event,8243
8244,To quite organization.,Sat Aug 26 00:00:00 GMT+01:00 2023,Private Party,8244
8245,Also place receive.,Sat Mar 05 00:00:00 GMT+01:00 2022,Birthday,8245
8246,Late military former.,Wed May 29 00:00:00 GMT+01:00 2024,Corporate Event,8246
8247,Bar there.,Mon Jan 23 00:00:00 GMT+01:00 2023,Corporate Event,8247
8248,Court indeed.,Fri Dec 23 00:00:00 GMT+01:00 2022,Wedding,8248
8249,Continue age.,Tue Mar 12 00:00:00 GMT+01:00 2024,Wedding,8249
8250,Service series even.,Fri Apr 19 00:00:00 GMT+01:00 2024,Birthday,8250
8251,Financial hotel wall.,Tue Aug 15 00:00:00 GMT+01:00 2023,Wedding,8251
8252,Peace type.,Fri Jun 28 00:00:00 GMT+01:00 2024,Wedding,8252
8253,Decide bad.,Sun Aug 31 00:00:00 GMT+01:00 2025,Wedding,8253
8254,Level reality.,Sat Aug 19 00:00:00 GMT+01:00 2023,Private Party,8254
8255,During crime.,Sun Nov 23 00:00:00 GMT+01:00 2025,Corporate Event,8255
8256,Social player.,Wed Apr 17 00:00:00 GMT+01:00 2024,Private Party,8256
8257,Respond which.,Sat Aug 05 00:00:00 GMT+01:00 2023,Private Party,8257
8258,Size speech behind.,Thu Oct 23 00:00:00 GMT+01:00 2025,Private Party,8258
8259,Accept.,Fri Jun 16 00:00:00 GMT+01:00 2023,Private Party,8259
8260,Main training test.,Wed Sep 11 00:00:00 GMT+01:00 2024,Birthday,8260
8261,House remember top standard.,Sun Dec 17 00:00:00 GMT+01:00 2023,Corporate Event,8261
8262,Cultural water couple.,Sun Apr 13 00:00:00 GMT+01:00 2025,Wedding,8262
8263,Several size box fact.,Mon Apr 25 00:00:00 GMT+01:00 2022,Birthday,8263
8264,Firm develop point light.,Sun Sep 28 00:00:00 GMT+01:00 2025,Wedding,8264
8265,Team.,Sun Apr 23 00:00:00 GMT+01:00 2023,Corporate Event,8265
8266,Impact.,Sat Jan 01 00:00:00 GMT+01:00 2022,Wedding,8266
8267,Agreement head.,Sat Sep 06 00:00:00 GMT+01:00 2025,Wedding,8267
8268,Ok.,Sat May 03 00:00:00 GMT+01:00 2025,Birthday,8268
8269,Tv along woman.,Fri Feb 02 00:00:00 GMT+01:00 2024,Birthday,8269
8270,Painting responsibility could.,Fri Mar 29 00:00:00 GMT+01:00 2024,Corporate Event,8270
8271,Music until least.,Thu Aug 22 00:00:00 GMT+01:00 2024,Birthday,8271
8272,Purpose month moment.,Mon Nov 11 00:00:00 GMT+01:00 2024,Corporate Event,8272
8273,Ever base.,Fri Feb 24 00:00:00 GMT+01:00 2023,Birthday,8273
8274,Skin agreement rest.,Wed Mar 16 00:00:00 GMT+01:00 2022,Birthday,8274
8275,Bill give.,Sun Jul 27 00:00:00 GMT+01:00 2025,Birthday,8275
8276,Firm ability.,Wed Dec 21 00:00:00 GMT+01:00 2022,Private Party,8276
8277,Off least.,Sun Aug 13 00:00:00 GMT+01:00 2023,Wedding,8277
8278,Where work relationship.,Tue Mar 05 00:00:00 GMT+01:00 2024,Private Party,8278
8279,Someone.,Tue Jan 02 00:00:00 GMT+01:00 2024,Birthday,8279
8280,Receive especially air.,Tue Aug 05 00:00:00 GMT+01:00 2025,Corporate Event,8280
8281,Feel form building.,Sun Mar 10 00:00:00 GMT+01:00 2024,Corporate Event,8281
8282,Campaign.,Wed Mar 13 00:00:00 GMT+01:00 2024,Corporate Event,8282
8283,Collection deal dark.,Fri May 31 00:00:00 GMT+01:00 2024,Wedding,8283
8284,Yard get himself.,Fri Apr 29 00:00:00 GMT+01:00 2022,Private Party,8284
8285,Bring charge thus.,Wed Mar 23 00:00:00 GMT+01:00 2022,Wedding,8285
8286,Third perhaps firm.,Thu Apr 04 00:00:00 GMT+01:00 2024,Wedding,8286
8287,Shoulder spend school.,Sun Aug 14 00:00:00 GMT+01:00 2022,Birthday,8287
8288,Couple American only.,Fri Oct 13 00:00:00 GMT+01:00 2023,Corporate Event,8288
8289,Bad into.,Mon Nov 04 00:00:00 GMT+01:00 2024,Corporate Event,8289
8290,Weight two.,Sat Apr 05 00:00:00 GMT+01:00 2025,Birthday,8290
8291,Floor deal four toward.,Fri Jan 24 00:00:00 GMT+01:00 2025,Private Party,8291
8292,Five move.,Mon Oct 06 00:00:00 GMT+01:00 2025,Corporate Event,8292
8293,Ahead admit loss wall.,Tue Oct 21 00:00:00 GMT+01:00 2025,Birthday,8293
8294,Hear pull.,Fri Apr 18 00:00:00 GMT+01:00 2025,Wedding,8294
8295,Building sea.,Tue Jun 20 00:00:00 GMT+01:00 2023,Private Party,8295
8296,American article institution.,Tue Jun 21 00:00:00 GMT+01:00 2022,Wedding,8296
8297,Perform.,Tue May 17 00:00:00 GMT+01:00 2022,Wedding,8297
8298,News after very.,Sat Mar 12 00:00:00 GMT+01:00 2022,Wedding,8298
8299,Best former.,Sat May 21 00:00:00 GMT+01:00 2022,Wedding,8299
8300,Assume speech condition.,Sat Jun 01 00:00:00 GMT+01:00 2024,Birthday,8300
8301,Design west fall.,Fri Mar 11 00:00:00 GMT+01:00 2022,Private Party,8301
8302,Front piece.,Wed Oct 08 00:00:00 GMT+01:00 2025,Corporate Event,8302
8303,World generation.,Wed Dec 13 00:00:00 GMT+01:00 2023,Private Party,8303
8304,Way too beat.,Mon Jul 11 00:00:00 GMT+01:00 2022,Birthday,8304
8305,Total democratic debate.,Sat Nov 08 00:00:00 GMT+01:00 2025,Birthday,8305
8306,Challenge dog.,Tue Jun 06 00:00:00 GMT+01:00 2023,Wedding,8306
8307,To choose.,Tue Sep 20 00:00:00 GMT+01:00 2022,Corporate Event,8307
8308,Relate.,Fri Jun 02 00:00:00 GMT+01:00 2023,Wedding,8308
8309,Especially method ahead.,Tue Jul 23 00:00:00 GMT+01:00 2024,Private Party,8309
8310,Difference explain garden.,Sat Aug 20 00:00:00 GMT+01:00 2022,Wedding,8310
8311,These hundred.,Wed Jan 05 00:00:00 GMT+01:00 2022,Birthday,8311
8312,Near Mr send.,Thu Sep 29 00:00:00 GMT+01:00 2022,Wedding,8312
8313,Check.,Mon Jun 23 00:00:00 GMT+01:00 2025,Corporate Event,8313
8314,Push defense.,Tue Jan 11 00:00:00 GMT+01:00 2022,Birthday,8314
8315,Pretty such career.,Sun May 01 00:00:00 GMT+01:00 2022,Corporate Event,8315
8316,Perhaps contain find statement.,Sun Jan 22 00:00:00 GMT+01:00 2023,Private Party,8316
8317,Ago oil.,Sun Jul 10 00:00:00 GMT+01:00 2022,Wedding,8317
8318,Respond opportunity.,Tue Sep 03 00:00:00 GMT+01:00 2024,Wedding,8318
8319,Institution mind future.,Thu Jun 27 00:00:00 GMT+01:00 2024,Corporate Event,8319
8320,Situation particular practice several.,Sun Jan 12 00:00:00 GMT+01:00 2025,Birthday,8320
8321,Message international system.,Mon Jun 19 00:00:00 GMT+01:00 2023,Private Party,8321
8322,Well among some wide.,Wed Mar 22 00:00:00 GMT+01:00 2023,Corporate Event,8322
8323,Loss purpose executive.,Wed Jan 08 00:00:00 GMT+01:00 2025,Birthday,8323
8324,Rate.,Mon Aug 29 00:00:00 GMT+01:00 2022,Wedding,8324
8325,Current reality.,Wed Dec 11 00:00:00 GMT+01:00 2024,Birthday,8325
8326,Rule well.,Fri Sep 29 00:00:00 GMT+01:00 2023,Private Party,8326
8327,Paper difficult.,Wed Aug 02 00:00:00 GMT+01:00 2023,Birthday,8327
8328,Every field certain.,Mon Apr 21 00:00:00 GMT+01:00 2025,Corporate Event,8328
8329,Side build arm.,Thu Jul 20 00:00:00 GMT+01:00 2023,Birthday,8329
8330,By health service receive.,Tue Aug 13 00:00:00 GMT+01:00 2024,Wedding,8330
8331,Employee exactly.,Wed Mar 02 00:00:00 GMT+01:00 2022,Corporate Event,8331
8332,Behind approach model happy.,Sun Jun 19 00:00:00 GMT+01:00 2022,Private Party,8332
8333,Instead minute.,Wed Mar 15 00:00:00 GMT+01:00 2023,Birthday,8333
8334,Player morning remember.,Thu Mar 31 00:00:00 GMT+01:00 2022,Corporate Event,8334
8335,Particularly particular culture.,Fri Mar 24 00:00:00 GMT+01:00 2023,Birthday,8335
8336,Step tax.,Mon Apr 28 00:00:00 GMT+01:00 2025,Corporate Event,8336
8337,Share financial sound.,Sat Jun 14 00:00:00 GMT+01:00 2025,Wedding,8337
8338,Whatever.,Fri Apr 19 00:00:00 GMT+01:00 2024,Private Party,8338
8339,Major article.,Thu Sep 19 00:00:00 GMT+01:00 2024,Corporate Event,8339
8340,Space best.,Tue Jan 18 00:00:00 GMT+01:00 2022,Birthday,8340
8341,Certainly black become.,Sun Jul 17 00:00:00 GMT+01:00 2022,Birthday,8341
8342,Chair whom anyone.,Wed Apr 12 00:00:00 GMT+01:00 2023,Private Party,8342
8343,Fine beyond foreign serious.,Sat Jan 20 00:00:00 GMT+01:00 2024,Private Party,8343
8344,Wide next Mrs.,Tue Sep 27 00:00:00 GMT+01:00 2022,Corporate Event,8344
8345,Discussion road.,Wed Dec 17 00:00:00 GMT+01:00 2025,Corporate Event,8345
8346,Get drop probably.,Wed Feb 08 00:00:00 GMT+01:00 2023,Wedding,8346
8347,Great I part.,Tue Oct 03 00:00:00 GMT+01:00 2023,Wedding,8347
8348,Discover probably star.,Tue Mar 11 00:00:00 GMT+01:00 2025,Wedding,8348
8349,Who design where.,Fri Jun 30 00:00:00 GMT+01:00 2023,Corporate Event,8349
8350,Certain beautiful full.,Wed Nov 05 00:00:00 GMT+01:00 2025,Birthday,8350
8351,Black hour.,Tue Jun 21 00:00:00 GMT+01:00 2022,Corporate Event,8351
8352,Fly common act.,Sat Jan 11 00:00:00 GMT+01:00 2025,Wedding,8352
8353,Rather including their.,Mon Apr 11 00:00:00 GMT+01:00 2022,Corporate Event,8353
8354,High important education.,Sat Dec 02 00:00:00 GMT+01:00 2023,Wedding,8354
8355,Citizen whom father.,Wed Jul 20 00:00:00 GMT+01:00 2022,Corporate Event,8355
8356,For decision firm.,Mon Feb 03 00:00:00 GMT+01:00 2025,Private Party,8356
8357,Tell deal quite.,Wed Jun 29 00:00:00 GMT+01:00 2022,Corporate Event,8357
8358,Size more include.,Wed Sep 11 00:00:00 GMT+01:00 2024,Corporate Event,8358
8359,Manage how several.,Sat Jun 21 00:00:00 GMT+01:00 2025,Private Party,8359
8360,Possible work measure.,Wed Feb 14 00:00:00 GMT+01:00 2024,Private Party,8360
8361,Sort impact particular.,Thu Nov 20 00:00:00 GMT+01:00 2025,Private Party,8361
8362,Local throughout.,Tue Jun 24 00:00:00 GMT+01:00 2025,Private Party,8362
8363,Arrive north PM.,Wed Jul 23 00:00:00 GMT+01:00 2025,Private Party,8363
8364,Series image pick.,Sun Nov 12 00:00:00 GMT+01:00 2023,Corporate Event,8364
8365,Line act.,Fri Dec 08 00:00:00 GMT+01:00 2023,Wedding,8365
8366,Quality over system.,Mon May 15 00:00:00 GMT+01:00 2023,Corporate Event,8366
8367,Claim general.,Fri Jan 03 00:00:00 GMT+01:00 2025,Corporate Event,8367
8368,Window build.,Fri Aug 09 00:00:00 GMT+01:00 2024,Wedding,8368
8369,Though instead campaign.,Wed Jul 02 00:00:00 GMT+01:00 2025,Birthday,8369
8370,Nature current local.,Sat Apr 27 00:00:00 GMT+01:00 2024,Birthday,8370
8371,Business turn run.,Sun Aug 04 00:00:00 GMT+01:00 2024,Private Party,8371
8372,Against hundred throw.,Wed Jul 16 00:00:00 GMT+01:00 2025,Corporate Event,8372
8373,Democrat look station man.,Fri Dec 13 00:00:00 GMT+01:00 2024,Private Party,8373
8374,Pattern write develop.,Fri Apr 26 00:00:00 GMT+01:00 2024,Wedding,8374
8375,Admit general turn.,Sat Aug 27 00:00:00 GMT+01:00 2022,Wedding,8375
8376,Evidence light.,Tue Mar 08 00:00:00 GMT+01:00 2022,Birthday,8376
8377,Pull mind.,Sun Feb 06 00:00:00 GMT+01:00 2022,Birthday,8377
8378,Whatever each.,Tue Oct 10 00:00:00 GMT+01:00 2023,Birthday,8378
8379,Since practice position.,Sun Oct 16 00:00:00 GMT+01:00 2022,Private Party,8379
8380,Size look.,Thu Jul 18 00:00:00 GMT+01:00 2024,Private Party,8380
8381,Drop various chair.,Sat Apr 13 00:00:00 GMT+01:00 2024,Private Party,8381
8382,Them wear their.,Sat Nov 15 00:00:00 GMT+01:00 2025,Private Party,8382
8383,Others car police.,Sat Jun 15 00:00:00 GMT+01:00 2024,Private Party,8383
8384,Line me answer.,Tue Jan 30 00:00:00 GMT+01:00 2024,Private Party,8384
8385,President past.,Sat Jul 01 00:00:00 GMT+01:00 2023,Corporate Event,8385
8386,Treatment determine.,Thu Jan 05 00:00:00 GMT+01:00 2023,Wedding,8386
8387,School exist.,Sat Oct 29 00:00:00 GMT+01:00 2022,Wedding,8387
8388,His behavior church.,Fri Nov 08 00:00:00 GMT+01:00 2024,Private Party,8388
8389,Water economic us.,Fri Sep 22 00:00:00 GMT+01:00 2023,Private Party,8389
8390,Bring bar financial.,Sun Nov 03 00:00:00 GMT+01:00 2024,Corporate Event,8390
8391,Involve use.,Tue Nov 12 00:00:00 GMT+01:00 2024,Birthday,8391
8392,Of value drive meeting.,Thu Jun 20 00:00:00 GMT+01:00 2024,Corporate Event,8392
8393,College provide.,Sun Sep 11 00:00:00 GMT+01:00 2022,Private Party,8393
8394,Senior development goal.,Sun Apr 07 00:00:00 GMT+01:00 2024,Private Party,8394
8395,Change parent evening.,Sat Oct 08 00:00:00 GMT+01:00 2022,Private Party,8395
8396,Site eight spring.,Mon May 16 00:00:00 GMT+01:00 2022,Corporate Event,8396
8397,Product field.,Sat May 14 00:00:00 GMT+01:00 2022,Wedding,8397
8399,Claim hit.,Thu Nov 06 00:00:00 GMT+01:00 2025,Corporate Event,8399
8400,Sense think.,Thu Jan 25 00:00:00 GMT+01:00 2024,Birthday,8400
8401,Raise site.,Sat Apr 02 00:00:00 GMT+01:00 2022,Wedding,8401
8402,Believe mother event parent.,Thu Dec 22 00:00:00 GMT+01:00 2022,Wedding,8402
8403,Away guess single.,Mon Aug 12 00:00:00 GMT+01:00 2024,Private Party,8403
8404,Write try cause.,Thu Aug 29 00:00:00 GMT+01:00 2024,Private Party,8404
8405,Give parent.,Fri Oct 10 00:00:00 GMT+01:00 2025,Private Party,8405
8406,Hotel season law.,Sat May 20 00:00:00 GMT+01:00 2023,Birthday,8406
8407,Whatever whom.,Tue Sep 23 00:00:00 GMT+01:00 2025,Wedding,8407
8408,Item use go.,Thu May 12 00:00:00 GMT+01:00 2022,Corporate Event,8408
8409,Stock prepare.,Tue May 28 00:00:00 GMT+01:00 2024,Wedding,8409
8410,High field early.,Fri Nov 29 00:00:00 GMT+01:00 2024,Private Party,8410
8411,Ok guess whole.,Sun Jun 19 00:00:00 GMT+01:00 2022,Private Party,8411
8412,Far maybe cup laugh.,Tue Aug 27 00:00:00 GMT+01:00 2024,Birthday,8412
8413,Always discover.,Sat Jun 10 00:00:00 GMT+01:00 2023,Birthday,8413
8414,Authority simply.,Tue Feb 14 00:00:00 GMT+01:00 2023,Private Party,8414
8415,Hand rock during.,Mon Feb 28 00:00:00 GMT+01:00 2022,Birthday,8415
8416,Music strategy stand.,Thu Aug 18 00:00:00 GMT+01:00 2022,Private Party,8416
8417,Item here fear reveal.,Wed Mar 06 00:00:00 GMT+01:00 2024,Wedding,8417
8418,Ago peace kid.,Thu May 09 00:00:00 GMT+01:00 2024,Private Party,8418
8419,Color out.,Mon Dec 04 00:00:00 GMT+01:00 2023,Corporate Event,8419
8420,Lawyer professional.,Mon Aug 18 00:00:00 GMT+01:00 2025,Wedding,8420
8421,Wide without traditional.,Mon Sep 01 00:00:00 GMT+01:00 2025,Wedding,8421
8422,Capital suddenly they.,Tue Aug 30 00:00:00 GMT+01:00 2022,Wedding,8422
8423,Item blood occur.,Mon Jan 10 00:00:00 GMT+01:00 2022,Wedding,8423
8424,Religious they.,Thu Dec 01 00:00:00 GMT+01:00 2022,Private Party,8424
8425,However into fall.,Sun Dec 17 00:00:00 GMT+01:00 2023,Corporate Event,8425
8426,Unit traditional.,Thu Mar 10 00:00:00 GMT+01:00 2022,Corporate Event,8426
8427,Never easy.,Fri May 09 00:00:00 GMT+01:00 2025,Wedding,8427
8428,Bank as.,Thu Jul 03 00:00:00 GMT+01:00 2025,Corporate Event,8428
8429,Old read.,Fri Apr 26 00:00:00 GMT+01:00 2024,Birthday,8429
8430,Again discover air.,Fri Jan 19 00:00:00 GMT+01:00 2024,Wedding,8430
8431,Around consider child.,Tue Aug 20 00:00:00 GMT+01:00 2024,Corporate Event,8431
8432,My attorney kid.,Fri Jun 24 00:00:00 GMT+01:00 2022,Private Party,8432
8433,They all.,Sun Oct 29 00:00:00 GMT+01:00 2023,Corporate Event,8433
8434,Name time hour Congress.,Thu Jul 06 00:00:00 GMT+01:00 2023,Wedding,8434
8435,Either those.,Tue Mar 18 00:00:00 GMT+01:00 2025,Private Party,8435
8436,Inside heart.,Fri Feb 09 00:00:00 GMT+01:00 2024,Birthday,8436
8437,Situation could.,Thu May 12 00:00:00 GMT+01:00 2022,Corporate Event,8437
8438,For arm ask.,Wed Mar 02 00:00:00 GMT+01:00 2022,Corporate Event,8438
8439,Next own health.,Tue Aug 01 00:00:00 GMT+01:00 2023,Wedding,8439
8440,Learn film control.,Fri Jul 26 00:00:00 GMT+01:00 2024,Wedding,8440
8441,Not conference.,Sat Jul 05 00:00:00 GMT+01:00 2025,Wedding,8441
8442,Health expert believe.,Wed Dec 04 00:00:00 GMT+01:00 2024,Corporate Event,8442
8443,Pick bad on.,Fri May 10 00:00:00 GMT+01:00 2024,Private Party,8443
8444,Could sort most.,Sun Jan 28 00:00:00 GMT+01:00 2024,Corporate Event,8444
8445,Head civil.,Sat Oct 28 00:00:00 GMT+01:00 2023,Corporate Event,8445
8446,Response good.,Fri Sep 08 00:00:00 GMT+01:00 2023,Private Party,8446
8447,Again drug.,Wed Apr 16 00:00:00 GMT+01:00 2025,Corporate Event,8447
8448,Tend occur.,Tue Jan 25 00:00:00 GMT+01:00 2022,Corporate Event,8448
8449,Door just.,Fri Sep 19 00:00:00 GMT+01:00 2025,Wedding,8449
8450,Pull us.,Tue Apr 01 00:00:00 GMT+01:00 2025,Private Party,8450
8451,Wide claim.,Fri May 30 00:00:00 GMT+01:00 2025,Private Party,8451
8452,Wait.,Sun Nov 26 00:00:00 GMT+01:00 2023,Birthday,8452
8453,Late change never.,Wed Apr 23 00:00:00 GMT+01:00 2025,Corporate Event,8453
8454,Market watch country.,Sun Jan 01 00:00:00 GMT+01:00 2023,Birthday,8454
8455,Brother benefit mention.,Sun Aug 13 00:00:00 GMT+01:00 2023,Corporate Event,8455
8456,School war.,Sun Aug 17 00:00:00 GMT+01:00 2025,Private Party,8456
8457,Room can.,Thu Jan 26 00:00:00 GMT+01:00 2023,Birthday,8457
8458,Think reality here.,Tue Jul 11 00:00:00 GMT+01:00 2023,Wedding,8458
8459,Physical American keep attack.,Sat Nov 22 00:00:00 GMT+01:00 2025,Private Party,8459
8460,Space compare class.,Sun Oct 23 00:00:00 GMT+01:00 2022,Birthday,8460
8461,Subject.,Thu Apr 03 00:00:00 GMT+01:00 2025,Private Party,8461
8462,Forget defense.,Sun Aug 11 00:00:00 GMT+01:00 2024,Wedding,8462
8463,Modern likely truth.,Wed Apr 19 00:00:00 GMT+01:00 2023,Private Party,8463
8464,Indicate rise style.,Thu Jul 03 00:00:00 GMT+01:00 2025,Private Party,8464
8465,Study state.,Sat Sep 21 00:00:00 GMT+01:00 2024,Private Party,8465
8466,Market behind reflect.,Wed Dec 11 00:00:00 GMT+01:00 2024,Corporate Event,8466
8467,Boy natural.,Sun Aug 03 00:00:00 GMT+01:00 2025,Corporate Event,8467
8468,Start money.,Mon Jul 29 00:00:00 GMT+01:00 2024,Private Party,8468
8469,Floor strategy tough perhaps.,Sun Apr 10 00:00:00 GMT+01:00 2022,Corporate Event,8469
8470,Anyone successful.,Sat Dec 31 00:00:00 GMT+01:00 2022,Wedding,8470
8471,Movement audience.,Thu Jun 23 00:00:00 GMT+01:00 2022,Wedding,8471
8472,Task responsibility.,Mon Jan 03 00:00:00 GMT+01:00 2022,Birthday,8472
8473,Animal cut look.,Thu Sep 11 00:00:00 GMT+01:00 2025,Wedding,8473
8474,Five west.,Fri Mar 15 00:00:00 GMT+01:00 2024,Corporate Event,8474
8475,Have light statement.,Sat Nov 29 00:00:00 GMT+01:00 2025,Birthday,8475
8476,Great north though.,Sun Mar 27 00:00:00 GMT+01:00 2022,Corporate Event,8476
8477,Never order.,Sun Jan 19 00:00:00 GMT+01:00 2025,Wedding,8477
8478,International nature family.,Sun Aug 11 00:00:00 GMT+01:00 2024,Birthday,8478
8479,Meet economy whose.,Wed Mar 12 00:00:00 GMT+01:00 2025,Private Party,8479
8480,Term door.,Mon Sep 26 00:00:00 GMT+01:00 2022,Birthday,8480
8481,Lawyer listen.,Sun Feb 18 00:00:00 GMT+01:00 2024,Corporate Event,8481
8482,Reflect modern.,Sun Aug 13 00:00:00 GMT+01:00 2023,Wedding,8482
8483,Serve car bank.,Sun Oct 02 00:00:00 GMT+01:00 2022,Private Party,8483
8484,Collection bill.,Fri Feb 07 00:00:00 GMT+01:00 2025,Birthday,8484
8485,Feeling personal forward.,Sun Nov 10 00:00:00 GMT+01:00 2024,Private Party,8485
8486,Couple red poor.,Mon Sep 19 00:00:00 GMT+01:00 2022,Private Party,8486
8487,Lot alone share suggest.,Thu Aug 17 00:00:00 GMT+01:00 2023,Wedding,8487
8488,Agree claim stock.,Sun Apr 24 00:00:00 GMT+01:00 2022,Wedding,8488
8489,Agency kitchen care rate.,Wed Mar 08 00:00:00 GMT+01:00 2023,Corporate Event,8489
8490,Maintain other.,Sun Jul 14 00:00:00 GMT+01:00 2024,Corporate Event,8490
8491,Partner mention.,Thu Aug 28 00:00:00 GMT+01:00 2025,Birthday,8491
8492,Parent who change.,Sat Aug 16 00:00:00 GMT+01:00 2025,Wedding,8492
8493,Red lead put industry.,Thu Jun 08 00:00:00 GMT+01:00 2023,Birthday,8493
8494,Gas stock.,Mon Mar 07 00:00:00 GMT+01:00 2022,Wedding,8494
8495,Rule get their.,Thu Jun 30 00:00:00 GMT+01:00 2022,Birthday,8495
8496,Bag worker decide.,Wed Apr 16 00:00:00 GMT+01:00 2025,Private Party,8496
8497,Tend.,Sat Nov 04 00:00:00 GMT+01:00 2023,Birthday,8497
8498,Usually call.,Fri Nov 07 00:00:00 GMT+01:00 2025,Private Party,8498
8499,Cover window American.,Thu Jul 04 00:00:00 GMT+01:00 2024,Private Party,8499
8500,Campaign place.,Sun Sep 18 00:00:00 GMT+01:00 2022,Private Party,8500
8501,Practice next.,Wed Apr 19 00:00:00 GMT+01:00 2023,Corporate Event,8501
8502,Research toward.,Wed Apr 26 00:00:00 GMT+01:00 2023,Wedding,8502
8503,Door check.,Mon Oct 21 00:00:00 GMT+01:00 2024,Wedding,8503
8504,Dinner.,Sun Oct 19 00:00:00 GMT+01:00 2025,Wedding,8504
8505,Trouble.,Sat Jun 04 00:00:00 GMT+01:00 2022,Birthday,8505
8506,International.,Wed Jul 10 00:00:00 GMT+01:00 2024,Corporate Event,8506
8507,Election account.,Mon Sep 18 00:00:00 GMT+01:00 2023,Corporate Event,8507
8508,Also ask.,Wed Oct 04 00:00:00 GMT+01:00 2023,Corporate Event,8508
8509,Down possible.,Fri Jul 21 00:00:00 GMT+01:00 2023,Corporate Event,8509
8510,Participant outside.,Mon May 09 00:00:00 GMT+01:00 2022,Corporate Event,8510
8511,Current play like.,Mon Feb 05 00:00:00 GMT+01:00 2024,Wedding,8511
8512,General study spend huge.,Tue Jan 30 00:00:00 GMT+01:00 2024,Birthday,8512
8513,Clearly remember chance.,Sat Nov 05 00:00:00 GMT+01:00 2022,Wedding,8513
8514,Central first two management.,Thu Jan 06 00:00:00 GMT+01:00 2022,Private Party,8514
8515,Bill institution think.,Mon Oct 23 00:00:00 GMT+01:00 2023,Private Party,8515
8516,Common loss.,Thu Feb 09 00:00:00 GMT+01:00 2023,Corporate Event,8516
8517,What fast.,Sat Feb 01 00:00:00 GMT+01:00 2025,Private Party,8517
8518,Serious fact watch.,Sun May 11 00:00:00 GMT+01:00 2025,Private Party,8518
8519,Safe street year.,Wed Nov 27 00:00:00 GMT+01:00 2024,Private Party,8519
8520,However that like.,Sat Aug 23 00:00:00 GMT+01:00 2025,Corporate Event,8520
8521,Almost pick.,Mon Mar 31 00:00:00 GMT+01:00 2025,Corporate Event,8521
8522,Us most most.,Tue Sep 09 00:00:00 GMT+01:00 2025,Wedding,8522
8523,Rest American.,Thu Jan 02 00:00:00 GMT+01:00 2025,Birthday,8523
8524,Other southern.,Fri Dec 08 00:00:00 GMT+01:00 2023,Corporate Event,8524
8525,Government already accept.,Fri Apr 11 00:00:00 GMT+01:00 2025,Corporate Event,8525
8526,Book represent difference mouth.,Mon Apr 11 00:00:00 GMT+01:00 2022,Wedding,8526
8527,East identify.,Wed Dec 18 00:00:00 GMT+01:00 2024,Private Party,8527
8528,Hear both.,Fri May 31 00:00:00 GMT+01:00 2024,Wedding,8528
8529,Beautiful.,Tue Apr 30 00:00:00 GMT+01:00 2024,Wedding,8529
8530,Doctor right bank.,Sat Nov 09 00:00:00 GMT+01:00 2024,Corporate Event,8530
8531,Degree culture wall.,Sun Aug 17 00:00:00 GMT+01:00 2025,Birthday,8531
8532,Organization heavy street country.,Sun May 28 00:00:00 GMT+01:00 2023,Corporate Event,8532
8533,Hear arrive learn.,Tue Mar 26 00:00:00 GMT+01:00 2024,Corporate Event,8533
8534,Game by try head.,Fri Jun 13 00:00:00 GMT+01:00 2025,Wedding,8534
8535,Case sign outside.,Fri Mar 21 00:00:00 GMT+01:00 2025,Wedding,8535
8536,Ago about.,Mon Jan 17 00:00:00 GMT+01:00 2022,Wedding,8536
8537,Tough read weight.,Sun Jun 30 00:00:00 GMT+01:00 2024,Wedding,8537
8538,Generation room around.,Thu Jan 06 00:00:00 GMT+01:00 2022,Wedding,8538
8539,Data happy store.,Fri Dec 08 00:00:00 GMT+01:00 2023,Private Party,8539
8540,Can.,Thu Nov 17 00:00:00 GMT+01:00 2022,Private Party,8540
8541,Herself hundred form.,Sat Jun 11 00:00:00 GMT+01:00 2022,Birthday,8541
8542,Program space claim.,Thu Jun 08 00:00:00 GMT+01:00 2023,Private Party,8542
8543,Each beautiful staff wife.,Thu Oct 16 00:00:00 GMT+01:00 2025,Birthday,8543
8544,Agree majority.,Thu Dec 14 00:00:00 GMT+01:00 2023,Private Party,8544
8545,Pass pay seek.,Sat May 10 00:00:00 GMT+01:00 2025,Birthday,8545
8546,Particularly away.,Fri Aug 05 00:00:00 GMT+01:00 2022,Wedding,8546
8547,Letter different.,Wed Oct 29 00:00:00 GMT+01:00 2025,Corporate Event,8547
8548,Perhaps impact.,Mon Sep 02 00:00:00 GMT+01:00 2024,Wedding,8548
8549,Behavior mind recognize.,Wed Dec 21 00:00:00 GMT+01:00 2022,Private Party,8549
8550,Help standard up.,Fri Oct 27 00:00:00 GMT+01:00 2023,Private Party,8550
8552,Air tax score difference.,Wed Mar 05 00:00:00 GMT+01:00 2025,Birthday,8552
8553,Road.,Fri Jan 20 00:00:00 GMT+01:00 2023,Corporate Event,8553
8554,Huge physical class learn.,Sun Dec 28 00:00:00 GMT+01:00 2025,Private Party,8554
8555,Game statement peace.,Fri Aug 04 00:00:00 GMT+01:00 2023,Corporate Event,8555
8556,Similar room.,Mon Feb 06 00:00:00 GMT+01:00 2023,Corporate Event,8556
8557,Shoulder specific.,Wed Mar 05 00:00:00 GMT+01:00 2025,Corporate Event,8557
8558,Less part.,Fri Oct 24 00:00:00 GMT+01:00 2025,Wedding,8558
8559,Single company owner.,Wed Sep 06 00:00:00 GMT+01:00 2023,Birthday,8559
8560,Big nor and reveal.,Fri Jan 13 00:00:00 GMT+01:00 2023,Wedding,8560
8561,Direction.,Wed Feb 15 00:00:00 GMT+01:00 2023,Corporate Event,8561
8562,Popular war within.,Wed Oct 18 00:00:00 GMT+01:00 2023,Corporate Event,8562
8563,Would.,Mon Jan 24 00:00:00 GMT+01:00 2022,Private Party,8563
8564,Push project.,Fri Dec 19 00:00:00 GMT+01:00 2025,Private Party,8564
8565,Candidate team.,Mon Sep 19 00:00:00 GMT+01:00 2022,Birthday,8565
8566,Treat service tree.,Tue Jan 10 00:00:00 GMT+01:00 2023,Birthday,8566
8567,Establish cut.,Thu May 15 00:00:00 GMT+01:00 2025,Corporate Event,8567
8568,Goal ability seven.,Wed Dec 31 00:00:00 GMT+01:00 2025,Private Party,8568
8569,Occur model seat.,Sun Dec 24 00:00:00 GMT+01:00 2023,Wedding,8569
8570,Toward decade quite.,Fri Sep 09 00:00:00 GMT+01:00 2022,Corporate Event,8570
8571,Important series.,Sat Jun 29 00:00:00 GMT+01:00 2024,Private Party,8571
8572,Foot increase left.,Sat Aug 27 00:00:00 GMT+01:00 2022,Corporate Event,8572
8573,Region watch painting.,Thu Jan 02 00:00:00 GMT+01:00 2025,Birthday,8573
8574,Want recognize PM.,Tue Apr 15 00:00:00 GMT+01:00 2025,Wedding,8574
8575,Close oil.,Thu Mar 02 00:00:00 GMT+01:00 2023,Birthday,8575
8576,Note kitchen.,Mon Sep 25 00:00:00 GMT+01:00 2023,Corporate Event,8576
8577,Food later TV law.,Wed Apr 02 00:00:00 GMT+01:00 2025,Private Party,8577
8578,Serve writer owner.,Thu Jan 23 00:00:00 GMT+01:00 2025,Birthday,8578
8579,Piece than either.,Wed Sep 03 00:00:00 GMT+01:00 2025,Wedding,8579
8580,Ask provide.,Fri Oct 04 00:00:00 GMT+01:00 2024,Birthday,8580
8581,Throughout occur.,Mon Dec 08 00:00:00 GMT+01:00 2025,Wedding,8581
8582,Hand close trouble.,Sun Oct 27 00:00:00 GMT+01:00 2024,Corporate Event,8582
8583,Lawyer represent teacher relationship.,Thu May 12 00:00:00 GMT+01:00 2022,Birthday,8583
8584,Major choose together teacher.,Wed Aug 17 00:00:00 GMT+01:00 2022,Wedding,8584
8585,Standard provide picture career.,Tue Dec 20 00:00:00 GMT+01:00 2022,Corporate Event,8585
8586,Very no.,Sat Feb 03 00:00:00 GMT+01:00 2024,Private Party,8586
8587,Region.,Fri Dec 15 00:00:00 GMT+01:00 2023,Private Party,8587
8588,Evidence.,Sun Oct 05 00:00:00 GMT+01:00 2025,Private Party,8588
8589,Church.,Tue Oct 11 00:00:00 GMT+01:00 2022,Private Party,8589
8590,Call increase.,Mon Mar 03 00:00:00 GMT+01:00 2025,Private Party,8590
8591,Happy despite.,Fri Mar 28 00:00:00 GMT+01:00 2025,Private Party,8591
8592,Free past.,Tue Jan 21 00:00:00 GMT+01:00 2025,Wedding,8592
8593,Deal chair laugh.,Wed Feb 14 00:00:00 GMT+01:00 2024,Corporate Event,8593
8594,Everybody student suddenly traditional.,Sat Sep 24 00:00:00 GMT+01:00 2022,Wedding,8594
8595,Benefit soon language.,Sun Nov 09 00:00:00 GMT+01:00 2025,Wedding,8595
8596,Director building set.,Tue Mar 25 00:00:00 GMT+01:00 2025,Private Party,8596
8597,Wear company.,Wed Dec 28 00:00:00 GMT+01:00 2022,Birthday,8597
8598,Total reason.,Sat Oct 29 00:00:00 GMT+01:00 2022,Wedding,8598
8599,Partner food cut.,Tue Dec 23 00:00:00 GMT+01:00 2025,Corporate Event,8599
8600,System treat capital.,Wed Dec 21 00:00:00 GMT+01:00 2022,Corporate Event,8600
8601,Like message big.,Tue Feb 22 00:00:00 GMT+01:00 2022,Corporate Event,8601
8602,Security billion.,Thu Sep 18 00:00:00 GMT+01:00 2025,Private Party,8602
8603,Let thank.,Sun Apr 14 00:00:00 GMT+01:00 2024,Private Party,8603
8604,Far reflect.,Mon Jul 17 00:00:00 GMT+01:00 2023,Corporate Event,8604
8605,Order analysis.,Wed Jan 03 00:00:00 GMT+01:00 2024,Birthday,8605
8606,Opportunity purpose personal.,Sun Mar 16 00:00:00 GMT+01:00 2025,Wedding,8606
8607,Color energy.,Thu Jan 25 00:00:00 GMT+01:00 2024,Corporate Event,8607
8608,Response force think accept.,Sat Jun 22 00:00:00 GMT+01:00 2024,Birthday,8608
8609,Magazine challenge.,Sun Nov 02 00:00:00 GMT+01:00 2025,Private Party,8609
8610,Heavy member.,Sun Sep 07 00:00:00 GMT+01:00 2025,Corporate Event,8610
8611,Form little attention huge.,Sun Jan 16 00:00:00 GMT+01:00 2022,Corporate Event,8611
8612,Indicate.,Wed Nov 26 00:00:00 GMT+01:00 2025,Wedding,8612
8613,Force father.,Thu Apr 11 00:00:00 GMT+01:00 2024,Private Party,8613
8614,Game.,Thu Jan 11 00:00:00 GMT+01:00 2024,Corporate Event,8614
8615,Close often attorney.,Sat Feb 18 00:00:00 GMT+01:00 2023,Private Party,8615
8616,Home cell same.,Wed Dec 21 00:00:00 GMT+01:00 2022,Wedding,8616
8617,Third world.,Wed Jul 23 00:00:00 GMT+01:00 2025,Private Party,8617
8618,Base base.,Wed Jun 07 00:00:00 GMT+01:00 2023,Birthday,8618
8619,Face throw design.,Mon May 23 00:00:00 GMT+01:00 2022,Private Party,8619
8620,Contain with.,Wed May 28 00:00:00 GMT+01:00 2025,Private Party,8620
8621,Myself want produce.,Fri Mar 22 00:00:00 GMT+01:00 2024,Private Party,8621
8622,Arm data.,Tue Aug 05 00:00:00 GMT+01:00 2025,Private Party,8622
8623,Nothing reach.,Tue Sep 02 00:00:00 GMT+01:00 2025,Birthday,8623
8624,Skin individual however.,Tue Nov 07 00:00:00 GMT+01:00 2023,Corporate Event,8624
8625,Watch.,Sun Dec 04 00:00:00 GMT+01:00 2022,Private Party,8625
8626,Toward responsibility.,Sun Aug 03 00:00:00 GMT+01:00 2025,Corporate Event,8626
8627,Air.,Sat Jul 27 00:00:00 GMT+01:00 2024,Wedding,8627
8628,Military sea song stay.,Fri Mar 29 00:00:00 GMT+01:00 2024,Private Party,8628
8629,Recently.,Sat Jun 24 00:00:00 GMT+01:00 2023,Private Party,8629
8630,Military dinner.,Wed Apr 19 00:00:00 GMT+01:00 2023,Wedding,8630
8631,Rise attorney culture.,Fri May 09 00:00:00 GMT+01:00 2025,Private Party,8631
8632,Become.,Fri Jan 26 00:00:00 GMT+01:00 2024,Birthday,8632
8633,Outside in certainly.,Mon Mar 18 00:00:00 GMT+01:00 2024,Corporate Event,8633
8634,Worry box.,Sun May 22 00:00:00 GMT+01:00 2022,Wedding,8634
8635,Rock draw TV.,Tue May 31 00:00:00 GMT+01:00 2022,Birthday,8635
8636,Vote us.,Thu Mar 20 00:00:00 GMT+01:00 2025,Birthday,8636
8637,Character eight.,Sun Jul 28 00:00:00 GMT+01:00 2024,Private Party,8637
8638,Scene be fast.,Tue Nov 01 00:00:00 GMT+01:00 2022,Birthday,8638
8639,Could around.,Wed Feb 22 00:00:00 GMT+01:00 2023,Corporate Event,8639
8640,People first.,Tue Jan 18 00:00:00 GMT+01:00 2022,Birthday,8640
8641,Heavy sing.,Thu Sep 14 00:00:00 GMT+01:00 2023,Private Party,8641
8642,None lose.,Sun Apr 27 00:00:00 GMT+01:00 2025,Birthday,8642
8643,Fill enough up.,Sun Jun 01 00:00:00 GMT+01:00 2025,Birthday,8643
8644,Born.,Sun Dec 25 00:00:00 GMT+01:00 2022,Wedding,8644
8645,Return team individual.,Sun Feb 16 00:00:00 GMT+01:00 2025,Birthday,8645
8646,Behavior force red.,Thu Jun 26 00:00:00 GMT+01:00 2025,Birthday,8646
8647,Man money simply.,Fri Nov 10 00:00:00 GMT+01:00 2023,Birthday,8647
8648,Hotel reduce.,Fri Jun 28 00:00:00 GMT+01:00 2024,Wedding,8648
8649,Can certain.,Mon Jun 09 00:00:00 GMT+01:00 2025,Corporate Event,8649
8650,Control money pattern question.,Wed Aug 20 00:00:00 GMT+01:00 2025,Corporate Event,8650
8651,Any sense.,Sat Jun 24 00:00:00 GMT+01:00 2023,Birthday,8651
8652,Commercial behavior together.,Tue Jul 15 00:00:00 GMT+01:00 2025,Corporate Event,8652
8653,Child admit bank.,Tue Oct 07 00:00:00 GMT+01:00 2025,Corporate Event,8653
8654,Ok court remain.,Wed Oct 05 00:00:00 GMT+01:00 2022,Private Party,8654
8655,Summer page term thus.,Wed Jan 24 00:00:00 GMT+01:00 2024,Wedding,8655
8656,No also national gas.,Fri Aug 02 00:00:00 GMT+01:00 2024,Birthday,8656
8657,Mean believe.,Mon Oct 24 00:00:00 GMT+01:00 2022,Corporate Event,8657
8658,Bar wrong.,Fri Sep 05 00:00:00 GMT+01:00 2025,Corporate Event,8658
8659,Parent.,Sat Feb 18 00:00:00 GMT+01:00 2023,Wedding,8659
8660,Door amount discover.,Thu May 25 00:00:00 GMT+01:00 2023,Private Party,8660
8661,Last minute worker.,Sun Sep 21 00:00:00 GMT+01:00 2025,Corporate Event,8661
8662,Service.,Sat Dec 17 00:00:00 GMT+01:00 2022,Wedding,8662
8663,Radio beautiful.,Mon Jul 22 00:00:00 GMT+01:00 2024,Private Party,8663
8664,Hold food year.,Wed Sep 04 00:00:00 GMT+01:00 2024,Wedding,8664
8665,Friend read goal everything.,Thu Nov 24 00:00:00 GMT+01:00 2022,Wedding,8665
8666,Yeah forget painting.,Sun May 01 00:00:00 GMT+01:00 2022,Wedding,8666
8667,Baby wind attorney according.,Sat Jul 02 00:00:00 GMT+01:00 2022,Wedding,8667
8668,Pm like strong.,Wed Feb 19 00:00:00 GMT+01:00 2025,Wedding,8668
8669,Discuss type eight.,Sat Jan 18 00:00:00 GMT+01:00 2025,Private Party,8669
8670,Place star.,Fri Aug 18 00:00:00 GMT+01:00 2023,Birthday,8670
8671,Long middle.,Sun Apr 24 00:00:00 GMT+01:00 2022,Private Party,8671
8672,Chair other.,Thu Oct 13 00:00:00 GMT+01:00 2022,Corporate Event,8672
8673,Current near.,Tue Apr 12 00:00:00 GMT+01:00 2022,Wedding,8673
8674,Resource throughout third.,Sun Dec 25 00:00:00 GMT+01:00 2022,Wedding,8674
8675,Career machine require.,Tue Oct 11 00:00:00 GMT+01:00 2022,Birthday,8675
8676,However far concern.,Sat Dec 21 00:00:00 GMT+01:00 2024,Corporate Event,8676
8677,Green threat.,Tue Apr 09 00:00:00 GMT+01:00 2024,Corporate Event,8677
8678,Ground pressure third.,Wed Mar 13 00:00:00 GMT+01:00 2024,Corporate Event,8678
8679,Seek enough necessary.,Mon Nov 11 00:00:00 GMT+01:00 2024,Birthday,8679
8680,Have seem.,Sun Aug 07 00:00:00 GMT+01:00 2022,Birthday,8680
8681,Second quite.,Fri Jun 07 00:00:00 GMT+01:00 2024,Private Party,8681
8682,Reflect can medical.,Fri Aug 22 00:00:00 GMT+01:00 2025,Birthday,8682
8683,We wait.,Sun Jun 15 00:00:00 GMT+01:00 2025,Corporate Event,8683
8684,Worker country.,Fri Jan 28 00:00:00 GMT+01:00 2022,Birthday,8684
8685,Middle report.,Sun Oct 20 00:00:00 GMT+01:00 2024,Corporate Event,8685
8686,Area leg.,Fri Sep 09 00:00:00 GMT+01:00 2022,Corporate Event,8686
8687,Together century affect.,Mon Nov 18 00:00:00 GMT+01:00 2024,Wedding,8687
8688,View guy key set.,Tue May 09 00:00:00 GMT+01:00 2023,Wedding,8688
8689,Scene very.,Sat Aug 30 00:00:00 GMT+01:00 2025,Wedding,8689
8690,Sometimes suddenly.,Wed Oct 09 00:00:00 GMT+01:00 2024,Private Party,8690
8691,Power join any.,Sat Jul 23 00:00:00 GMT+01:00 2022,Wedding,8691
8692,Front thus.,Thu Jan 19 00:00:00 GMT+01:00 2023,Birthday,8692
8693,American.,Sun Jul 20 00:00:00 GMT+01:00 2025,Wedding,8693
8694,Candidate.,Sun Oct 05 00:00:00 GMT+01:00 2025,Corporate Event,8694
8695,Writer model think.,Tue Jan 09 00:00:00 GMT+01:00 2024,Corporate Event,8695
8696,Treat table.,Mon Jul 03 00:00:00 GMT+01:00 2023,Private Party,8696
8697,Now allow.,Sat Feb 08 00:00:00 GMT+01:00 2025,Wedding,8697
8698,Receive environmental wife.,Wed Oct 12 00:00:00 GMT+01:00 2022,Private Party,8698
8699,Friend movement.,Tue Sep 05 00:00:00 GMT+01:00 2023,Private Party,8699
8700,Goal.,Sun Oct 06 00:00:00 GMT+01:00 2024,Private Party,8700
8701,Brother quality.,Sun Aug 20 00:00:00 GMT+01:00 2023,Birthday,8701
8702,Hair discussion.,Mon Dec 02 00:00:00 GMT+01:00 2024,Birthday,8702
8703,Quite down.,Thu Sep 21 00:00:00 GMT+01:00 2023,Private Party,8703
8704,Almost analysis amount.,Sat Oct 21 00:00:00 GMT+01:00 2023,Wedding,8704
8705,How tax.,Thu Nov 02 00:00:00 GMT+01:00 2023,Corporate Event,8705
8706,Yard son stuff.,Fri Feb 03 00:00:00 GMT+01:00 2023,Corporate Event,8706
8707,Vote.,Sat Nov 02 00:00:00 GMT+01:00 2024,Private Party,8707
8708,Rest particular decade.,Wed Apr 26 00:00:00 GMT+01:00 2023,Wedding,8708
8709,Buy operation four.,Mon Jul 14 00:00:00 GMT+01:00 2025,Wedding,8709
8710,Street discover.,Sat May 20 00:00:00 GMT+01:00 2023,Corporate Event,8710
8711,Floor view leave.,Tue Jan 23 00:00:00 GMT+01:00 2024,Corporate Event,8711
8712,Garden will.,Fri Mar 15 00:00:00 GMT+01:00 2024,Wedding,8712
8713,Approach final worker.,Sat Jun 24 00:00:00 GMT+01:00 2023,Wedding,8713
8714,Probably author business.,Tue Aug 23 00:00:00 GMT+01:00 2022,Private Party,8714
8715,Month model.,Wed Nov 23 00:00:00 GMT+01:00 2022,Private Party,8715
8716,Opportunity himself bank.,Tue Nov 07 00:00:00 GMT+01:00 2023,Corporate Event,8716
8717,Goal imagine.,Sun Jul 20 00:00:00 GMT+01:00 2025,Wedding,8717
8718,Later town.,Fri Aug 26 00:00:00 GMT+01:00 2022,Private Party,8718
8719,Statement help south.,Tue Aug 06 00:00:00 GMT+01:00 2024,Wedding,8719
8720,Like law official.,Sun Feb 26 00:00:00 GMT+01:00 2023,Wedding,8720
8721,Game travel.,Thu Nov 20 00:00:00 GMT+01:00 2025,Wedding,8721
8722,Glass natural.,Thu Feb 29 00:00:00 GMT+01:00 2024,Wedding,8722
8723,Major strong any.,Wed Dec 10 00:00:00 GMT+01:00 2025,Wedding,8723
8724,Back fear director.,Mon Oct 06 00:00:00 GMT+01:00 2025,Wedding,8724
8725,Live perform.,Sun Nov 26 00:00:00 GMT+01:00 2023,Wedding,8725
8726,View rather black.,Fri Jun 30 00:00:00 GMT+01:00 2023,Corporate Event,8726
8727,Turn hair property.,Sat Feb 10 00:00:00 GMT+01:00 2024,Wedding,8727
8728,Move along.,Sat Oct 25 00:00:00 GMT+01:00 2025,Private Party,8728
8729,Assume spring.,Mon May 16 00:00:00 GMT+01:00 2022,Birthday,8729
8730,Friend without deal late.,Fri Jan 14 00:00:00 GMT+01:00 2022,Corporate Event,8730
8731,Medical finally.,Tue Nov 22 00:00:00 GMT+01:00 2022,Wedding,8731
8732,Teach address example.,Fri Nov 15 00:00:00 GMT+01:00 2024,Birthday,8732
8733,School far.,Thu Apr 11 00:00:00 GMT+01:00 2024,Private Party,8733
8734,I stock.,Wed Jun 28 00:00:00 GMT+01:00 2023,Birthday,8734
8735,Hear experience space.,Mon Sep 16 00:00:00 GMT+01:00 2024,Private Party,8735
8736,Science.,Sun Oct 20 00:00:00 GMT+01:00 2024,Corporate Event,8736
8737,Turn.,Tue Feb 07 00:00:00 GMT+01:00 2023,Wedding,8737
8738,Congress admit.,Wed Nov 23 00:00:00 GMT+01:00 2022,Wedding,8738
8739,Class discuss thousand.,Sat May 31 00:00:00 GMT+01:00 2025,Birthday,8739
8740,Appear article oil.,Mon Dec 01 00:00:00 GMT+01:00 2025,Wedding,8740
8741,Lead election author.,Thu Apr 24 00:00:00 GMT+01:00 2025,Wedding,8741
8742,Human many single.,Mon Oct 13 00:00:00 GMT+01:00 2025,Birthday,8742
8743,Possible black.,Wed Oct 19 00:00:00 GMT+01:00 2022,Private Party,8743
8744,Century give southern.,Tue May 06 00:00:00 GMT+01:00 2025,Wedding,8744
8745,Be but just.,Mon Apr 18 00:00:00 GMT+01:00 2022,Corporate Event,8745
8746,Become program.,Sat Feb 04 00:00:00 GMT+01:00 2023,Private Party,8746
8747,Cold election woman.,Fri May 03 00:00:00 GMT+01:00 2024,Corporate Event,8747
8748,Loss condition.,Thu Mar 14 00:00:00 GMT+01:00 2024,Corporate Event,8748
8749,Enough mean structure ask.,Thu Feb 10 00:00:00 GMT+01:00 2022,Wedding,8749
8750,Nice particular.,Wed Oct 18 00:00:00 GMT+01:00 2023,Private Party,8750
8751,Receive offer kind.,Tue Apr 25 00:00:00 GMT+01:00 2023,Birthday,8751
8752,Service political toward.,Sat Jul 08 00:00:00 GMT+01:00 2023,Wedding,8752
8753,Look cost.,Mon Dec 19 00:00:00 GMT+01:00 2022,Wedding,8753
8754,Cup fish teach.,Tue Jan 31 00:00:00 GMT+01:00 2023,Corporate Event,8754
8755,Although away.,Tue Aug 16 00:00:00 GMT+01:00 2022,Wedding,8755
8756,Run drive.,Thu Jun 08 00:00:00 GMT+01:00 2023,Private Party,8756
8757,Candidate plant.,Wed Dec 21 00:00:00 GMT+01:00 2022,Birthday,8757
8758,Dinner activity affect.,Wed Oct 19 00:00:00 GMT+01:00 2022,Birthday,8758
8759,Girl should them.,Fri Mar 22 00:00:00 GMT+01:00 2024,Wedding,8759
8760,Us computer big.,Sun Jan 23 00:00:00 GMT+01:00 2022,Corporate Event,8760
8761,Ask improve garden dream.,Mon Mar 20 00:00:00 GMT+01:00 2023,Corporate Event,8761
8762,Exist model section.,Thu Apr 28 00:00:00 GMT+01:00 2022,Corporate Event,8762
8763,Toward politics evening.,Mon Nov 10 00:00:00 GMT+01:00 2025,Private Party,8763
8764,Generation common.,Tue Oct 25 00:00:00 GMT+01:00 2022,Wedding,8764
8765,Family reveal country computer.,Wed Apr 10 00:00:00 GMT+01:00 2024,Corporate Event,8765
8766,Role product son.,Thu May 09 00:00:00 GMT+01:00 2024,Corporate Event,8766
8767,Wrong seek several.,Thu Dec 22 00:00:00 GMT+01:00 2022,Birthday,8767
8768,Dog write.,Mon Sep 23 00:00:00 GMT+01:00 2024,Wedding,8768
8769,Organization when.,Wed Mar 01 00:00:00 GMT+01:00 2023,Corporate Event,8769
8770,Start author decade.,Fri Feb 21 00:00:00 GMT+01:00 2025,Wedding,8770
8771,Coach gas.,Sun Sep 24 00:00:00 GMT+01:00 2023,Corporate Event,8771
8772,Community last heavy administration.,Fri Sep 23 00:00:00 GMT+01:00 2022,Birthday,8772
8773,Wife experience idea.,Fri Jan 03 00:00:00 GMT+01:00 2025,Wedding,8773
8774,Level worker.,Sat Aug 26 00:00:00 GMT+01:00 2023,Private Party,8774
8775,Relate stand town.,Wed May 22 00:00:00 GMT+01:00 2024,Corporate Event,8775
8776,Trip card.,Thu Sep 12 00:00:00 GMT+01:00 2024,Wedding,8776
8777,Special line suddenly.,Mon Jul 28 00:00:00 GMT+01:00 2025,Corporate Event,8777
8778,Fire.,Thu Jun 22 00:00:00 GMT+01:00 2023,Birthday,8778
8779,Yes nearly.,Fri Aug 16 00:00:00 GMT+01:00 2024,Wedding,8779
8780,Process seven discussion.,Thu Aug 14 00:00:00 GMT+01:00 2025,Corporate Event,8780
8781,Onto.,Sun Mar 27 00:00:00 GMT+01:00 2022,Corporate Event,8781
8782,Arm carry old.,Sat May 06 00:00:00 GMT+01:00 2023,Private Party,8782
8783,Place shake role particularly.,Sun Feb 20 00:00:00 GMT+01:00 2022,Wedding,8783
8784,Two analysis.,Sun Jul 03 00:00:00 GMT+01:00 2022,Birthday,8784
8785,Wrong for.,Mon Mar 24 00:00:00 GMT+01:00 2025,Corporate Event,8785
8786,Hot at surface.,Fri Mar 15 00:00:00 GMT+01:00 2024,Private Party,8786
8787,True point also.,Sat Jan 25 00:00:00 GMT+01:00 2025,Wedding,8787
8788,Drug answer think.,Sun Jan 02 00:00:00 GMT+01:00 2022,Birthday,8788
8789,Eight.,Fri Jul 04 00:00:00 GMT+01:00 2025,Corporate Event,8789
8790,Range black face money.,Fri Feb 24 00:00:00 GMT+01:00 2023,Private Party,8790
8791,Somebody media.,Thu Jun 30 00:00:00 GMT+01:00 2022,Private Party,8791
8792,Computer.,Mon Feb 07 00:00:00 GMT+01:00 2022,Corporate Event,8792
8793,Feeling good.,Tue Jan 28 00:00:00 GMT+01:00 2025,Private Party,8793
8794,Data Democrat describe.,Tue Mar 18 00:00:00 GMT+01:00 2025,Wedding,8794
8795,Appear later.,Sun Nov 23 00:00:00 GMT+01:00 2025,Private Party,8795
8796,Turn system manager operation.,Sun Mar 30 00:00:00 GMT+01:00 2025,Wedding,8796
8797,With myself.,Mon Aug 29 00:00:00 GMT+01:00 2022,Wedding,8797
8798,Bit dream.,Fri Mar 08 00:00:00 GMT+01:00 2024,Private Party,8798
8799,Meet animal.,Thu Aug 29 00:00:00 GMT+01:00 2024,Private Party,8799
8800,Control agent room.,Fri Apr 04 00:00:00 GMT+01:00 2025,Corporate Event,8800
8801,Republican computer sea.,Mon May 22 00:00:00 GMT+01:00 2023,Birthday,8801
8802,Common short.,Tue Jul 25 00:00:00 GMT+01:00 2023,Wedding,8802
8803,Everyone age various.,Fri Apr 21 00:00:00 GMT+01:00 2023,Birthday,8803
8804,Moment world response.,Tue May 09 00:00:00 GMT+01:00 2023,Private Party,8804
8805,Whom degree daughter foot.,Wed Apr 30 00:00:00 GMT+01:00 2025,Corporate Event,8805
8806,Film statement clear.,Mon Jun 19 00:00:00 GMT+01:00 2023,Wedding,8806
8807,Way left.,Mon Feb 17 00:00:00 GMT+01:00 2025,Birthday,8807
8808,Pay.,Mon Feb 07 00:00:00 GMT+01:00 2022,Corporate Event,8808
8809,Skill few crime.,Fri Sep 23 00:00:00 GMT+01:00 2022,Corporate Event,8809
8810,Mind environment success.,Wed Dec 21 00:00:00 GMT+01:00 2022,Birthday,8810
8811,Long man per.,Thu Dec 11 00:00:00 GMT+01:00 2025,Wedding,8811
8812,Money despite.,Sat Feb 05 00:00:00 GMT+01:00 2022,Private Party,8812
8813,Us strong.,Wed Sep 21 00:00:00 GMT+01:00 2022,Corporate Event,8813
8814,Place dinner.,Wed Jan 15 00:00:00 GMT+01:00 2025,Wedding,8814
8815,Picture worker.,Sat May 03 00:00:00 GMT+01:00 2025,Corporate Event,8815
8816,Human so.,Sun Jul 13 00:00:00 GMT+01:00 2025,Wedding,8816
8817,Us window guy.,Fri Mar 28 00:00:00 GMT+01:00 2025,Private Party,8817
8818,Peace nor.,Tue Mar 25 00:00:00 GMT+01:00 2025,Private Party,8818
8819,Feel tree on.,Tue Sep 02 00:00:00 GMT+01:00 2025,Private Party,8819
8820,Thousand any.,Mon Jan 02 00:00:00 GMT+01:00 2023,Private Party,8820
8821,Candidate character item.,Sat Jan 28 00:00:00 GMT+01:00 2023,Corporate Event,8821
8822,Others phone per.,Thu Mar 07 00:00:00 GMT+01:00 2024,Private Party,8822
8823,Most want.,Sat May 13 00:00:00 GMT+01:00 2023,Wedding,8823
8824,Until pay present.,Tue Apr 15 00:00:00 GMT+01:00 2025,Corporate Event,8824
8825,Where billion.,Sun Aug 06 00:00:00 GMT+01:00 2023,Private Party,8825
8826,Mind room.,Wed Sep 06 00:00:00 GMT+01:00 2023,Private Party,8826
8827,Admit rich.,Tue Sep 12 00:00:00 GMT+01:00 2023,Wedding,8827
8828,Standard activity.,Sun Feb 27 00:00:00 GMT+01:00 2022,Wedding,8828
8829,Page country seven.,Wed Jun 14 00:00:00 GMT+01:00 2023,Birthday,8829
8830,Trial much range.,Wed Apr 27 00:00:00 GMT+01:00 2022,Corporate Event,8830
8831,Drop response exactly.,Tue Dec 12 00:00:00 GMT+01:00 2023,Birthday,8831
8832,Boy eat.,Fri May 23 00:00:00 GMT+01:00 2025,Private Party,8832
8833,Movie already point.,Mon Mar 14 00:00:00 GMT+01:00 2022,Private Party,8833
8834,Challenge.,Mon Feb 27 00:00:00 GMT+01:00 2023,Wedding,8834
8835,Include continue debate.,Fri Apr 28 00:00:00 GMT+01:00 2023,Birthday,8835
8836,Table statement.,Mon Sep 16 00:00:00 GMT+01:00 2024,Wedding,8836
8837,Respond whom seat.,Fri Nov 24 00:00:00 GMT+01:00 2023,Wedding,8837
8838,Box bag ten different.,Mon May 05 00:00:00 GMT+01:00 2025,Birthday,8838
8839,Attention green out.,Sun Dec 14 00:00:00 GMT+01:00 2025,Birthday,8839
8840,Industry.,Mon Jul 15 00:00:00 GMT+01:00 2024,Corporate Event,8840
8841,Food nothing.,Thu Dec 28 00:00:00 GMT+01:00 2023,Corporate Event,8841
8842,Improve.,Sat Nov 16 00:00:00 GMT+01:00 2024,Birthday,8842
8843,From nice fish.,Mon Jun 02 00:00:00 GMT+01:00 2025,Wedding,8843
8844,Per tough fight majority.,Wed Jun 28 00:00:00 GMT+01:00 2023,Wedding,8844
8845,Want generation resource.,Sat Jan 29 00:00:00 GMT+01:00 2022,Wedding,8845
8846,Together everybody.,Wed Jan 19 00:00:00 GMT+01:00 2022,Wedding,8846
8847,Instead whatever.,Wed Sep 06 00:00:00 GMT+01:00 2023,Wedding,8847
8848,Mind.,Wed Aug 30 00:00:00 GMT+01:00 2023,Wedding,8848
8849,Least throughout concern.,Fri Aug 04 00:00:00 GMT+01:00 2023,Birthday,8849
8850,Real late.,Sun May 19 00:00:00 GMT+01:00 2024,Wedding,8850
8851,And.,Thu Oct 05 00:00:00 GMT+01:00 2023,Private Party,8851
8852,Letter here.,Sun Jun 19 00:00:00 GMT+01:00 2022,Private Party,8852
8853,Air performance whole.,Sat Jun 29 00:00:00 GMT+01:00 2024,Birthday,8853
8854,Attorney after military social.,Sun Jun 04 00:00:00 GMT+01:00 2023,Birthday,8854
8855,Treatment get.,Fri May 19 00:00:00 GMT+01:00 2023,Corporate Event,8855
8856,Outside industry individual.,Fri Jan 31 00:00:00 GMT+01:00 2025,Wedding,8856
8857,Recently such.,Tue Feb 08 00:00:00 GMT+01:00 2022,Private Party,8857
8858,Bill again many.,Fri Mar 24 00:00:00 GMT+01:00 2023,Birthday,8858
8859,Question open local.,Fri Mar 17 00:00:00 GMT+01:00 2023,Private Party,8859
8860,Expect by financial.,Fri Nov 29 00:00:00 GMT+01:00 2024,Corporate Event,8860
8861,Increase hair half.,Fri Jul 28 00:00:00 GMT+01:00 2023,Wedding,8861
8862,Know member.,Wed Jun 25 00:00:00 GMT+01:00 2025,Birthday,8862
8863,Wife bed.,Sat Jul 06 00:00:00 GMT+01:00 2024,Birthday,8863
8864,Station speech feel.,Fri Oct 10 00:00:00 GMT+01:00 2025,Wedding,8864
8865,Be point artist.,Fri Mar 28 00:00:00 GMT+01:00 2025,Wedding,8865
8866,Instead arrive forget.,Fri Jan 21 00:00:00 GMT+01:00 2022,Birthday,8866
8867,Thought here.,Wed Feb 15 00:00:00 GMT+01:00 2023,Wedding,8867
8868,Cost start.,Fri Feb 11 00:00:00 GMT+01:00 2022,Private Party,8868
8869,Young that thing.,Wed Jul 24 00:00:00 GMT+01:00 2024,Birthday,8869
8870,Value million feel.,Sat Oct 14 00:00:00 GMT+01:00 2023,Corporate Event,8870
8871,Company city.,Tue Nov 29 00:00:00 GMT+01:00 2022,Birthday,8871
8872,Enjoy ahead collection.,Mon Jan 20 00:00:00 GMT+01:00 2025,Corporate Event,8872
8873,Break scientist.,Thu Nov 10 00:00:00 GMT+01:00 2022,Wedding,8873
8874,Anything within any.,Mon Dec 12 00:00:00 GMT+01:00 2022,Birthday,8874
8875,Purpose have.,Sat Jun 18 00:00:00 GMT+01:00 2022,Wedding,8875
8876,Tv herself.,Wed Jan 05 00:00:00 GMT+01:00 2022,Corporate Event,8876
8877,Consumer stage give.,Mon Mar 11 00:00:00 GMT+01:00 2024,Private Party,8877
8878,Act detail.,Wed Mar 13 00:00:00 GMT+01:00 2024,Birthday,8878
8879,Shake lose mother.,Tue Apr 01 00:00:00 GMT+01:00 2025,Birthday,8879
8880,Continue heavy generation.,Sat May 06 00:00:00 GMT+01:00 2023,Birthday,8880
8881,A project chair.,Thu Dec 29 00:00:00 GMT+01:00 2022,Private Party,8881
8882,Understand everyone.,Wed Apr 03 00:00:00 GMT+01:00 2024,Wedding,8882
8883,However who.,Thu Jun 02 00:00:00 GMT+01:00 2022,Wedding,8883
8884,Guess third.,Sat Jul 12 00:00:00 GMT+01:00 2025,Wedding,8884
8885,Become.,Sat Oct 08 00:00:00 GMT+01:00 2022,Corporate Event,8885
8886,Job require enter.,Thu Aug 01 00:00:00 GMT+01:00 2024,Corporate Event,8886
8887,Though.,Tue Apr 11 00:00:00 GMT+01:00 2023,Private Party,8887
8888,Analysis at.,Wed Sep 21 00:00:00 GMT+01:00 2022,Wedding,8888
8889,Shoulder land.,Mon Sep 15 00:00:00 GMT+01:00 2025,Private Party,8889
8890,Thousand easy.,Thu Nov 27 00:00:00 GMT+01:00 2025,Wedding,8890
8891,Resource training.,Wed Aug 21 00:00:00 GMT+01:00 2024,Corporate Event,8891
8892,Particularly use individual.,Thu Jun 29 00:00:00 GMT+01:00 2023,Wedding,8892
8893,System TV.,Wed Mar 05 00:00:00 GMT+01:00 2025,Wedding,8893
8894,Seem task four.,Fri Aug 18 00:00:00 GMT+01:00 2023,Private Party,8894
8895,Know will baby.,Fri Aug 12 00:00:00 GMT+01:00 2022,Corporate Event,8895
8896,Talk your finally.,Thu Jan 27 00:00:00 GMT+01:00 2022,Wedding,8896
8897,Contain fear.,Tue Jul 26 00:00:00 GMT+01:00 2022,Corporate Event,8897
8898,Off.,Mon Jun 12 00:00:00 GMT+01:00 2023,Corporate Event,8898
8899,Spend develop bad.,Fri Nov 15 00:00:00 GMT+01:00 2024,Birthday,8899
8900,Mention region offer.,Tue Dec 19 00:00:00 GMT+01:00 2023,Birthday,8900
8901,City professional.,Fri Nov 29 00:00:00 GMT+01:00 2024,Wedding,8901
8902,Financial response write week.,Sat Jun 07 00:00:00 GMT+01:00 2025,Birthday,8902
8903,Your teacher prove foreign.,Sat Dec 10 00:00:00 GMT+01:00 2022,Birthday,8903
8904,On least.,Fri Feb 07 00:00:00 GMT+01:00 2025,Corporate Event,8904
8905,Agency theory idea conference.,Wed Oct 11 00:00:00 GMT+01:00 2023,Private Party,8905
8906,Majority day outside.,Wed Feb 07 00:00:00 GMT+01:00 2024,Corporate Event,8906
8907,Heart figure.,Sat Nov 01 00:00:00 GMT+01:00 2025,Private Party,8907
8908,What officer.,Sun Nov 02 00:00:00 GMT+01:00 2025,Birthday,8908
8909,Movement ground seven.,Wed Mar 19 00:00:00 GMT+01:00 2025,Corporate Event,8909
8910,American friend.,Mon Sep 19 00:00:00 GMT+01:00 2022,Corporate Event,8910
8911,Arm community.,Mon Nov 07 00:00:00 GMT+01:00 2022,Wedding,8911
8912,Against threat.,Sun Aug 14 00:00:00 GMT+01:00 2022,Birthday,8912
8913,Information activity.,Sun May 21 00:00:00 GMT+01:00 2023,Private Party,8913
8914,Agency pull cell.,Wed May 22 00:00:00 GMT+01:00 2024,Private Party,8914
8915,Detail teach.,Wed Jul 19 00:00:00 GMT+01:00 2023,Wedding,8915
8916,Experience accept place.,Mon Mar 17 00:00:00 GMT+01:00 2025,Wedding,8916
8917,Herself project.,Fri Jun 17 00:00:00 GMT+01:00 2022,Corporate Event,8917
8918,Term southern.,Mon Sep 08 00:00:00 GMT+01:00 2025,Wedding,8918
8919,Quite word.,Mon Jul 03 00:00:00 GMT+01:00 2023,Private Party,8919
8920,Dark onto.,Sun Jun 11 00:00:00 GMT+01:00 2023,Private Party,8920
8921,Country election.,Mon May 16 00:00:00 GMT+01:00 2022,Wedding,8921
8922,Office after.,Wed Jun 04 00:00:00 GMT+01:00 2025,Corporate Event,8922
8923,Full state democratic.,Sat Apr 15 00:00:00 GMT+01:00 2023,Wedding,8923
8924,Into great entire.,Tue Feb 11 00:00:00 GMT+01:00 2025,Wedding,8924
8925,Mind like herself.,Mon Sep 18 00:00:00 GMT+01:00 2023,Private Party,8925
8926,Beautiful yard.,Thu Mar 27 00:00:00 GMT+01:00 2025,Birthday,8926
8927,Because population house.,Sun May 15 00:00:00 GMT+01:00 2022,Corporate Event,8927
8928,Yard bag.,Sun Aug 17 00:00:00 GMT+01:00 2025,Corporate Event,8928
8929,Receive guy road teach.,Sun Nov 03 00:00:00 GMT+01:00 2024,Corporate Event,8929
8930,Set case bring.,Wed Nov 13 00:00:00 GMT+01:00 2024,Birthday,8930
8931,Decide scene later party.,Tue Jan 04 00:00:00 GMT+01:00 2022,Birthday,8931
8932,Around wear.,Tue Sep 02 00:00:00 GMT+01:00 2025,Wedding,8932
8933,Address war enter.,Wed Dec 24 00:00:00 GMT+01:00 2025,Corporate Event,8933
8934,Within up stuff.,Sun Sep 11 00:00:00 GMT+01:00 2022,Private Party,8934
8935,Street herself no.,Fri Feb 17 00:00:00 GMT+01:00 2023,Birthday,8935
8936,Anyone able live.,Thu Apr 27 00:00:00 GMT+01:00 2023,Wedding,8936
8938,Old talk.,Sat Dec 13 00:00:00 GMT+01:00 2025,Corporate Event,8938
8939,Detail.,Tue Feb 28 00:00:00 GMT+01:00 2023,Wedding,8939
8940,Will price.,Mon Aug 29 00:00:00 GMT+01:00 2022,Wedding,8940
8941,Past discussion.,Tue Jun 07 00:00:00 GMT+01:00 2022,Private Party,8941
8942,View affect friend under.,Sun Apr 20 00:00:00 GMT+01:00 2025,Wedding,8942
8943,Head outside.,Fri Jun 27 00:00:00 GMT+01:00 2025,Birthday,8943
8944,Example without.,Fri May 12 00:00:00 GMT+01:00 2023,Birthday,8944
8945,Miss move assume.,Wed Dec 31 00:00:00 GMT+01:00 2025,Private Party,8945
8946,Day dinner.,Thu Dec 07 00:00:00 GMT+01:00 2023,Corporate Event,8946
8947,Minute old data.,Fri Nov 14 00:00:00 GMT+01:00 2025,Private Party,8947
8948,Value whom.,Sat Dec 30 00:00:00 GMT+01:00 2023,Corporate Event,8948
8949,Check station whose.,Thu Sep 19 00:00:00 GMT+01:00 2024,Wedding,8949
8950,Discussion.,Fri Sep 09 00:00:00 GMT+01:00 2022,Private Party,8950
8951,I factor everyone.,Sun Jun 26 00:00:00 GMT+01:00 2022,Birthday,8951
8952,Thought within personal.,Wed Oct 11 00:00:00 GMT+01:00 2023,Corporate Event,8952
8953,Serious herself.,Sat May 17 00:00:00 GMT+01:00 2025,Private Party,8953
8954,Huge feeling.,Tue Jul 02 00:00:00 GMT+01:00 2024,Private Party,8954
8955,Base.,Thu Aug 15 00:00:00 GMT+01:00 2024,Wedding,8955
8956,Should water too.,Mon May 15 00:00:00 GMT+01:00 2023,Private Party,8956
8957,Himself program.,Tue Mar 04 00:00:00 GMT+01:00 2025,Private Party,8957
8958,Indeed lose responsibility.,Sun Sep 17 00:00:00 GMT+01:00 2023,Birthday,8958
8959,Moment west should capital.,Sun Dec 31 00:00:00 GMT+01:00 2023,Private Party,8959
8960,Security human bit.,Wed Jan 26 00:00:00 GMT+01:00 2022,Private Party,8960
8961,Stand development institution can.,Fri Feb 11 00:00:00 GMT+01:00 2022,Corporate Event,8961
8962,Former building.,Mon Dec 15 00:00:00 GMT+01:00 2025,Birthday,8962
8963,Billion suggest.,Wed Feb 08 00:00:00 GMT+01:00 2023,Birthday,8963
8964,Bank size.,Fri Aug 01 00:00:00 GMT+01:00 2025,Corporate Event,8964
8965,Color wear.,Fri Jul 12 00:00:00 GMT+01:00 2024,Birthday,8965
8966,True fear.,Wed May 31 00:00:00 GMT+01:00 2023,Private Party,8966
8967,Participant especially few.,Tue Aug 16 00:00:00 GMT+01:00 2022,Corporate Event,8967
8968,Share control boy.,Fri Jun 24 00:00:00 GMT+01:00 2022,Corporate Event,8968
8969,Free stock hand.,Thu Feb 29 00:00:00 GMT+01:00 2024,Private Party,8969
8970,Apply theory admit.,Mon Jul 04 00:00:00 GMT+01:00 2022,Birthday,8970
8971,To time.,Thu Aug 07 00:00:00 GMT+01:00 2025,Birthday,8971
8972,Four catch final teacher.,Tue Apr 29 00:00:00 GMT+01:00 2025,Wedding,8972
8973,Card present.,Sun Mar 27 00:00:00 GMT+01:00 2022,Birthday,8973
8974,Blood between some.,Fri Aug 23 00:00:00 GMT+01:00 2024,Private Party,8974
8975,Black.,Thu Apr 20 00:00:00 GMT+01:00 2023,Wedding,8975
8976,Last security show control.,Wed May 28 00:00:00 GMT+01:00 2025,Birthday,8976
8977,Set list else.,Tue Jul 01 00:00:00 GMT+01:00 2025,Birthday,8977
8978,Decision lot business.,Wed Jul 02 00:00:00 GMT+01:00 2025,Private Party,8978
8979,Trade trip choose central.,Sat Oct 14 00:00:00 GMT+01:00 2023,Private Party,8979
8980,Red table.,Mon Feb 26 00:00:00 GMT+01:00 2024,Corporate Event,8980
8981,Hotel speak rest.,Sat Dec 17 00:00:00 GMT+01:00 2022,Birthday,8981
8982,Central hotel.,Tue Nov 12 00:00:00 GMT+01:00 2024,Corporate Event,8982
8983,Behind whose.,Thu Mar 10 00:00:00 GMT+01:00 2022,Corporate Event,8983
8984,Produce possible.,Wed Oct 11 00:00:00 GMT+01:00 2023,Private Party,8984
8985,Usually able.,Fri Nov 01 00:00:00 GMT+01:00 2024,Wedding,8985
8986,Morning Congress.,Mon Aug 07 00:00:00 GMT+01:00 2023,Corporate Event,8986
8987,Bill lot.,Wed Dec 18 00:00:00 GMT+01:00 2024,Birthday,8987
8988,Source.,Wed Aug 14 00:00:00 GMT+01:00 2024,Private Party,8988
8989,Set also.,Sat Jan 13 00:00:00 GMT+01:00 2024,Wedding,8989
8990,Senior smile action.,Sat Jun 22 00:00:00 GMT+01:00 2024,Wedding,8990
8991,Growth door.,Sat Oct 29 00:00:00 GMT+01:00 2022,Wedding,8991
8992,Beat among.,Sun Mar 17 00:00:00 GMT+01:00 2024,Birthday,8992
8993,Song peace.,Mon Jan 09 00:00:00 GMT+01:00 2023,Corporate Event,8993
8994,Girl all great.,Thu Feb 22 00:00:00 GMT+01:00 2024,Birthday,8994
8995,Report since.,Thu Nov 14 00:00:00 GMT+01:00 2024,Corporate Event,8995
8996,Care red over.,Fri Jul 29 00:00:00 GMT+01:00 2022,Wedding,8996
8997,Idea major notice.,Tue Mar 25 00:00:00 GMT+01:00 2025,Private Party,8997
8998,Mission thus.,Tue Nov 01 00:00:00 GMT+01:00 2022,Wedding,8998
8999,Artist place dark.,Wed Dec 24 00:00:00 GMT+01:00 2025,Birthday,8999
9000,Condition organization receive.,Thu Oct 19 00:00:00 GMT+01:00 2023,Wedding,9000
9001,Claim laugh trouble.,Sun Apr 03 00:00:00 GMT+01:00 2022,Corporate Event,9001
9002,Public opportunity realize most.,Wed Jun 12 00:00:00 GMT+01:00 2024,Private Party,9002
9003,Wonder minute look under.,Sat Oct 21 00:00:00 GMT+01:00 2023,Corporate Event,9003
9004,Best possible.,Tue Aug 27 00:00:00 GMT+01:00 2024,Corporate Event,9004
9005,Grow whether partner.,Wed Aug 17 00:00:00 GMT+01:00 2022,Birthday,9005
9006,Free plant.,Sat Jun 25 00:00:00 GMT+01:00 2022,Private Party,9006
9007,Use area husband.,Tue Apr 25 00:00:00 GMT+01:00 2023,Private Party,9007
9008,Down tough.,Wed Jun 25 00:00:00 GMT+01:00 2025,Private Party,9008
9009,Building drive.,Mon Dec 04 00:00:00 GMT+01:00 2023,Birthday,9009
9010,As certainly other.,Thu Sep 22 00:00:00 GMT+01:00 2022,Private Party,9010
9011,Size section sell.,Wed Jul 24 00:00:00 GMT+01:00 2024,Wedding,9011
9012,Enjoy.,Sun Dec 29 00:00:00 GMT+01:00 2024,Corporate Event,9012
9013,Bad huge decade.,Sun Jan 08 00:00:00 GMT+01:00 2023,Corporate Event,9013
9014,Than interesting our.,Sat Feb 01 00:00:00 GMT+01:00 2025,Wedding,9014
9015,Challenge rest.,Wed Jun 05 00:00:00 GMT+01:00 2024,Corporate Event,9015
9016,Even among.,Sun Oct 19 00:00:00 GMT+01:00 2025,Private Party,9016
9017,Sometimes teach develop.,Sat Mar 02 00:00:00 GMT+01:00 2024,Corporate Event,9017
9018,Character kid.,Sat Oct 08 00:00:00 GMT+01:00 2022,Wedding,9018
9019,Stuff stop she.,Tue Nov 21 00:00:00 GMT+01:00 2023,Wedding,9019
9020,Establish wind discussion center.,Fri Oct 18 00:00:00 GMT+01:00 2024,Wedding,9020
9021,Rise.,Fri Sep 26 00:00:00 GMT+01:00 2025,Birthday,9021
9022,Under interview allow.,Mon Nov 28 00:00:00 GMT+01:00 2022,Corporate Event,9022
9023,Administration instead.,Thu Jan 26 00:00:00 GMT+01:00 2023,Birthday,9023
9024,Southern on answer.,Tue Nov 18 00:00:00 GMT+01:00 2025,Wedding,9024
9025,Soon remember.,Thu Jul 13 00:00:00 GMT+01:00 2023,Private Party,9025
9026,Civil will.,Thu Jan 19 00:00:00 GMT+01:00 2023,Private Party,9026
9027,Bar positive lawyer.,Sun Jan 29 00:00:00 GMT+01:00 2023,Birthday,9027
9028,Sport common talk.,Sat Aug 09 00:00:00 GMT+01:00 2025,Birthday,9028
9029,Where imagine wide.,Thu Jan 16 00:00:00 GMT+01:00 2025,Corporate Event,9029
9030,Every single rich.,Thu Aug 14 00:00:00 GMT+01:00 2025,Birthday,9030
9031,Agent way television.,Thu Oct 06 00:00:00 GMT+01:00 2022,Private Party,9031
9032,Cause true election.,Thu Oct 12 00:00:00 GMT+01:00 2023,Private Party,9032
9033,Effort.,Mon Jun 17 00:00:00 GMT+01:00 2024,Wedding,9033
9034,Majority eye just.,Fri Aug 16 00:00:00 GMT+01:00 2024,Private Party,9034
9035,Blue accept experience edge.,Thu Aug 07 00:00:00 GMT+01:00 2025,Private Party,9035
9036,Indicate world game.,Fri Feb 25 00:00:00 GMT+01:00 2022,Private Party,9036
9037,Effect center.,Thu Oct 06 00:00:00 GMT+01:00 2022,Wedding,9037
9038,General water watch.,Sun Jan 28 00:00:00 GMT+01:00 2024,Birthday,9038
9039,By structure different.,Mon Dec 12 00:00:00 GMT+01:00 2022,Wedding,9039
9040,Wish develop.,Thu Jul 27 00:00:00 GMT+01:00 2023,Corporate Event,9040
9041,Career machine.,Sun Oct 30 00:00:00 GMT+01:00 2022,Private Party,9041
9042,Quickly hair information.,Sat Apr 29 00:00:00 GMT+01:00 2023,Corporate Event,9042
9043,Sing then.,Sun Nov 27 00:00:00 GMT+01:00 2022,Private Party,9043
9044,Can.,Mon Jan 17 00:00:00 GMT+01:00 2022,Private Party,9044
9045,Continue public.,Fri Mar 04 00:00:00 GMT+01:00 2022,Corporate Event,9045
9046,Not though.,Fri Jul 14 00:00:00 GMT+01:00 2023,Corporate Event,9046
9047,Federal look design.,Sat Jan 14 00:00:00 GMT+01:00 2023,Private Party,9047
9048,Community say pass.,Mon Oct 07 00:00:00 GMT+01:00 2024,Birthday,9048
9049,Drop provide eye.,Thu Aug 15 00:00:00 GMT+01:00 2024,Wedding,9049
9050,Growth key force.,Sat Jun 24 00:00:00 GMT+01:00 2023,Private Party,9050
9051,Song follow.,Sat Nov 05 00:00:00 GMT+01:00 2022,Corporate Event,9051
9052,Plan organization.,Sat Feb 15 00:00:00 GMT+01:00 2025,Birthday,9052
9053,Know too.,Wed Jan 17 00:00:00 GMT+01:00 2024,Private Party,9053
9054,Culture meet.,Tue Oct 21 00:00:00 GMT+01:00 2025,Corporate Event,9054
9055,So into edge.,Fri Jan 07 00:00:00 GMT+01:00 2022,Private Party,9055
9056,Street general boy degree.,Mon Mar 27 00:00:00 GMT+01:00 2023,Wedding,9056
9057,Feel behavior in.,Wed Aug 10 00:00:00 GMT+01:00 2022,Corporate Event,9057
9058,Year manage beat.,Fri Apr 04 00:00:00 GMT+01:00 2025,Private Party,9058
9059,Adult these.,Wed Nov 15 00:00:00 GMT+01:00 2023,Private Party,9059
9060,Pay scientist name should.,Tue Oct 08 00:00:00 GMT+01:00 2024,Birthday,9060
9061,Dog along suddenly.,Tue May 02 00:00:00 GMT+01:00 2023,Private Party,9061
9062,Own friend particular.,Sat Apr 08 00:00:00 GMT+01:00 2023,Corporate Event,9062
9063,Then sport yeah might.,Tue Sep 26 00:00:00 GMT+01:00 2023,Corporate Event,9063
9064,Provide carry whole.,Sun Sep 03 00:00:00 GMT+01:00 2023,Corporate Event,9064
9065,Likely herself friend.,Sun Apr 02 00:00:00 GMT+01:00 2023,Wedding,9065
9066,Model history benefit.,Thu Dec 21 00:00:00 GMT+01:00 2023,Corporate Event,9066
9067,Eat two.,Fri Sep 22 00:00:00 GMT+01:00 2023,Wedding,9067
9068,Gun only you.,Sun Oct 16 00:00:00 GMT+01:00 2022,Corporate Event,9068
9069,Safe southern able tell.,Sat Feb 03 00:00:00 GMT+01:00 2024,Private Party,9069
9070,Day couple foreign.,Sun Feb 18 00:00:00 GMT+01:00 2024,Corporate Event,9070
9071,Prove interview.,Sat Aug 20 00:00:00 GMT+01:00 2022,Wedding,9071
9072,Whose general nature.,Sat Mar 01 00:00:00 GMT+01:00 2025,Corporate Event,9072
9073,Prove position.,Thu Mar 03 00:00:00 GMT+01:00 2022,Private Party,9073
9074,School long.,Fri Jan 28 00:00:00 GMT+01:00 2022,Birthday,9074
9075,White hold many.,Sun Oct 23 00:00:00 GMT+01:00 2022,Wedding,9075
9076,Apply catch.,Sun Oct 20 00:00:00 GMT+01:00 2024,Private Party,9076
9077,Collection fall top.,Fri Dec 16 00:00:00 GMT+01:00 2022,Wedding,9077
9078,Traditional describe.,Thu Apr 11 00:00:00 GMT+01:00 2024,Corporate Event,9078
9079,Church everything attorney.,Sun Apr 27 00:00:00 GMT+01:00 2025,Birthday,9079
9080,Run resource as.,Thu Jul 14 00:00:00 GMT+01:00 2022,Corporate Event,9080
9081,Difference between class college.,Wed Oct 09 00:00:00 GMT+01:00 2024,Private Party,9081
9082,Lay consider husband.,Tue Sep 19 00:00:00 GMT+01:00 2023,Corporate Event,9082
9083,Just race number.,Thu Mar 03 00:00:00 GMT+01:00 2022,Corporate Event,9083
9084,Need bit.,Mon Mar 24 00:00:00 GMT+01:00 2025,Birthday,9084
9085,Sing task.,Sun Jun 19 00:00:00 GMT+01:00 2022,Wedding,9085
9086,Thing adult.,Tue Oct 22 00:00:00 GMT+01:00 2024,Corporate Event,9086
9087,Traditional resource.,Tue Dec 20 00:00:00 GMT+01:00 2022,Wedding,9087
9088,Appear scene cultural.,Wed Jan 10 00:00:00 GMT+01:00 2024,Corporate Event,9088
9089,Our skill full.,Thu Feb 29 00:00:00 GMT+01:00 2024,Birthday,9089
9090,Model after.,Thu Oct 06 00:00:00 GMT+01:00 2022,Birthday,9090
9091,Discuss short suddenly.,Mon Sep 05 00:00:00 GMT+01:00 2022,Birthday,9091
9092,Ago feeling.,Sat Nov 12 00:00:00 GMT+01:00 2022,Corporate Event,9092
9093,Stay military.,Mon Apr 22 00:00:00 GMT+01:00 2024,Corporate Event,9093
9094,Tonight dark.,Tue Feb 15 00:00:00 GMT+01:00 2022,Corporate Event,9094
9095,Ball minute story.,Thu Oct 12 00:00:00 GMT+01:00 2023,Corporate Event,9095
9096,Case through pressure two.,Wed Jan 31 00:00:00 GMT+01:00 2024,Wedding,9096
9097,Forget computer season.,Thu Sep 22 00:00:00 GMT+01:00 2022,Wedding,9097
9098,Need hour second.,Sat Jul 30 00:00:00 GMT+01:00 2022,Corporate Event,9098
9099,Risk authority.,Sun Nov 10 00:00:00 GMT+01:00 2024,Private Party,9099
9100,Theory moment dark.,Fri Mar 15 00:00:00 GMT+01:00 2024,Birthday,9100
9101,Stay and.,Wed Nov 05 00:00:00 GMT+01:00 2025,Wedding,9101
9102,International nothing.,Thu Dec 01 00:00:00 GMT+01:00 2022,Private Party,9102
9103,Financial make example candidate.,Thu Oct 06 00:00:00 GMT+01:00 2022,Birthday,9103
9104,Building analysis book.,Sat Mar 01 00:00:00 GMT+01:00 2025,Private Party,9104
9105,These short.,Mon Jan 10 00:00:00 GMT+01:00 2022,Birthday,9105
9106,Pressure bill.,Sun Nov 16 00:00:00 GMT+01:00 2025,Wedding,9106
9107,His anything.,Thu Oct 02 00:00:00 GMT+01:00 2025,Corporate Event,9107
9108,Affect check.,Mon Mar 21 00:00:00 GMT+01:00 2022,Birthday,9108
9109,Team however hot.,Thu Aug 18 00:00:00 GMT+01:00 2022,Birthday,9109
9110,Human.,Tue Feb 27 00:00:00 GMT+01:00 2024,Corporate Event,9110
9111,Minute nothing street.,Tue Sep 16 00:00:00 GMT+01:00 2025,Private Party,9111
9112,Friend wish.,Sun Sep 28 00:00:00 GMT+01:00 2025,Wedding,9112
9113,Happy yes person.,Sat Nov 15 00:00:00 GMT+01:00 2025,Private Party,9113
9114,Run we these.,Sun Oct 05 00:00:00 GMT+01:00 2025,Birthday,9114
9115,Make real.,Thu Dec 18 00:00:00 GMT+01:00 2025,Birthday,9115
9116,Record front generation.,Wed Aug 06 00:00:00 GMT+01:00 2025,Private Party,9116
9117,Range election.,Thu Nov 03 00:00:00 GMT+01:00 2022,Corporate Event,9117
9118,Dinner camera evening.,Fri May 31 00:00:00 GMT+01:00 2024,Private Party,9118
9119,Week usually thank.,Wed Oct 25 00:00:00 GMT+01:00 2023,Corporate Event,9119
9120,Here recent.,Sun Dec 10 00:00:00 GMT+01:00 2023,Wedding,9120
9121,Voice.,Mon Feb 13 00:00:00 GMT+01:00 2023,Corporate Event,9121
9122,Police truth consumer.,Sat Sep 23 00:00:00 GMT+01:00 2023,Birthday,9122
9123,She you significant involve.,Sat Nov 19 00:00:00 GMT+01:00 2022,Corporate Event,9123
9124,Word.,Tue Dec 13 00:00:00 GMT+01:00 2022,Corporate Event,9124
9125,They shoulder.,Wed Nov 16 00:00:00 GMT+01:00 2022,Corporate Event,9125
9126,Unit view.,Wed Mar 02 00:00:00 GMT+01:00 2022,Private Party,9126
9127,Occur yard.,Thu Aug 21 00:00:00 GMT+01:00 2025,Private Party,9127
9128,Imagine law political.,Fri Feb 16 00:00:00 GMT+01:00 2024,Private Party,9128
9129,Off change.,Wed Dec 04 00:00:00 GMT+01:00 2024,Corporate Event,9129
9130,Usually particular.,Sun Nov 17 00:00:00 GMT+01:00 2024,Wedding,9130
9131,Similar always own.,Sun Dec 11 00:00:00 GMT+01:00 2022,Private Party,9131
9132,View modern.,Wed Mar 12 00:00:00 GMT+01:00 2025,Corporate Event,9132
9133,Increase join there.,Mon Sep 02 00:00:00 GMT+01:00 2024,Wedding,9133
9134,Admit wrong enough.,Sat Apr 23 00:00:00 GMT+01:00 2022,Birthday,9134
9135,Take test.,Fri Apr 22 00:00:00 GMT+01:00 2022,Wedding,9135
9136,Interview price between.,Mon Feb 14 00:00:00 GMT+01:00 2022,Wedding,9136
9137,Hard power.,Sun Jul 06 00:00:00 GMT+01:00 2025,Wedding,9137
9138,Choose money like.,Wed Jul 19 00:00:00 GMT+01:00 2023,Wedding,9138
9139,Role health.,Wed Dec 20 00:00:00 GMT+01:00 2023,Birthday,9139
9140,Maybe set.,Sat Nov 25 00:00:00 GMT+01:00 2023,Wedding,9140
9141,Must see.,Tue Nov 12 00:00:00 GMT+01:00 2024,Birthday,9141
9142,Support pressure.,Fri Jan 27 00:00:00 GMT+01:00 2023,Corporate Event,9142
9143,Accept project institution.,Mon Aug 29 00:00:00 GMT+01:00 2022,Private Party,9143
9144,Huge across.,Sun May 25 00:00:00 GMT+01:00 2025,Wedding,9144
9145,Risk last performance.,Tue May 24 00:00:00 GMT+01:00 2022,Birthday,9145
9146,Billion detail man.,Mon Feb 19 00:00:00 GMT+01:00 2024,Corporate Event,9146
9147,Meeting together.,Fri Oct 31 00:00:00 GMT+01:00 2025,Private Party,9147
9148,Exist miss.,Sun Feb 09 00:00:00 GMT+01:00 2025,Corporate Event,9148
9149,Plan space.,Sun Sep 11 00:00:00 GMT+01:00 2022,Private Party,9149
9150,Walk speak term bank.,Fri May 24 00:00:00 GMT+01:00 2024,Birthday,9150
9151,Little food.,Wed Mar 22 00:00:00 GMT+01:00 2023,Wedding,9151
9152,Edge dog manage.,Thu Nov 20 00:00:00 GMT+01:00 2025,Corporate Event,9152
9153,Rich fill.,Wed Feb 12 00:00:00 GMT+01:00 2025,Birthday,9153
9154,Summer stock particularly.,Sun Feb 27 00:00:00 GMT+01:00 2022,Corporate Event,9154
9155,Education success.,Mon Jun 20 00:00:00 GMT+01:00 2022,Wedding,9155
9156,Staff matter.,Fri Sep 20 00:00:00 GMT+01:00 2024,Wedding,9156
9157,Fire keep.,Wed Sep 03 00:00:00 GMT+01:00 2025,Private Party,9157
9158,Road culture.,Thu Nov 07 00:00:00 GMT+01:00 2024,Private Party,9158
9159,Important.,Sun Jul 06 00:00:00 GMT+01:00 2025,Birthday,9159
9160,Stay special risk.,Sat Nov 16 00:00:00 GMT+01:00 2024,Birthday,9160
9161,Second his.,Tue Apr 11 00:00:00 GMT+01:00 2023,Private Party,9161
9162,Catch head.,Sat Oct 29 00:00:00 GMT+01:00 2022,Corporate Event,9162
9163,Top may movie.,Fri Dec 01 00:00:00 GMT+01:00 2023,Corporate Event,9163
9164,Teach stay various.,Mon Apr 28 00:00:00 GMT+01:00 2025,Birthday,9164
9165,Indicate message film.,Thu Sep 18 00:00:00 GMT+01:00 2025,Wedding,9165
9166,Hit huge.,Sat Nov 18 00:00:00 GMT+01:00 2023,Private Party,9166
9167,Understand happy.,Fri Dec 02 00:00:00 GMT+01:00 2022,Wedding,9167
9168,Relationship control.,Wed Aug 17 00:00:00 GMT+01:00 2022,Private Party,9168
9169,Price return.,Tue Nov 14 00:00:00 GMT+01:00 2023,Wedding,9169
9170,Do none.,Mon Jul 14 00:00:00 GMT+01:00 2025,Wedding,9170
9171,Animal process person.,Thu Apr 20 00:00:00 GMT+01:00 2023,Private Party,9171
9172,Ask red add.,Thu Jul 20 00:00:00 GMT+01:00 2023,Private Party,9172
9173,Sound democratic.,Tue Jan 04 00:00:00 GMT+01:00 2022,Wedding,9173
9174,Sort anything.,Fri Aug 11 00:00:00 GMT+01:00 2023,Private Party,9174
9175,Total off method.,Fri Aug 01 00:00:00 GMT+01:00 2025,Wedding,9175
9176,Issue not.,Tue May 09 00:00:00 GMT+01:00 2023,Wedding,9176
9177,Itself art similar.,Wed Jan 05 00:00:00 GMT+01:00 2022,Wedding,9177
9178,Example away.,Sat Mar 18 00:00:00 GMT+01:00 2023,Birthday,9178
9179,Rise now.,Tue Mar 07 00:00:00 GMT+01:00 2023,Wedding,9179
9180,Most keep firm.,Mon Sep 30 00:00:00 GMT+01:00 2024,Wedding,9180
9181,Explain these old.,Sun Aug 07 00:00:00 GMT+01:00 2022,Corporate Event,9181
9182,Successful government.,Wed May 18 00:00:00 GMT+01:00 2022,Private Party,9182
9183,Machine put.,Thu Aug 04 00:00:00 GMT+01:00 2022,Wedding,9183
9184,Someone evening.,Sat Oct 21 00:00:00 GMT+01:00 2023,Corporate Event,9184
9185,Son pull doctor.,Mon Jan 29 00:00:00 GMT+01:00 2024,Private Party,9185
9186,When continue.,Wed May 28 00:00:00 GMT+01:00 2025,Birthday,9186
9187,Power where close.,Sat Mar 08 00:00:00 GMT+01:00 2025,Corporate Event,9187
9188,Hot clearly.,Sun Aug 27 00:00:00 GMT+01:00 2023,Corporate Event,9188
9189,Light child nature never.,Thu Jun 20 00:00:00 GMT+01:00 2024,Birthday,9189
9190,Table street.,Thu Sep 01 00:00:00 GMT+01:00 2022,Private Party,9190
9191,Stay cost.,Wed Feb 14 00:00:00 GMT+01:00 2024,Wedding,9191
9192,Section major.,Thu Feb 10 00:00:00 GMT+01:00 2022,Private Party,9192
9193,House much.,Tue Feb 28 00:00:00 GMT+01:00 2023,Wedding,9193
9194,Court management not.,Thu Feb 15 00:00:00 GMT+01:00 2024,Corporate Event,9194
9195,Six know.,Sat Oct 07 00:00:00 GMT+01:00 2023,Wedding,9195
9196,Cold believe training do.,Wed Mar 16 00:00:00 GMT+01:00 2022,Corporate Event,9196
9197,Major.,Thu Oct 27 00:00:00 GMT+01:00 2022,Private Party,9197
9198,American kind.,Fri Mar 14 00:00:00 GMT+01:00 2025,Birthday,9198
9199,Defense cold parent resource.,Mon Oct 17 00:00:00 GMT+01:00 2022,Birthday,9199
9200,Late same heavy effort.,Wed Feb 23 00:00:00 GMT+01:00 2022,Corporate Event,9200
9201,Cell best.,Wed Nov 06 00:00:00 GMT+01:00 2024,Corporate Event,9201
9202,Authority important.,Sun Nov 16 00:00:00 GMT+01:00 2025,Private Party,9202
9203,Lot beat compare wonder.,Fri Apr 14 00:00:00 GMT+01:00 2023,Wedding,9203
9204,Record cultural.,Sat Jan 07 00:00:00 GMT+01:00 2023,Birthday,9204
9205,Me perhaps deal.,Mon Nov 10 00:00:00 GMT+01:00 2025,Corporate Event,9205
9206,Effort issue.,Wed Oct 01 00:00:00 GMT+01:00 2025,Private Party,9206
9207,Score well hair.,Mon Apr 08 00:00:00 GMT+01:00 2024,Private Party,9207
9208,Writer audience next.,Wed Jul 26 00:00:00 GMT+01:00 2023,Private Party,9208
9209,Generation upon.,Thu Mar 21 00:00:00 GMT+01:00 2024,Private Party,9209
9210,As modern produce.,Fri Sep 12 00:00:00 GMT+01:00 2025,Corporate Event,9210
9211,Word however story.,Sun Aug 25 00:00:00 GMT+01:00 2024,Private Party,9211
9212,Allow.,Sun Oct 05 00:00:00 GMT+01:00 2025,Wedding,9212
9213,Travel wrong.,Mon Jan 30 00:00:00 GMT+01:00 2023,Birthday,9213
9214,I too tonight relationship.,Mon Jul 24 00:00:00 GMT+01:00 2023,Wedding,9214
9215,Accept cell avoid.,Sun Jul 31 00:00:00 GMT+01:00 2022,Birthday,9215
9216,Amount bank public.,Tue Jul 30 00:00:00 GMT+01:00 2024,Private Party,9216
9217,West oil.,Tue Sep 23 00:00:00 GMT+01:00 2025,Birthday,9217
9218,Notice suggest.,Sat Aug 26 00:00:00 GMT+01:00 2023,Wedding,9218
9219,According outside.,Fri Aug 02 00:00:00 GMT+01:00 2024,Corporate Event,9219
9220,Main develop.,Tue May 27 00:00:00 GMT+01:00 2025,Corporate Event,9220
9221,Attorney interesting.,Fri Jul 21 00:00:00 GMT+01:00 2023,Corporate Event,9221
9222,Develop last structure.,Thu Sep 18 00:00:00 GMT+01:00 2025,Birthday,9222
9223,Ahead.,Sun Oct 09 00:00:00 GMT+01:00 2022,Birthday,9223
9224,Cultural attorney.,Sat Oct 26 00:00:00 GMT+01:00 2024,Birthday,9224
9225,Provide right.,Mon Apr 17 00:00:00 GMT+01:00 2023,Birthday,9225
9226,Reality professional impact huge.,Mon Aug 11 00:00:00 GMT+01:00 2025,Private Party,9226
9227,Ok truth cell.,Fri Sep 12 00:00:00 GMT+01:00 2025,Birthday,9227
9228,Spend lot message.,Sun Feb 23 00:00:00 GMT+01:00 2025,Private Party,9228
9229,Ball standard.,Sun Dec 21 00:00:00 GMT+01:00 2025,Corporate Event,9229
9230,Go statement.,Mon Jun 23 00:00:00 GMT+01:00 2025,Birthday,9230
9231,Fact focus reach.,Thu Nov 21 00:00:00 GMT+01:00 2024,Wedding,9231
9232,Explain address challenge lot.,Fri Jun 20 00:00:00 GMT+01:00 2025,Wedding,9232
9233,Carry wide.,Wed Dec 03 00:00:00 GMT+01:00 2025,Wedding,9233
9234,Loss job.,Sun Apr 13 00:00:00 GMT+01:00 2025,Corporate Event,9234
9235,Hospital stay stuff.,Wed Feb 28 00:00:00 GMT+01:00 2024,Birthday,9235
9236,Act.,Fri May 03 00:00:00 GMT+01:00 2024,Private Party,9236
9237,Only plan.,Tue Dec 09 00:00:00 GMT+01:00 2025,Corporate Event,9237
9238,Camera magazine add.,Thu Jan 18 00:00:00 GMT+01:00 2024,Wedding,9238
9239,Carry eat.,Mon Aug 14 00:00:00 GMT+01:00 2023,Corporate Event,9239
9240,Two industry.,Sun Jul 30 00:00:00 GMT+01:00 2023,Birthday,9240
9241,Professional quite.,Sun Mar 02 00:00:00 GMT+01:00 2025,Birthday,9241
9242,Water better.,Mon Jan 10 00:00:00 GMT+01:00 2022,Corporate Event,9242
9243,Available happy.,Fri Nov 21 00:00:00 GMT+01:00 2025,Birthday,9243
9244,Machine so.,Thu Jul 28 00:00:00 GMT+01:00 2022,Birthday,9244
9245,Economic wide.,Mon Feb 14 00:00:00 GMT+01:00 2022,Wedding,9245
9246,Always despite.,Thu Feb 27 00:00:00 GMT+01:00 2025,Wedding,9246
9247,Remember six.,Sat Jan 29 00:00:00 GMT+01:00 2022,Birthday,9247
9248,Position daughter role.,Sun Jun 01 00:00:00 GMT+01:00 2025,Wedding,9248
9249,Movie.,Thu Sep 08 00:00:00 GMT+01:00 2022,Wedding,9249
9250,If lead.,Sun Dec 29 00:00:00 GMT+01:00 2024,Private Party,9250
9251,Low those race only.,Fri May 16 00:00:00 GMT+01:00 2025,Private Party,9251
9252,At oil rate.,Mon Nov 25 00:00:00 GMT+01:00 2024,Private Party,9252
9253,Light floor.,Thu Apr 07 00:00:00 GMT+01:00 2022,Wedding,9253
9254,Why bit.,Fri Nov 01 00:00:00 GMT+01:00 2024,Private Party,9254
9255,Group.,Fri May 24 00:00:00 GMT+01:00 2024,Private Party,9255
9256,Only me quality.,Thu Jun 29 00:00:00 GMT+01:00 2023,Private Party,9256
9257,Teach against.,Sun Oct 09 00:00:00 GMT+01:00 2022,Birthday,9257
9258,Expect exist.,Wed May 21 00:00:00 GMT+01:00 2025,Wedding,9258
9259,Soon ten many see.,Sat May 24 00:00:00 GMT+01:00 2025,Corporate Event,9259
9260,Offer you.,Wed Feb 14 00:00:00 GMT+01:00 2024,Corporate Event,9260
9261,What.,Wed Oct 04 00:00:00 GMT+01:00 2023,Wedding,9261
9262,Mention.,Fri Aug 09 00:00:00 GMT+01:00 2024,Corporate Event,9262
9263,Career really.,Sat May 24 00:00:00 GMT+01:00 2025,Wedding,9263
9264,Avoid space.,Sat Jan 22 00:00:00 GMT+01:00 2022,Private Party,9264
9265,Whether.,Sat Feb 05 00:00:00 GMT+01:00 2022,Corporate Event,9265
9266,Nothing by wrong hospital.,Mon Jan 30 00:00:00 GMT+01:00 2023,Private Party,9266
9267,Deep whose.,Mon Feb 05 00:00:00 GMT+01:00 2024,Wedding,9267
9268,Customer wrong effort.,Sun Jan 09 00:00:00 GMT+01:00 2022,Corporate Event,9268
9269,Issue hour future.,Thu Aug 11 00:00:00 GMT+01:00 2022,Birthday,9269
9270,Central some course art.,Fri Oct 11 00:00:00 GMT+01:00 2024,Corporate Event,9270
9271,Difficult need foot.,Wed Oct 09 00:00:00 GMT+01:00 2024,Corporate Event,9271
9272,Pay expect rate.,Fri Dec 27 00:00:00 GMT+01:00 2024,Corporate Event,9272
9273,Quality travel across very.,Wed Jul 17 00:00:00 GMT+01:00 2024,Wedding,9273
9274,Before himself this.,Fri Jul 07 00:00:00 GMT+01:00 2023,Private Party,9274
9275,Scientist common purpose.,Sat Nov 25 00:00:00 GMT+01:00 2023,Private Party,9275
9276,Card.,Fri Jul 11 00:00:00 GMT+01:00 2025,Corporate Event,9276
9277,Event thought.,Fri Oct 03 00:00:00 GMT+01:00 2025,Birthday,9277
9278,Season exist.,Sat Mar 19 00:00:00 GMT+01:00 2022,Private Party,9278
9279,Continue full.,Thu Mar 10 00:00:00 GMT+01:00 2022,Corporate Event,9279
9280,Land itself water later.,Tue Sep 23 00:00:00 GMT+01:00 2025,Birthday,9280
9281,Behavior smile.,Sat Jan 13 00:00:00 GMT+01:00 2024,Private Party,9281
9282,Morning.,Thu Oct 20 00:00:00 GMT+01:00 2022,Corporate Event,9282
9283,Start argue state.,Thu May 01 00:00:00 GMT+01:00 2025,Corporate Event,9283
9284,Break board move.,Mon May 27 00:00:00 GMT+01:00 2024,Private Party,9284
9285,Accept risk.,Fri Dec 08 00:00:00 GMT+01:00 2023,Birthday,9285
9286,Truth education ground.,Fri Jun 14 00:00:00 GMT+01:00 2024,Corporate Event,9286
9287,Middle know worker.,Sat Apr 12 00:00:00 GMT+01:00 2025,Birthday,9287
9288,Team rest improve.,Fri Sep 23 00:00:00 GMT+01:00 2022,Corporate Event,9288
9289,Successful Congress white.,Sat Jul 13 00:00:00 GMT+01:00 2024,Corporate Event,9289
9290,Message fill health population.,Fri Aug 19 00:00:00 GMT+01:00 2022,Birthday,9290
9291,Ready.,Mon Sep 15 00:00:00 GMT+01:00 2025,Wedding,9291
9292,Trip else.,Wed Jan 11 00:00:00 GMT+01:00 2023,Corporate Event,9292
9293,His would.,Wed Feb 22 00:00:00 GMT+01:00 2023,Birthday,9293
9294,Low control.,Tue Aug 08 00:00:00 GMT+01:00 2023,Corporate Event,9294
9295,Should.,Thu Aug 31 00:00:00 GMT+01:00 2023,Private Party,9295
9296,Town goal.,Sun Oct 06 00:00:00 GMT+01:00 2024,Wedding,9296
9297,Eye loss animal.,Tue Jul 19 00:00:00 GMT+01:00 2022,Private Party,9297
9298,Sit.,Sat Oct 25 00:00:00 GMT+01:00 2025,Wedding,9298
9299,Cell military everybody.,Thu Nov 20 00:00:00 GMT+01:00 2025,Wedding,9299
9300,Including everybody.,Tue Mar 01 00:00:00 GMT+01:00 2022,Private Party,9300
9301,Resource she.,Sat Nov 22 00:00:00 GMT+01:00 2025,Corporate Event,9301
9302,Politics traditional.,Sat Mar 01 00:00:00 GMT+01:00 2025,Corporate Event,9302
9303,Cup reality your.,Tue Sep 13 00:00:00 GMT+01:00 2022,Birthday,9303
9304,Population page.,Sat Sep 03 00:00:00 GMT+01:00 2022,Birthday,9304
9305,Majority create.,Thu Sep 15 00:00:00 GMT+01:00 2022,Wedding,9305
9306,Health drive company.,Tue May 13 00:00:00 GMT+01:00 2025,Corporate Event,9306
9307,Big happen the.,Wed Aug 28 00:00:00 GMT+01:00 2024,Corporate Event,9307
9308,Also less author.,Thu Apr 25 00:00:00 GMT+01:00 2024,Corporate Event,9308
9309,Early event.,Sat Oct 04 00:00:00 GMT+01:00 2025,Corporate Event,9309
9310,Back.,Thu May 22 00:00:00 GMT+01:00 2025,Birthday,9310
9311,Measure spring size natural.,Sat Nov 09 00:00:00 GMT+01:00 2024,Private Party,9311
9312,Whatever nearly.,Tue Nov 01 00:00:00 GMT+01:00 2022,Birthday,9312
9313,During weight live.,Tue Aug 22 00:00:00 GMT+01:00 2023,Private Party,9313
9314,Teacher.,Thu Feb 23 00:00:00 GMT+01:00 2023,Wedding,9314
9315,Important up same.,Fri Jun 24 00:00:00 GMT+01:00 2022,Corporate Event,9315
9316,Skin leg.,Thu Jun 26 00:00:00 GMT+01:00 2025,Birthday,9316
9317,Sign during.,Tue Apr 09 00:00:00 GMT+01:00 2024,Wedding,9317
9318,Deep father relationship national.,Sun Jul 30 00:00:00 GMT+01:00 2023,Birthday,9318
9319,Look president.,Wed Nov 08 00:00:00 GMT+01:00 2023,Private Party,9319
9320,Music consumer.,Tue May 02 00:00:00 GMT+01:00 2023,Corporate Event,9320
9321,Star speak some.,Fri Jul 11 00:00:00 GMT+01:00 2025,Private Party,9321
9322,Way than part.,Mon Feb 10 00:00:00 GMT+01:00 2025,Wedding,9322
9323,Camera give commercial fund.,Fri Jun 10 00:00:00 GMT+01:00 2022,Corporate Event,9323
9324,Purpose threat.,Thu Apr 10 00:00:00 GMT+01:00 2025,Birthday,9324
9325,Song catch character.,Wed Jan 01 00:00:00 GMT+01:00 2025,Wedding,9325
9326,About although either.,Mon May 29 00:00:00 GMT+01:00 2023,Wedding,9326
9327,International allow.,Tue May 13 00:00:00 GMT+01:00 2025,Private Party,9327
9328,Admit should better.,Mon Feb 14 00:00:00 GMT+01:00 2022,Birthday,9328
9329,Husband hold.,Tue Oct 25 00:00:00 GMT+01:00 2022,Wedding,9329
9330,Magazine society important.,Tue Dec 19 00:00:00 GMT+01:00 2023,Birthday,9330
9331,Common rate present none.,Sun Sep 17 00:00:00 GMT+01:00 2023,Private Party,9331
9332,Politics scientist.,Wed Nov 30 00:00:00 GMT+01:00 2022,Wedding,9332
9333,Around stuff much.,Wed Nov 20 00:00:00 GMT+01:00 2024,Private Party,9333
9335,Gun yeah.,Wed Jan 26 00:00:00 GMT+01:00 2022,Wedding,9335
9336,Tax it.,Fri Dec 06 00:00:00 GMT+01:00 2024,Birthday,9336
9337,Plant half experience.,Mon Jul 24 00:00:00 GMT+01:00 2023,Private Party,9337
9338,Agree blood such.,Wed Aug 31 00:00:00 GMT+01:00 2022,Wedding,9338
9339,Prove around when.,Mon Jun 02 00:00:00 GMT+01:00 2025,Birthday,9339
9340,Establish couple.,Sun Apr 13 00:00:00 GMT+01:00 2025,Private Party,9340
9341,Stuff summer central.,Sat Mar 26 00:00:00 GMT+01:00 2022,Wedding,9341
9342,He accept.,Fri Feb 09 00:00:00 GMT+01:00 2024,Birthday,9342
9343,Past ago.,Fri May 31 00:00:00 GMT+01:00 2024,Wedding,9343
9344,Guess table.,Mon May 26 00:00:00 GMT+01:00 2025,Private Party,9344
9345,Office sign whose.,Mon Jan 16 00:00:00 GMT+01:00 2023,Corporate Event,9345
9346,Article set finish including.,Sat Oct 05 00:00:00 GMT+01:00 2024,Private Party,9346
9347,World doctor.,Wed May 01 00:00:00 GMT+01:00 2024,Corporate Event,9347
9348,Fish look.,Wed Feb 22 00:00:00 GMT+01:00 2023,Wedding,9348
9349,Mention audience wear.,Sun Aug 24 00:00:00 GMT+01:00 2025,Corporate Event,9349
9350,Whole firm.,Mon Jul 11 00:00:00 GMT+01:00 2022,Private Party,9350
9351,Million admit make.,Sun Sep 14 00:00:00 GMT+01:00 2025,Wedding,9351
9352,Employee might.,Thu Oct 10 00:00:00 GMT+01:00 2024,Private Party,9352
9353,Place technology.,Wed Jul 24 00:00:00 GMT+01:00 2024,Corporate Event,9353
9354,Cup.,Sun Dec 14 00:00:00 GMT+01:00 2025,Birthday,9354
9355,Week cold need.,Tue Sep 12 00:00:00 GMT+01:00 2023,Corporate Event,9355
9356,Might.,Wed Nov 01 00:00:00 GMT+01:00 2023,Corporate Event,9356
9357,View bar.,Tue Sep 03 00:00:00 GMT+01:00 2024,Wedding,9357
9358,Article citizen middle take.,Fri Jun 14 00:00:00 GMT+01:00 2024,Private Party,9358
9359,Sell number.,Tue Jan 28 00:00:00 GMT+01:00 2025,Corporate Event,9359
9360,Land smile.,Tue Jan 23 00:00:00 GMT+01:00 2024,Birthday,9360
9361,That.,Fri Jul 21 00:00:00 GMT+01:00 2023,Birthday,9361
9362,Cost wife.,Sun Aug 14 00:00:00 GMT+01:00 2022,Wedding,9362
9363,Defense fact.,Thu Jan 25 00:00:00 GMT+01:00 2024,Private Party,9363
9364,At really.,Sat Jan 14 00:00:00 GMT+01:00 2023,Birthday,9364
9365,Close.,Tue Sep 19 00:00:00 GMT+01:00 2023,Birthday,9365
9366,Operation space.,Mon May 19 00:00:00 GMT+01:00 2025,Private Party,9366
9367,Per leave each.,Wed Apr 24 00:00:00 GMT+01:00 2024,Corporate Event,9367
9368,Majority ago.,Sat Jan 15 00:00:00 GMT+01:00 2022,Private Party,9368
9369,Ability use record court.,Tue Jan 31 00:00:00 GMT+01:00 2023,Private Party,9369
9370,Blood artist.,Wed Mar 20 00:00:00 GMT+01:00 2024,Corporate Event,9370
9371,Big power.,Fri May 02 00:00:00 GMT+01:00 2025,Wedding,9371
9372,Ok north.,Sat Sep 24 00:00:00 GMT+01:00 2022,Private Party,9372
9373,Series population ready.,Wed Dec 28 00:00:00 GMT+01:00 2022,Private Party,9373
9374,How scientist.,Sat Nov 05 00:00:00 GMT+01:00 2022,Private Party,9374
9375,Available final.,Wed Aug 28 00:00:00 GMT+01:00 2024,Birthday,9375
9376,Surface condition.,Wed Oct 02 00:00:00 GMT+01:00 2024,Wedding,9376
9377,Imagine wall.,Thu May 26 00:00:00 GMT+01:00 2022,Wedding,9377
9378,But new.,Mon Apr 14 00:00:00 GMT+01:00 2025,Private Party,9378
9379,Little ground.,Thu Feb 08 00:00:00 GMT+01:00 2024,Private Party,9379
9380,Attention.,Sat Mar 30 00:00:00 GMT+01:00 2024,Birthday,9380
9381,Administration.,Mon Nov 07 00:00:00 GMT+01:00 2022,Wedding,9381
9382,Office explain tree this.,Mon Jul 10 00:00:00 GMT+01:00 2023,Private Party,9382
9383,Give yeah thank risk.,Fri Jun 09 00:00:00 GMT+01:00 2023,Birthday,9383
9384,Sport reason.,Fri Jul 05 00:00:00 GMT+01:00 2024,Corporate Event,9384
9385,Mind whole industry.,Wed Oct 30 00:00:00 GMT+01:00 2024,Corporate Event,9385
9386,Foot lay majority.,Thu Jan 27 00:00:00 GMT+01:00 2022,Wedding,9386
9387,Ground.,Mon Sep 25 00:00:00 GMT+01:00 2023,Wedding,9387
9388,View eye.,Thu Aug 22 00:00:00 GMT+01:00 2024,Birthday,9388
9389,Kind any born.,Sun May 19 00:00:00 GMT+01:00 2024,Private Party,9389
9390,Successful fight our.,Sun Aug 06 00:00:00 GMT+01:00 2023,Corporate Event,9390
9391,Seem production make.,Thu Dec 28 00:00:00 GMT+01:00 2023,Private Party,9391
9392,Resource face.,Mon Nov 03 00:00:00 GMT+01:00 2025,Private Party,9392
9393,Team factor student doctor.,Fri Dec 30 00:00:00 GMT+01:00 2022,Birthday,9393
9394,Positive.,Fri Apr 11 00:00:00 GMT+01:00 2025,Birthday,9394
9395,Sound reveal simply.,Sat Apr 08 00:00:00 GMT+01:00 2023,Birthday,9395
9396,Tax.,Sun Dec 03 00:00:00 GMT+01:00 2023,Corporate Event,9396
9397,Maybe American all project.,Fri Jun 13 00:00:00 GMT+01:00 2025,Wedding,9397
9398,Direction sit operation.,Tue Jun 28 00:00:00 GMT+01:00 2022,Corporate Event,9398
9399,Drug institution.,Sat Aug 20 00:00:00 GMT+01:00 2022,Wedding,9399
9400,Environmental expect pay.,Mon Nov 04 00:00:00 GMT+01:00 2024,Birthday,9400
9401,Including role stay.,Sat Aug 13 00:00:00 GMT+01:00 2022,Birthday,9401
9402,Girl ask.,Fri Sep 15 00:00:00 GMT+01:00 2023,Birthday,9402
9403,Wide billion.,Mon Jan 22 00:00:00 GMT+01:00 2024,Private Party,9403
9404,Land.,Thu Apr 10 00:00:00 GMT+01:00 2025,Birthday,9404
9405,Old natural.,Fri Jan 06 00:00:00 GMT+01:00 2023,Corporate Event,9405
9406,About financial before.,Sun Jul 06 00:00:00 GMT+01:00 2025,Birthday,9406
9407,Special.,Mon May 01 00:00:00 GMT+01:00 2023,Corporate Event,9407
9408,Whose candidate thousand.,Sun May 29 00:00:00 GMT+01:00 2022,Birthday,9408
9409,Boy good.,Fri Aug 08 00:00:00 GMT+01:00 2025,Corporate Event,9409
9410,Bank focus much her.,Fri Jan 31 00:00:00 GMT+01:00 2025,Corporate Event,9410
9411,State game network.,Mon Sep 26 00:00:00 GMT+01:00 2022,Private Party,9411
9412,Suddenly like.,Sun Jul 06 00:00:00 GMT+01:00 2025,Birthday,9412
9413,Relate stop.,Sat Mar 26 00:00:00 GMT+01:00 2022,Private Party,9413
9414,Even after.,Wed Feb 21 00:00:00 GMT+01:00 2024,Corporate Event,9414
9415,Whose he loss.,Wed Mar 26 00:00:00 GMT+01:00 2025,Birthday,9415
9416,Dog person respond.,Tue Sep 26 00:00:00 GMT+01:00 2023,Birthday,9416
9417,Foreign.,Sat Jul 02 00:00:00 GMT+01:00 2022,Wedding,9417
9418,At behind purpose.,Sun Feb 23 00:00:00 GMT+01:00 2025,Private Party,9418
9419,Trade rather building.,Sun Apr 14 00:00:00 GMT+01:00 2024,Private Party,9419
9420,Then your material.,Thu Mar 09 00:00:00 GMT+01:00 2023,Wedding,9420
9421,Health become.,Tue Feb 25 00:00:00 GMT+01:00 2025,Corporate Event,9421
9422,Size get.,Mon Nov 28 00:00:00 GMT+01:00 2022,Private Party,9422
9423,Easy situation also.,Thu May 15 00:00:00 GMT+01:00 2025,Private Party,9423
9424,Father certainly.,Sun Jul 03 00:00:00 GMT+01:00 2022,Wedding,9424
9425,Event particularly all.,Thu May 19 00:00:00 GMT+01:00 2022,Birthday,9425
9426,Their.,Mon Nov 13 00:00:00 GMT+01:00 2023,Wedding,9426
9427,Detail.,Tue Mar 28 00:00:00 GMT+01:00 2023,Birthday,9427
9428,Great.,Thu May 19 00:00:00 GMT+01:00 2022,Private Party,9428
9429,Skill sort either.,Sun Sep 24 00:00:00 GMT+01:00 2023,Private Party,9429
9430,Evening.,Sat Feb 04 00:00:00 GMT+01:00 2023,Private Party,9430
9431,Treat star though.,Tue May 07 00:00:00 GMT+01:00 2024,Wedding,9431
9432,Hope leave president movie.,Sun Aug 27 00:00:00 GMT+01:00 2023,Wedding,9432
9433,Fire toward.,Sat Sep 07 00:00:00 GMT+01:00 2024,Corporate Event,9433
9434,Determine operation do.,Tue Oct 08 00:00:00 GMT+01:00 2024,Birthday,9434
9435,Hundred wide.,Fri Jul 26 00:00:00 GMT+01:00 2024,Wedding,9435
9436,Develop piece know.,Mon Jun 16 00:00:00 GMT+01:00 2025,Corporate Event,9436
9437,Idea important style.,Mon Jan 01 00:00:00 GMT+01:00 2024,Private Party,9437
9438,Dinner prevent.,Tue Feb 07 00:00:00 GMT+01:00 2023,Private Party,9438
9439,Couple western.,Fri Jun 28 00:00:00 GMT+01:00 2024,Corporate Event,9439
9440,Box student public.,Sat Jul 13 00:00:00 GMT+01:00 2024,Wedding,9440
9441,Of make lawyer.,Sun Mar 17 00:00:00 GMT+01:00 2024,Corporate Event,9441
9442,Happen beat pay.,Wed Oct 22 00:00:00 GMT+01:00 2025,Birthday,9442
9443,Firm claim.,Sun Nov 26 00:00:00 GMT+01:00 2023,Wedding,9443
9444,Growth guy.,Mon Oct 03 00:00:00 GMT+01:00 2022,Birthday,9444
9445,How deep social.,Sat Oct 08 00:00:00 GMT+01:00 2022,Birthday,9445
9446,Cause experience.,Thu Aug 24 00:00:00 GMT+01:00 2023,Birthday,9446
9447,Continue plan important as.,Tue Oct 25 00:00:00 GMT+01:00 2022,Birthday,9447
9448,Whose throughout debate lay.,Wed Mar 15 00:00:00 GMT+01:00 2023,Wedding,9448
9449,Pressure happy serve.,Sat Oct 29 00:00:00 GMT+01:00 2022,Corporate Event,9449
9450,Expert line.,Sun Nov 26 00:00:00 GMT+01:00 2023,Private Party,9450
9451,Doctor contain.,Sat Jul 06 00:00:00 GMT+01:00 2024,Corporate Event,9451
9452,Outside meeting put.,Wed Jan 03 00:00:00 GMT+01:00 2024,Birthday,9452
9453,Answer different left.,Thu Aug 21 00:00:00 GMT+01:00 2025,Corporate Event,9453
9454,Relate near late class.,Mon Dec 08 00:00:00 GMT+01:00 2025,Birthday,9454
9455,Thing same I.,Sat Oct 15 00:00:00 GMT+01:00 2022,Corporate Event,9455
9456,Risk ability.,Tue Jan 10 00:00:00 GMT+01:00 2023,Birthday,9456
9457,Huge idea.,Wed Jun 22 00:00:00 GMT+01:00 2022,Wedding,9457
9458,Maybe wait.,Fri Aug 11 00:00:00 GMT+01:00 2023,Private Party,9458
9459,Leg hope cold spring.,Fri Jul 26 00:00:00 GMT+01:00 2024,Birthday,9459
9460,Blue enter design.,Sat Feb 08 00:00:00 GMT+01:00 2025,Private Party,9460
9461,Professional step good.,Sat Dec 10 00:00:00 GMT+01:00 2022,Birthday,9461
9462,Tend life responsibility.,Tue Apr 19 00:00:00 GMT+01:00 2022,Birthday,9462
9463,Business positive effect.,Tue Jun 17 00:00:00 GMT+01:00 2025,Corporate Event,9463
9464,The who whom.,Fri Apr 07 00:00:00 GMT+01:00 2023,Private Party,9464
9465,Career member edge.,Sat Apr 01 00:00:00 GMT+01:00 2023,Corporate Event,9465
9466,Two could.,Thu May 02 00:00:00 GMT+01:00 2024,Birthday,9466
9467,Congress customer.,Fri Feb 25 00:00:00 GMT+01:00 2022,Corporate Event,9467
9468,Behind body compare.,Sat May 24 00:00:00 GMT+01:00 2025,Private Party,9468
9469,Network work.,Fri Oct 07 00:00:00 GMT+01:00 2022,Wedding,9469
9470,Note best.,Sun Dec 15 00:00:00 GMT+01:00 2024,Corporate Event,9470
9471,Left various.,Mon Aug 01 00:00:00 GMT+01:00 2022,Birthday,9471
9472,Dream street social.,Wed Sep 28 00:00:00 GMT+01:00 2022,Wedding,9472
9473,Yard which reveal.,Mon May 06 00:00:00 GMT+01:00 2024,Corporate Event,9473
9474,Job available city rule.,Thu Apr 13 00:00:00 GMT+01:00 2023,Wedding,9474
9475,Cause meeting.,Sun Dec 14 00:00:00 GMT+01:00 2025,Private Party,9475
9476,Father.,Wed Mar 15 00:00:00 GMT+01:00 2023,Wedding,9476
9477,Full memory.,Thu Nov 28 00:00:00 GMT+01:00 2024,Private Party,9477
9478,Prevent threat quite.,Tue Aug 20 00:00:00 GMT+01:00 2024,Wedding,9478
9479,Finish remember.,Sat Oct 25 00:00:00 GMT+01:00 2025,Birthday,9479
9480,Performance.,Tue Jul 16 00:00:00 GMT+01:00 2024,Birthday,9480
9481,Exactly black painting.,Fri Mar 01 00:00:00 GMT+01:00 2024,Private Party,9481
9482,Concern three door.,Sun Sep 14 00:00:00 GMT+01:00 2025,Private Party,9482
9483,Responsibility first other.,Sat Nov 05 00:00:00 GMT+01:00 2022,Wedding,9483
9484,Build arrive.,Mon May 27 00:00:00 GMT+01:00 2024,Corporate Event,9484
9485,Before see real.,Fri Jan 06 00:00:00 GMT+01:00 2023,Birthday,9485
9486,Do citizen sit.,Wed Jun 04 00:00:00 GMT+01:00 2025,Private Party,9486
9487,Cover himself above.,Mon Dec 02 00:00:00 GMT+01:00 2024,Birthday,9487
9488,I news.,Thu Aug 07 00:00:00 GMT+01:00 2025,Private Party,9488
9489,Describe majority sign.,Thu Aug 22 00:00:00 GMT+01:00 2024,Birthday,9489
9490,Anyone practice.,Thu Sep 28 00:00:00 GMT+01:00 2023,Private Party,9490
9491,Prepare debate girl successful.,Sat Jul 30 00:00:00 GMT+01:00 2022,Birthday,9491
9492,Exactly red today.,Thu Mar 27 00:00:00 GMT+01:00 2025,Wedding,9492
9493,Could by.,Thu Oct 24 00:00:00 GMT+01:00 2024,Private Party,9493
9494,Matter quickly buy line.,Wed May 03 00:00:00 GMT+01:00 2023,Private Party,9494
9495,Sometimes could.,Sun Dec 25 00:00:00 GMT+01:00 2022,Private Party,9495
9496,Large activity.,Mon Feb 13 00:00:00 GMT+01:00 2023,Birthday,9496
9497,Near everything week least.,Sun Mar 24 00:00:00 GMT+01:00 2024,Corporate Event,9497
9498,State treat else.,Thu May 05 00:00:00 GMT+01:00 2022,Wedding,9498
9499,Cause a unit.,Sun Jul 24 00:00:00 GMT+01:00 2022,Birthday,9499
9500,Including reach.,Sat Apr 06 00:00:00 GMT+01:00 2024,Birthday,9500
9501,Development north.,Wed Apr 12 00:00:00 GMT+01:00 2023,Corporate Event,9501
9502,Home individual measure.,Fri Nov 11 00:00:00 GMT+01:00 2022,Corporate Event,9502
9503,Any sort maintain.,Tue May 27 00:00:00 GMT+01:00 2025,Wedding,9503
9505,Put pick.,Tue Dec 24 00:00:00 GMT+01:00 2024,Wedding,9505
9506,Including start.,Wed Feb 28 00:00:00 GMT+01:00 2024,Birthday,9506
9507,Wide kitchen shake.,Mon Jan 03 00:00:00 GMT+01:00 2022,Corporate Event,9507
9508,Protect expect science.,Fri Dec 05 00:00:00 GMT+01:00 2025,Birthday,9508
9509,Begin necessary.,Wed Sep 27 00:00:00 GMT+01:00 2023,Corporate Event,9509
9510,Establish them.,Thu Dec 01 00:00:00 GMT+01:00 2022,Birthday,9510
9511,May throughout us.,Mon Feb 26 00:00:00 GMT+01:00 2024,Corporate Event,9511
9512,Television very say.,Sat Sep 27 00:00:00 GMT+01:00 2025,Corporate Event,9512
9513,Eye high assume.,Sat Jan 15 00:00:00 GMT+01:00 2022,Birthday,9513
9514,Child standard.,Thu May 18 00:00:00 GMT+01:00 2023,Corporate Event,9514
9515,Part parent woman.,Sat Aug 17 00:00:00 GMT+01:00 2024,Corporate Event,9515
9516,Difficult lead.,Sun Nov 13 00:00:00 GMT+01:00 2022,Birthday,9516
9517,Personal cost.,Fri Feb 16 00:00:00 GMT+01:00 2024,Birthday,9517
9518,Control high together.,Tue Aug 30 00:00:00 GMT+01:00 2022,Birthday,9518
9519,Pass avoid continue.,Sun Jul 09 00:00:00 GMT+01:00 2023,Private Party,9519
9520,Leg agreement leader.,Tue Feb 22 00:00:00 GMT+01:00 2022,Corporate Event,9520
9521,Baby mission technology data.,Tue Sep 27 00:00:00 GMT+01:00 2022,Wedding,9521
9522,Food ground.,Tue Jun 10 00:00:00 GMT+01:00 2025,Private Party,9522
9523,Event above democratic.,Thu May 29 00:00:00 GMT+01:00 2025,Private Party,9523
9524,Anyone region.,Tue Oct 25 00:00:00 GMT+01:00 2022,Private Party,9524
9525,Itself market.,Mon Oct 09 00:00:00 GMT+01:00 2023,Private Party,9525
9526,Pretty fish common.,Wed Sep 20 00:00:00 GMT+01:00 2023,Birthday,9526
9527,Take necessary.,Wed Feb 19 00:00:00 GMT+01:00 2025,Corporate Event,9527
9528,Summer task.,Sat Jun 29 00:00:00 GMT+01:00 2024,Private Party,9528
9529,Skin today who.,Thu Jul 18 00:00:00 GMT+01:00 2024,Birthday,9529
9530,Public either meet.,Thu Aug 15 00:00:00 GMT+01:00 2024,Wedding,9530
9531,Use sometimes professor.,Thu Mar 13 00:00:00 GMT+01:00 2025,Corporate Event,9531
9532,Teach Mrs sister.,Wed Aug 09 00:00:00 GMT+01:00 2023,Birthday,9532
9533,Better appear.,Sun Jun 09 00:00:00 GMT+01:00 2024,Private Party,9533
9534,Minute data hour.,Sat Apr 20 00:00:00 GMT+01:00 2024,Wedding,9534
9535,Mouth after maintain knowledge.,Thu Sep 21 00:00:00 GMT+01:00 2023,Corporate Event,9535
9536,Character opportunity nature.,Tue May 31 00:00:00 GMT+01:00 2022,Private Party,9536
9537,Real night boy.,Wed Jan 24 00:00:00 GMT+01:00 2024,Birthday,9537
9538,Official from.,Mon Apr 28 00:00:00 GMT+01:00 2025,Private Party,9538
9539,Skill successful night.,Mon Dec 15 00:00:00 GMT+01:00 2025,Private Party,9539
9540,Go foreign make.,Fri Jan 07 00:00:00 GMT+01:00 2022,Corporate Event,9540
9541,Have really.,Tue Mar 28 00:00:00 GMT+01:00 2023,Corporate Event,9541
9542,Who help.,Tue Sep 19 00:00:00 GMT+01:00 2023,Private Party,9542
9543,Culture.,Thu Oct 31 00:00:00 GMT+01:00 2024,Private Party,9543
9544,World nice.,Sun Nov 17 00:00:00 GMT+01:00 2024,Corporate Event,9544
9545,Training third need.,Sat Sep 21 00:00:00 GMT+01:00 2024,Corporate Event,9545
9546,Feel pay bar.,Fri Dec 05 00:00:00 GMT+01:00 2025,Corporate Event,9546
9547,Act go.,Sat May 27 00:00:00 GMT+01:00 2023,Corporate Event,9547
9548,Station seat story.,Mon Apr 08 00:00:00 GMT+01:00 2024,Private Party,9548
9549,Rest.,Tue Apr 19 00:00:00 GMT+01:00 2022,Birthday,9549
9550,She large well.,Tue Aug 02 00:00:00 GMT+01:00 2022,Birthday,9550
9551,Tv with.,Wed Dec 07 00:00:00 GMT+01:00 2022,Wedding,9551
9552,Last main.,Tue Apr 12 00:00:00 GMT+01:00 2022,Wedding,9552
9553,Since who blood.,Wed Jun 05 00:00:00 GMT+01:00 2024,Corporate Event,9553
9554,Bill there often while.,Thu Feb 24 00:00:00 GMT+01:00 2022,Birthday,9554
9555,Eye dream page.,Thu Sep 14 00:00:00 GMT+01:00 2023,Corporate Event,9555
9556,Put glass.,Sat Dec 23 00:00:00 GMT+01:00 2023,Private Party,9556
9557,Reflect leader write.,Sat May 07 00:00:00 GMT+01:00 2022,Birthday,9557
9558,Reality sister score.,Sun Mar 09 00:00:00 GMT+01:00 2025,Corporate Event,9558
9559,Hold past shoulder.,Wed Nov 08 00:00:00 GMT+01:00 2023,Corporate Event,9559
9560,Politics case only.,Mon Oct 24 00:00:00 GMT+01:00 2022,Wedding,9560
9561,Color she.,Sat Aug 03 00:00:00 GMT+01:00 2024,Wedding,9561
9562,Material fine care.,Mon Mar 28 00:00:00 GMT+01:00 2022,Corporate Event,9562
9563,Never take money.,Tue Sep 05 00:00:00 GMT+01:00 2023,Wedding,9563
9564,Parent building.,Sun Dec 01 00:00:00 GMT+01:00 2024,Birthday,9564
9565,Economic safe phone.,Mon Dec 08 00:00:00 GMT+01:00 2025,Birthday,9565
9566,Concern since certainly.,Wed Jan 18 00:00:00 GMT+01:00 2023,Birthday,9566
9567,Reach dark.,Mon Aug 11 00:00:00 GMT+01:00 2025,Wedding,9567
9568,Add necessary.,Fri Mar 18 00:00:00 GMT+01:00 2022,Private Party,9568
9569,Whole natural face.,Tue Aug 09 00:00:00 GMT+01:00 2022,Corporate Event,9569
9570,High represent none.,Sat Mar 01 00:00:00 GMT+01:00 2025,Birthday,9570
9571,Develop year raise physical.,Fri Aug 16 00:00:00 GMT+01:00 2024,Wedding,9571
9572,Argue account.,Mon Dec 15 00:00:00 GMT+01:00 2025,Birthday,9572
9573,Build born.,Sat May 07 00:00:00 GMT+01:00 2022,Private Party,9573
9574,Significant reality suggest.,Tue Sep 26 00:00:00 GMT+01:00 2023,Wedding,9574
9575,Later husband international.,Wed Oct 09 00:00:00 GMT+01:00 2024,Wedding,9575
9576,Result special often task.,Mon Jun 23 00:00:00 GMT+01:00 2025,Private Party,9576
9577,Candidate.,Thu Jul 31 00:00:00 GMT+01:00 2025,Birthday,9577
9578,Several wide.,Sat Jul 19 00:00:00 GMT+01:00 2025,Private Party,9578
9579,Country general school season.,Thu Mar 28 00:00:00 GMT+01:00 2024,Corporate Event,9579
9580,Pay the.,Thu Aug 04 00:00:00 GMT+01:00 2022,Birthday,9580
9581,True often.,Thu Apr 13 00:00:00 GMT+01:00 2023,Private Party,9581
9582,Likely growth just or.,Thu Sep 08 00:00:00 GMT+01:00 2022,Private Party,9582
9583,Large food surface.,Sat Jun 11 00:00:00 GMT+01:00 2022,Private Party,9583
9584,Any.,Mon Mar 18 00:00:00 GMT+01:00 2024,Private Party,9584
9585,Site.,Wed Dec 07 00:00:00 GMT+01:00 2022,Corporate Event,9585
9586,Candidate several address.,Thu Oct 09 00:00:00 GMT+01:00 2025,Birthday,9586
9587,Fight company you.,Thu Oct 02 00:00:00 GMT+01:00 2025,Corporate Event,9587
9588,Phone agree suggest quality.,Thu Nov 16 00:00:00 GMT+01:00 2023,Wedding,9588
9589,Maintain could when.,Sun Aug 10 00:00:00 GMT+01:00 2025,Wedding,9589
9590,About man.,Fri Oct 31 00:00:00 GMT+01:00 2025,Birthday,9590
9591,Public no.,Wed Aug 23 00:00:00 GMT+01:00 2023,Corporate Event,9591
9592,Matter Republican picture happy.,Tue Sep 05 00:00:00 GMT+01:00 2023,Wedding,9592
9593,Just structure keep.,Sun Mar 31 00:00:00 GMT+01:00 2024,Birthday,9593
9594,Space finish design.,Fri May 02 00:00:00 GMT+01:00 2025,Corporate Event,9594
9595,Heart central.,Thu Jul 20 00:00:00 GMT+01:00 2023,Birthday,9595
9596,Clearly now specific.,Wed Feb 19 00:00:00 GMT+01:00 2025,Corporate Event,9596
9597,Watch how one beautiful.,Thu Aug 10 00:00:00 GMT+01:00 2023,Wedding,9597
9598,What benefit training.,Tue Sep 23 00:00:00 GMT+01:00 2025,Birthday,9598
9599,Almost we.,Wed Sep 11 00:00:00 GMT+01:00 2024,Birthday,9599
9600,Offer never.,Mon Dec 05 00:00:00 GMT+01:00 2022,Birthday,9600
9601,Seat.,Wed Aug 13 00:00:00 GMT+01:00 2025,Wedding,9601
9602,Remain sign day.,Mon Mar 07 00:00:00 GMT+01:00 2022,Corporate Event,9602
9603,Enough woman family.,Mon Jan 10 00:00:00 GMT+01:00 2022,Corporate Event,9603
9604,Woman thousand work rise.,Fri Jul 15 00:00:00 GMT+01:00 2022,Wedding,9604
9605,Page wonder before.,Wed Aug 10 00:00:00 GMT+01:00 2022,Wedding,9605
9606,Present step.,Thu Oct 27 00:00:00 GMT+01:00 2022,Birthday,9606
9607,Soldier feel new.,Tue Mar 12 00:00:00 GMT+01:00 2024,Wedding,9607
9608,Green someone.,Thu Oct 16 00:00:00 GMT+01:00 2025,Wedding,9608
9609,Against tonight.,Sat Mar 19 00:00:00 GMT+01:00 2022,Birthday,9609
9610,All exactly join.,Sun Nov 05 00:00:00 GMT+01:00 2023,Birthday,9610
9611,A.,Wed Feb 26 00:00:00 GMT+01:00 2025,Corporate Event,9611
9612,Make dark.,Thu Sep 19 00:00:00 GMT+01:00 2024,Private Party,9612
9613,Someone cover.,Fri Jun 27 00:00:00 GMT+01:00 2025,Corporate Event,9613
9614,Popular participant.,Fri Feb 02 00:00:00 GMT+01:00 2024,Birthday,9614
9615,Interest.,Fri Apr 12 00:00:00 GMT+01:00 2024,Corporate Event,9615
9616,Foot focus feel.,Sat Jan 29 00:00:00 GMT+01:00 2022,Wedding,9616
9617,Plan.,Thu Jul 10 00:00:00 GMT+01:00 2025,Corporate Event,9617
9618,Now particularly best.,Sun Jul 23 00:00:00 GMT+01:00 2023,Corporate Event,9618
9619,Decide main here.,Mon Jul 18 00:00:00 GMT+01:00 2022,Birthday,9619
9620,Special face.,Wed Feb 23 00:00:00 GMT+01:00 2022,Birthday,9620
9621,Conference little.,Sat Jan 07 00:00:00 GMT+01:00 2023,Wedding,9621
9622,Large child thousand.,Sat Nov 01 00:00:00 GMT+01:00 2025,Wedding,9622
9623,Finish husband series.,Wed Nov 19 00:00:00 GMT+01:00 2025,Private Party,9623
9624,Inside stand two.,Tue Feb 06 00:00:00 GMT+01:00 2024,Wedding,9624
9625,Age draw.,Fri Oct 07 00:00:00 GMT+01:00 2022,Wedding,9625
9626,Other ten.,Wed Sep 11 00:00:00 GMT+01:00 2024,Birthday,9626
9627,Vote successful.,Fri Feb 07 00:00:00 GMT+01:00 2025,Corporate Event,9627
9628,Film prevent.,Wed Aug 30 00:00:00 GMT+01:00 2023,Wedding,9628
9629,Do parent.,Sun Jul 07 00:00:00 GMT+01:00 2024,Wedding,9629
9630,Perhaps report.,Fri Feb 21 00:00:00 GMT+01:00 2025,Wedding,9630
9631,Account activity.,Thu Apr 18 00:00:00 GMT+01:00 2024,Birthday,9631
9632,Sister style.,Tue Jul 09 00:00:00 GMT+01:00 2024,Corporate Event,9632
9633,Street like management society.,Wed Mar 12 00:00:00 GMT+01:00 2025,Birthday,9633
9634,Answer concern ever.,Mon Jun 05 00:00:00 GMT+01:00 2023,Private Party,9634
9635,Low finally.,Fri Nov 10 00:00:00 GMT+01:00 2023,Private Party,9635
9636,Nation each rock.,Sun Dec 15 00:00:00 GMT+01:00 2024,Birthday,9636
9637,Allow free shake.,Thu Nov 16 00:00:00 GMT+01:00 2023,Private Party,9637
9638,Couple international born.,Wed Mar 06 00:00:00 GMT+01:00 2024,Birthday,9638
9639,Study cold.,Thu Mar 09 00:00:00 GMT+01:00 2023,Private Party,9639
9640,How.,Tue Sep 10 00:00:00 GMT+01:00 2024,Wedding,9640
9641,Food real.,Tue Jan 28 00:00:00 GMT+01:00 2025,Birthday,9641
9642,Finally.,Tue Aug 02 00:00:00 GMT+01:00 2022,Wedding,9642
9643,Another specific thought.,Thu Jun 05 00:00:00 GMT+01:00 2025,Wedding,9643
9644,Staff common suddenly.,Mon Jul 14 00:00:00 GMT+01:00 2025,Corporate Event,9644
9645,Coach well theory along.,Sun Jul 07 00:00:00 GMT+01:00 2024,Corporate Event,9645
9646,Have leg.,Fri Mar 08 00:00:00 GMT+01:00 2024,Private Party,9646
9647,Certain simply.,Mon Aug 07 00:00:00 GMT+01:00 2023,Wedding,9647
9648,Hard our.,Tue Jun 03 00:00:00 GMT+01:00 2025,Private Party,9648
9649,Religious there industry.,Mon Dec 12 00:00:00 GMT+01:00 2022,Wedding,9649
9650,Catch identify economy.,Thu Jul 25 00:00:00 GMT+01:00 2024,Birthday,9650
9651,Provide today seek.,Fri Feb 17 00:00:00 GMT+01:00 2023,Corporate Event,9651
9652,Help else.,Wed May 29 00:00:00 GMT+01:00 2024,Private Party,9652
9653,Second role red agency.,Mon Jul 11 00:00:00 GMT+01:00 2022,Corporate Event,9653
9654,Show dream training.,Thu Feb 23 00:00:00 GMT+01:00 2023,Wedding,9654
9655,Attorney safe.,Sat Mar 02 00:00:00 GMT+01:00 2024,Wedding,9655
9656,Alone couple a.,Sat Mar 19 00:00:00 GMT+01:00 2022,Corporate Event,9656
9657,Skill important occur.,Thu Aug 07 00:00:00 GMT+01:00 2025,Birthday,9657
9658,Social glass.,Thu Apr 21 00:00:00 GMT+01:00 2022,Corporate Event,9658
9659,Model.,Wed May 24 00:00:00 GMT+01:00 2023,Birthday,9659
9660,Apply thus network side.,Fri Jan 10 00:00:00 GMT+01:00 2025,Corporate Event,9660
9661,Job authority enough sister.,Tue Apr 08 00:00:00 GMT+01:00 2025,Private Party,9661
9662,Nothing until.,Mon Aug 21 00:00:00 GMT+01:00 2023,Birthday,9662
9663,Outside public action.,Mon Jun 13 00:00:00 GMT+01:00 2022,Wedding,9663
9664,Then call others edge.,Fri Oct 04 00:00:00 GMT+01:00 2024,Corporate Event,9664
9665,Action not.,Wed Oct 18 00:00:00 GMT+01:00 2023,Wedding,9665
9666,Morning produce better.,Mon Apr 15 00:00:00 GMT+01:00 2024,Private Party,9666
9667,Explain region.,Tue Aug 23 00:00:00 GMT+01:00 2022,Private Party,9667
9668,President traditional data affect.,Wed Nov 27 00:00:00 GMT+01:00 2024,Wedding,9668
9669,System now town.,Wed Jan 25 00:00:00 GMT+01:00 2023,Private Party,9669
9670,Resource cup interesting.,Fri Mar 15 00:00:00 GMT+01:00 2024,Birthday,9670
9671,Hour little send.,Wed Jun 05 00:00:00 GMT+01:00 2024,Corporate Event,9671
9672,Order rest staff.,Sun Feb 23 00:00:00 GMT+01:00 2025,Wedding,9672
9673,Rich learn identify.,Fri Mar 01 00:00:00 GMT+01:00 2024,Wedding,9673
9674,Range nation.,Sat Jan 06 00:00:00 GMT+01:00 2024,Private Party,9674
9675,Scientist for.,Tue Feb 04 00:00:00 GMT+01:00 2025,Wedding,9675
9676,Necessary economy.,Mon Mar 28 00:00:00 GMT+01:00 2022,Birthday,9676
9677,Magazine right.,Fri Feb 17 00:00:00 GMT+01:00 2023,Wedding,9677
9678,Produce.,Tue Jul 30 00:00:00 GMT+01:00 2024,Private Party,9678
9679,Bill.,Fri Nov 24 00:00:00 GMT+01:00 2023,Corporate Event,9679
9680,Do every.,Sun Jun 11 00:00:00 GMT+01:00 2023,Corporate Event,9680
9681,Base church argue.,Thu Aug 28 00:00:00 GMT+01:00 2025,Wedding,9681
9682,Education local structure.,Fri Oct 20 00:00:00 GMT+01:00 2023,Private Party,9682
9683,Imagine sometimes.,Sun May 05 00:00:00 GMT+01:00 2024,Corporate Event,9683
9684,Third fill.,Sun Sep 28 00:00:00 GMT+01:00 2025,Corporate Event,9684
9685,International.,Sat Jul 29 00:00:00 GMT+01:00 2023,Private Party,9685
9686,Plant realize.,Sat Jan 07 00:00:00 GMT+01:00 2023,Private Party,9686
9687,Us back such attorney.,Fri May 23 00:00:00 GMT+01:00 2025,Corporate Event,9687
9688,Religious figure.,Tue Feb 28 00:00:00 GMT+01:00 2023,Birthday,9688
9689,Mission across art.,Fri Apr 04 00:00:00 GMT+01:00 2025,Wedding,9689
9690,Available discover part.,Sat Oct 14 00:00:00 GMT+01:00 2023,Corporate Event,9690
9691,She scientist.,Tue Feb 18 00:00:00 GMT+01:00 2025,Birthday,9691
9692,Meet tax.,Sun Jan 09 00:00:00 GMT+01:00 2022,Private Party,9692
9693,Either attorney brother.,Fri Jan 20 00:00:00 GMT+01:00 2023,Wedding,9693
9694,Must.,Sat Aug 10 00:00:00 GMT+01:00 2024,Wedding,9694
9695,Safe not.,Sun Oct 06 00:00:00 GMT+01:00 2024,Corporate Event,9695
9696,Under allow stage.,Sun Jan 12 00:00:00 GMT+01:00 2025,Corporate Event,9696
9697,Successful health entire.,Thu May 02 00:00:00 GMT+01:00 2024,Birthday,9697
9698,Fight record try.,Fri Sep 29 00:00:00 GMT+01:00 2023,Private Party,9698
9699,Smile public.,Sun Feb 27 00:00:00 GMT+01:00 2022,Private Party,9699
9700,Account increase raise.,Mon Oct 21 00:00:00 GMT+01:00 2024,Corporate Event,9700
9701,Mean level door.,Thu Nov 21 00:00:00 GMT+01:00 2024,Private Party,9701
9702,Back vote high trip.,Sat Oct 29 00:00:00 GMT+01:00 2022,Corporate Event,9702
9703,Movement each.,Sat May 25 00:00:00 GMT+01:00 2024,Private Party,9703
9704,Accept.,Tue Apr 19 00:00:00 GMT+01:00 2022,Wedding,9704
9705,Type security.,Thu Feb 08 00:00:00 GMT+01:00 2024,Private Party,9705
9706,Interest major condition.,Thu May 22 00:00:00 GMT+01:00 2025,Private Party,9706
9707,Position station.,Sat Oct 08 00:00:00 GMT+01:00 2022,Corporate Event,9707
9708,Sister pick.,Wed Jan 24 00:00:00 GMT+01:00 2024,Birthday,9708
9709,Next.,Tue Feb 04 00:00:00 GMT+01:00 2025,Wedding,9709
9710,Perform note.,Tue Oct 10 00:00:00 GMT+01:00 2023,Private Party,9710
9711,We individual leader.,Mon Feb 05 00:00:00 GMT+01:00 2024,Corporate Event,9711
9712,Write inside important activity.,Sat Jul 08 00:00:00 GMT+01:00 2023,Corporate Event,9712
9713,Church three.,Wed May 22 00:00:00 GMT+01:00 2024,Wedding,9713
9714,Well especially heavy.,Mon Sep 30 00:00:00 GMT+01:00 2024,Private Party,9714
9715,Meet since.,Mon Mar 03 00:00:00 GMT+01:00 2025,Wedding,9715
9716,Trip news.,Sun Apr 06 00:00:00 GMT+01:00 2025,Private Party,9716
9717,Material today area evening.,Tue Dec 23 00:00:00 GMT+01:00 2025,Corporate Event,9717
9718,Turn those style.,Tue Feb 08 00:00:00 GMT+01:00 2022,Private Party,9718
9719,Pay yet out.,Wed Jul 10 00:00:00 GMT+01:00 2024,Private Party,9719
9720,Less major movie.,Mon Feb 19 00:00:00 GMT+01:00 2024,Wedding,9720
9721,Start expect arrive.,Thu Mar 02 00:00:00 GMT+01:00 2023,Wedding,9721
9722,Early short.,Thu May 09 00:00:00 GMT+01:00 2024,Wedding,9722
9723,Need claim.,Wed Nov 29 00:00:00 GMT+01:00 2023,Birthday,9723
9724,Congress south.,Sat Jul 12 00:00:00 GMT+01:00 2025,Wedding,9724
9725,Five goal.,Wed May 04 00:00:00 GMT+01:00 2022,Birthday,9725
9726,Pressure present position fly.,Tue Jun 18 00:00:00 GMT+01:00 2024,Corporate Event,9726
9727,Point total ahead.,Sun Aug 11 00:00:00 GMT+01:00 2024,Birthday,9727
9728,Reduce receive.,Sat Jul 30 00:00:00 GMT+01:00 2022,Birthday,9728
9729,Its live card.,Tue Sep 16 00:00:00 GMT+01:00 2025,Birthday,9729
9730,First year drive.,Thu Nov 13 00:00:00 GMT+01:00 2025,Private Party,9730
9731,Win option movement.,Mon Dec 09 00:00:00 GMT+01:00 2024,Corporate Event,9731
9732,Power church.,Sun Feb 02 00:00:00 GMT+01:00 2025,Wedding,9732
9733,Which.,Sat Oct 15 00:00:00 GMT+01:00 2022,Wedding,9733
9734,Bring over camera.,Fri Dec 29 00:00:00 GMT+01:00 2023,Private Party,9734
9735,When.,Mon Mar 24 00:00:00 GMT+01:00 2025,Birthday,9735
9736,Industry ten international.,Fri Dec 08 00:00:00 GMT+01:00 2023,Private Party,9736
9737,Garden manager international.,Sun Apr 28 00:00:00 GMT+01:00 2024,Private Party,9737
9738,Cold happen.,Wed Sep 11 00:00:00 GMT+01:00 2024,Wedding,9738
9739,Media deal tough.,Wed Sep 07 00:00:00 GMT+01:00 2022,Private Party,9739
9740,Structure scene.,Wed Dec 14 00:00:00 GMT+01:00 2022,Corporate Event,9740
9741,Record happen.,Wed Jun 26 00:00:00 GMT+01:00 2024,Wedding,9741
9742,Response.,Wed Dec 10 00:00:00 GMT+01:00 2025,Birthday,9742
9743,Price.,Tue Jul 02 00:00:00 GMT+01:00 2024,Private Party,9743
9744,Stage pattern statement.,Tue Jul 11 00:00:00 GMT+01:00 2023,Private Party,9744
9745,Glass ever.,Mon Nov 03 00:00:00 GMT+01:00 2025,Private Party,9745
9746,Act major project.,Thu Sep 15 00:00:00 GMT+01:00 2022,Private Party,9746
9747,Kid air staff listen.,Thu May 25 00:00:00 GMT+01:00 2023,Private Party,9747
9748,That town.,Wed Mar 12 00:00:00 GMT+01:00 2025,Private Party,9748
9749,Heavy best.,Wed Oct 22 00:00:00 GMT+01:00 2025,Wedding,9749
9750,Garden politics young ability.,Wed Jun 14 00:00:00 GMT+01:00 2023,Wedding,9750
9751,Carry west.,Tue Jul 16 00:00:00 GMT+01:00 2024,Wedding,9751
9752,This mouth.,Sat Dec 14 00:00:00 GMT+01:00 2024,Corporate Event,9752
9753,Letter green three.,Thu Apr 25 00:00:00 GMT+01:00 2024,Birthday,9753
9754,Popular step.,Sun Jun 30 00:00:00 GMT+01:00 2024,Private Party,9754
9755,Among toward.,Tue May 17 00:00:00 GMT+01:00 2022,Birthday,9755
9756,Main.,Fri Oct 24 00:00:00 GMT+01:00 2025,Wedding,9756
9757,Subject.,Thu Jan 02 00:00:00 GMT+01:00 2025,Wedding,9757
9758,Court.,Sun Aug 03 00:00:00 GMT+01:00 2025,Birthday,9758
9759,Yard finish.,Mon Nov 24 00:00:00 GMT+01:00 2025,Private Party,9759
9760,Tell.,Mon Dec 08 00:00:00 GMT+01:00 2025,Wedding,9760
9761,Cut.,Tue Nov 26 00:00:00 GMT+01:00 2024,Wedding,9761
9762,Able there.,Sun May 11 00:00:00 GMT+01:00 2025,Wedding,9762
9763,Carry draw audience.,Tue Jul 26 00:00:00 GMT+01:00 2022,Corporate Event,9763
9764,Letter still.,Fri Oct 21 00:00:00 GMT+01:00 2022,Birthday,9764
9765,Would send back.,Wed Apr 20 00:00:00 GMT+01:00 2022,Private Party,9765
9766,Hundred through opportunity can.,Sat Sep 28 00:00:00 GMT+01:00 2024,Birthday,9766
9767,Action reason.,Fri Jul 29 00:00:00 GMT+01:00 2022,Private Party,9767
9768,Air though likely.,Thu Nov 14 00:00:00 GMT+01:00 2024,Private Party,9768
9769,Health listen building.,Sat Oct 05 00:00:00 GMT+01:00 2024,Birthday,9769
9770,Boy should bit.,Tue Nov 21 00:00:00 GMT+01:00 2023,Corporate Event,9770
9771,Different.,Mon Jul 25 00:00:00 GMT+01:00 2022,Private Party,9771
9772,Upon surface.,Sat May 04 00:00:00 GMT+01:00 2024,Birthday,9772
9773,Site generation.,Sun Aug 20 00:00:00 GMT+01:00 2023,Corporate Event,9773
9774,What edge compare organization.,Sat Apr 02 00:00:00 GMT+01:00 2022,Private Party,9774
9775,Blood appear.,Fri Sep 02 00:00:00 GMT+01:00 2022,Wedding,9775
9776,Family drive together.,Wed Oct 04 00:00:00 GMT+01:00 2023,Private Party,9776
9777,More beat grow action.,Sun Mar 09 00:00:00 GMT+01:00 2025,Private Party,9777
9778,Plant author month.,Sat Apr 22 00:00:00 GMT+01:00 2023,Birthday,9778
9779,Of able.,Sun Apr 14 00:00:00 GMT+01:00 2024,Birthday,9779
9780,Race PM door.,Sat Apr 08 00:00:00 GMT+01:00 2023,Wedding,9780
9781,Wind piece skin.,Mon Sep 30 00:00:00 GMT+01:00 2024,Wedding,9781
9782,Make under somebody within.,Sat Nov 09 00:00:00 GMT+01:00 2024,Birthday,9782
9783,Country crime fight.,Mon Apr 21 00:00:00 GMT+01:00 2025,Private Party,9783
9784,Perhaps happen government.,Sat Sep 21 00:00:00 GMT+01:00 2024,Private Party,9784
9785,Bring service.,Tue Nov 04 00:00:00 GMT+01:00 2025,Corporate Event,9785
9786,Almost happy law station.,Fri Sep 27 00:00:00 GMT+01:00 2024,Birthday,9786
9787,Education think PM.,Fri May 26 00:00:00 GMT+01:00 2023,Wedding,9787
9788,Loss process over.,Tue Oct 18 00:00:00 GMT+01:00 2022,Private Party,9788
9789,Source special above.,Mon May 29 00:00:00 GMT+01:00 2023,Birthday,9789
9790,Population night.,Mon May 27 00:00:00 GMT+01:00 2024,Corporate Event,9790
9791,Company floor present.,Sat Jan 18 00:00:00 GMT+01:00 2025,Birthday,9791
9792,Everybody apply which.,Thu Oct 02 00:00:00 GMT+01:00 2025,Private Party,9792
9793,Visit form.,Thu Nov 28 00:00:00 GMT+01:00 2024,Wedding,9793
9794,They hospital accept.,Wed Nov 30 00:00:00 GMT+01:00 2022,Private Party,9794
9795,Certainly economy.,Sun Sep 18 00:00:00 GMT+01:00 2022,Corporate Event,9795
9796,Where who.,Mon Aug 19 00:00:00 GMT+01:00 2024,Corporate Event,9796
9797,We chair.,Fri Nov 28 00:00:00 GMT+01:00 2025,Corporate Event,9797
9798,Suddenly home worry.,Mon Nov 18 00:00:00 GMT+01:00 2024,Birthday,9798
9799,Card teacher power still.,Mon May 02 00:00:00 GMT+01:00 2022,Birthday,9799
9800,Fast amount couple.,Tue Sep 23 00:00:00 GMT+01:00 2025,Corporate Event,9800
9801,Market air.,Wed Apr 26 00:00:00 GMT+01:00 2023,Birthday,9801
9802,Find let.,Sun Oct 05 00:00:00 GMT+01:00 2025,Private Party,9802
9803,Recently break.,Mon May 08 00:00:00 GMT+01:00 2023,Corporate Event,9803
9804,Argue generation southern.,Wed Nov 29 00:00:00 GMT+01:00 2023,Corporate Event,9804
9805,Federal onto.,Sat Dec 16 00:00:00 GMT+01:00 2023,Wedding,9805
9806,Remain student.,Sat Aug 03 00:00:00 GMT+01:00 2024,Corporate Event,9806
9807,Week onto sure.,Thu Dec 19 00:00:00 GMT+01:00 2024,Private Party,9807
9808,Surface next.,Fri Nov 21 00:00:00 GMT+01:00 2025,Birthday,9808
9809,Act between.,Thu May 15 00:00:00 GMT+01:00 2025,Private Party,9809
9810,Recently window.,Tue Feb 18 00:00:00 GMT+01:00 2025,Wedding,9810
9811,Husband father.,Wed Apr 09 00:00:00 GMT+01:00 2025,Wedding,9811
9812,Again well later.,Sun Jun 19 00:00:00 GMT+01:00 2022,Private Party,9812
9813,Near.,Mon Jan 03 00:00:00 GMT+01:00 2022,Wedding,9813
9814,Everyone yeah sound.,Fri May 16 00:00:00 GMT+01:00 2025,Birthday,9814
9815,Term toward claim.,Thu Dec 01 00:00:00 GMT+01:00 2022,Corporate Event,9815
9816,Rise beautiful.,Fri Jan 06 00:00:00 GMT+01:00 2023,Wedding,9816
9817,Social number money.,Wed Jun 01 00:00:00 GMT+01:00 2022,Corporate Event,9817
9818,Affect street mention.,Fri May 19 00:00:00 GMT+01:00 2023,Birthday,9818
9819,Pattern value rule.,Tue Oct 14 00:00:00 GMT+01:00 2025,Private Party,9819
9820,Minute either.,Mon Mar 04 00:00:00 GMT+01:00 2024,Wedding,9820
9821,Participant red through.,Wed Dec 27 00:00:00 GMT+01:00 2023,Private Party,9821
9822,Skin talk other.,Wed Feb 09 00:00:00 GMT+01:00 2022,Private Party,9822
9823,Behavior particularly.,Sat Oct 22 00:00:00 GMT+01:00 2022,Wedding,9823
9824,Last a scene.,Sat Jan 06 00:00:00 GMT+01:00 2024,Birthday,9824
9825,Answer.,Thu Aug 18 00:00:00 GMT+01:00 2022,Private Party,9825
9826,Interest.,Sun May 11 00:00:00 GMT+01:00 2025,Wedding,9826
9827,Here apply act.,Thu Jul 21 00:00:00 GMT+01:00 2022,Private Party,9827
9828,Law book American.,Thu Nov 27 00:00:00 GMT+01:00 2025,Wedding,9828
9829,Wear suggest lawyer.,Sun May 19 00:00:00 GMT+01:00 2024,Private Party,9829
9830,Lot article.,Sat May 10 00:00:00 GMT+01:00 2025,Corporate Event,9830
9831,Personal letter he.,Thu Jun 23 00:00:00 GMT+01:00 2022,Birthday,9831
9832,Purpose stage benefit.,Sun Nov 06 00:00:00 GMT+01:00 2022,Birthday,9832
9833,Simple effort.,Mon Feb 21 00:00:00 GMT+01:00 2022,Private Party,9833
9834,Visit another on.,Fri Sep 23 00:00:00 GMT+01:00 2022,Wedding,9834
9835,Character theory.,Thu Apr 06 00:00:00 GMT+01:00 2023,Private Party,9835
9836,Series already natural crime.,Tue Jun 21 00:00:00 GMT+01:00 2022,Birthday,9836
9837,Evidence project.,Sun May 11 00:00:00 GMT+01:00 2025,Wedding,9837
9838,Step recently.,Fri Apr 08 00:00:00 GMT+01:00 2022,Birthday,9838
9839,Issue deal necessary.,Sun Jun 25 00:00:00 GMT+01:00 2023,Corporate Event,9839
9840,National of.,Thu Aug 17 00:00:00 GMT+01:00 2023,Birthday,9840
9841,Never short.,Mon Dec 16 00:00:00 GMT+01:00 2024,Birthday,9841
9842,Member huge marriage.,Thu Sep 25 00:00:00 GMT+01:00 2025,Wedding,9842
9843,Bring mean note.,Sat Dec 17 00:00:00 GMT+01:00 2022,Wedding,9843
9844,Language tree all.,Wed Dec 10 00:00:00 GMT+01:00 2025,Corporate Event,9844
9845,Develop seven.,Sun Dec 25 00:00:00 GMT+01:00 2022,Corporate Event,9845
9846,Able lot.,Tue Mar 14 00:00:00 GMT+01:00 2023,Wedding,9846
9847,Baby media various.,Thu Sep 12 00:00:00 GMT+01:00 2024,Wedding,9847
9848,Pick course.,Wed May 03 00:00:00 GMT+01:00 2023,Private Party,9848
9849,Less citizen maintain.,Wed Dec 31 00:00:00 GMT+01:00 2025,Wedding,9849
9850,Cut exactly under little.,Wed Jul 30 00:00:00 GMT+01:00 2025,Private Party,9850
9851,Discover white.,Fri Nov 01 00:00:00 GMT+01:00 2024,Private Party,9851
9852,Example when.,Wed Aug 27 00:00:00 GMT+01:00 2025,Wedding,9852
9853,Large station so hotel.,Thu Sep 21 00:00:00 GMT+01:00 2023,Birthday,9853
9854,Avoid hold.,Mon Sep 19 00:00:00 GMT+01:00 2022,Private Party,9854
9855,Term cup middle.,Fri Jun 14 00:00:00 GMT+01:00 2024,Birthday,9855
9856,Stuff maintain particular.,Mon Dec 02 00:00:00 GMT+01:00 2024,Birthday,9856
9857,Have rule loss.,Fri Sep 01 00:00:00 GMT+01:00 2023,Private Party,9857
9858,Arm study.,Mon May 13 00:00:00 GMT+01:00 2024,Corporate Event,9858
9859,Soldier candidate.,Mon Mar 27 00:00:00 GMT+01:00 2023,Birthday,9859
9860,Suddenly play some.,Wed May 11 00:00:00 GMT+01:00 2022,Private Party,9860
9861,Home view.,Thu Apr 24 00:00:00 GMT+01:00 2025,Birthday,9861
9862,Draw time authority.,Sat Jun 17 00:00:00 GMT+01:00 2023,Wedding,9862
9863,Interview pretty.,Tue Sep 02 00:00:00 GMT+01:00 2025,Private Party,9863
9864,Mention Congress possible.,Sat Jan 25 00:00:00 GMT+01:00 2025,Private Party,9864
9865,Voice finish.,Wed Apr 20 00:00:00 GMT+01:00 2022,Private Party,9865
9866,In development.,Tue Feb 22 00:00:00 GMT+01:00 2022,Private Party,9866
9867,Bed in remember half.,Sat Dec 24 00:00:00 GMT+01:00 2022,Corporate Event,9867
9868,Present do.,Sat May 28 00:00:00 GMT+01:00 2022,Corporate Event,9868
9869,Church return speak green.,Sat Jul 15 00:00:00 GMT+01:00 2023,Corporate Event,9869
9870,Involve girl build.,Thu Mar 23 00:00:00 GMT+01:00 2023,Birthday,9870
9871,Writer notice citizen.,Sat Nov 12 00:00:00 GMT+01:00 2022,Corporate Event,9871
9872,Away public.,Sun Jun 26 00:00:00 GMT+01:00 2022,Corporate Event,9872
9873,From speak great.,Wed Jun 04 00:00:00 GMT+01:00 2025,Corporate Event,9873
9874,Choose.,Sat Apr 23 00:00:00 GMT+01:00 2022,Birthday,9874
9875,Where tonight year.,Wed Apr 03 00:00:00 GMT+01:00 2024,Wedding,9875
9876,Head view.,Mon Jun 19 00:00:00 GMT+01:00 2023,Private Party,9876
9877,Free many.,Fri Sep 15 00:00:00 GMT+01:00 2023,Wedding,9877
9878,Report can leave.,Tue Jul 11 00:00:00 GMT+01:00 2023,Corporate Event,9878
9879,Somebody environment first board.,Thu Jan 30 00:00:00 GMT+01:00 2025,Private Party,9879
9880,Politics address.,Sat Feb 18 00:00:00 GMT+01:00 2023,Wedding,9880
9881,Power wife exactly.,Mon May 16 00:00:00 GMT+01:00 2022,Wedding,9881
9882,No authority story assume.,Mon Mar 07 00:00:00 GMT+01:00 2022,Wedding,9882
9883,Traditional hit.,Wed May 22 00:00:00 GMT+01:00 2024,Corporate Event,9883
9884,Practice modern.,Wed Dec 11 00:00:00 GMT+01:00 2024,Corporate Event,9884
9885,Charge our security.,Wed Sep 28 00:00:00 GMT+01:00 2022,Birthday,9885
9886,Man seem.,Sat Feb 12 00:00:00 GMT+01:00 2022,Wedding,9886
9887,Finish white.,Sat Jan 07 00:00:00 GMT+01:00 2023,Birthday,9887
9888,Color party.,Tue Dec 30 00:00:00 GMT+01:00 2025,Wedding,9888
9889,Find include.,Tue Dec 12 00:00:00 GMT+01:00 2023,Birthday,9889
9890,Edge many.,Wed Aug 28 00:00:00 GMT+01:00 2024,Corporate Event,9890
9891,Agency.,Wed Jul 06 00:00:00 GMT+01:00 2022,Wedding,9891
9892,Especially their.,Mon Nov 24 00:00:00 GMT+01:00 2025,Private Party,9892
9893,Detail real find.,Sat Nov 25 00:00:00 GMT+01:00 2023,Birthday,9893
9894,Early campaign.,Sat Dec 30 00:00:00 GMT+01:00 2023,Corporate Event,9894
9895,Affect record window.,Tue Aug 09 00:00:00 GMT+01:00 2022,Corporate Event,9895
9896,Someone enter.,Wed Jan 10 00:00:00 GMT+01:00 2024,Corporate Event,9896
9897,Language kid song buy.,Mon May 23 00:00:00 GMT+01:00 2022,Wedding,9897
9898,Check true market.,Thu Jan 27 00:00:00 GMT+01:00 2022,Private Party,9898
9899,Order half.,Mon Aug 19 00:00:00 GMT+01:00 2024,Wedding,9899
9900,Themselves these.,Wed May 14 00:00:00 GMT+01:00 2025,Birthday,9900
9901,Leave very Democrat.,Sat Oct 01 00:00:00 GMT+01:00 2022,Corporate Event,9901
9902,Ten tend.,Thu Mar 27 00:00:00 GMT+01:00 2025,Birthday,9902
9903,Weight both early.,Wed Jul 05 00:00:00 GMT+01:00 2023,Birthday,9903
9904,Thing strong.,Mon Jan 15 00:00:00 GMT+01:00 2024,Birthday,9904
9905,Anyone cover turn two.,Sun Mar 17 00:00:00 GMT+01:00 2024,Birthday,9905
9906,Car finish space.,Sat Feb 24 00:00:00 GMT+01:00 2024,Corporate Event,9906
9907,Late start lay.,Sun Aug 25 00:00:00 GMT+01:00 2024,Corporate Event,9907
9908,Stage thousand choice.,Mon Nov 04 00:00:00 GMT+01:00 2024,Birthday,9908
9909,Hit.,Fri Jun 02 00:00:00 GMT+01:00 2023,Birthday,9909
9910,Something president.,Mon Oct 21 00:00:00 GMT+01:00 2024,Private Party,9910
9911,Perform want reduce.,Sat Oct 07 00:00:00 GMT+01:00 2023,Corporate Event,9911
9912,Space bad side thus.,Sun Jan 28 00:00:00 GMT+01:00 2024,Wedding,9912
9913,Talk democratic.,Sun Nov 03 00:00:00 GMT+01:00 2024,Corporate Event,9913
9914,Ten within.,Sun Jul 20 00:00:00 GMT+01:00 2025,Corporate Event,9914
9915,White school.,Wed Jul 09 00:00:00 GMT+01:00 2025,Birthday,9915
9916,Only now court science.,Sat Feb 01 00:00:00 GMT+01:00 2025,Birthday,9916
9917,Part agree animal.,Sun Oct 30 00:00:00 GMT+01:00 2022,Private Party,9917
9918,Consider important.,Sun Jan 07 00:00:00 GMT+01:00 2024,Birthday,9918
9919,Increase level.,Sun Dec 18 00:00:00 GMT+01:00 2022,Corporate Event,9919
9920,Fund eat himself.,Thu Nov 14 00:00:00 GMT+01:00 2024,Birthday,9920
9921,Product soon.,Sun Nov 02 00:00:00 GMT+01:00 2025,Corporate Event,9921
9922,Argue try.,Mon Apr 07 00:00:00 GMT+01:00 2025,Corporate Event,9922
9923,See street take.,Sat Jul 12 00:00:00 GMT+01:00 2025,Birthday,9923
9924,Several far.,Sat Mar 30 00:00:00 GMT+01:00 2024,Birthday,9924
9925,Apply by.,Tue Oct 29 00:00:00 GMT+01:00 2024,Wedding,9925
9926,Cell issue.,Sun Jun 22 00:00:00 GMT+01:00 2025,Private Party,9926
9927,Wife size let.,Wed Sep 14 00:00:00 GMT+01:00 2022,Wedding,9927
9928,Offer cause charge foot.,Wed May 18 00:00:00 GMT+01:00 2022,Birthday,9928
9929,Will six fight.,Sun Oct 09 00:00:00 GMT+01:00 2022,Private Party,9929
9930,Wind beat.,Sun Nov 09 00:00:00 GMT+01:00 2025,Wedding,9930
9931,Impact least management.,Thu Oct 03 00:00:00 GMT+01:00 2024,Private Party,9931
9932,Next democratic.,Wed Jul 05 00:00:00 GMT+01:00 2023,Wedding,9932
9933,Election response fund.,Sat Oct 05 00:00:00 GMT+01:00 2024,Wedding,9933
9934,Whom music ten.,Sun Jun 08 00:00:00 GMT+01:00 2025,Private Party,9934
9935,Understand political view generation.,Sat Oct 19 00:00:00 GMT+01:00 2024,Wedding,9935
9936,Community part.,Sun Aug 14 00:00:00 GMT+01:00 2022,Private Party,9936
9937,Mouth wall.,Sat Mar 15 00:00:00 GMT+01:00 2025,Birthday,9937
9938,Risk white national.,Tue Feb 11 00:00:00 GMT+01:00 2025,Birthday,9938
9939,Current.,Fri Jan 27 00:00:00 GMT+01:00 2023,Birthday,9939
9940,Young under.,Wed Sep 11 00:00:00 GMT+01:00 2024,Birthday,9940
9941,Exist treatment yes.,Thu Jan 04 00:00:00 GMT+01:00 2024,Corporate Event,9941
9942,Mind between pattern.,Sat Oct 08 00:00:00 GMT+01:00 2022,Corporate Event,9942
9943,Interest.,Mon Jun 24 00:00:00 GMT+01:00 2024,Birthday,9943
9944,Professional.,Sat Jan 29 00:00:00 GMT+01:00 2022,Wedding,9944
9945,Word individual light.,Wed Oct 22 00:00:00 GMT+01:00 2025,Wedding,9945
9946,White thing fill positive.,Sun Nov 12 00:00:00 GMT+01:00 2023,Corporate Event,9946
9947,Particular.,Tue Dec 16 00:00:00 GMT+01:00 2025,Private Party,9947
9948,Human election reduce.,Thu Aug 21 00:00:00 GMT+01:00 2025,Birthday,9948
9949,Building attack.,Fri Oct 20 00:00:00 GMT+01:00 2023,Private Party,9949
9950,Military material too.,Tue Sep 02 00:00:00 GMT+01:00 2025,Private Party,9950
9951,Time course challenge.,Wed Feb 19 00:00:00 GMT+01:00 2025,Birthday,9951
9952,Industry market.,Fri Sep 23 00:00:00 GMT+01:00 2022,Birthday,9952
9953,Beat.,Fri Feb 10 00:00:00 GMT+01:00 2023,Wedding,9953
9954,Better.,Fri Sep 02 00:00:00 GMT+01:00 2022,Birthday,9954
9955,Street.,Tue Mar 21 00:00:00 GMT+01:00 2023,Private Party,9955
9956,Ball staff.,Thu Dec 05 00:00:00 GMT+01:00 2024,Birthday,9956
9957,Catch member arrive.,Thu Apr 17 00:00:00 GMT+01:00 2025,Private Party,9957
9958,Section something interview.,Mon Oct 30 00:00:00 GMT+01:00 2023,Wedding,9958
9959,Dog among address.,Wed Dec 13 00:00:00 GMT+01:00 2023,Wedding,9959
9960,Truth fly ahead.,Thu Sep 05 00:00:00 GMT+01:00 2024,Private Party,9960
9961,Would card.,Wed Jan 04 00:00:00 GMT+01:00 2023,Birthday,9961
9962,I deep develop.,Tue Mar 05 00:00:00 GMT+01:00 2024,Birthday,9962
9963,Instead rate.,Fri Jul 15 00:00:00 GMT+01:00 2022,Wedding,9963
9964,Give military training.,Sat Mar 16 00:00:00 GMT+01:00 2024,Birthday,9964
9965,Threat minute.,Fri Feb 16 00:00:00 GMT+01:00 2024,Corporate Event,9965
9966,Street interesting.,Sun Feb 09 00:00:00 GMT+01:00 2025,Birthday,9966
9967,Between wonder.,Fri Jun 24 00:00:00 GMT+01:00 2022,Wedding,9967
9968,More minute benefit.,Fri Apr 26 00:00:00 GMT+01:00 2024,Birthday,9968
9969,Every student or.,Wed Jun 12 00:00:00 GMT+01:00 2024,Birthday,9969
9970,Simply skin child.,Fri Dec 26 00:00:00 GMT+01:00 2025,Corporate Event,9970
9971,Nothing.,Thu Jun 08 00:00:00 GMT+01:00 2023,Corporate Event,9971
9972,Serve start mind.,Sat Jun 03 00:00:00 GMT+01:00 2023,Private Party,9972
9973,Kind.,Thu Nov 24 00:00:00 GMT+01:00 2022,Corporate Event,9973
9974,Explain effort.,Mon Dec 12 00:00:00 GMT+01:00 2022,Private Party,9974
9975,Situation open.,Sun Aug 10 00:00:00 GMT+01:00 2025,Birthday,9975
9976,Religious early.,Mon Mar 03 00:00:00 GMT+01:00 2025,Birthday,9976
9977,Bag young kid.,Tue Sep 05 00:00:00 GMT+01:00 2023,Birthday,9977
9978,Music cost notice.,Sun Mar 06 00:00:00 GMT+01:00 2022,Corporate Event,9978
9979,Never check box kitchen.,Sat Oct 21 00:00:00 GMT+01:00 2023,Wedding,9979
9980,Training left back.,Mon May 20 00:00:00 GMT+01:00 2024,Corporate Event,9980
9981,Write theory live.,Sun Sep 15 00:00:00 GMT+01:00 2024,Birthday,9981
9982,Player kind senior brother.,Wed Jul 09 00:00:00 GMT+01:00 2025,Birthday,9982
9983,Wife party write.,Thu Oct 16 00:00:00 GMT+01:00 2025,Birthday,9983
9984,Early watch.,Sat Dec 03 00:00:00 GMT+01:00 2022,Private Party,9984
9985,Food safe mouth.,Fri May 20 00:00:00 GMT+01:00 2022,Private Party,9985
9986,Investment audience early.,Thu Mar 14 00:00:00 GMT+01:00 2024,Birthday,9986
9987,Agent theory onto close.,Sat Dec 17 00:00:00 GMT+01:00 2022,Private Party,9987
9988,Assume allow.,Mon Dec 01 00:00:00 GMT+01:00 2025,Corporate Event,9988
9989,Draw unit process single.,Thu Oct 03 00:00:00 GMT+01:00 2024,Private Party,9989
9990,Vote us wonder.,Fri Jun 27 00:00:00 GMT+01:00 2025,Wedding,9990
9991,Almost.,Tue Mar 29 00:00:00 GMT+01:00 2022,Birthday,9991
9992,And people either.,Sun Dec 11 00:00:00 GMT+01:00 2022,Private Party,9992
9993,Tax turn thought.,Sun Nov 19 00:00:00 GMT+01:00 2023,Corporate Event,9993
9994,Toward ahead.,Mon Jan 02 00:00:00 GMT+01:00 2023,Private Party,9994
9995,Floor majority start case.,Wed Mar 23 00:00:00 GMT+01:00 2022,Birthday,9995
9996,Population anything.,Sun Feb 02 00:00:00 GMT+01:00 2025,Corporate Event,9996
9997,Night myself ball.,Tue Jun 14 00:00:00 GMT+01:00 2022,Private Party,9997
9998,Pick play culture.,Mon Jun 02 00:00:00 GMT+01:00 2025,Birthday,9998
9999,Generation six week.,Fri Dec 06 00:00:00 GMT+01:00 2024,Birthday,9999
10000,Agency along.,Sat Sep 16 00:00:00 GMT+01:00 2023,Corporate Event,10000
10032,President order adult.,Wed Mar 12 00:00:00 GMT+01:00 2025,Corporate Event,10032
10033,Thought.,Thu Jun 09 00:00:00 GMT+01:00 2022,Birthday,10033
10034,Cause project.,Wed Aug 03 00:00:00 GMT+01:00 2022,Wedding,10034
10035,Race bed.,Thu Jan 19 00:00:00 GMT+01:00 2023,Corporate Event,10035
10036,Authority night with.,Sun Nov 16 00:00:00 GMT+01:00 2025,Private Party,10036
10037,Mean protect.,Mon Sep 25 00:00:00 GMT+01:00 2023,Corporate Event,10037
10038,Only keep officer.,Fri Nov 18 00:00:00 GMT+01:00 2022,Birthday,10038
10039,Guy magazine.,Sun Oct 23 00:00:00 GMT+01:00 2022,Corporate Event,10039
10040,Month same.,Sun Dec 28 00:00:00 GMT+01:00 2025,Birthday,10040
10041,Deep expert explain necessary.,Wed Jan 24 00:00:00 GMT+01:00 2024,Wedding,10041
10042,Table.,Fri Mar 03 00:00:00 GMT+01:00 2023,Private Party,10042
10043,Half important town.,Mon Nov 07 00:00:00 GMT+01:00 2022,Private Party,10043
10044,Face always pattern.,Tue Sep 26 00:00:00 GMT+01:00 2023,Birthday,10044
10045,Material month.,Wed Jul 20 00:00:00 GMT+01:00 2022,Wedding,10045
10046,She chair measure.,Thu Apr 28 00:00:00 GMT+01:00 2022,Wedding,10046
10047,Night.,Tue Aug 19 00:00:00 GMT+01:00 2025,Private Party,10047
10048,Why investment.,Mon Apr 24 00:00:00 GMT+01:00 2023,Private Party,10048
10049,Series western.,Wed Jun 11 00:00:00 GMT+01:00 2025,Birthday,10049
10050,Book although decide.,Sat Apr 26 00:00:00 GMT+01:00 2025,Private Party,10050
10051,Piece water.,Sat May 25 00:00:00 GMT+01:00 2024,Private Party,10051
10052,Community stand.,Sat Feb 05 00:00:00 GMT+01:00 2022,Private Party,10052
10053,Strong just.,Mon Dec 23 00:00:00 GMT+01:00 2024,Birthday,10053
10054,Job PM news.,Mon Sep 25 00:00:00 GMT+01:00 2023,Birthday,10054
10055,Be question.,Mon Jul 03 00:00:00 GMT+01:00 2023,Birthday,10055
10056,Region own tell million.,Thu Jun 09 00:00:00 GMT+01:00 2022,Wedding,10056
10057,Majority president beautiful.,Mon Jul 14 00:00:00 GMT+01:00 2025,Wedding,10057
10058,Left value.,Mon Feb 10 00:00:00 GMT+01:00 2025,Wedding,10058
10059,Owner.,Thu Mar 13 00:00:00 GMT+01:00 2025,Corporate Event,10059
10060,Agreement I least fall.,Sun Mar 24 00:00:00 GMT+01:00 2024,Private Party,10060
10061,Learn score middle.,Tue Oct 24 00:00:00 GMT+01:00 2023,Birthday,10061
10062,Ever drive finish.,Wed Jan 19 00:00:00 GMT+01:00 2022,Corporate Event,10062
10063,Art test cup.,Wed Jun 28 00:00:00 GMT+01:00 2023,Birthday,10063
10064,Might expert.,Fri Nov 15 00:00:00 GMT+01:00 2024,Corporate Event,10064
10065,Although strategy.,Thu Dec 26 00:00:00 GMT+01:00 2024,Wedding,10065
10066,Every friend.,Mon Oct 30 00:00:00 GMT+01:00 2023,Private Party,10066
10067,Crime leg very.,Thu Dec 11 00:00:00 GMT+01:00 2025,Wedding,10067
10068,Almost.,Mon Nov 14 00:00:00 GMT+01:00 2022,Corporate Event,10068
10069,Simple author.,Thu Dec 12 00:00:00 GMT+01:00 2024,Birthday,10069
10070,Well choice although.,Wed Feb 09 00:00:00 GMT+01:00 2022,Wedding,10070
10071,Sea them final.,Mon May 12 00:00:00 GMT+01:00 2025,Birthday,10071
10072,Line stop nearly admit.,Tue Dec 13 00:00:00 GMT+01:00 2022,Birthday,10072
10073,Soldier weight these movement.,Tue Sep 24 00:00:00 GMT+01:00 2024,Private Party,10073
10074,Responsibility position.,Sat Apr 22 00:00:00 GMT+01:00 2023,Corporate Event,10074
10075,Allow close organization.,Fri Mar 25 00:00:00 GMT+01:00 2022,Private Party,10075
10076,Soon manage most.,Sat Dec 27 00:00:00 GMT+01:00 2025,Private Party,10076
10077,Not relate government.,Sun Feb 11 00:00:00 GMT+01:00 2024,Private Party,10077
10078,Agree music bank.,Sun Oct 20 00:00:00 GMT+01:00 2024,Corporate Event,10078
10079,Development guess each.,Fri Jan 31 00:00:00 GMT+01:00 2025,Corporate Event,10079
10080,Deal about property.,Fri Jun 28 00:00:00 GMT+01:00 2024,Birthday,10080
10081,Theory fund back.,Sun Nov 02 00:00:00 GMT+01:00 2025,Private Party,10081
10082,No hour economy.,Thu Jan 13 00:00:00 GMT+01:00 2022,Wedding,10082
10083,Level respond.,Sat Jul 27 00:00:00 GMT+01:00 2024,Wedding,10083
10084,Ahead avoid.,Sun Dec 21 00:00:00 GMT+01:00 2025,Birthday,10084
10085,Wonder stuff cultural.,Sun Feb 26 00:00:00 GMT+01:00 2023,Birthday,10085
10086,Page often myself.,Sun May 12 00:00:00 GMT+01:00 2024,Corporate Event,10086
10087,Will follow heart.,Fri Apr 12 00:00:00 GMT+01:00 2024,Wedding,10087
10088,Big subject make.,Sat Feb 25 00:00:00 GMT+01:00 2023,Wedding,10088
10089,Economy.,Fri Jul 08 00:00:00 GMT+01:00 2022,Wedding,10089
10090,Generation us room.,Mon Apr 24 00:00:00 GMT+01:00 2023,Wedding,10090
10091,Right generation.,Wed May 01 00:00:00 GMT+01:00 2024,Private Party,10091
10092,Argue yourself.,Mon May 22 00:00:00 GMT+01:00 2023,Wedding,10092
10093,Their capital.,Wed Feb 26 00:00:00 GMT+01:00 2025,Wedding,10093
10094,Care mention probably.,Thu Jul 25 00:00:00 GMT+01:00 2024,Corporate Event,10094
10095,Size cover.,Fri Oct 14 00:00:00 GMT+01:00 2022,Corporate Event,10095
10096,Popular group.,Sun Aug 25 00:00:00 GMT+01:00 2024,Birthday,10096
10097,Several along institution.,Mon Dec 30 00:00:00 GMT+01:00 2024,Birthday,10097
10098,Science should.,Tue Jun 06 00:00:00 GMT+01:00 2023,Corporate Event,10098
10099,Within fund grow.,Wed Oct 16 00:00:00 GMT+01:00 2024,Private Party,10099
10100,Likely responsibility.,Wed Jun 05 00:00:00 GMT+01:00 2024,Private Party,10100
10101,Author animal.,Tue Jul 02 00:00:00 GMT+01:00 2024,Corporate Event,10101
10102,Do Mr everyone.,Fri Nov 22 00:00:00 GMT+01:00 2024,Private Party,10102
10103,Answer.,Fri Sep 05 00:00:00 GMT+01:00 2025,Corporate Event,10103
10104,Should we.,Thu Apr 11 00:00:00 GMT+01:00 2024,Private Party,10104
10105,Country dinner along.,Sun Jun 16 00:00:00 GMT+01:00 2024,Birthday,10105
10106,Detail.,Wed Aug 17 00:00:00 GMT+01:00 2022,Corporate Event,10106
10107,Open money.,Sun Aug 27 00:00:00 GMT+01:00 2023,Birthday,10107
10108,Avoid but.,Fri Jun 09 00:00:00 GMT+01:00 2023,Private Party,10108
10109,Exist official.,Mon Sep 30 00:00:00 GMT+01:00 2024,Private Party,10109
10110,Land weight tax.,Wed May 21 00:00:00 GMT+01:00 2025,Private Party,10110
10111,More country mean.,Wed May 04 00:00:00 GMT+01:00 2022,Private Party,10111
10112,Leader raise.,Mon May 09 00:00:00 GMT+01:00 2022,Birthday,10112
10113,Different executive animal.,Sat Jan 01 00:00:00 GMT+01:00 2022,Wedding,10113
10114,The TV girl.,Wed Sep 20 00:00:00 GMT+01:00 2023,Wedding,10114
10115,Near provide.,Mon Oct 23 00:00:00 GMT+01:00 2023,Birthday,10115
10116,Society total.,Thu Nov 30 00:00:00 GMT+01:00 2023,Birthday,10116
10117,Today arrive.,Sun Feb 19 00:00:00 GMT+01:00 2023,Birthday,10117
10118,Travel sort.,Wed Jul 12 00:00:00 GMT+01:00 2023,Wedding,10118
10119,Student especially half point.,Sun Jul 07 00:00:00 GMT+01:00 2024,Corporate Event,10119
10120,Teach likely.,Thu Dec 04 00:00:00 GMT+01:00 2025,Private Party,10120
10121,Congress church.,Mon Apr 28 00:00:00 GMT+01:00 2025,Wedding,10121
10122,Now for.,Wed Sep 17 00:00:00 GMT+01:00 2025,Birthday,10122
10123,Ask rich theory.,Tue Mar 18 00:00:00 GMT+01:00 2025,Birthday,10123
10124,Future relate we.,Mon Jul 31 00:00:00 GMT+01:00 2023,Corporate Event,10124
10125,Bar special adult.,Tue Dec 13 00:00:00 GMT+01:00 2022,Corporate Event,10125
10126,Enter onto light.,Tue Sep 16 00:00:00 GMT+01:00 2025,Corporate Event,10126
10127,Painting everybody.,Wed Aug 10 00:00:00 GMT+01:00 2022,Private Party,10127
10128,Process amount expect.,Mon Jun 12 00:00:00 GMT+01:00 2023,Wedding,10128
10129,Last certainly.,Sat May 27 00:00:00 GMT+01:00 2023,Corporate Event,10129
10130,Fish able occur.,Fri Feb 10 00:00:00 GMT+01:00 2023,Wedding,10130
10131,Like player.,Thu May 22 00:00:00 GMT+01:00 2025,Birthday,10131
10132,Environment property.,Fri Sep 06 00:00:00 GMT+01:00 2024,Birthday,10132
10133,Space image.,Thu Jul 20 00:00:00 GMT+01:00 2023,Birthday,10133
10134,Audience affect.,Sat Jun 28 00:00:00 GMT+01:00 2025,Corporate Event,10134
10135,Nice writer you.,Thu Jan 18 00:00:00 GMT+01:00 2024,Birthday,10135
10136,Lead specific sound.,Tue Jun 11 00:00:00 GMT+01:00 2024,Private Party,10136
10137,True.,Wed Oct 19 00:00:00 GMT+01:00 2022,Birthday,10137
10138,Total.,Mon Sep 23 00:00:00 GMT+01:00 2024,Private Party,10138
10139,Affect interview use activity.,Sun Mar 06 00:00:00 GMT+01:00 2022,Wedding,10139
10140,Successful always.,Thu Dec 29 00:00:00 GMT+01:00 2022,Birthday,10140
10141,Born rock once.,Tue Jan 04 00:00:00 GMT+01:00 2022,Birthday,10141
10142,International American mention.,Wed May 03 00:00:00 GMT+01:00 2023,Private Party,10142
10143,Later heavy.,Tue Apr 26 00:00:00 GMT+01:00 2022,Birthday,10143
10144,Evening action stand.,Wed Aug 09 00:00:00 GMT+01:00 2023,Private Party,10144
10145,Kid energy.,Mon Jun 30 00:00:00 GMT+01:00 2025,Birthday,10145
10146,To including country.,Tue Mar 11 00:00:00 GMT+01:00 2025,Private Party,10146
10147,Society kid anyone.,Tue Apr 18 00:00:00 GMT+01:00 2023,Birthday,10147
10148,Dog big nor language.,Wed Feb 07 00:00:00 GMT+01:00 2024,Wedding,10148
10149,Feel voice call.,Sat Oct 25 00:00:00 GMT+01:00 2025,Birthday,10149
10150,Performance stuff establish.,Fri Jul 04 00:00:00 GMT+01:00 2025,Wedding,10150
10151,Win along.,Mon Oct 07 00:00:00 GMT+01:00 2024,Corporate Event,10151
10152,Particular door.,Sun Jul 20 00:00:00 GMT+01:00 2025,Wedding,10152
10153,Stage job.,Sat Oct 25 00:00:00 GMT+01:00 2025,Birthday,10153
10154,Thus doctor national Republican.,Thu Dec 19 00:00:00 GMT+01:00 2024,Private Party,10154
10155,Both time.,Mon Feb 12 00:00:00 GMT+01:00 2024,Corporate Event,10155
10156,Mean protect at start.,Sun Mar 24 00:00:00 GMT+01:00 2024,Private Party,10156
10157,Truth require.,Mon Nov 04 00:00:00 GMT+01:00 2024,Private Party,10157
10158,While especially.,Wed Nov 16 00:00:00 GMT+01:00 2022,Private Party,10158
10159,Ask second.,Sun Sep 14 00:00:00 GMT+01:00 2025,Birthday,10159
10160,Personal heavy.,Sun Sep 18 00:00:00 GMT+01:00 2022,Private Party,10160
10161,New dream.,Thu May 15 00:00:00 GMT+01:00 2025,Wedding,10161
10162,Time cup stock.,Thu Jan 20 00:00:00 GMT+01:00 2022,Corporate Event,10162
10163,Officer major treat.,Wed Apr 30 00:00:00 GMT+01:00 2025,Wedding,10163
10164,Fact.,Wed Feb 19 00:00:00 GMT+01:00 2025,Birthday,10164
10165,Process best or.,Wed May 22 00:00:00 GMT+01:00 2024,Private Party,10165
10166,Prevent themselves occur site.,Fri Nov 14 00:00:00 GMT+01:00 2025,Wedding,10166
10167,Information resource.,Sat Apr 20 00:00:00 GMT+01:00 2024,Wedding,10167
10168,Medical woman.,Fri Jul 28 00:00:00 GMT+01:00 2023,Corporate Event,10168
10169,Deal old marriage.,Fri Nov 15 00:00:00 GMT+01:00 2024,Birthday,10169
10170,Particularly close accept.,Sun Jan 15 00:00:00 GMT+01:00 2023,Birthday,10170
10171,None ability now.,Fri Apr 29 00:00:00 GMT+01:00 2022,Wedding,10171
10172,Threat candidate.,Thu Feb 06 00:00:00 GMT+01:00 2025,Private Party,10172
10173,Card any attention.,Mon Jul 10 00:00:00 GMT+01:00 2023,Private Party,10173
10174,Whether fire try.,Thu Dec 05 00:00:00 GMT+01:00 2024,Private Party,10174
10175,Away check.,Sat Apr 29 00:00:00 GMT+01:00 2023,Private Party,10175
10176,Official necessary.,Sun Aug 14 00:00:00 GMT+01:00 2022,Private Party,10176
10177,Large agent.,Sun Jul 02 00:00:00 GMT+01:00 2023,Private Party,10177
10178,Information.,Sat Jun 17 00:00:00 GMT+01:00 2023,Private Party,10178
10179,Sound task.,Mon Mar 24 00:00:00 GMT+01:00 2025,Private Party,10179
10180,Race.,Wed Feb 23 00:00:00 GMT+01:00 2022,Private Party,10180
10181,Provide away.,Tue Oct 24 00:00:00 GMT+01:00 2023,Corporate Event,10181
10182,Simple carry decision.,Thu May 16 00:00:00 GMT+01:00 2024,Birthday,10182
10183,From travel audience without.,Sun Oct 05 00:00:00 GMT+01:00 2025,Wedding,10183
10184,Practice treat mission quality.,Thu Jun 09 00:00:00 GMT+01:00 2022,Private Party,10184
10185,Smile parent.,Thu Feb 13 00:00:00 GMT+01:00 2025,Corporate Event,10185
10186,Right common.,Sat Jul 05 00:00:00 GMT+01:00 2025,Wedding,10186
10187,Throw eight.,Sun May 19 00:00:00 GMT+01:00 2024,Corporate Event,10187
10188,Wall about alone.,Wed Oct 11 00:00:00 GMT+01:00 2023,Birthday,10188
10189,Memory.,Thu Jan 05 00:00:00 GMT+01:00 2023,Birthday,10189
10190,Study today.,Wed Aug 24 00:00:00 GMT+01:00 2022,Wedding,10190
10191,Player pick street.,Tue Apr 11 00:00:00 GMT+01:00 2023,Wedding,10191
10192,World consider now discussion.,Sun Nov 10 00:00:00 GMT+01:00 2024,Birthday,10192
10193,Family enter away.,Sun May 28 00:00:00 GMT+01:00 2023,Private Party,10193
10194,Early often.,Sun Oct 06 00:00:00 GMT+01:00 2024,Private Party,10194
10195,Available dinner you ready.,Fri Nov 21 00:00:00 GMT+01:00 2025,Birthday,10195
10196,Land miss issue.,Thu Jan 13 00:00:00 GMT+01:00 2022,Wedding,10196
10197,Itself street like.,Fri May 26 00:00:00 GMT+01:00 2023,Wedding,10197
10198,Investment who represent.,Sun Jun 12 00:00:00 GMT+01:00 2022,Private Party,10198
10199,Research dark daughter.,Fri Aug 08 00:00:00 GMT+01:00 2025,Corporate Event,10199
10200,Upon image though.,Fri Sep 23 00:00:00 GMT+01:00 2022,Private Party,10200
10201,Keep national.,Tue Dec 05 00:00:00 GMT+01:00 2023,Wedding,10201
10202,Pattern about.,Tue May 10 00:00:00 GMT+01:00 2022,Wedding,10202
10203,Trouble college.,Fri Mar 25 00:00:00 GMT+01:00 2022,Wedding,10203
10204,Behavior two.,Sun Mar 24 00:00:00 GMT+01:00 2024,Private Party,10204
10205,Cut everyone lose.,Mon Jun 26 00:00:00 GMT+01:00 2023,Corporate Event,10205
10206,Any group.,Mon Oct 30 00:00:00 GMT+01:00 2023,Private Party,10206
10207,Necessary far hold.,Sun Apr 06 00:00:00 GMT+01:00 2025,Birthday,10207
10208,Political stock while.,Fri Jun 14 00:00:00 GMT+01:00 2024,Corporate Event,10208
10209,Benefit deep.,Thu Sep 18 00:00:00 GMT+01:00 2025,Birthday,10209
10210,Avoid enjoy ago.,Thu Jun 27 00:00:00 GMT+01:00 2024,Birthday,10210
10211,Laugh thought.,Sun May 19 00:00:00 GMT+01:00 2024,Private Party,10211
10212,Choose I would.,Tue Oct 11 00:00:00 GMT+01:00 2022,Wedding,10212
10213,Game scene.,Sat Nov 18 00:00:00 GMT+01:00 2023,Wedding,10213
10214,Religious.,Sun Apr 27 00:00:00 GMT+01:00 2025,Corporate Event,10214
10215,So look art.,Tue Jul 08 00:00:00 GMT+01:00 2025,Private Party,10215
10216,Month data hundred.,Fri May 20 00:00:00 GMT+01:00 2022,Corporate Event,10216
10217,Two development.,Tue Jun 14 00:00:00 GMT+01:00 2022,Birthday,10217
10218,Identify interview close.,Tue May 27 00:00:00 GMT+01:00 2025,Wedding,10218
10219,Ask PM treatment.,Thu Sep 25 00:00:00 GMT+01:00 2025,Corporate Event,10219
10220,Tend try huge letter.,Mon Apr 25 00:00:00 GMT+01:00 2022,Private Party,10220
10221,Senior center realize.,Fri Sep 20 00:00:00 GMT+01:00 2024,Private Party,10221
10222,Window statement data.,Tue May 28 00:00:00 GMT+01:00 2024,Private Party,10222
10223,Stage it.,Thu Sep 15 00:00:00 GMT+01:00 2022,Private Party,10223
10224,His act.,Sat Dec 17 00:00:00 GMT+01:00 2022,Birthday,10224
10225,Enter prevent heart.,Wed Mar 29 00:00:00 GMT+01:00 2023,Private Party,10225
10226,Really hotel sure with.,Wed Feb 26 00:00:00 GMT+01:00 2025,Birthday,10226
10227,Black sometimes.,Tue Sep 09 00:00:00 GMT+01:00 2025,Private Party,10227
10228,Perhaps imagine popular.,Tue Apr 09 00:00:00 GMT+01:00 2024,Private Party,10228
10229,Mean while purpose marriage.,Sun Dec 15 00:00:00 GMT+01:00 2024,Private Party,10229
10230,Now magazine student.,Mon Jan 10 00:00:00 GMT+01:00 2022,Wedding,10230
10231,Act table seven.,Tue Nov 11 00:00:00 GMT+01:00 2025,Wedding,10231
10232,Least nice.,Thu Jun 20 00:00:00 GMT+01:00 2024,Birthday,10232
10233,Well recognize simple.,Fri Jul 25 00:00:00 GMT+01:00 2025,Private Party,10233
10234,West whatever.,Wed Nov 09 00:00:00 GMT+01:00 2022,Corporate Event,10234
10235,Star professor affect.,Wed Mar 22 00:00:00 GMT+01:00 2023,Private Party,10235
10236,Machine speak.,Fri Feb 24 00:00:00 GMT+01:00 2023,Corporate Event,10236
10237,Behavior strong decision.,Sat Oct 28 00:00:00 GMT+01:00 2023,Wedding,10237
10238,Arrive admit customer.,Sun Jan 07 00:00:00 GMT+01:00 2024,Wedding,10238
10239,Almost direction middle.,Fri Oct 11 00:00:00 GMT+01:00 2024,Private Party,10239
10240,Be or future.,Wed Oct 15 00:00:00 GMT+01:00 2025,Private Party,10240
10241,Include theory.,Thu Aug 04 00:00:00 GMT+01:00 2022,Wedding,10241
10242,Learn.,Mon Jan 01 00:00:00 GMT+01:00 2024,Birthday,10242
10243,Government.,Fri May 06 00:00:00 GMT+01:00 2022,Private Party,10243
10244,Ball Mr.,Sun Mar 06 00:00:00 GMT+01:00 2022,Private Party,10244
10245,Without also information.,Tue Apr 09 00:00:00 GMT+01:00 2024,Corporate Event,10245
10246,May together.,Fri Oct 13 00:00:00 GMT+01:00 2023,Wedding,10246
10247,Official more group win.,Thu Mar 28 00:00:00 GMT+01:00 2024,Corporate Event,10247
10248,Send decade somebody.,Sat Jan 15 00:00:00 GMT+01:00 2022,Birthday,10248
10249,Story should raise reveal.,Fri Sep 09 00:00:00 GMT+01:00 2022,Birthday,10249
10250,Oil cold bad.,Tue Nov 08 00:00:00 GMT+01:00 2022,Corporate Event,10250
10251,Break wife.,Mon Oct 30 00:00:00 GMT+01:00 2023,Corporate Event,10251
10252,Care these.,Tue Nov 22 00:00:00 GMT+01:00 2022,Corporate Event,10252
10253,Million thing body.,Thu Dec 28 00:00:00 GMT+01:00 2023,Private Party,10253
10254,Notice record.,Thu Apr 18 00:00:00 GMT+01:00 2024,Wedding,10254
10255,Then Republican both civil.,Thu Dec 05 00:00:00 GMT+01:00 2024,Private Party,10255
10256,Effect such whatever stand.,Sun Jul 31 00:00:00 GMT+01:00 2022,Birthday,10256
10257,Only discussion.,Sun Oct 20 00:00:00 GMT+01:00 2024,Birthday,10257
10258,Might.,Fri Apr 04 00:00:00 GMT+01:00 2025,Wedding,10258
10259,Brother usually couple.,Fri Dec 06 00:00:00 GMT+01:00 2024,Private Party,10259
10260,Up cause great.,Thu Dec 19 00:00:00 GMT+01:00 2024,Corporate Event,10260
10261,Fine discussion.,Wed Aug 28 00:00:00 GMT+01:00 2024,Wedding,10261
10262,Edge center.,Fri Dec 23 00:00:00 GMT+01:00 2022,Wedding,10262
10263,Role thank century.,Sun Jul 24 00:00:00 GMT+01:00 2022,Corporate Event,10263
10264,Tell collection since.,Sat Aug 20 00:00:00 GMT+01:00 2022,Private Party,10264
10265,Up so door.,Sun Jun 08 00:00:00 GMT+01:00 2025,Corporate Event,10265
10266,Finish air.,Thu Jun 02 00:00:00 GMT+01:00 2022,Corporate Event,10266
10267,Far born.,Tue May 07 00:00:00 GMT+01:00 2024,Private Party,10267
10268,Man like.,Mon Mar 24 00:00:00 GMT+01:00 2025,Birthday,10268
10269,Defense accept.,Wed Aug 03 00:00:00 GMT+01:00 2022,Birthday,10269
10270,Later.,Fri Nov 17 00:00:00 GMT+01:00 2023,Corporate Event,10270
10271,Major.,Thu Sep 22 00:00:00 GMT+01:00 2022,Birthday,10271
10272,Eight floor live.,Sun Jul 06 00:00:00 GMT+01:00 2025,Private Party,10272
10273,Goal suddenly discussion.,Thu Feb 27 00:00:00 GMT+01:00 2025,Birthday,10273
10274,Increase ball wife.,Tue Jul 08 00:00:00 GMT+01:00 2025,Birthday,10274
10275,Avoid woman a.,Mon Sep 22 00:00:00 GMT+01:00 2025,Private Party,10275
10276,Father paper may.,Fri Mar 18 00:00:00 GMT+01:00 2022,Private Party,10276
10277,How there.,Wed Mar 05 00:00:00 GMT+01:00 2025,Corporate Event,10277
10278,Learn cell maybe.,Fri Jul 11 00:00:00 GMT+01:00 2025,Corporate Event,10278
10279,Step cell sport soon.,Sun May 22 00:00:00 GMT+01:00 2022,Private Party,10279
10280,Outside this.,Sun Apr 20 00:00:00 GMT+01:00 2025,Private Party,10280
10281,Whose nature amount.,Tue Jan 21 00:00:00 GMT+01:00 2025,Private Party,10281
10282,North.,Mon Sep 08 00:00:00 GMT+01:00 2025,Corporate Event,10282
10283,Action order.,Tue Aug 27 00:00:00 GMT+01:00 2024,Private Party,10283
10284,Medical that reality.,Sun Jul 28 00:00:00 GMT+01:00 2024,Birthday,10284
10285,Cause account.,Wed Nov 16 00:00:00 GMT+01:00 2022,Corporate Event,10285
10286,Pull attention.,Sun Jan 02 00:00:00 GMT+01:00 2022,Wedding,10286
10287,See stop.,Thu Feb 17 00:00:00 GMT+01:00 2022,Birthday,10287
10288,Husband.,Mon Feb 06 00:00:00 GMT+01:00 2023,Corporate Event,10288
10289,Benefit performance chair.,Sun Jul 03 00:00:00 GMT+01:00 2022,Wedding,10289
10290,Then son too.,Tue Jun 03 00:00:00 GMT+01:00 2025,Wedding,10290
10291,Hair area.,Sun May 05 00:00:00 GMT+01:00 2024,Wedding,10291
10292,Sing instead social.,Fri Jul 07 00:00:00 GMT+01:00 2023,Birthday,10292
10293,Have card myself.,Thu Apr 07 00:00:00 GMT+01:00 2022,Wedding,10293
10294,Life yet.,Thu Nov 27 00:00:00 GMT+01:00 2025,Birthday,10294
10295,Recent by.,Sat Jun 07 00:00:00 GMT+01:00 2025,Corporate Event,10295
10296,Every three west.,Wed Jul 03 00:00:00 GMT+01:00 2024,Private Party,10296
10297,Authority case.,Sat Dec 20 00:00:00 GMT+01:00 2025,Wedding,10297
10298,Against nature.,Tue Mar 21 00:00:00 GMT+01:00 2023,Corporate Event,10298
10299,Someone training.,Thu May 05 00:00:00 GMT+01:00 2022,Corporate Event,10299
10300,Organization discover.,Sat Nov 16 00:00:00 GMT+01:00 2024,Wedding,10300
10301,Reach per.,Thu Aug 22 00:00:00 GMT+01:00 2024,Corporate Event,10301
10302,No ahead at.,Sun Jan 28 00:00:00 GMT+01:00 2024,Wedding,10302
10303,Right will.,Wed Aug 16 00:00:00 GMT+01:00 2023,Birthday,10303
10304,Like cover.,Tue Dec 13 00:00:00 GMT+01:00 2022,Corporate Event,10304
10305,Contain range wrong.,Mon Mar 17 00:00:00 GMT+01:00 2025,Wedding,10305
10306,Join southern.,Mon Jan 10 00:00:00 GMT+01:00 2022,Private Party,10306
10307,Drop herself such.,Sun Aug 14 00:00:00 GMT+01:00 2022,Wedding,10307
10308,Yourself today.,Wed Nov 29 00:00:00 GMT+01:00 2023,Corporate Event,10308
10309,See customer.,Wed Jul 20 00:00:00 GMT+01:00 2022,Private Party,10309
10310,Open involve everybody.,Thu Feb 23 00:00:00 GMT+01:00 2023,Birthday,10310
10311,See heavy.,Thu Jun 23 00:00:00 GMT+01:00 2022,Birthday,10311
10312,Its.,Tue Jul 18 00:00:00 GMT+01:00 2023,Birthday,10312
10313,Peace food world.,Thu Sep 21 00:00:00 GMT+01:00 2023,Private Party,10313
10314,Market.,Wed Jan 22 00:00:00 GMT+01:00 2025,Corporate Event,10314
10315,Shake summer course.,Wed May 28 00:00:00 GMT+01:00 2025,Corporate Event,10315
10316,Here together billion.,Tue Nov 14 00:00:00 GMT+01:00 2023,Wedding,10316
10317,Arrive while do.,Thu Jan 05 00:00:00 GMT+01:00 2023,Corporate Event,10317
10318,Floor radio prove.,Sat Feb 18 00:00:00 GMT+01:00 2023,Wedding,10318
10319,Allow.,Thu Jul 21 00:00:00 GMT+01:00 2022,Corporate Event,10319
10320,Try ability.,Fri Jun 21 00:00:00 GMT+01:00 2024,Private Party,10320
10321,Indicate fire tax.,Thu Feb 29 00:00:00 GMT+01:00 2024,Corporate Event,10321
10322,Among right no.,Sun Feb 18 00:00:00 GMT+01:00 2024,Corporate Event,10322
10323,Those lawyer always.,Sat Feb 17 00:00:00 GMT+01:00 2024,Birthday,10323
10324,Why positive entire.,Fri Apr 28 00:00:00 GMT+01:00 2023,Wedding,10324
10325,Special east station.,Tue Feb 01 00:00:00 GMT+01:00 2022,Birthday,10325
10326,Parent fly among.,Mon Nov 11 00:00:00 GMT+01:00 2024,Wedding,10326
10327,Mr must.,Wed Mar 22 00:00:00 GMT+01:00 2023,Corporate Event,10327
10328,Clear win.,Tue Jun 28 00:00:00 GMT+01:00 2022,Private Party,10328
10329,Coach imagine.,Thu Dec 07 00:00:00 GMT+01:00 2023,Private Party,10329
10330,Suggest eight their father.,Fri Oct 18 00:00:00 GMT+01:00 2024,Wedding,10330
10331,Some nor security.,Sat Jul 01 00:00:00 GMT+01:00 2023,Private Party,10331
10332,Religious family.,Sun Jun 19 00:00:00 GMT+01:00 2022,Corporate Event,10332
10333,Book kid several.,Sat Aug 23 00:00:00 GMT+01:00 2025,Corporate Event,10333
10334,Agree music.,Thu Oct 17 00:00:00 GMT+01:00 2024,Private Party,10334
10335,Face result.,Tue Mar 21 00:00:00 GMT+01:00 2023,Private Party,10335
10336,Him industry.,Thu Jun 23 00:00:00 GMT+01:00 2022,Birthday,10336
10337,We plant.,Sun Sep 14 00:00:00 GMT+01:00 2025,Birthday,10337
10338,Adult likely.,Sun Apr 03 00:00:00 GMT+01:00 2022,Corporate Event,10338
10339,Similar.,Mon Mar 03 00:00:00 GMT+01:00 2025,Corporate Event,10339
10340,Doctor minute finally.,Fri Oct 11 00:00:00 GMT+01:00 2024,Corporate Event,10340
10341,Heavy already from.,Sat Aug 16 00:00:00 GMT+01:00 2025,Wedding,10341
10342,Beat discuss be.,Sun Jun 08 00:00:00 GMT+01:00 2025,Wedding,10342
10343,Fine I company.,Fri Nov 21 00:00:00 GMT+01:00 2025,Private Party,10343
10344,Necessary use ball.,Thu Jun 01 00:00:00 GMT+01:00 2023,Private Party,10344
10345,Always girl face.,Sat Jan 25 00:00:00 GMT+01:00 2025,Corporate Event,10345
10346,Smile according leader.,Thu Feb 15 00:00:00 GMT+01:00 2024,Wedding,10346
10347,Civil onto trouble tax.,Fri Nov 28 00:00:00 GMT+01:00 2025,Private Party,10347
10348,Sort will.,Fri Dec 29 00:00:00 GMT+01:00 2023,Corporate Event,10348
10349,Whose another.,Sun Sep 03 00:00:00 GMT+01:00 2023,Wedding,10349
10350,Law culture along.,Mon Sep 01 00:00:00 GMT+01:00 2025,Corporate Event,10350
10351,Six line crime.,Tue Oct 01 00:00:00 GMT+01:00 2024,Private Party,10351
10352,Study play.,Fri Jan 05 00:00:00 GMT+01:00 2024,Private Party,10352
10353,Television money surface.,Sun Jun 15 00:00:00 GMT+01:00 2025,Corporate Event,10353
10354,Program scene politics.,Fri Aug 04 00:00:00 GMT+01:00 2023,Wedding,10354
10355,Cell might.,Wed Oct 15 00:00:00 GMT+01:00 2025,Birthday,10355
10356,Floor last nature.,Fri Oct 20 00:00:00 GMT+01:00 2023,Corporate Event,10356
10357,Long see.,Fri Dec 01 00:00:00 GMT+01:00 2023,Wedding,10357
10358,Eight stay hour.,Tue Nov 18 00:00:00 GMT+01:00 2025,Birthday,10358
10359,Create voice.,Mon Feb 19 00:00:00 GMT+01:00 2024,Private Party,10359
10360,Product such challenge page.,Wed Aug 13 00:00:00 GMT+01:00 2025,Birthday,10360
10361,Tell.,Fri Aug 25 00:00:00 GMT+01:00 2023,Wedding,10361
10362,Maybe learn able.,Tue Jul 05 00:00:00 GMT+01:00 2022,Birthday,10362
10363,Notice day parent.,Sun Oct 19 00:00:00 GMT+01:00 2025,Private Party,10363
10364,According account street.,Thu Mar 13 00:00:00 GMT+01:00 2025,Wedding,10364
10365,Before by.,Wed Jan 08 00:00:00 GMT+01:00 2025,Wedding,10365
10366,Very model item.,Tue Jan 24 00:00:00 GMT+01:00 2023,Private Party,10366
10367,Feeling collection computer.,Tue Dec 09 00:00:00 GMT+01:00 2025,Birthday,10367
10368,Card me less.,Sun Jan 26 00:00:00 GMT+01:00 2025,Private Party,10368
10369,Once focus.,Wed May 18 00:00:00 GMT+01:00 2022,Corporate Event,10369
10370,Remain defense.,Sat Sep 30 00:00:00 GMT+01:00 2023,Private Party,10370
10371,Trouble poor nor.,Mon Jun 23 00:00:00 GMT+01:00 2025,Corporate Event,10371
10372,Because threat this.,Fri Mar 03 00:00:00 GMT+01:00 2023,Wedding,10372
10373,Of bad high.,Thu Apr 10 00:00:00 GMT+01:00 2025,Wedding,10373
10374,Bank cultural effect billion.,Tue Nov 25 00:00:00 GMT+01:00 2025,Birthday,10374
10375,Company night perform.,Wed Mar 08 00:00:00 GMT+01:00 2023,Private Party,10375
10376,Participant certain police.,Tue Jul 19 00:00:00 GMT+01:00 2022,Private Party,10376
10377,Act need present.,Mon Mar 11 00:00:00 GMT+01:00 2024,Birthday,10377
10378,Hot PM.,Sun Jun 09 00:00:00 GMT+01:00 2024,Birthday,10378
10379,Notice month education.,Mon Jul 24 00:00:00 GMT+01:00 2023,Private Party,10379
10380,There across.,Fri Feb 10 00:00:00 GMT+01:00 2023,Private Party,10380
10381,Stage on.,Wed Jun 12 00:00:00 GMT+01:00 2024,Private Party,10381
10382,Watch bed.,Tue Nov 07 00:00:00 GMT+01:00 2023,Private Party,10382
10383,Course old.,Tue Feb 18 00:00:00 GMT+01:00 2025,Birthday,10383
10384,Section.,Mon May 06 00:00:00 GMT+01:00 2024,Private Party,10384
10385,Main weight.,Thu Feb 02 00:00:00 GMT+01:00 2023,Wedding,10385
10386,Too play entire.,Sat Sep 16 00:00:00 GMT+01:00 2023,Birthday,10386
10387,Receive read research instead.,Mon Aug 29 00:00:00 GMT+01:00 2022,Private Party,10387
10388,Foreign anything any.,Tue Mar 07 00:00:00 GMT+01:00 2023,Birthday,10388
10389,Language push.,Wed Jan 10 00:00:00 GMT+01:00 2024,Birthday,10389
10390,Child.,Wed Nov 09 00:00:00 GMT+01:00 2022,Private Party,10390
10391,Authority explain.,Sat Dec 07 00:00:00 GMT+01:00 2024,Corporate Event,10391
10392,Statement bit.,Mon Apr 28 00:00:00 GMT+01:00 2025,Birthday,10392
10393,Return direction street.,Tue Mar 28 00:00:00 GMT+01:00 2023,Wedding,10393
10394,Recently western.,Tue May 07 00:00:00 GMT+01:00 2024,Corporate Event,10394
10395,In star director.,Fri May 19 00:00:00 GMT+01:00 2023,Birthday,10395
10396,Perhaps share order.,Fri Jan 03 00:00:00 GMT+01:00 2025,Private Party,10396
10397,Will gas three.,Tue Jan 02 00:00:00 GMT+01:00 2024,Private Party,10397
10398,Into stage.,Thu Jul 18 00:00:00 GMT+01:00 2024,Private Party,10398
10399,Service environmental analysis.,Sun Mar 20 00:00:00 GMT+01:00 2022,Corporate Event,10399
10400,Collection face.,Sun Mar 02 00:00:00 GMT+01:00 2025,Private Party,10400
10401,All risk your.,Thu Dec 14 00:00:00 GMT+01:00 2023,Corporate Event,10401
10402,Explain.,Mon Nov 07 00:00:00 GMT+01:00 2022,Corporate Event,10402
10403,Manage.,Mon Jun 16 00:00:00 GMT+01:00 2025,Wedding,10403
10404,Plant computer prove tell.,Tue Mar 11 00:00:00 GMT+01:00 2025,Wedding,10404
10405,College.,Fri Jan 07 00:00:00 GMT+01:00 2022,Wedding,10405
10406,Age house music.,Sat Jan 18 00:00:00 GMT+01:00 2025,Wedding,10406
10407,See sometimes.,Fri Oct 20 00:00:00 GMT+01:00 2023,Private Party,10407
10408,Fire strong bed.,Sun May 19 00:00:00 GMT+01:00 2024,Private Party,10408
10409,Surface weight choose.,Thu Jun 16 00:00:00 GMT+01:00 2022,Private Party,10409
10410,Size.,Sat Jun 29 00:00:00 GMT+01:00 2024,Private Party,10410
10411,Itself good best.,Mon Apr 17 00:00:00 GMT+01:00 2023,Private Party,10411
10412,Itself phone follow.,Sun Jul 28 00:00:00 GMT+01:00 2024,Private Party,10412
10413,They executive.,Tue Jan 18 00:00:00 GMT+01:00 2022,Corporate Event,10413
10414,Discussion firm.,Mon Mar 03 00:00:00 GMT+01:00 2025,Private Party,10414
10415,You military top.,Mon Jan 02 00:00:00 GMT+01:00 2023,Private Party,10415
10416,Soon purpose.,Fri May 20 00:00:00 GMT+01:00 2022,Corporate Event,10416
10417,Short industry check.,Fri May 02 00:00:00 GMT+01:00 2025,Wedding,10417
10418,Hear decision have.,Thu Jul 27 00:00:00 GMT+01:00 2023,Wedding,10418
10419,Race off practice.,Sun Mar 05 00:00:00 GMT+01:00 2023,Wedding,10419
10420,Return occur.,Fri Dec 19 00:00:00 GMT+01:00 2025,Wedding,10420
10421,Toward pass.,Sat Feb 25 00:00:00 GMT+01:00 2023,Corporate Event,10421
10422,Miss remember check.,Fri Nov 04 00:00:00 GMT+01:00 2022,Wedding,10422
10423,Meet magazine blue.,Sat Jul 02 00:00:00 GMT+01:00 2022,Private Party,10423
10424,Start might.,Fri Sep 27 00:00:00 GMT+01:00 2024,Corporate Event,10424
10425,Like light.,Fri Jun 24 00:00:00 GMT+01:00 2022,Private Party,10425
10426,Seek forward staff treat.,Wed Apr 02 00:00:00 GMT+01:00 2025,Birthday,10426
10427,Likely loss fact do.,Sat Oct 05 00:00:00 GMT+01:00 2024,Wedding,10427
10428,Explain them.,Tue Apr 18 00:00:00 GMT+01:00 2023,Birthday,10428
10429,Plan event.,Mon May 16 00:00:00 GMT+01:00 2022,Birthday,10429
10430,Sea him language.,Thu Jun 20 00:00:00 GMT+01:00 2024,Private Party,10430
10431,With business practice.,Tue Oct 28 00:00:00 GMT+01:00 2025,Birthday,10431
10432,Anyone air Congress.,Thu Mar 17 00:00:00 GMT+01:00 2022,Private Party,10432
10433,Add yeah.,Sun May 29 00:00:00 GMT+01:00 2022,Wedding,10433
10434,Full deep artist.,Sat Dec 21 00:00:00 GMT+01:00 2024,Corporate Event,10434
10435,Trouble.,Sat Dec 09 00:00:00 GMT+01:00 2023,Private Party,10435
10436,Data hit.,Fri Sep 05 00:00:00 GMT+01:00 2025,Wedding,10436
10437,Have still force.,Fri Mar 18 00:00:00 GMT+01:00 2022,Private Party,10437
10438,Far front may much.,Sat Oct 04 00:00:00 GMT+01:00 2025,Wedding,10438
10439,Yourself.,Sat May 17 00:00:00 GMT+01:00 2025,Private Party,10439
10440,Line news.,Sun May 08 00:00:00 GMT+01:00 2022,Corporate Event,10440
10441,Notice lot.,Mon Jul 07 00:00:00 GMT+01:00 2025,Birthday,10441
10442,Almost lawyer water.,Fri Aug 01 00:00:00 GMT+01:00 2025,Wedding,10442
10443,Run sea plant.,Fri May 13 00:00:00 GMT+01:00 2022,Birthday,10443
10444,Evidence director.,Fri Jan 12 00:00:00 GMT+01:00 2024,Private Party,10444
10445,History require.,Fri Oct 10 00:00:00 GMT+01:00 2025,Corporate Event,10445
10446,During middle enter.,Sat Dec 21 00:00:00 GMT+01:00 2024,Corporate Event,10446
10447,Realize go adult.,Mon Jan 24 00:00:00 GMT+01:00 2022,Private Party,10447
10448,Anything different sort.,Sun Dec 08 00:00:00 GMT+01:00 2024,Private Party,10448
10449,Perform will list.,Mon Apr 21 00:00:00 GMT+01:00 2025,Private Party,10449
10450,And.,Fri Jan 26 00:00:00 GMT+01:00 2024,Birthday,10450
10451,Identify from.,Tue Sep 27 00:00:00 GMT+01:00 2022,Birthday,10451
10452,Question report investment.,Sat Dec 10 00:00:00 GMT+01:00 2022,Private Party,10452
10453,Enough sell card.,Mon Jan 16 00:00:00 GMT+01:00 2023,Private Party,10453
10454,Authority cultural edge.,Tue Jul 18 00:00:00 GMT+01:00 2023,Wedding,10454
10455,Civil fear.,Sun Apr 23 00:00:00 GMT+01:00 2023,Corporate Event,10455
10456,Book so name.,Fri Jul 11 00:00:00 GMT+01:00 2025,Wedding,10456
10457,Writer worry.,Fri Sep 20 00:00:00 GMT+01:00 2024,Wedding,10457
10458,Heart.,Mon Jun 30 00:00:00 GMT+01:00 2025,Corporate Event,10458
10459,Food decision move.,Fri Jan 05 00:00:00 GMT+01:00 2024,Corporate Event,10459
10460,Five religious ability.,Thu May 05 00:00:00 GMT+01:00 2022,Private Party,10460
10461,Hit size page.,Tue Aug 20 00:00:00 GMT+01:00 2024,Wedding,10461
10462,Natural other.,Mon Dec 08 00:00:00 GMT+01:00 2025,Wedding,10462
10463,Nice crime during hold.,Tue Feb 08 00:00:00 GMT+01:00 2022,Corporate Event,10463
10464,Turn training.,Tue May 06 00:00:00 GMT+01:00 2025,Corporate Event,10464
10465,Get reach any.,Sun Mar 16 00:00:00 GMT+01:00 2025,Wedding,10465
10466,Shake church do.,Sat May 03 00:00:00 GMT+01:00 2025,Corporate Event,10466
10467,Seven fight.,Tue Apr 25 00:00:00 GMT+01:00 2023,Birthday,10467
10468,American notice bill.,Mon Feb 13 00:00:00 GMT+01:00 2023,Private Party,10468
10469,Account loss day.,Mon Jul 22 00:00:00 GMT+01:00 2024,Birthday,10469
10470,Air commercial.,Thu Dec 19 00:00:00 GMT+01:00 2024,Private Party,10470
10471,Modern entire hundred.,Tue Oct 29 00:00:00 GMT+01:00 2024,Birthday,10471
10472,White on.,Fri Jun 03 00:00:00 GMT+01:00 2022,Corporate Event,10472
10473,Year article.,Mon Nov 24 00:00:00 GMT+01:00 2025,Corporate Event,10473
10474,Name idea.,Sun May 07 00:00:00 GMT+01:00 2023,Corporate Event,10474
10475,Attorney factor put.,Thu Aug 03 00:00:00 GMT+01:00 2023,Wedding,10475
10476,Why difficult.,Fri Aug 22 00:00:00 GMT+01:00 2025,Wedding,10476
10477,What owner listen.,Sun Mar 13 00:00:00 GMT+01:00 2022,Wedding,10477
10478,Ask least.,Tue Jan 23 00:00:00 GMT+01:00 2024,Corporate Event,10478
10479,Student forward.,Sat Oct 04 00:00:00 GMT+01:00 2025,Corporate Event,10479
10480,Goal draw need.,Mon Sep 16 00:00:00 GMT+01:00 2024,Birthday,10480
10481,Address catch.,Tue Oct 10 00:00:00 GMT+01:00 2023,Corporate Event,10481
10482,Under stop.,Thu Nov 28 00:00:00 GMT+01:00 2024,Wedding,10482
10483,Republican outside.,Mon Sep 11 00:00:00 GMT+01:00 2023,Private Party,10483
10484,Animal use hear.,Tue Mar 22 00:00:00 GMT+01:00 2022,Corporate Event,10484
10485,Player particular.,Thu May 25 00:00:00 GMT+01:00 2023,Birthday,10485
10486,Herself child.,Wed Jan 01 00:00:00 GMT+01:00 2025,Birthday,10486
10487,Appear science pass.,Thu Jul 31 00:00:00 GMT+01:00 2025,Birthday,10487
10488,Each return defense chair.,Sun Dec 03 00:00:00 GMT+01:00 2023,Birthday,10488
10489,Event similar wish.,Tue Nov 14 00:00:00 GMT+01:00 2023,Wedding,10489
10490,Return improve.,Wed Nov 26 00:00:00 GMT+01:00 2025,Corporate Event,10490
10491,Bank center.,Sat Feb 19 00:00:00 GMT+01:00 2022,Corporate Event,10491
10492,Fine class.,Mon Jun 06 00:00:00 GMT+01:00 2022,Corporate Event,10492
10493,Action dream strong.,Fri Oct 13 00:00:00 GMT+01:00 2023,Corporate Event,10493
10494,Organization ever great take.,Tue Apr 04 00:00:00 GMT+01:00 2023,Birthday,10494
10495,Air everybody itself.,Tue Dec 03 00:00:00 GMT+01:00 2024,Corporate Event,10495
10496,Future grow use.,Fri Apr 08 00:00:00 GMT+01:00 2022,Birthday,10496
10497,Support.,Sun Apr 17 00:00:00 GMT+01:00 2022,Private Party,10497
10498,Sort fact training.,Thu Jan 19 00:00:00 GMT+01:00 2023,Private Party,10498
10499,Network go big.,Sun Oct 16 00:00:00 GMT+01:00 2022,Birthday,10499
10500,Student if.,Sat Jan 14 00:00:00 GMT+01:00 2023,Wedding,10500
10501,Realize around store.,Sat Oct 12 00:00:00 GMT+01:00 2024,Corporate Event,10501
10502,Spring deal.,Sun Apr 02 00:00:00 GMT+01:00 2023,Corporate Event,10502
10503,Agency what where.,Tue Jan 10 00:00:00 GMT+01:00 2023,Private Party,10503
10504,Option how.,Thu Jun 23 00:00:00 GMT+01:00 2022,Birthday,10504
10505,Mr lay.,Sun Aug 28 00:00:00 GMT+01:00 2022,Private Party,10505
10506,Myself rock.,Fri Sep 26 00:00:00 GMT+01:00 2025,Private Party,10506
10507,Far community network.,Thu Aug 21 00:00:00 GMT+01:00 2025,Birthday,10507
10508,Prepare prepare.,Mon Sep 18 00:00:00 GMT+01:00 2023,Birthday,10508
10509,Identify attorney.,Thu Jan 09 00:00:00 GMT+01:00 2025,Birthday,10509
10510,Meeting dinner.,Wed Aug 06 00:00:00 GMT+01:00 2025,Wedding,10510
10511,Box thousand dream.,Sun Feb 13 00:00:00 GMT+01:00 2022,Birthday,10511
10512,Government standard maybe.,Fri Jan 12 00:00:00 GMT+01:00 2024,Corporate Event,10512
10513,Form left think book.,Fri Mar 24 00:00:00 GMT+01:00 2023,Corporate Event,10513
10514,Letter beat church.,Wed Sep 06 00:00:00 GMT+01:00 2023,Private Party,10514
10515,Explain simple through.,Wed Apr 02 00:00:00 GMT+01:00 2025,Private Party,10515
10516,Effort include.,Wed Apr 16 00:00:00 GMT+01:00 2025,Private Party,10516
10517,Age worker.,Wed Jun 01 00:00:00 GMT+01:00 2022,Wedding,10517
10518,Section look picture.,Thu Apr 03 00:00:00 GMT+01:00 2025,Private Party,10518
10519,Cut.,Sat Jul 08 00:00:00 GMT+01:00 2023,Wedding,10519
10520,Treat thought.,Thu Mar 02 00:00:00 GMT+01:00 2023,Private Party,10520
10521,Assume herself foot hour.,Thu Jan 13 00:00:00 GMT+01:00 2022,Wedding,10521
10522,Walk hour.,Thu Dec 05 00:00:00 GMT+01:00 2024,Wedding,10522
10523,Foreign as.,Sat Mar 04 00:00:00 GMT+01:00 2023,Birthday,10523
10524,Participant week.,Sat Aug 06 00:00:00 GMT+01:00 2022,Wedding,10524
10525,Tax brother throughout wait.,Sun Nov 24 00:00:00 GMT+01:00 2024,Wedding,10525
10526,Hold party spring.,Thu Mar 07 00:00:00 GMT+01:00 2024,Private Party,10526
10527,Ball.,Tue Jul 29 00:00:00 GMT+01:00 2025,Wedding,10527
10528,Image write point.,Mon Mar 07 00:00:00 GMT+01:00 2022,Wedding,10528
10529,Trade staff main.,Sun Oct 12 00:00:00 GMT+01:00 2025,Corporate Event,10529
10530,Letter wrong girl sister.,Tue Jun 07 00:00:00 GMT+01:00 2022,Wedding,10530
10531,Very participant.,Sat Nov 26 00:00:00 GMT+01:00 2022,Wedding,10531
10532,Customer traditional vote audience.,Wed May 31 00:00:00 GMT+01:00 2023,Private Party,10532
10533,Push opportunity.,Thu Feb 17 00:00:00 GMT+01:00 2022,Birthday,10533
10534,Billion sell.,Thu Aug 25 00:00:00 GMT+01:00 2022,Wedding,10534
10535,Matter investment.,Fri Aug 19 00:00:00 GMT+01:00 2022,Private Party,10535
10536,Break.,Wed Aug 06 00:00:00 GMT+01:00 2025,Corporate Event,10536
10537,So.,Mon Nov 20 00:00:00 GMT+01:00 2023,Wedding,10537
10538,Return help machine.,Fri Nov 11 00:00:00 GMT+01:00 2022,Corporate Event,10538
10539,Scene culture key.,Wed Jul 13 00:00:00 GMT+01:00 2022,Private Party,10539
10540,Vote choose.,Sat Jun 03 00:00:00 GMT+01:00 2023,Wedding,10540
10541,Which cultural mother.,Wed Oct 26 00:00:00 GMT+01:00 2022,Corporate Event,10541
10542,Provide if student.,Mon Mar 10 00:00:00 GMT+01:00 2025,Birthday,10542
10543,Head leave stand.,Tue Apr 02 00:00:00 GMT+01:00 2024,Private Party,10543
10544,Matter current hour.,Tue Nov 25 00:00:00 GMT+01:00 2025,Corporate Event,10544
10545,Child through last.,Sun May 05 00:00:00 GMT+01:00 2024,Private Party,10545
10546,Customer wall.,Tue Mar 05 00:00:00 GMT+01:00 2024,Wedding,10546
10547,Leave machine mean.,Thu Mar 10 00:00:00 GMT+01:00 2022,Birthday,10547
10548,Ready main.,Wed Mar 19 00:00:00 GMT+01:00 2025,Wedding,10548
10549,Somebody behavior improve window.,Thu Nov 16 00:00:00 GMT+01:00 2023,Private Party,10549
10550,Work quality simply.,Tue Dec 10 00:00:00 GMT+01:00 2024,Wedding,10550
10551,Administration.,Thu Dec 19 00:00:00 GMT+01:00 2024,Birthday,10551
10552,Sound information.,Thu Jun 13 00:00:00 GMT+01:00 2024,Wedding,10552
10553,Firm Republican.,Thu May 05 00:00:00 GMT+01:00 2022,Wedding,10553
10554,Matter decision benefit charge.,Tue Sep 05 00:00:00 GMT+01:00 2023,Wedding,10554
10555,Brother member.,Fri Nov 17 00:00:00 GMT+01:00 2023,Birthday,10555
10556,Reflect once.,Thu Aug 25 00:00:00 GMT+01:00 2022,Corporate Event,10556
10557,Board sell type.,Mon Mar 10 00:00:00 GMT+01:00 2025,Birthday,10557
10558,Recognize energy.,Thu May 05 00:00:00 GMT+01:00 2022,Wedding,10558
10559,Behind administration.,Tue Sep 30 00:00:00 GMT+01:00 2025,Birthday,10559
10560,Start large Mr.,Tue Nov 22 00:00:00 GMT+01:00 2022,Corporate Event,10560
10561,Part onto.,Thu Apr 03 00:00:00 GMT+01:00 2025,Birthday,10561
10562,Place black picture.,Sat Dec 24 00:00:00 GMT+01:00 2022,Wedding,10562
10563,Debate action.,Fri Jan 06 00:00:00 GMT+01:00 2023,Corporate Event,10563
10564,Cold case.,Tue Nov 07 00:00:00 GMT+01:00 2023,Corporate Event,10564
10565,Wide half fly.,Mon Oct 10 00:00:00 GMT+01:00 2022,Private Party,10565
10566,Tv use collection back.,Mon Nov 20 00:00:00 GMT+01:00 2023,Wedding,10566
10567,Change natural feel.,Sat Feb 01 00:00:00 GMT+01:00 2025,Wedding,10567
10568,Black radio.,Mon Feb 03 00:00:00 GMT+01:00 2025,Corporate Event,10568
10569,Population.,Wed Aug 27 00:00:00 GMT+01:00 2025,Wedding,10569
10570,Whether conference.,Wed Jun 25 00:00:00 GMT+01:00 2025,Private Party,10570
10571,Parent sense answer piece.,Wed Sep 10 00:00:00 GMT+01:00 2025,Private Party,10571
10572,Box member.,Sun Sep 15 00:00:00 GMT+01:00 2024,Wedding,10572
10573,Walk money whole hear.,Mon Sep 01 00:00:00 GMT+01:00 2025,Corporate Event,10573
10574,Beautiful spend.,Fri Feb 25 00:00:00 GMT+01:00 2022,Corporate Event,10574
10575,Arm size once.,Fri Jan 26 00:00:00 GMT+01:00 2024,Corporate Event,10575
10576,Easy own.,Fri Aug 05 00:00:00 GMT+01:00 2022,Birthday,10576
10577,Fear concern oil.,Sun Feb 04 00:00:00 GMT+01:00 2024,Corporate Event,10577
10578,Almost although meet.,Thu Apr 10 00:00:00 GMT+01:00 2025,Birthday,10578
10579,Throw real.,Fri Feb 14 00:00:00 GMT+01:00 2025,Birthday,10579
10580,Close.,Tue Oct 22 00:00:00 GMT+01:00 2024,Birthday,10580
10581,Agent professional.,Sun Jul 13 00:00:00 GMT+01:00 2025,Birthday,10581
10582,Read wife way finish.,Fri Jun 09 00:00:00 GMT+01:00 2023,Private Party,10582
10583,Meeting.,Fri Aug 02 00:00:00 GMT+01:00 2024,Corporate Event,10583
10584,Scientist fund camera.,Sat Feb 01 00:00:00 GMT+01:00 2025,Birthday,10584
10585,Citizen under rather.,Mon Jul 10 00:00:00 GMT+01:00 2023,Wedding,10585
10586,Hair account respond.,Wed Jan 01 00:00:00 GMT+01:00 2025,Wedding,10586
10587,Television tax father much.,Wed May 22 00:00:00 GMT+01:00 2024,Private Party,10587
10588,May newspaper until.,Tue May 02 00:00:00 GMT+01:00 2023,Wedding,10588
10589,Moment note.,Tue Sep 05 00:00:00 GMT+01:00 2023,Birthday,10589
10590,Yes interest ability speak.,Thu Mar 20 00:00:00 GMT+01:00 2025,Private Party,10590
10591,Law box surface.,Sun Dec 29 00:00:00 GMT+01:00 2024,Birthday,10591
10592,Commercial there over all.,Mon Dec 01 00:00:00 GMT+01:00 2025,Wedding,10592
10593,Sometimes head half.,Sat Apr 20 00:00:00 GMT+01:00 2024,Private Party,10593
10594,Spring.,Sun Mar 03 00:00:00 GMT+01:00 2024,Wedding,10594
10595,Raise environmental feel.,Fri Sep 27 00:00:00 GMT+01:00 2024,Birthday,10595
10596,Door civil.,Thu Jun 20 00:00:00 GMT+01:00 2024,Birthday,10596
10597,Season theory field.,Sun Jun 26 00:00:00 GMT+01:00 2022,Wedding,10597
10598,Employee back.,Sun Jan 07 00:00:00 GMT+01:00 2024,Corporate Event,10598
10599,Relate out car.,Thu Jul 11 00:00:00 GMT+01:00 2024,Private Party,10599
10600,Specific language hear.,Wed Jan 01 00:00:00 GMT+01:00 2025,Private Party,10600
10601,Exactly garden.,Wed Oct 22 00:00:00 GMT+01:00 2025,Corporate Event,10601
10602,Same late.,Fri Dec 08 00:00:00 GMT+01:00 2023,Wedding,10602
10603,Away yeah tree.,Sun Oct 15 00:00:00 GMT+01:00 2023,Corporate Event,10603
10604,Compare trip pass.,Thu Jan 23 00:00:00 GMT+01:00 2025,Private Party,10604
10605,Small member.,Wed Mar 30 00:00:00 GMT+01:00 2022,Birthday,10605
10606,Stop determine which grow.,Fri Nov 17 00:00:00 GMT+01:00 2023,Wedding,10606
10607,Shoulder court whether.,Wed Oct 02 00:00:00 GMT+01:00 2024,Birthday,10607
10608,Buy everything.,Fri Jun 16 00:00:00 GMT+01:00 2023,Wedding,10608
10609,Sound clear nice.,Tue Sep 17 00:00:00 GMT+01:00 2024,Birthday,10609
10610,Long dinner remember.,Thu Nov 06 00:00:00 GMT+01:00 2025,Private Party,10610
10611,Physical stand enjoy.,Sat Mar 22 00:00:00 GMT+01:00 2025,Private Party,10611
10612,Kind stage.,Sun Nov 30 00:00:00 GMT+01:00 2025,Wedding,10612
10613,Second.,Thu Feb 13 00:00:00 GMT+01:00 2025,Wedding,10613
10614,Loss happy company.,Sun Dec 29 00:00:00 GMT+01:00 2024,Corporate Event,10614
10615,Check plant friend couple.,Sat May 18 00:00:00 GMT+01:00 2024,Corporate Event,10615
10616,Work whatever.,Wed Nov 27 00:00:00 GMT+01:00 2024,Wedding,10616
10617,Itself.,Sun Jan 21 00:00:00 GMT+01:00 2024,Birthday,10617
10618,Him news service.,Sun Nov 06 00:00:00 GMT+01:00 2022,Private Party,10618
10619,Cold card food.,Fri Jul 29 00:00:00 GMT+01:00 2022,Private Party,10619
10620,Camera door by.,Fri May 10 00:00:00 GMT+01:00 2024,Wedding,10620
10621,Development result plan.,Sun Mar 05 00:00:00 GMT+01:00 2023,Birthday,10621
10622,Movie size indicate.,Mon Jan 29 00:00:00 GMT+01:00 2024,Private Party,10622
10623,Building.,Tue Nov 19 00:00:00 GMT+01:00 2024,Private Party,10623
10624,Civil approach.,Sun Aug 18 00:00:00 GMT+01:00 2024,Corporate Event,10624
10625,Hair certain among.,Mon Mar 18 00:00:00 GMT+01:00 2024,Corporate Event,10625
10626,What against base.,Sat Dec 13 00:00:00 GMT+01:00 2025,Corporate Event,10626
10627,Woman ago.,Tue Nov 18 00:00:00 GMT+01:00 2025,Birthday,10627
10628,Area strong.,Thu Feb 29 00:00:00 GMT+01:00 2024,Private Party,10628
10629,Require style study.,Sun Nov 05 00:00:00 GMT+01:00 2023,Birthday,10629
10630,Fill protect.,Sun Sep 04 00:00:00 GMT+01:00 2022,Private Party,10630
10631,Bed.,Sun Jul 30 00:00:00 GMT+01:00 2023,Corporate Event,10631
10632,Trouble protect teacher.,Mon Aug 11 00:00:00 GMT+01:00 2025,Wedding,10632
10633,Sort send.,Sun Nov 10 00:00:00 GMT+01:00 2024,Birthday,10633
10634,Contain total million.,Mon Feb 10 00:00:00 GMT+01:00 2025,Birthday,10634
10635,Finish parent.,Mon May 09 00:00:00 GMT+01:00 2022,Private Party,10635
10636,Set cup.,Sun Oct 06 00:00:00 GMT+01:00 2024,Birthday,10636
10637,Already show.,Sun Aug 28 00:00:00 GMT+01:00 2022,Corporate Event,10637
10638,Among he.,Tue Oct 14 00:00:00 GMT+01:00 2025,Wedding,10638
10639,Likely voice.,Mon Oct 21 00:00:00 GMT+01:00 2024,Birthday,10639
10640,Vote wonder board.,Fri Dec 19 00:00:00 GMT+01:00 2025,Private Party,10640
10641,Position process near.,Thu Nov 17 00:00:00 GMT+01:00 2022,Wedding,10641
10642,Baby.,Sun Oct 26 00:00:00 GMT+01:00 2025,Corporate Event,10642
10643,Near fall.,Wed Apr 09 00:00:00 GMT+01:00 2025,Wedding,10643
10644,Become itself including thought.,Sun Jan 16 00:00:00 GMT+01:00 2022,Corporate Event,10644
10645,Possible response.,Thu Dec 05 00:00:00 GMT+01:00 2024,Private Party,10645
10646,Difficult summer offer.,Fri Nov 01 00:00:00 GMT+01:00 2024,Private Party,10646
10647,If effort tough.,Thu Nov 14 00:00:00 GMT+01:00 2024,Private Party,10647
10648,Lay both drop.,Sun Jan 22 00:00:00 GMT+01:00 2023,Corporate Event,10648
10649,Six young treat.,Mon Apr 08 00:00:00 GMT+01:00 2024,Wedding,10649
10650,Everybody lawyer cold hit.,Sat Feb 15 00:00:00 GMT+01:00 2025,Private Party,10650
10651,Product glass give stop.,Tue Jul 01 00:00:00 GMT+01:00 2025,Birthday,10651
10652,Offer effect ten agency.,Thu Dec 19 00:00:00 GMT+01:00 2024,Corporate Event,10652
10653,Sit into.,Sun Jun 16 00:00:00 GMT+01:00 2024,Birthday,10653
10654,Action lawyer.,Wed Jul 16 00:00:00 GMT+01:00 2025,Birthday,10654
10655,Rise car movie.,Sat Mar 11 00:00:00 GMT+01:00 2023,Wedding,10655
10656,College current part send.,Fri Nov 03 00:00:00 GMT+01:00 2023,Birthday,10656
10657,Improve.,Sun Oct 05 00:00:00 GMT+01:00 2025,Private Party,10657
10658,Option officer.,Fri Sep 01 00:00:00 GMT+01:00 2023,Private Party,10658
10659,Civil poor during just.,Wed Jan 19 00:00:00 GMT+01:00 2022,Corporate Event,10659
10660,Ok.,Fri Jul 14 00:00:00 GMT+01:00 2023,Private Party,10660
10661,Table perform.,Wed May 11 00:00:00 GMT+01:00 2022,Corporate Event,10661
10662,Catch decade.,Tue Jan 10 00:00:00 GMT+01:00 2023,Birthday,10662
10663,Receive could.,Sun Apr 09 00:00:00 GMT+01:00 2023,Private Party,10663
10664,Condition firm.,Tue Jun 18 00:00:00 GMT+01:00 2024,Birthday,10664
10665,Until computer.,Thu Sep 04 00:00:00 GMT+01:00 2025,Birthday,10665
10666,Early while money yes.,Sun Dec 21 00:00:00 GMT+01:00 2025,Wedding,10666
10667,Various store.,Thu Sep 14 00:00:00 GMT+01:00 2023,Private Party,10667
10668,Southern soon.,Wed Aug 17 00:00:00 GMT+01:00 2022,Birthday,10668
10669,Hope mean.,Tue Feb 21 00:00:00 GMT+01:00 2023,Corporate Event,10669
10670,Follow audience.,Wed Jun 08 00:00:00 GMT+01:00 2022,Birthday,10670
10671,Team read.,Wed Jul 19 00:00:00 GMT+01:00 2023,Corporate Event,10671
10672,Bar share capital.,Fri Mar 31 00:00:00 GMT+01:00 2023,Corporate Event,10672
10673,Building position perhaps.,Mon Feb 19 00:00:00 GMT+01:00 2024,Wedding,10673
10674,Run beat by at.,Tue Dec 30 00:00:00 GMT+01:00 2025,Corporate Event,10674
10675,There human.,Thu Sep 11 00:00:00 GMT+01:00 2025,Wedding,10675
10676,Cause listen.,Thu Dec 21 00:00:00 GMT+01:00 2023,Wedding,10676
10677,Would provide own help.,Fri Jan 03 00:00:00 GMT+01:00 2025,Corporate Event,10677
10678,Look lawyer player.,Sun Nov 19 00:00:00 GMT+01:00 2023,Birthday,10678
10679,Tend rise fund.,Mon Jan 24 00:00:00 GMT+01:00 2022,Wedding,10679
10680,Great contain.,Tue Oct 08 00:00:00 GMT+01:00 2024,Wedding,10680
10681,Second.,Sun Apr 14 00:00:00 GMT+01:00 2024,Private Party,10681
10682,Still.,Sun Feb 02 00:00:00 GMT+01:00 2025,Wedding,10682
10683,Record arrive.,Wed May 08 00:00:00 GMT+01:00 2024,Private Party,10683
10684,Environmental music treat.,Sat Nov 12 00:00:00 GMT+01:00 2022,Corporate Event,10684
10685,Drug guess like.,Mon Aug 26 00:00:00 GMT+01:00 2024,Birthday,10685
10686,At left affect.,Thu Apr 28 00:00:00 GMT+01:00 2022,Wedding,10686
10687,Occur animal.,Tue Apr 18 00:00:00 GMT+01:00 2023,Corporate Event,10687
10688,Price structure.,Tue Oct 21 00:00:00 GMT+01:00 2025,Wedding,10688
10689,Tax new draw usually.,Thu Feb 02 00:00:00 GMT+01:00 2023,Corporate Event,10689
10690,Choice painting.,Tue May 30 00:00:00 GMT+01:00 2023,Wedding,10690
10691,The last lawyer.,Tue Sep 17 00:00:00 GMT+01:00 2024,Birthday,10691
10692,Data in treat.,Sun Nov 16 00:00:00 GMT+01:00 2025,Private Party,10692
10693,Property sell.,Sat Apr 01 00:00:00 GMT+01:00 2023,Birthday,10693
10694,Federal group stop.,Mon Jul 01 00:00:00 GMT+01:00 2024,Wedding,10694
10695,Hair different.,Sun Apr 14 00:00:00 GMT+01:00 2024,Birthday,10695
10696,Edge media policy.,Sun Feb 23 00:00:00 GMT+01:00 2025,Private Party,10696
10697,Him wall industry.,Thu Mar 17 00:00:00 GMT+01:00 2022,Corporate Event,10697
10698,Pm short.,Sat Apr 27 00:00:00 GMT+01:00 2024,Private Party,10698
10699,Tend race maybe.,Sun Sep 04 00:00:00 GMT+01:00 2022,Wedding,10699
10700,Piece.,Tue Jan 14 00:00:00 GMT+01:00 2025,Private Party,10700
10701,Staff large.,Tue Mar 19 00:00:00 GMT+01:00 2024,Private Party,10701
10702,Only campaign hand.,Sat Dec 03 00:00:00 GMT+01:00 2022,Private Party,10702
10703,Half talk tend.,Fri Dec 29 00:00:00 GMT+01:00 2023,Birthday,10703
10704,Usually.,Tue Oct 14 00:00:00 GMT+01:00 2025,Wedding,10704
10705,Family act material.,Sat May 27 00:00:00 GMT+01:00 2023,Wedding,10705
10706,Thought hotel.,Thu Sep 26 00:00:00 GMT+01:00 2024,Private Party,10706
10707,Member receive American.,Sat Dec 03 00:00:00 GMT+01:00 2022,Corporate Event,10707
10708,Hard life.,Sun Aug 24 00:00:00 GMT+01:00 2025,Private Party,10708
10709,Generation fear.,Wed Nov 26 00:00:00 GMT+01:00 2025,Private Party,10709
10710,Ready drive.,Sun Mar 03 00:00:00 GMT+01:00 2024,Private Party,10710
10711,Floor.,Sun Aug 13 00:00:00 GMT+01:00 2023,Corporate Event,10711
10712,Answer cold.,Mon Apr 21 00:00:00 GMT+01:00 2025,Corporate Event,10712
10713,Attention better side.,Sat Sep 30 00:00:00 GMT+01:00 2023,Private Party,10713
10714,Risk TV reach.,Tue Mar 18 00:00:00 GMT+01:00 2025,Corporate Event,10714
10715,Expect finish.,Sat Feb 22 00:00:00 GMT+01:00 2025,Wedding,10715
10716,Home line budget.,Thu Apr 21 00:00:00 GMT+01:00 2022,Corporate Event,10716
10717,Tonight southern fall.,Fri Aug 25 00:00:00 GMT+01:00 2023,Birthday,10717
10718,Her however.,Thu Dec 28 00:00:00 GMT+01:00 2023,Birthday,10718
10719,Response region hotel.,Fri Apr 08 00:00:00 GMT+01:00 2022,Corporate Event,10719
10720,Article responsibility.,Wed May 14 00:00:00 GMT+01:00 2025,Birthday,10720
10721,Think high.,Sat Mar 12 00:00:00 GMT+01:00 2022,Corporate Event,10721
10722,Will shake.,Mon Feb 26 00:00:00 GMT+01:00 2024,Private Party,10722
10723,Quality actually.,Wed May 25 00:00:00 GMT+01:00 2022,Private Party,10723
10724,Wish rise.,Mon Mar 27 00:00:00 GMT+01:00 2023,Wedding,10724
10725,Way significant.,Fri Apr 25 00:00:00 GMT+01:00 2025,Private Party,10725
10726,Identify.,Sun Feb 06 00:00:00 GMT+01:00 2022,Wedding,10726
10727,Sometimes gas society.,Mon Jul 15 00:00:00 GMT+01:00 2024,Wedding,10727
10728,Kid particularly same.,Sat Aug 20 00:00:00 GMT+01:00 2022,Wedding,10728
10729,Everyone watch.,Tue Jun 04 00:00:00 GMT+01:00 2024,Private Party,10729
10730,Since well day.,Fri May 31 00:00:00 GMT+01:00 2024,Corporate Event,10730
10731,Opportunity lose.,Fri Apr 26 00:00:00 GMT+01:00 2024,Corporate Event,10731
10732,Audience second.,Thu Apr 17 00:00:00 GMT+01:00 2025,Wedding,10732
10733,Summer thousand religious.,Mon Apr 11 00:00:00 GMT+01:00 2022,Private Party,10733
10734,Fall respond style.,Mon Aug 08 00:00:00 GMT+01:00 2022,Private Party,10734
10735,Despite discuss.,Sun Nov 23 00:00:00 GMT+01:00 2025,Private Party,10735
10736,Impact great force.,Thu Oct 13 00:00:00 GMT+01:00 2022,Corporate Event,10736
10737,Must through above decision.,Tue May 24 00:00:00 GMT+01:00 2022,Private Party,10737
10738,Pretty whole.,Thu Jan 23 00:00:00 GMT+01:00 2025,Birthday,10738
10739,Simple tonight environmental.,Mon Nov 18 00:00:00 GMT+01:00 2024,Corporate Event,10739
10740,Unit chair.,Thu Apr 03 00:00:00 GMT+01:00 2025,Corporate Event,10740
10741,Will president.,Fri Nov 29 00:00:00 GMT+01:00 2024,Corporate Event,10741
10742,Trouble meet.,Tue Jul 25 00:00:00 GMT+01:00 2023,Birthday,10742
10743,First item.,Wed Jan 25 00:00:00 GMT+01:00 2023,Wedding,10743
10744,Sort again left into.,Thu Oct 26 00:00:00 GMT+01:00 2023,Private Party,10744
10745,Worry another.,Tue Apr 19 00:00:00 GMT+01:00 2022,Corporate Event,10745
10746,Citizen he.,Tue Jul 01 00:00:00 GMT+01:00 2025,Birthday,10746
10747,Cause without hair.,Wed May 28 00:00:00 GMT+01:00 2025,Birthday,10747
10748,High happy.,Fri Mar 10 00:00:00 GMT+01:00 2023,Private Party,10748
10749,Especially trial.,Sat May 06 00:00:00 GMT+01:00 2023,Wedding,10749
10750,Difficult off where.,Wed Oct 25 00:00:00 GMT+01:00 2023,Private Party,10750
10751,Contain particular.,Sun Aug 24 00:00:00 GMT+01:00 2025,Wedding,10751
10752,Theory third top.,Thu Sep 05 00:00:00 GMT+01:00 2024,Birthday,10752
10753,Specific large.,Mon Mar 03 00:00:00 GMT+01:00 2025,Wedding,10753
10754,Begin gas activity.,Sun Jun 05 00:00:00 GMT+01:00 2022,Corporate Event,10754
10755,Win environmental.,Sun Sep 03 00:00:00 GMT+01:00 2023,Corporate Event,10755
10756,Approach.,Mon Aug 15 00:00:00 GMT+01:00 2022,Private Party,10756
10757,Raise others.,Sun Apr 30 00:00:00 GMT+01:00 2023,Corporate Event,10757
10758,Resource never.,Tue Mar 18 00:00:00 GMT+01:00 2025,Wedding,10758
10759,Them company.,Fri Apr 01 00:00:00 GMT+01:00 2022,Private Party,10759
10760,Pretty finish serious.,Tue Jan 02 00:00:00 GMT+01:00 2024,Birthday,10760
10761,Discuss.,Tue Oct 03 00:00:00 GMT+01:00 2023,Birthday,10761
10762,Deal game single.,Wed Dec 21 00:00:00 GMT+01:00 2022,Birthday,10762
10763,Read who.,Tue May 13 00:00:00 GMT+01:00 2025,Corporate Event,10763
10764,Provide.,Wed May 04 00:00:00 GMT+01:00 2022,Corporate Event,10764
10765,Painting exactly talk.,Fri Oct 14 00:00:00 GMT+01:00 2022,Corporate Event,10765
10766,Find decide.,Tue Apr 19 00:00:00 GMT+01:00 2022,Wedding,10766
10767,Improve south.,Sun Jul 02 00:00:00 GMT+01:00 2023,Private Party,10767
10768,Traditional.,Sun Mar 19 00:00:00 GMT+01:00 2023,Birthday,10768
10769,Herself perhaps call.,Mon Aug 28 00:00:00 GMT+01:00 2023,Corporate Event,10769
10770,According write animal.,Sun Jul 03 00:00:00 GMT+01:00 2022,Wedding,10770
10771,Few window.,Sun Dec 11 00:00:00 GMT+01:00 2022,Private Party,10771
10772,Gun carry food.,Fri Sep 06 00:00:00 GMT+01:00 2024,Birthday,10772
10773,Service wish nearly.,Fri Mar 17 00:00:00 GMT+01:00 2023,Corporate Event,10773
10774,Himself put.,Wed Nov 09 00:00:00 GMT+01:00 2022,Private Party,10774
10775,Your meet.,Sat Nov 16 00:00:00 GMT+01:00 2024,Corporate Event,10775
10776,Rise.,Wed Apr 23 00:00:00 GMT+01:00 2025,Birthday,10776
10777,Senior shake last.,Fri Oct 18 00:00:00 GMT+01:00 2024,Private Party,10777
10778,Mouth smile maintain ok.,Wed Aug 28 00:00:00 GMT+01:00 2024,Birthday,10778
10779,Set in when.,Fri Sep 20 00:00:00 GMT+01:00 2024,Birthday,10779
10780,Increase theory.,Sat Feb 10 00:00:00 GMT+01:00 2024,Corporate Event,10780
10781,Red card soon.,Wed Nov 19 00:00:00 GMT+01:00 2025,Private Party,10781
10782,Live likely project major.,Thu Jun 26 00:00:00 GMT+01:00 2025,Birthday,10782
10783,Animal national.,Sat Apr 06 00:00:00 GMT+01:00 2024,Birthday,10783
10784,Meeting cultural they.,Sat Dec 02 00:00:00 GMT+01:00 2023,Birthday,10784
10785,Attention man.,Sat May 07 00:00:00 GMT+01:00 2022,Birthday,10785
10786,Water state.,Wed Apr 30 00:00:00 GMT+01:00 2025,Private Party,10786
10787,Above meet together really.,Thu Jun 27 00:00:00 GMT+01:00 2024,Corporate Event,10787
10788,South number hand.,Tue Dec 31 00:00:00 GMT+01:00 2024,Birthday,10788
10789,Food structure.,Mon Jul 10 00:00:00 GMT+01:00 2023,Corporate Event,10789
10790,Mrs.,Mon Jan 20 00:00:00 GMT+01:00 2025,Corporate Event,10790
10791,Six cost.,Fri Mar 22 00:00:00 GMT+01:00 2024,Corporate Event,10791
10792,Mission business.,Sat Jun 17 00:00:00 GMT+01:00 2023,Birthday,10792
10793,Heavy store.,Fri Jan 14 00:00:00 GMT+01:00 2022,Private Party,10793
10794,Girl wife.,Tue Sep 13 00:00:00 GMT+01:00 2022,Wedding,10794
10795,Pull nature.,Fri Feb 21 00:00:00 GMT+01:00 2025,Corporate Event,10795
10796,Rule popular itself.,Mon Nov 17 00:00:00 GMT+01:00 2025,Birthday,10796
10797,Feeling way.,Mon Jan 13 00:00:00 GMT+01:00 2025,Private Party,10797
10798,Free drop well.,Wed May 14 00:00:00 GMT+01:00 2025,Birthday,10798
10799,Baby reveal senior.,Wed May 04 00:00:00 GMT+01:00 2022,Wedding,10799
10800,Magazine.,Sat Nov 15 00:00:00 GMT+01:00 2025,Wedding,10800
10801,How house.,Sun Aug 14 00:00:00 GMT+01:00 2022,Wedding,10801
10802,It law trip.,Mon Apr 03 00:00:00 GMT+01:00 2023,Wedding,10802
10803,Guess accept nor manage.,Fri May 02 00:00:00 GMT+01:00 2025,Corporate Event,10803
10804,Much idea.,Sun Nov 27 00:00:00 GMT+01:00 2022,Private Party,10804
10805,Guess sport.,Thu Feb 29 00:00:00 GMT+01:00 2024,Private Party,10805
10806,Response city wear.,Sat Mar 30 00:00:00 GMT+01:00 2024,Corporate Event,10806
10807,Order mission late.,Wed Sep 13 00:00:00 GMT+01:00 2023,Wedding,10807
10808,Inside newspaper.,Mon Oct 21 00:00:00 GMT+01:00 2024,Corporate Event,10808
10809,Trial team.,Mon Dec 12 00:00:00 GMT+01:00 2022,Private Party,10809
10810,Degree finally.,Wed Oct 02 00:00:00 GMT+01:00 2024,Birthday,10810
10811,National mention event.,Mon Nov 18 00:00:00 GMT+01:00 2024,Wedding,10811
10812,Mind later right street.,Sat Sep 13 00:00:00 GMT+01:00 2025,Birthday,10812
10813,Choice.,Wed Jan 17 00:00:00 GMT+01:00 2024,Corporate Event,10813
10814,Choice sister meet.,Sat Feb 08 00:00:00 GMT+01:00 2025,Wedding,10814
10815,Lead nor father.,Sun Oct 01 00:00:00 GMT+01:00 2023,Birthday,10815
10816,Hot child.,Sun Apr 17 00:00:00 GMT+01:00 2022,Wedding,10816
10817,Relate team what.,Thu Apr 21 00:00:00 GMT+01:00 2022,Private Party,10817
10818,Sister garden kid.,Thu Dec 11 00:00:00 GMT+01:00 2025,Private Party,10818
10819,From chair.,Thu Jul 10 00:00:00 GMT+01:00 2025,Corporate Event,10819
10820,Memory head someone.,Sat Apr 19 00:00:00 GMT+01:00 2025,Wedding,10820
10821,Computer edge.,Sat Apr 06 00:00:00 GMT+01:00 2024,Wedding,10821
10822,Ago church share.,Thu Jan 16 00:00:00 GMT+01:00 2025,Wedding,10822
10823,Deep analysis position theory.,Thu Nov 07 00:00:00 GMT+01:00 2024,Corporate Event,10823
10824,Choice play.,Mon May 05 00:00:00 GMT+01:00 2025,Wedding,10824
10825,Party least.,Sat Aug 27 00:00:00 GMT+01:00 2022,Corporate Event,10825
10826,Ball stuff.,Sun Aug 11 00:00:00 GMT+01:00 2024,Private Party,10826
10827,Modern impact.,Sun Jul 13 00:00:00 GMT+01:00 2025,Corporate Event,10827
10828,Fund team.,Wed Oct 19 00:00:00 GMT+01:00 2022,Private Party,10828
10829,Good possible.,Thu Aug 25 00:00:00 GMT+01:00 2022,Corporate Event,10829
10830,Company economy.,Mon Dec 22 00:00:00 GMT+01:00 2025,Birthday,10830
10831,Establish.,Mon May 13 00:00:00 GMT+01:00 2024,Birthday,10831
10832,Important young.,Fri Apr 04 00:00:00 GMT+01:00 2025,Birthday,10832
10833,Laugh feeling.,Tue Oct 21 00:00:00 GMT+01:00 2025,Corporate Event,10833
10834,Standard painting.,Sun Aug 03 00:00:00 GMT+01:00 2025,Wedding,10834
10835,Suddenly message federal.,Thu Dec 14 00:00:00 GMT+01:00 2023,Corporate Event,10835
10836,Couple news.,Fri Mar 14 00:00:00 GMT+01:00 2025,Private Party,10836
10837,Church return sport.,Mon Oct 03 00:00:00 GMT+01:00 2022,Corporate Event,10837
10838,Oil pull wrong.,Thu Mar 30 00:00:00 GMT+01:00 2023,Private Party,10838
10839,Event quite.,Thu Aug 03 00:00:00 GMT+01:00 2023,Birthday,10839
10840,As performance.,Fri Jun 06 00:00:00 GMT+01:00 2025,Private Party,10840
10841,Nation fact.,Sat Nov 05 00:00:00 GMT+01:00 2022,Private Party,10841
10842,Best goal.,Tue Nov 15 00:00:00 GMT+01:00 2022,Private Party,10842
10843,Just show defense painting.,Wed Mar 30 00:00:00 GMT+01:00 2022,Private Party,10843
10844,Fast lay real.,Wed Jun 11 00:00:00 GMT+01:00 2025,Private Party,10844
10845,Door.,Wed Apr 26 00:00:00 GMT+01:00 2023,Private Party,10845
10846,Heavy certain rate approach.,Wed Aug 20 00:00:00 GMT+01:00 2025,Corporate Event,10846
10847,Poor should.,Thu Dec 14 00:00:00 GMT+01:00 2023,Wedding,10847
10848,Level trip top quality.,Tue Aug 20 00:00:00 GMT+01:00 2024,Private Party,10848
10849,Around exist glass.,Fri Feb 02 00:00:00 GMT+01:00 2024,Private Party,10849
10850,Speak third.,Sun Jun 08 00:00:00 GMT+01:00 2025,Wedding,10850
10851,Republican.,Mon May 08 00:00:00 GMT+01:00 2023,Birthday,10851
10852,Support from drug.,Mon Jun 17 00:00:00 GMT+01:00 2024,Birthday,10852
10853,Leg help show.,Sat Jul 12 00:00:00 GMT+01:00 2025,Wedding,10853
10854,Strong red recently.,Tue May 27 00:00:00 GMT+01:00 2025,Wedding,10854
10855,Chair together whether.,Sun Oct 02 00:00:00 GMT+01:00 2022,Private Party,10855
10856,Up exist.,Sun Dec 29 00:00:00 GMT+01:00 2024,Wedding,10856
10857,Network responsibility perform.,Mon Jan 31 00:00:00 GMT+01:00 2022,Wedding,10857
10858,Treat inside strong.,Mon May 06 00:00:00 GMT+01:00 2024,Wedding,10858
10859,Pay however.,Sun Jul 02 00:00:00 GMT+01:00 2023,Wedding,10859
10860,Vote player.,Sun Sep 15 00:00:00 GMT+01:00 2024,Wedding,10860
10861,Business raise.,Sat Jan 27 00:00:00 GMT+01:00 2024,Private Party,10861
10862,Around speak worry.,Wed May 29 00:00:00 GMT+01:00 2024,Wedding,10862
10863,Every follow all.,Sat Feb 24 00:00:00 GMT+01:00 2024,Birthday,10863
10864,Throw eat bring.,Mon Jan 16 00:00:00 GMT+01:00 2023,Birthday,10864
10865,Subject will bit.,Thu Jan 19 00:00:00 GMT+01:00 2023,Corporate Event,10865
10866,Social yourself.,Fri Sep 01 00:00:00 GMT+01:00 2023,Birthday,10866
10867,Current ball detail.,Wed Oct 04 00:00:00 GMT+01:00 2023,Private Party,10867
10868,Executive year.,Fri Jan 26 00:00:00 GMT+01:00 2024,Birthday,10868
10869,In.,Tue Dec 16 00:00:00 GMT+01:00 2025,Private Party,10869
10870,Suffer agree.,Sun May 08 00:00:00 GMT+01:00 2022,Wedding,10870
10871,City girl set.,Sat Nov 26 00:00:00 GMT+01:00 2022,Birthday,10871
10872,Into cell yourself.,Thu Feb 16 00:00:00 GMT+01:00 2023,Wedding,10872
10873,Thought individual every.,Thu Apr 20 00:00:00 GMT+01:00 2023,Corporate Event,10873
10874,Area work.,Wed Jan 15 00:00:00 GMT+01:00 2025,Private Party,10874
10875,Together.,Sat Dec 09 00:00:00 GMT+01:00 2023,Birthday,10875
10876,Safe guess this.,Thu Oct 27 00:00:00 GMT+01:00 2022,Private Party,10876
10877,Development turn very.,Sun Nov 24 00:00:00 GMT+01:00 2024,Corporate Event,10877
10878,Quite situation.,Wed Jul 10 00:00:00 GMT+01:00 2024,Birthday,10878
10879,Able manager her.,Mon May 27 00:00:00 GMT+01:00 2024,Birthday,10879
10880,Him successful effort.,Sun Oct 15 00:00:00 GMT+01:00 2023,Corporate Event,10880
10881,Detail PM sport manager.,Mon Dec 18 00:00:00 GMT+01:00 2023,Private Party,10881
10882,North suddenly certainly.,Fri Apr 19 00:00:00 GMT+01:00 2024,Corporate Event,10882
10883,Yard plant.,Tue Jan 11 00:00:00 GMT+01:00 2022,Corporate Event,10883
10884,Team language.,Tue May 21 00:00:00 GMT+01:00 2024,Private Party,10884
10885,Method color last.,Wed Dec 10 00:00:00 GMT+01:00 2025,Corporate Event,10885
10886,Position learn.,Wed Oct 01 00:00:00 GMT+01:00 2025,Wedding,10886
10887,Tell public.,Thu Feb 09 00:00:00 GMT+01:00 2023,Private Party,10887
10888,Bank evening.,Fri Mar 04 00:00:00 GMT+01:00 2022,Wedding,10888
10889,Response part guy its.,Mon Jan 20 00:00:00 GMT+01:00 2025,Corporate Event,10889
10890,Professional water water.,Mon Aug 26 00:00:00 GMT+01:00 2024,Private Party,10890
10891,Hospital standard.,Sat Nov 30 00:00:00 GMT+01:00 2024,Wedding,10891
10892,Commercial.,Thu Dec 01 00:00:00 GMT+01:00 2022,Wedding,10892
10893,Game eight.,Sat Jul 30 00:00:00 GMT+01:00 2022,Birthday,10893
10894,Participant future threat.,Sat Jan 22 00:00:00 GMT+01:00 2022,Corporate Event,10894
10895,Service.,Fri Jul 26 00:00:00 GMT+01:00 2024,Wedding,10895
10896,Receive gas.,Mon Dec 26 00:00:00 GMT+01:00 2022,Private Party,10896
10897,Think fall woman perhaps.,Tue Dec 16 00:00:00 GMT+01:00 2025,Wedding,10897
10898,Seem.,Thu Dec 21 00:00:00 GMT+01:00 2023,Wedding,10898
10899,Green image.,Mon Mar 20 00:00:00 GMT+01:00 2023,Corporate Event,10899
10900,Tonight since occur.,Tue Jan 16 00:00:00 GMT+01:00 2024,Private Party,10900
10901,Because old.,Thu Jul 28 00:00:00 GMT+01:00 2022,Private Party,10901
10902,New former fear.,Sat Jun 10 00:00:00 GMT+01:00 2023,Birthday,10902
10903,Ago film.,Wed Aug 10 00:00:00 GMT+01:00 2022,Private Party,10903
10904,Star manage hundred.,Wed Jul 12 00:00:00 GMT+01:00 2023,Wedding,10904
10905,Skill.,Sun Oct 23 00:00:00 GMT+01:00 2022,Private Party,10905
10906,Then choose.,Tue Dec 13 00:00:00 GMT+01:00 2022,Wedding,10906
10907,Doctor finally home attention.,Sat Jan 20 00:00:00 GMT+01:00 2024,Birthday,10907
10908,Simply whole day race.,Wed May 25 00:00:00 GMT+01:00 2022,Wedding,10908
10909,Activity suddenly.,Wed Apr 19 00:00:00 GMT+01:00 2023,Corporate Event,10909
10910,Space at.,Thu Mar 31 00:00:00 GMT+01:00 2022,Birthday,10910
10911,Table word.,Fri Aug 26 00:00:00 GMT+01:00 2022,Wedding,10911
10912,Into whatever how.,Fri Aug 15 00:00:00 GMT+01:00 2025,Private Party,10912
10913,Media tonight deep.,Sun Jan 12 00:00:00 GMT+01:00 2025,Private Party,10913
10914,Land require attention.,Sun May 05 00:00:00 GMT+01:00 2024,Corporate Event,10914
10915,Opportunity.,Sun Jul 30 00:00:00 GMT+01:00 2023,Corporate Event,10915
10916,Sell stage.,Tue Mar 07 00:00:00 GMT+01:00 2023,Birthday,10916
10917,Ready have read section.,Thu Dec 07 00:00:00 GMT+01:00 2023,Wedding,10917
10918,Maybe appear.,Sat Jan 25 00:00:00 GMT+01:00 2025,Private Party,10918
10919,Hold receive this.,Sun Jan 28 00:00:00 GMT+01:00 2024,Private Party,10919
10920,Challenge support guess.,Fri Apr 14 00:00:00 GMT+01:00 2023,Private Party,10920
10921,Return friend worry thing.,Thu Jun 09 00:00:00 GMT+01:00 2022,Corporate Event,10921
10922,Husband region affect.,Wed Nov 27 00:00:00 GMT+01:00 2024,Birthday,10922
10923,Finally answer.,Tue Jul 04 00:00:00 GMT+01:00 2023,Corporate Event,10923
10924,Best reason.,Mon May 20 00:00:00 GMT+01:00 2024,Birthday,10924
10925,Movie imagine.,Mon Dec 22 00:00:00 GMT+01:00 2025,Wedding,10925
10926,Student party sell.,Thu Sep 05 00:00:00 GMT+01:00 2024,Wedding,10926
10927,Maybe ball.,Mon May 19 00:00:00 GMT+01:00 2025,Corporate Event,10927
10928,Very common.,Thu Jun 15 00:00:00 GMT+01:00 2023,Corporate Event,10928
10929,Shoulder.,Fri Feb 09 00:00:00 GMT+01:00 2024,Corporate Event,10929
10930,Bring suffer.,Mon Oct 21 00:00:00 GMT+01:00 2024,Private Party,10930
10931,From activity action.,Sat Dec 31 00:00:00 GMT+01:00 2022,Private Party,10931
10932,Never world.,Sun Oct 30 00:00:00 GMT+01:00 2022,Private Party,10932
10933,Arm else south.,Tue Jul 05 00:00:00 GMT+01:00 2022,Wedding,10933
10934,Serve radio.,Fri Aug 29 00:00:00 GMT+01:00 2025,Birthday,10934
10935,Serious leg Mrs decision.,Sun Aug 14 00:00:00 GMT+01:00 2022,Wedding,10935
10936,Line series table.,Wed Apr 20 00:00:00 GMT+01:00 2022,Private Party,10936
10937,Attorney whom forward.,Tue Jan 11 00:00:00 GMT+01:00 2022,Private Party,10937
10938,Possible watch industry.,Sat Mar 09 00:00:00 GMT+01:00 2024,Corporate Event,10938
10939,Phone result wide.,Sat Aug 26 00:00:00 GMT+01:00 2023,Birthday,10939
10940,To beautiful even.,Sat Dec 13 00:00:00 GMT+01:00 2025,Birthday,10940
10941,Exist whether.,Sun Oct 19 00:00:00 GMT+01:00 2025,Private Party,10941
10942,From hope provide.,Tue Nov 19 00:00:00 GMT+01:00 2024,Private Party,10942
10943,Behavior.,Thu Jun 13 00:00:00 GMT+01:00 2024,Wedding,10943
10944,Become yes.,Sun Jan 30 00:00:00 GMT+01:00 2022,Private Party,10944
10945,Forward paper trial line.,Fri Jan 10 00:00:00 GMT+01:00 2025,Wedding,10945
10946,Offer and school.,Thu Jan 04 00:00:00 GMT+01:00 2024,Corporate Event,10946
10947,Whom choice.,Thu Dec 28 00:00:00 GMT+01:00 2023,Birthday,10947
10948,Still every.,Mon Sep 08 00:00:00 GMT+01:00 2025,Birthday,10948
10949,Serve upon seem.,Sat Apr 08 00:00:00 GMT+01:00 2023,Private Party,10949
10950,Five the.,Tue Apr 18 00:00:00 GMT+01:00 2023,Birthday,10950
10951,Summer say church.,Tue Dec 27 00:00:00 GMT+01:00 2022,Corporate Event,10951
10952,Course plant event.,Fri Nov 03 00:00:00 GMT+01:00 2023,Wedding,10952
10953,Trip.,Mon Feb 10 00:00:00 GMT+01:00 2025,Wedding,10953
10954,Physical.,Tue Sep 16 00:00:00 GMT+01:00 2025,Wedding,10954
10955,Throw least deal.,Sun Dec 04 00:00:00 GMT+01:00 2022,Birthday,10955
10956,Maybe.,Wed Mar 23 00:00:00 GMT+01:00 2022,Birthday,10956
10957,Safe within must have.,Tue Nov 25 00:00:00 GMT+01:00 2025,Wedding,10957
10958,Her force reality.,Sat Sep 17 00:00:00 GMT+01:00 2022,Wedding,10958
10959,Scene actually often.,Sun Sep 21 00:00:00 GMT+01:00 2025,Birthday,10959
10960,Show particular.,Fri Oct 11 00:00:00 GMT+01:00 2024,Wedding,10960
10961,Source enough international scientist.,Wed Feb 08 00:00:00 GMT+01:00 2023,Corporate Event,10961
10962,Follow smile.,Wed Jan 11 00:00:00 GMT+01:00 2023,Private Party,10962
10963,Clear along area participant.,Thu Mar 13 00:00:00 GMT+01:00 2025,Corporate Event,10963
10964,Up audience.,Fri Jun 30 00:00:00 GMT+01:00 2023,Corporate Event,10964
10965,Book.,Sat Aug 24 00:00:00 GMT+01:00 2024,Corporate Event,10965
10966,Office.,Sat Jan 18 00:00:00 GMT+01:00 2025,Wedding,10966
10967,Easy if.,Thu Nov 28 00:00:00 GMT+01:00 2024,Birthday,10967
10968,Little once bring.,Wed Nov 30 00:00:00 GMT+01:00 2022,Birthday,10968
10969,Sister usually.,Tue Sep 20 00:00:00 GMT+01:00 2022,Corporate Event,10969
10970,Forward determine good.,Sat Jul 06 00:00:00 GMT+01:00 2024,Birthday,10970
10971,Movement rate read.,Tue Sep 05 00:00:00 GMT+01:00 2023,Private Party,10971
10972,Congress ball.,Mon Apr 15 00:00:00 GMT+01:00 2024,Birthday,10972
10973,Very source sea.,Sun Jun 01 00:00:00 GMT+01:00 2025,Corporate Event,10973
10974,Tell project source.,Thu Jun 13 00:00:00 GMT+01:00 2024,Corporate Event,10974
10975,Recognize game.,Tue Jan 23 00:00:00 GMT+01:00 2024,Birthday,10975
10976,Plan visit single.,Wed Jan 31 00:00:00 GMT+01:00 2024,Birthday,10976
10977,Drug state professional develop.,Sat Nov 22 00:00:00 GMT+01:00 2025,Wedding,10977
10978,Medical.,Thu Nov 06 00:00:00 GMT+01:00 2025,Wedding,10978
10979,Your without including support.,Thu Nov 27 00:00:00 GMT+01:00 2025,Corporate Event,10979
10980,Lawyer entire project.,Sat Dec 16 00:00:00 GMT+01:00 2023,Birthday,10980
10981,Issue grow.,Fri Mar 24 00:00:00 GMT+01:00 2023,Corporate Event,10981
10982,Bag.,Fri May 31 00:00:00 GMT+01:00 2024,Wedding,10982
10983,Build current scene.,Sat Sep 07 00:00:00 GMT+01:00 2024,Wedding,10983
10984,Continue find.,Fri Nov 21 00:00:00 GMT+01:00 2025,Private Party,10984
10985,Meet between.,Wed Jul 12 00:00:00 GMT+01:00 2023,Private Party,10985
10986,Western military lead.,Tue Nov 29 00:00:00 GMT+01:00 2022,Corporate Event,10986
10987,Four own.,Thu Jun 13 00:00:00 GMT+01:00 2024,Private Party,10987
10988,Us cold.,Fri Sep 12 00:00:00 GMT+01:00 2025,Corporate Event,10988
10989,Drug.,Sat Dec 03 00:00:00 GMT+01:00 2022,Wedding,10989
10990,Everyone.,Tue Jan 07 00:00:00 GMT+01:00 2025,Private Party,10990
10991,Half green.,Mon Aug 04 00:00:00 GMT+01:00 2025,Wedding,10991
10992,Add once participant.,Tue Feb 01 00:00:00 GMT+01:00 2022,Birthday,10992
10993,Plan interest avoid.,Sun Feb 19 00:00:00 GMT+01:00 2023,Wedding,10993
10994,Enough me buy.,Fri Jan 21 00:00:00 GMT+01:00 2022,Wedding,10994
10995,Final letter.,Fri Nov 24 00:00:00 GMT+01:00 2023,Birthday,10995
10996,Organization why worker.,Tue Nov 26 00:00:00 GMT+01:00 2024,Birthday,10996
10997,Once candidate own.,Sun Apr 30 00:00:00 GMT+01:00 2023,Corporate Event,10997
10998,Brother.,Tue Oct 01 00:00:00 GMT+01:00 2024,Birthday,10998
10999,Quality unit.,Fri Sep 27 00:00:00 GMT+01:00 2024,Private Party,10999
11000,Read might water.,Wed Aug 06 00:00:00 GMT+01:00 2025,Corporate Event,11000
11001,Also little line.,Tue Apr 08 00:00:00 GMT+01:00 2025,Wedding,11001
11002,Everything for tax.,Thu Dec 28 00:00:00 GMT+01:00 2023,Corporate Event,11002
11003,Physical well glass.,Fri Apr 22 00:00:00 GMT+01:00 2022,Corporate Event,11003
11004,Very crime respond.,Wed Jan 10 00:00:00 GMT+01:00 2024,Corporate Event,11004
11005,Outside become painting.,Sun Jul 02 00:00:00 GMT+01:00 2023,Wedding,11005
11006,Central.,Tue Dec 30 00:00:00 GMT+01:00 2025,Wedding,11006
11007,Before help.,Tue Jun 10 00:00:00 GMT+01:00 2025,Birthday,11007
11008,Management yes message.,Tue Nov 18 00:00:00 GMT+01:00 2025,Birthday,11008
11009,Organization tonight.,Sun Dec 14 00:00:00 GMT+01:00 2025,Corporate Event,11009
11010,Sure western.,Sun Sep 07 00:00:00 GMT+01:00 2025,Corporate Event,11010
11011,Speech poor simple.,Sat Feb 18 00:00:00 GMT+01:00 2023,Private Party,11011
11012,Peace method.,Sun Jan 26 00:00:00 GMT+01:00 2025,Private Party,11012
11013,Mother.,Thu Apr 11 00:00:00 GMT+01:00 2024,Corporate Event,11013
11014,Recently focus side.,Thu Feb 02 00:00:00 GMT+01:00 2023,Corporate Event,11014
11015,Positive question.,Thu Jan 23 00:00:00 GMT+01:00 2025,Birthday,11015
11016,Like continue school.,Thu Jul 14 00:00:00 GMT+01:00 2022,Wedding,11016
11017,Wife expert.,Sun Jun 11 00:00:00 GMT+01:00 2023,Corporate Event,11017
11018,Already draw.,Sat Apr 19 00:00:00 GMT+01:00 2025,Private Party,11018
11019,Produce program near.,Sat Aug 23 00:00:00 GMT+01:00 2025,Private Party,11019
11020,How size land gun.,Tue May 31 00:00:00 GMT+01:00 2022,Wedding,11020
11021,Myself billion.,Mon Jan 03 00:00:00 GMT+01:00 2022,Private Party,11021
11022,Establish plant several.,Sat Apr 02 00:00:00 GMT+01:00 2022,Wedding,11022
11023,Star pay four huge.,Sun Aug 06 00:00:00 GMT+01:00 2023,Corporate Event,11023
11024,Others green.,Thu Apr 04 00:00:00 GMT+01:00 2024,Birthday,11024
11025,Actually pressure.,Sun Apr 28 00:00:00 GMT+01:00 2024,Wedding,11025
11026,Brother trade century.,Thu May 22 00:00:00 GMT+01:00 2025,Birthday,11026
11027,Continue technology.,Sat Apr 23 00:00:00 GMT+01:00 2022,Birthday,11027
11028,Interest decade brother.,Fri Mar 03 00:00:00 GMT+01:00 2023,Birthday,11028
11029,Drop increase at.,Tue Apr 22 00:00:00 GMT+01:00 2025,Wedding,11029
11030,Four spring.,Tue Sep 20 00:00:00 GMT+01:00 2022,Wedding,11030
11031,Modern myself film.,Wed Dec 03 00:00:00 GMT+01:00 2025,Corporate Event,11031
11032,According week above.,Sun Aug 14 00:00:00 GMT+01:00 2022,Corporate Event,11032
11033,Can visit.,Wed May 14 00:00:00 GMT+01:00 2025,Wedding,11033
11034,True reduce.,Tue Apr 11 00:00:00 GMT+01:00 2023,Corporate Event,11034
11035,Ready defense.,Thu Jun 01 00:00:00 GMT+01:00 2023,Wedding,11035
11036,Likely vote report.,Wed Apr 27 00:00:00 GMT+01:00 2022,Birthday,11036
11037,Usually month manage.,Thu Dec 28 00:00:00 GMT+01:00 2023,Corporate Event,11037
11038,Environment language.,Sun Aug 03 00:00:00 GMT+01:00 2025,Corporate Event,11038
11039,Itself senior identify.,Wed Jun 28 00:00:00 GMT+01:00 2023,Private Party,11039
11040,Yet.,Fri Aug 30 00:00:00 GMT+01:00 2024,Birthday,11040
11041,Hour coach.,Thu Jul 13 00:00:00 GMT+01:00 2023,Wedding,11041
11042,Drug more pass.,Wed Nov 20 00:00:00 GMT+01:00 2024,Birthday,11042
11043,Act matter.,Mon Mar 27 00:00:00 GMT+01:00 2023,Corporate Event,11043
11044,Success develop model.,Thu Apr 14 00:00:00 GMT+01:00 2022,Private Party,11044
11045,Drop I.,Mon Apr 17 00:00:00 GMT+01:00 2023,Private Party,11045
11046,Whatever shoulder.,Fri Feb 11 00:00:00 GMT+01:00 2022,Wedding,11046
11047,Ago particular.,Thu Aug 24 00:00:00 GMT+01:00 2023,Corporate Event,11047
11048,Already system media.,Sun Jan 19 00:00:00 GMT+01:00 2025,Wedding,11048
11049,Born.,Tue Jul 05 00:00:00 GMT+01:00 2022,Private Party,11049
11050,Program voice discussion.,Fri Feb 18 00:00:00 GMT+01:00 2022,Corporate Event,11050
11051,Base in.,Tue Jun 24 00:00:00 GMT+01:00 2025,Private Party,11051
11052,Picture hour this.,Sun Nov 10 00:00:00 GMT+01:00 2024,Corporate Event,11052
11053,Fear great.,Mon Aug 19 00:00:00 GMT+01:00 2024,Corporate Event,11053
11054,General free.,Tue Dec 06 00:00:00 GMT+01:00 2022,Birthday,11054
11055,Major throughout.,Sun Nov 13 00:00:00 GMT+01:00 2022,Wedding,11055
11056,Write able bad.,Thu Nov 21 00:00:00 GMT+01:00 2024,Corporate Event,11056
11057,Big.,Tue Oct 04 00:00:00 GMT+01:00 2022,Birthday,11057
11058,Investment environmental interesting customer.,Fri Jul 28 00:00:00 GMT+01:00 2023,Corporate Event,11058
11059,Agreement figure people.,Sun Sep 18 00:00:00 GMT+01:00 2022,Birthday,11059
11060,Natural arrive Republican.,Sat Jun 25 00:00:00 GMT+01:00 2022,Corporate Event,11060
11061,Hard control place move.,Sat Sep 27 00:00:00 GMT+01:00 2025,Corporate Event,11061
11062,Partner different.,Sun Dec 14 00:00:00 GMT+01:00 2025,Wedding,11062
11063,Night civil.,Thu Jan 13 00:00:00 GMT+01:00 2022,Wedding,11063
11064,Coach.,Sat Dec 17 00:00:00 GMT+01:00 2022,Wedding,11064
11065,Score rise.,Tue Feb 01 00:00:00 GMT+01:00 2022,Private Party,11065
11066,Know trip.,Thu May 04 00:00:00 GMT+01:00 2023,Corporate Event,11066
11067,Cost agreement say direction.,Fri Mar 10 00:00:00 GMT+01:00 2023,Birthday,11067
11068,Political.,Wed Aug 20 00:00:00 GMT+01:00 2025,Wedding,11068
11069,A general nation.,Wed Aug 17 00:00:00 GMT+01:00 2022,Wedding,11069
11070,Yet study.,Tue Jun 24 00:00:00 GMT+01:00 2025,Wedding,11070
11071,Entire present.,Tue Jan 28 00:00:00 GMT+01:00 2025,Private Party,11071
11072,Center develop.,Thu Oct 17 00:00:00 GMT+01:00 2024,Wedding,11072
11073,Impact expert kitchen improve.,Mon Apr 18 00:00:00 GMT+01:00 2022,Wedding,11073
11074,Such lawyer election.,Thu Mar 23 00:00:00 GMT+01:00 2023,Wedding,11074
11075,Happen.,Sun Mar 19 00:00:00 GMT+01:00 2023,Birthday,11075
11076,Heart institution.,Fri Aug 30 00:00:00 GMT+01:00 2024,Wedding,11076
11077,Exist meeting.,Wed Jun 21 00:00:00 GMT+01:00 2023,Birthday,11077
11078,Both until.,Sun Sep 24 00:00:00 GMT+01:00 2023,Corporate Event,11078
11079,Dream professor threat.,Mon Jul 03 00:00:00 GMT+01:00 2023,Private Party,11079
11080,Enough newspaper.,Mon Aug 08 00:00:00 GMT+01:00 2022,Private Party,11080
11081,Door front.,Mon Aug 04 00:00:00 GMT+01:00 2025,Private Party,11081
11082,General race.,Fri Sep 15 00:00:00 GMT+01:00 2023,Wedding,11082
11083,Speech specific fall.,Tue Apr 22 00:00:00 GMT+01:00 2025,Birthday,11083
11084,Admit resource stand.,Tue Jul 04 00:00:00 GMT+01:00 2023,Birthday,11084
11085,Loss moment organization.,Mon Mar 04 00:00:00 GMT+01:00 2024,Wedding,11085
11086,When public watch.,Sun May 12 00:00:00 GMT+01:00 2024,Private Party,11086
11087,Reality ask responsibility.,Thu Aug 07 00:00:00 GMT+01:00 2025,Birthday,11087
11088,Us million.,Sat May 06 00:00:00 GMT+01:00 2023,Wedding,11088
11089,Three.,Thu Feb 01 00:00:00 GMT+01:00 2024,Private Party,11089
11090,Among gas their.,Tue Jul 22 00:00:00 GMT+01:00 2025,Private Party,11090
11091,Evening develop.,Sun Dec 18 00:00:00 GMT+01:00 2022,Wedding,11091
11092,Minute.,Tue Jun 17 00:00:00 GMT+01:00 2025,Private Party,11092
11093,Race.,Mon Nov 04 00:00:00 GMT+01:00 2024,Wedding,11093
11094,Understand anyone.,Tue Mar 08 00:00:00 GMT+01:00 2022,Birthday,11094
11095,Thing loss.,Mon Jun 12 00:00:00 GMT+01:00 2023,Private Party,11095
11096,Possible.,Mon Jun 30 00:00:00 GMT+01:00 2025,Private Party,11096
11097,Data really.,Mon Apr 04 00:00:00 GMT+01:00 2022,Wedding,11097
11098,Clearly figure major.,Fri Dec 23 00:00:00 GMT+01:00 2022,Wedding,11098
11099,Down skill.,Sun May 22 00:00:00 GMT+01:00 2022,Wedding,11099
11100,Possible break this production.,Sat Nov 26 00:00:00 GMT+01:00 2022,Corporate Event,11100
11101,Add world understand.,Sat Mar 30 00:00:00 GMT+01:00 2024,Corporate Event,11101
11102,Assume current.,Sat Sep 10 00:00:00 GMT+01:00 2022,Birthday,11102
11103,Season add.,Sun Mar 09 00:00:00 GMT+01:00 2025,Private Party,11103
11104,Reduce ball.,Fri Sep 06 00:00:00 GMT+01:00 2024,Private Party,11104
11105,Toward.,Tue Jul 04 00:00:00 GMT+01:00 2023,Corporate Event,11105
11106,Around for.,Sat Aug 02 00:00:00 GMT+01:00 2025,Wedding,11106
11107,Result.,Sun Jul 06 00:00:00 GMT+01:00 2025,Private Party,11107
11108,Morning various.,Mon Nov 14 00:00:00 GMT+01:00 2022,Private Party,11108
11109,No you occur.,Fri Jul 19 00:00:00 GMT+01:00 2024,Private Party,11109
11110,Maybe fact.,Tue Jun 17 00:00:00 GMT+01:00 2025,Birthday,11110
11111,Own.,Mon Jan 23 00:00:00 GMT+01:00 2023,Private Party,11111
11112,Year run cut.,Tue Feb 13 00:00:00 GMT+01:00 2024,Corporate Event,11112
11113,Very two myself.,Mon Sep 23 00:00:00 GMT+01:00 2024,Corporate Event,11113
11114,Land eight have.,Sun Sep 28 00:00:00 GMT+01:00 2025,Birthday,11114
11115,Rock chair magazine team.,Tue Mar 26 00:00:00 GMT+01:00 2024,Birthday,11115
11116,By state management arrive.,Fri Apr 08 00:00:00 GMT+01:00 2022,Birthday,11116
11117,Physical final product.,Sat Jul 08 00:00:00 GMT+01:00 2023,Wedding,11117
11118,Need better.,Mon Jan 03 00:00:00 GMT+01:00 2022,Birthday,11118
11119,Need service fight.,Sun Dec 21 00:00:00 GMT+01:00 2025,Wedding,11119
11120,Question cultural use.,Thu Jun 30 00:00:00 GMT+01:00 2022,Wedding,11120
11121,Level baby tree.,Thu Dec 01 00:00:00 GMT+01:00 2022,Birthday,11121
11122,Question particularly wish voice.,Mon Sep 29 00:00:00 GMT+01:00 2025,Corporate Event,11122
11123,Ever modern.,Sun Jan 28 00:00:00 GMT+01:00 2024,Birthday,11123
11124,Drive audience.,Tue Jul 04 00:00:00 GMT+01:00 2023,Private Party,11124
11125,Grow outside.,Wed Apr 26 00:00:00 GMT+01:00 2023,Corporate Event,11125
11126,Argue charge.,Fri Jun 13 00:00:00 GMT+01:00 2025,Wedding,11126
11127,Store what write listen.,Sun Jan 05 00:00:00 GMT+01:00 2025,Private Party,11127
11128,For clearly.,Mon Feb 28 00:00:00 GMT+01:00 2022,Corporate Event,11128
11129,Upon run.,Sat Mar 16 00:00:00 GMT+01:00 2024,Wedding,11129
11130,Theory grow.,Mon Jan 03 00:00:00 GMT+01:00 2022,Private Party,11130
11131,Picture nearly.,Sat Jul 23 00:00:00 GMT+01:00 2022,Corporate Event,11131
11132,Former wear and.,Thu Jul 04 00:00:00 GMT+01:00 2024,Corporate Event,11132
11133,Require turn.,Thu Feb 20 00:00:00 GMT+01:00 2025,Wedding,11133
11134,Peace instead.,Mon Mar 21 00:00:00 GMT+01:00 2022,Private Party,11134
11135,Our receive shoulder.,Wed Nov 01 00:00:00 GMT+01:00 2023,Birthday,11135
11136,Machine I make.,Sat Jun 10 00:00:00 GMT+01:00 2023,Wedding,11136
11137,Dog service.,Fri Sep 08 00:00:00 GMT+01:00 2023,Wedding,11137
11138,Game billion.,Tue May 28 00:00:00 GMT+01:00 2024,Private Party,11138
11139,Serve whom exist throughout.,Mon Jul 21 00:00:00 GMT+01:00 2025,Private Party,11139
11140,Its relationship check.,Sun Mar 02 00:00:00 GMT+01:00 2025,Birthday,11140
11141,Back scientist tonight.,Sun Jun 08 00:00:00 GMT+01:00 2025,Birthday,11141
11142,Suddenly rise each.,Wed May 17 00:00:00 GMT+01:00 2023,Wedding,11142
11143,Course.,Sun May 19 00:00:00 GMT+01:00 2024,Corporate Event,11143
11144,Force.,Sun Apr 23 00:00:00 GMT+01:00 2023,Corporate Event,11144
11145,Range dream admit everyone.,Sun Jul 21 00:00:00 GMT+01:00 2024,Wedding,11145
11146,Best parent.,Fri Sep 15 00:00:00 GMT+01:00 2023,Private Party,11146
11147,Follow.,Sun Mar 26 00:00:00 GMT+01:00 2023,Wedding,11147
11148,Risk hope difficult account.,Sat Jan 29 00:00:00 GMT+01:00 2022,Wedding,11148
11149,Something environment significant.,Sat Dec 23 00:00:00 GMT+01:00 2023,Corporate Event,11149
11150,Country someone glass.,Wed Oct 23 00:00:00 GMT+01:00 2024,Corporate Event,11150
11151,Could common win play.,Tue Oct 17 00:00:00 GMT+01:00 2023,Wedding,11151
11152,High organization.,Thu Jul 18 00:00:00 GMT+01:00 2024,Wedding,11152
11153,Later.,Sun Oct 15 00:00:00 GMT+01:00 2023,Corporate Event,11153
11154,Responsibility score beat someone.,Fri Oct 10 00:00:00 GMT+01:00 2025,Private Party,11154
11155,Without record.,Thu Aug 08 00:00:00 GMT+01:00 2024,Wedding,11155
11156,Student season.,Sat Jun 10 00:00:00 GMT+01:00 2023,Corporate Event,11156
11157,Avoid also student.,Sat Nov 12 00:00:00 GMT+01:00 2022,Birthday,11157
11158,Investment green front change.,Sun Nov 19 00:00:00 GMT+01:00 2023,Wedding,11158
11159,Term tonight husband nature.,Tue Dec 23 00:00:00 GMT+01:00 2025,Corporate Event,11159
11160,Management sea.,Wed Jun 26 00:00:00 GMT+01:00 2024,Corporate Event,11160
11161,Production bill threat.,Sun Jun 18 00:00:00 GMT+01:00 2023,Birthday,11161
11162,Specific describe stop party.,Sat Dec 14 00:00:00 GMT+01:00 2024,Private Party,11162
11163,Animal lawyer break top.,Mon Dec 15 00:00:00 GMT+01:00 2025,Wedding,11163
11164,Sometimes.,Thu Oct 05 00:00:00 GMT+01:00 2023,Private Party,11164
11165,Success catch.,Fri Nov 11 00:00:00 GMT+01:00 2022,Birthday,11165
11166,Remember there enough.,Thu Jul 11 00:00:00 GMT+01:00 2024,Private Party,11166
11167,Dinner bag but.,Sat Aug 24 00:00:00 GMT+01:00 2024,Wedding,11167
11168,His even consider.,Wed Jul 05 00:00:00 GMT+01:00 2023,Wedding,11168
11169,Per.,Tue Feb 20 00:00:00 GMT+01:00 2024,Corporate Event,11169
11170,Budget rise.,Sun Dec 28 00:00:00 GMT+01:00 2025,Private Party,11170
11171,Fine.,Tue Feb 06 00:00:00 GMT+01:00 2024,Birthday,11171
11172,Enter they.,Tue Nov 05 00:00:00 GMT+01:00 2024,Private Party,11172
11173,Treatment oil.,Mon Aug 26 00:00:00 GMT+01:00 2024,Corporate Event,11173
11174,Seek become capital.,Tue Jun 20 00:00:00 GMT+01:00 2023,Birthday,11174
11175,Attack popular.,Mon Dec 23 00:00:00 GMT+01:00 2024,Birthday,11175
11176,Future watch case.,Thu Aug 14 00:00:00 GMT+01:00 2025,Birthday,11176
11177,Threat how personal either.,Sat Apr 30 00:00:00 GMT+01:00 2022,Corporate Event,11177
11178,Defense.,Wed Jan 04 00:00:00 GMT+01:00 2023,Private Party,11178
11179,Since necessary according.,Tue Oct 28 00:00:00 GMT+01:00 2025,Wedding,11179
11180,Issue chance.,Fri Dec 01 00:00:00 GMT+01:00 2023,Private Party,11180
11181,Good apply.,Sat Apr 16 00:00:00 GMT+01:00 2022,Private Party,11181
11182,Weight.,Tue Mar 28 00:00:00 GMT+01:00 2023,Birthday,11182
11183,Put commercial.,Fri Nov 15 00:00:00 GMT+01:00 2024,Corporate Event,11183
11184,Deep need.,Wed Nov 30 00:00:00 GMT+01:00 2022,Private Party,11184
11185,Education study.,Fri Aug 08 00:00:00 GMT+01:00 2025,Wedding,11185
11186,Her include.,Fri Jun 20 00:00:00 GMT+01:00 2025,Private Party,11186
11187,Sign short participant show.,Sun May 28 00:00:00 GMT+01:00 2023,Private Party,11187
11188,Actually family.,Thu Feb 15 00:00:00 GMT+01:00 2024,Birthday,11188
11189,City either to.,Sun Mar 26 00:00:00 GMT+01:00 2023,Birthday,11189
11190,Wrong health tough know.,Tue May 30 00:00:00 GMT+01:00 2023,Wedding,11190
11191,Garden near.,Sun Oct 15 00:00:00 GMT+01:00 2023,Wedding,11191
11192,As stuff bill.,Mon Nov 11 00:00:00 GMT+01:00 2024,Private Party,11192
11193,Mr also keep.,Sun Aug 04 00:00:00 GMT+01:00 2024,Wedding,11193
11194,Admit how rock.,Sat Jan 01 00:00:00 GMT+01:00 2022,Wedding,11194
11195,Nature reach.,Tue Mar 15 00:00:00 GMT+01:00 2022,Birthday,11195
11196,Suffer its.,Wed Oct 01 00:00:00 GMT+01:00 2025,Wedding,11196
11197,Could begin market economy.,Mon Dec 23 00:00:00 GMT+01:00 2024,Private Party,11197
11198,His parent.,Sat May 06 00:00:00 GMT+01:00 2023,Corporate Event,11198
11199,Member whole myself.,Thu Nov 10 00:00:00 GMT+01:00 2022,Wedding,11199
11200,Late administration line.,Sun Jan 29 00:00:00 GMT+01:00 2023,Corporate Event,11200
11201,Work evening compare.,Tue Jan 02 00:00:00 GMT+01:00 2024,Private Party,11201
11202,Trial song.,Mon Aug 05 00:00:00 GMT+01:00 2024,Birthday,11202
11203,Talk follow build.,Fri Nov 04 00:00:00 GMT+01:00 2022,Wedding,11203
11204,Large commercial.,Fri Feb 02 00:00:00 GMT+01:00 2024,Wedding,11204
11205,Resource for.,Fri Jun 20 00:00:00 GMT+01:00 2025,Corporate Event,11205
11206,Despite down.,Tue Feb 01 00:00:00 GMT+01:00 2022,Birthday,11206
11207,Figure remember send sort.,Wed Jul 17 00:00:00 GMT+01:00 2024,Birthday,11207
11208,Over energy college.,Sat Nov 09 00:00:00 GMT+01:00 2024,Corporate Event,11208
11209,Owner must pass.,Wed Oct 04 00:00:00 GMT+01:00 2023,Corporate Event,11209
11210,Learn blue.,Fri Feb 10 00:00:00 GMT+01:00 2023,Corporate Event,11210
11211,Likely.,Thu Mar 24 00:00:00 GMT+01:00 2022,Corporate Event,11211
11212,Size my need.,Sun Apr 21 00:00:00 GMT+01:00 2024,Private Party,11212
11213,Already recognize will moment.,Wed Aug 10 00:00:00 GMT+01:00 2022,Wedding,11213
11214,Always budget many in.,Sat Aug 27 00:00:00 GMT+01:00 2022,Wedding,11214
11215,Final feel article.,Sun Jul 13 00:00:00 GMT+01:00 2025,Corporate Event,11215
11216,Charge interest.,Fri Mar 14 00:00:00 GMT+01:00 2025,Wedding,11216
11217,Pattern my trial.,Wed Dec 17 00:00:00 GMT+01:00 2025,Private Party,11217
11218,Now brother.,Sat Jul 29 00:00:00 GMT+01:00 2023,Private Party,11218
11219,Bit knowledge should.,Thu Sep 14 00:00:00 GMT+01:00 2023,Corporate Event,11219
11220,Share.,Sat Apr 23 00:00:00 GMT+01:00 2022,Wedding,11220
11221,Of both go.,Fri Jul 08 00:00:00 GMT+01:00 2022,Birthday,11221
11222,Expert yard.,Tue Apr 08 00:00:00 GMT+01:00 2025,Wedding,11222
11223,Show few send believe.,Wed Dec 11 00:00:00 GMT+01:00 2024,Wedding,11223
11224,Matter.,Mon Aug 22 00:00:00 GMT+01:00 2022,Birthday,11224
11225,Art marriage.,Wed Nov 20 00:00:00 GMT+01:00 2024,Wedding,11225
11226,Music since.,Tue Sep 03 00:00:00 GMT+01:00 2024,Wedding,11226
11227,Where bag.,Sun Sep 03 00:00:00 GMT+01:00 2023,Birthday,11227
11228,Control daughter.,Wed Feb 22 00:00:00 GMT+01:00 2023,Corporate Event,11228
11229,Rock.,Thu Jul 03 00:00:00 GMT+01:00 2025,Corporate Event,11229
11230,Industry time whether.,Mon Jun 13 00:00:00 GMT+01:00 2022,Wedding,11230
11231,Product film week.,Tue Jan 14 00:00:00 GMT+01:00 2025,Wedding,11231
11232,Who indeed friend.,Mon Oct 16 00:00:00 GMT+01:00 2023,Corporate Event,11232
11233,Soldier my address.,Sun Feb 05 00:00:00 GMT+01:00 2023,Corporate Event,11233
11234,Usually hour.,Sun Jun 08 00:00:00 GMT+01:00 2025,Birthday,11234
11235,Bill total.,Thu May 01 00:00:00 GMT+01:00 2025,Corporate Event,11235
11236,Somebody avoid ability dinner.,Thu Nov 02 00:00:00 GMT+01:00 2023,Birthday,11236
11237,Amount modern clear present.,Tue Jan 11 00:00:00 GMT+01:00 2022,Corporate Event,11237
11238,Enjoy exist.,Wed Nov 26 00:00:00 GMT+01:00 2025,Wedding,11238
11239,Matter performance.,Thu Jun 08 00:00:00 GMT+01:00 2023,Wedding,11239
11240,Amount little.,Mon Nov 27 00:00:00 GMT+01:00 2023,Wedding,11240
11241,Never once.,Fri Jun 23 00:00:00 GMT+01:00 2023,Corporate Event,11241
11242,Week human.,Wed Jan 17 00:00:00 GMT+01:00 2024,Private Party,11242
11243,Trouble policy day.,Tue Dec 31 00:00:00 GMT+01:00 2024,Corporate Event,11243
11244,Pick partner nor which.,Mon Dec 23 00:00:00 GMT+01:00 2024,Birthday,11244
11245,Probably worker.,Sat Dec 10 00:00:00 GMT+01:00 2022,Birthday,11245
11246,Single note.,Tue Oct 01 00:00:00 GMT+01:00 2024,Corporate Event,11246
11247,Just hair season.,Thu Nov 07 00:00:00 GMT+01:00 2024,Private Party,11247
11248,Thought build store.,Sat Aug 26 00:00:00 GMT+01:00 2023,Wedding,11248
11249,Both rate wear.,Thu Jun 15 00:00:00 GMT+01:00 2023,Private Party,11249
11250,Individual network.,Thu Jul 21 00:00:00 GMT+01:00 2022,Wedding,11250
11251,Service there.,Sun Dec 01 00:00:00 GMT+01:00 2024,Birthday,11251
11252,Avoid wait produce.,Sun Dec 17 00:00:00 GMT+01:00 2023,Private Party,11252
11253,Accept trouble hear.,Wed Aug 16 00:00:00 GMT+01:00 2023,Corporate Event,11253
11254,Center body rich.,Fri May 09 00:00:00 GMT+01:00 2025,Private Party,11254
11255,Responsibility bank data local.,Wed Aug 09 00:00:00 GMT+01:00 2023,Wedding,11255
11256,Continue expect arm.,Thu Jun 30 00:00:00 GMT+01:00 2022,Birthday,11256
11257,That common.,Tue Jun 17 00:00:00 GMT+01:00 2025,Wedding,11257
11258,Crime learn.,Sat Nov 29 00:00:00 GMT+01:00 2025,Private Party,11258
11259,School PM.,Thu Jan 18 00:00:00 GMT+01:00 2024,Birthday,11259
11260,Response thus appear.,Wed Oct 16 00:00:00 GMT+01:00 2024,Birthday,11260
11261,Century beat community dream.,Wed Jun 14 00:00:00 GMT+01:00 2023,Wedding,11261
11262,Scientist southern theory agent.,Wed May 22 00:00:00 GMT+01:00 2024,Private Party,11262
11263,This establish.,Thu Mar 21 00:00:00 GMT+01:00 2024,Private Party,11263
11264,Usually along price.,Fri Jun 13 00:00:00 GMT+01:00 2025,Wedding,11264
11265,Me agree forget.,Wed Jan 11 00:00:00 GMT+01:00 2023,Corporate Event,11265
11266,Remain meeting.,Wed Sep 14 00:00:00 GMT+01:00 2022,Corporate Event,11266
11267,Enter strategy road food.,Thu Feb 27 00:00:00 GMT+01:00 2025,Corporate Event,11267
11268,Free during physical.,Tue Aug 23 00:00:00 GMT+01:00 2022,Private Party,11268
11269,Season themselves.,Sat Apr 15 00:00:00 GMT+01:00 2023,Wedding,11269
11270,Choice beat.,Tue Oct 21 00:00:00 GMT+01:00 2025,Corporate Event,11270
11271,Goal size happy.,Wed Mar 27 00:00:00 GMT+01:00 2024,Private Party,11271
11272,Tough compare tend.,Sat Jul 06 00:00:00 GMT+01:00 2024,Private Party,11272
11273,So she investment.,Thu Mar 16 00:00:00 GMT+01:00 2023,Wedding,11273
11274,Up skill.,Mon Apr 04 00:00:00 GMT+01:00 2022,Private Party,11274
11275,Prevent stop more.,Sat May 27 00:00:00 GMT+01:00 2023,Corporate Event,11275
11276,Threat against.,Sat Nov 08 00:00:00 GMT+01:00 2025,Private Party,11276
11277,Red available law.,Sun Aug 31 00:00:00 GMT+01:00 2025,Wedding,11277
11278,If soldier four.,Tue May 13 00:00:00 GMT+01:00 2025,Birthday,11278
11279,President those best.,Sat Oct 18 00:00:00 GMT+01:00 2025,Birthday,11279
11280,Reality sometimes strategy.,Tue Aug 13 00:00:00 GMT+01:00 2024,Birthday,11280
11281,Boy happen argue.,Fri Dec 15 00:00:00 GMT+01:00 2023,Corporate Event,11281
11282,Decide green air.,Fri Sep 09 00:00:00 GMT+01:00 2022,Private Party,11282
11283,Pay speech.,Wed Jan 05 00:00:00 GMT+01:00 2022,Corporate Event,11283
11284,Various determine foreign.,Mon Dec 23 00:00:00 GMT+01:00 2024,Corporate Event,11284
11285,Child experience suffer star.,Thu Nov 20 00:00:00 GMT+01:00 2025,Corporate Event,11285
11286,Measure usually.,Fri May 27 00:00:00 GMT+01:00 2022,Private Party,11286
11287,Employee.,Sat Oct 26 00:00:00 GMT+01:00 2024,Corporate Event,11287
11288,Card beautiful.,Sun Jan 07 00:00:00 GMT+01:00 2024,Birthday,11288
11289,Parent until risk two.,Thu Oct 02 00:00:00 GMT+01:00 2025,Corporate Event,11289
11290,Race make.,Tue Aug 15 00:00:00 GMT+01:00 2023,Wedding,11290
11291,Significant responsibility.,Wed Apr 09 00:00:00 GMT+01:00 2025,Private Party,11291
11292,Listen paper.,Tue Apr 25 00:00:00 GMT+01:00 2023,Wedding,11292
11293,Almost north guess.,Thu Mar 24 00:00:00 GMT+01:00 2022,Birthday,11293
11294,Everything future.,Mon Mar 24 00:00:00 GMT+01:00 2025,Birthday,11294
11295,Chair leader to.,Thu Feb 01 00:00:00 GMT+01:00 2024,Corporate Event,11295
11296,Girl show.,Mon Feb 17 00:00:00 GMT+01:00 2025,Corporate Event,11296
11297,Name animal.,Sat Mar 05 00:00:00 GMT+01:00 2022,Corporate Event,11297
11298,Measure account though.,Fri Dec 27 00:00:00 GMT+01:00 2024,Wedding,11298
11299,Another way remain environmental.,Wed May 15 00:00:00 GMT+01:00 2024,Wedding,11299
11300,Life too.,Sat Jul 22 00:00:00 GMT+01:00 2023,Private Party,11300
11301,Possible name.,Tue Oct 03 00:00:00 GMT+01:00 2023,Birthday,11301
11302,Television network make.,Thu Dec 05 00:00:00 GMT+01:00 2024,Wedding,11302
11303,Something pull cover learn.,Fri Nov 25 00:00:00 GMT+01:00 2022,Wedding,11303
11304,Think recent.,Sat Aug 16 00:00:00 GMT+01:00 2025,Corporate Event,11304
11305,Evidence anyone.,Wed Mar 08 00:00:00 GMT+01:00 2023,Birthday,11305
11306,Store type far above.,Sun Jun 01 00:00:00 GMT+01:00 2025,Private Party,11306
11307,Few specific.,Fri Aug 23 00:00:00 GMT+01:00 2024,Wedding,11307
11308,Movement medical meet.,Sat Feb 18 00:00:00 GMT+01:00 2023,Wedding,11308
11309,Their it.,Wed Dec 18 00:00:00 GMT+01:00 2024,Corporate Event,11309
11310,Physical bill several.,Thu Jul 25 00:00:00 GMT+01:00 2024,Private Party,11310
11311,Age budget.,Tue Dec 17 00:00:00 GMT+01:00 2024,Private Party,11311
11312,Week officer we.,Sun Jun 19 00:00:00 GMT+01:00 2022,Birthday,11312
11313,Right.,Fri Nov 07 00:00:00 GMT+01:00 2025,Corporate Event,11313
11314,Life western.,Mon Aug 12 00:00:00 GMT+01:00 2024,Birthday,11314
11315,Language drive.,Thu Nov 28 00:00:00 GMT+01:00 2024,Wedding,11315
11316,Opportunity.,Sat Dec 30 00:00:00 GMT+01:00 2023,Corporate Event,11316
11317,Get population risk.,Thu Nov 14 00:00:00 GMT+01:00 2024,Corporate Event,11317
11318,Market information piece.,Tue Feb 11 00:00:00 GMT+01:00 2025,Private Party,11318
11319,Pretty which.,Wed Jun 05 00:00:00 GMT+01:00 2024,Wedding,11319
11320,Cut fly.,Fri Oct 24 00:00:00 GMT+01:00 2025,Wedding,11320
11321,Provide.,Thu Nov 13 00:00:00 GMT+01:00 2025,Corporate Event,11321
11322,Those form.,Mon Nov 25 00:00:00 GMT+01:00 2024,Private Party,11322
11323,Right major.,Thu Jul 13 00:00:00 GMT+01:00 2023,Birthday,11323
11324,Kind week.,Sat Aug 10 00:00:00 GMT+01:00 2024,Birthday,11324
11325,Cell general catch lose.,Fri Aug 26 00:00:00 GMT+01:00 2022,Private Party,11325
11326,Dream officer.,Wed Sep 25 00:00:00 GMT+01:00 2024,Private Party,11326
11327,When ten leave.,Thu Mar 20 00:00:00 GMT+01:00 2025,Wedding,11327
11328,Particularly behind.,Wed Jun 04 00:00:00 GMT+01:00 2025,Birthday,11328
11329,Market note.,Mon Jul 15 00:00:00 GMT+01:00 2024,Birthday,11329
11330,Into.,Mon Jul 21 00:00:00 GMT+01:00 2025,Private Party,11330
11331,Collection on.,Thu May 11 00:00:00 GMT+01:00 2023,Private Party,11331
11332,Democrat service.,Mon May 20 00:00:00 GMT+01:00 2024,Wedding,11332
11333,Sea wrong.,Fri Apr 04 00:00:00 GMT+01:00 2025,Private Party,11333
11334,Far never art.,Sat Jan 21 00:00:00 GMT+01:00 2023,Private Party,11334
11335,Weight analysis cause.,Sun Jan 14 00:00:00 GMT+01:00 2024,Wedding,11335
11336,Skin seat.,Sun Nov 24 00:00:00 GMT+01:00 2024,Birthday,11336
11337,Allow property.,Wed Aug 16 00:00:00 GMT+01:00 2023,Wedding,11337
11338,Fear your team.,Thu Feb 13 00:00:00 GMT+01:00 2025,Birthday,11338
11339,Class let mind reality.,Mon Feb 10 00:00:00 GMT+01:00 2025,Wedding,11339
11340,Instead north.,Wed Feb 28 00:00:00 GMT+01:00 2024,Corporate Event,11340
11341,Deal mind economy.,Tue Jul 16 00:00:00 GMT+01:00 2024,Birthday,11341
11342,Resource mouth head.,Wed Oct 26 00:00:00 GMT+01:00 2022,Birthday,11342
11343,Establish case concern.,Sun Jun 16 00:00:00 GMT+01:00 2024,Private Party,11343
11344,Possible line coach.,Tue Dec 03 00:00:00 GMT+01:00 2024,Corporate Event,11344
11345,Heart of opportunity.,Sun Aug 27 00:00:00 GMT+01:00 2023,Wedding,11345
11346,Themselves nation.,Thu May 19 00:00:00 GMT+01:00 2022,Birthday,11346
11347,I simply.,Wed Jan 24 00:00:00 GMT+01:00 2024,Private Party,11347
11348,Interest involve rest.,Wed Nov 26 00:00:00 GMT+01:00 2025,Corporate Event,11348
11349,Value student college.,Sat Jan 25 00:00:00 GMT+01:00 2025,Corporate Event,11349
11350,Growth group my.,Sat Aug 24 00:00:00 GMT+01:00 2024,Birthday,11350
11351,Low several.,Mon Mar 17 00:00:00 GMT+01:00 2025,Private Party,11351
11352,Dog prove which.,Mon Jan 03 00:00:00 GMT+01:00 2022,Corporate Event,11352
11353,Laugh detail onto.,Sat Jan 22 00:00:00 GMT+01:00 2022,Corporate Event,11353
11354,Can ahead.,Sun Feb 26 00:00:00 GMT+01:00 2023,Birthday,11354
11355,Radio.,Fri May 17 00:00:00 GMT+01:00 2024,Wedding,11355
11356,Fund call beyond each.,Tue Aug 22 00:00:00 GMT+01:00 2023,Corporate Event,11356
11357,Campaign.,Sun May 26 00:00:00 GMT+01:00 2024,Birthday,11357
11358,American upon.,Sun Oct 16 00:00:00 GMT+01:00 2022,Birthday,11358
11359,Gas artist Mrs.,Mon Sep 08 00:00:00 GMT+01:00 2025,Wedding,11359
11360,Indeed third.,Tue May 17 00:00:00 GMT+01:00 2022,Private Party,11360
11361,Expect.,Tue May 31 00:00:00 GMT+01:00 2022,Corporate Event,11361
11362,Mention amount nor.,Sun Jan 29 00:00:00 GMT+01:00 2023,Birthday,11362
11363,Room organization.,Mon May 30 00:00:00 GMT+01:00 2022,Wedding,11363
11364,Later skill raise last.,Wed Nov 09 00:00:00 GMT+01:00 2022,Wedding,11364
11365,Field option radio live.,Sun Jun 12 00:00:00 GMT+01:00 2022,Corporate Event,11365
11366,Box unit.,Wed Nov 09 00:00:00 GMT+01:00 2022,Wedding,11366
11367,Modern card.,Thu Sep 28 00:00:00 GMT+01:00 2023,Private Party,11367
11368,Cold every travel.,Fri Feb 11 00:00:00 GMT+01:00 2022,Birthday,11368
11369,Thus ok.,Sun Aug 04 00:00:00 GMT+01:00 2024,Wedding,11369
11370,On message.,Tue Mar 04 00:00:00 GMT+01:00 2025,Wedding,11370
11371,Year member.,Sun May 19 00:00:00 GMT+01:00 2024,Wedding,11371
11372,Successful whole charge.,Thu Apr 04 00:00:00 GMT+01:00 2024,Corporate Event,11372
11373,Few nature.,Wed Jul 13 00:00:00 GMT+01:00 2022,Private Party,11373
11374,Adult.,Thu Mar 21 00:00:00 GMT+01:00 2024,Corporate Event,11374
11375,About bag.,Fri Jul 11 00:00:00 GMT+01:00 2025,Wedding,11375
11376,At apply account serious.,Wed Jul 13 00:00:00 GMT+01:00 2022,Corporate Event,11376
11377,Picture.,Tue Mar 08 00:00:00 GMT+01:00 2022,Wedding,11377
11378,City chance.,Thu Oct 12 00:00:00 GMT+01:00 2023,Birthday,11378
11379,Mean chair.,Tue Jan 03 00:00:00 GMT+01:00 2023,Wedding,11379
11380,Night model successful.,Mon Jul 03 00:00:00 GMT+01:00 2023,Birthday,11380
11381,Water manager.,Wed Jun 26 00:00:00 GMT+01:00 2024,Corporate Event,11381
11382,Left break dream.,Fri Jan 17 00:00:00 GMT+01:00 2025,Corporate Event,11382
11383,Less.,Sat Mar 04 00:00:00 GMT+01:00 2023,Wedding,11383
11384,Bar where learn.,Mon Nov 13 00:00:00 GMT+01:00 2023,Wedding,11384
11385,Edge food.,Tue Feb 25 00:00:00 GMT+01:00 2025,Wedding,11385
11386,Person up role young.,Mon Apr 17 00:00:00 GMT+01:00 2023,Wedding,11386
11387,Before finally sea.,Tue Apr 29 00:00:00 GMT+01:00 2025,Corporate Event,11387
11388,Up western ten light.,Sun Feb 12 00:00:00 GMT+01:00 2023,Wedding,11388
11389,Campaign apply of.,Thu Oct 09 00:00:00 GMT+01:00 2025,Corporate Event,11389
11390,There surface.,Sun Jun 11 00:00:00 GMT+01:00 2023,Birthday,11390
11391,Film color.,Wed Jul 06 00:00:00 GMT+01:00 2022,Birthday,11391
11392,Face mouth.,Tue Mar 07 00:00:00 GMT+01:00 2023,Wedding,11392
11393,Yes half.,Sun Mar 30 00:00:00 GMT+01:00 2025,Private Party,11393
11394,Rise consider now.,Wed Feb 12 00:00:00 GMT+01:00 2025,Corporate Event,11394
11395,Manager ten free.,Wed Mar 19 00:00:00 GMT+01:00 2025,Corporate Event,11395
11396,Opportunity already.,Tue Dec 09 00:00:00 GMT+01:00 2025,Birthday,11396
11397,Better nice ago.,Sun Apr 21 00:00:00 GMT+01:00 2024,Wedding,11397
11398,Will if.,Thu Apr 13 00:00:00 GMT+01:00 2023,Wedding,11398
11399,Officer rest.,Sat Dec 31 00:00:00 GMT+01:00 2022,Private Party,11399
11400,Hospital.,Mon Mar 10 00:00:00 GMT+01:00 2025,Private Party,11400
11401,Charge court.,Wed Jul 06 00:00:00 GMT+01:00 2022,Private Party,11401
11402,Fine author billion.,Tue Oct 22 00:00:00 GMT+01:00 2024,Corporate Event,11402
11403,Visit give.,Tue Sep 23 00:00:00 GMT+01:00 2025,Birthday,11403
11404,Yeah hard very.,Thu Feb 13 00:00:00 GMT+01:00 2025,Corporate Event,11404
11405,Here stock stuff.,Wed Mar 06 00:00:00 GMT+01:00 2024,Wedding,11405
11406,For debate.,Fri May 09 00:00:00 GMT+01:00 2025,Birthday,11406
11407,Base you.,Sat Jan 18 00:00:00 GMT+01:00 2025,Corporate Event,11407
11408,Never.,Tue Jul 26 00:00:00 GMT+01:00 2022,Corporate Event,11408
11409,Loss vote wife.,Tue Jun 07 00:00:00 GMT+01:00 2022,Wedding,11409
11410,Evening major a because.,Fri Feb 03 00:00:00 GMT+01:00 2023,Wedding,11410
11411,Clearly impact nature.,Mon Dec 18 00:00:00 GMT+01:00 2023,Wedding,11411
11412,Indicate water director.,Mon May 27 00:00:00 GMT+01:00 2024,Birthday,11412
11413,Although month.,Mon Nov 27 00:00:00 GMT+01:00 2023,Wedding,11413
11414,Start.,Mon Aug 07 00:00:00 GMT+01:00 2023,Wedding,11414
11415,Can bar attorney.,Fri Sep 19 00:00:00 GMT+01:00 2025,Corporate Event,11415
11416,Something bar meet.,Fri Dec 26 00:00:00 GMT+01:00 2025,Corporate Event,11416
11417,Could.,Thu Jun 08 00:00:00 GMT+01:00 2023,Private Party,11417
11418,They present real.,Thu Jul 04 00:00:00 GMT+01:00 2024,Birthday,11418
11419,Product allow after.,Sat Jun 17 00:00:00 GMT+01:00 2023,Corporate Event,11419
11420,Brother yard scene.,Wed Sep 24 00:00:00 GMT+01:00 2025,Birthday,11420
11421,Good power book.,Tue May 24 00:00:00 GMT+01:00 2022,Private Party,11421
11422,Attack with important.,Thu Aug 14 00:00:00 GMT+01:00 2025,Corporate Event,11422
11423,Pressure choose two cost.,Fri Mar 04 00:00:00 GMT+01:00 2022,Corporate Event,11423
11424,Economy water short.,Thu Dec 04 00:00:00 GMT+01:00 2025,Corporate Event,11424
11425,Enough major.,Fri Oct 14 00:00:00 GMT+01:00 2022,Private Party,11425
11426,Along himself business.,Tue Mar 05 00:00:00 GMT+01:00 2024,Corporate Event,11426
11427,Us suffer.,Wed Jul 24 00:00:00 GMT+01:00 2024,Birthday,11427
11428,Agency sense.,Thu Mar 06 00:00:00 GMT+01:00 2025,Private Party,11428
11429,Free physical.,Sun May 01 00:00:00 GMT+01:00 2022,Corporate Event,11429
11430,Order red baby.,Fri Dec 16 00:00:00 GMT+01:00 2022,Wedding,11430
11431,Voice book thousand.,Mon May 08 00:00:00 GMT+01:00 2023,Wedding,11431
11432,Me artist.,Wed Oct 18 00:00:00 GMT+01:00 2023,Wedding,11432
11433,Not receive.,Sun Jun 18 00:00:00 GMT+01:00 2023,Wedding,11433
11434,Agency mouth.,Fri Mar 15 00:00:00 GMT+01:00 2024,Corporate Event,11434
11435,Win name star.,Wed May 07 00:00:00 GMT+01:00 2025,Corporate Event,11435
11436,General student.,Tue Jul 01 00:00:00 GMT+01:00 2025,Wedding,11436
11437,Television perhaps.,Thu Oct 30 00:00:00 GMT+01:00 2025,Birthday,11437
11438,Increase yard spring.,Wed May 10 00:00:00 GMT+01:00 2023,Wedding,11438
11439,Whose ground.,Sat Jul 05 00:00:00 GMT+01:00 2025,Private Party,11439
11440,Significant.,Wed Sep 21 00:00:00 GMT+01:00 2022,Birthday,11440
11441,Because word animal.,Wed Jun 29 00:00:00 GMT+01:00 2022,Private Party,11441
11442,Southern behind well.,Wed Oct 29 00:00:00 GMT+01:00 2025,Wedding,11442
11443,Day beyond.,Wed Jan 22 00:00:00 GMT+01:00 2025,Private Party,11443
11444,Consider speech.,Sat Oct 18 00:00:00 GMT+01:00 2025,Private Party,11444
11445,How good.,Fri Jun 02 00:00:00 GMT+01:00 2023,Corporate Event,11445
11446,Deal fast.,Fri May 27 00:00:00 GMT+01:00 2022,Private Party,11446
11447,Lose.,Fri Apr 07 00:00:00 GMT+01:00 2023,Wedding,11447
11448,Stuff daughter between.,Fri Apr 07 00:00:00 GMT+01:00 2023,Corporate Event,11448
11449,Answer turn thousand common.,Tue Nov 18 00:00:00 GMT+01:00 2025,Birthday,11449
11450,Address small seat.,Sat Apr 15 00:00:00 GMT+01:00 2023,Corporate Event,11450
11451,Past forget.,Fri Aug 25 00:00:00 GMT+01:00 2023,Private Party,11451
11452,Yard affect.,Sat Dec 28 00:00:00 GMT+01:00 2024,Corporate Event,11452
11453,Pattern possible.,Wed Dec 11 00:00:00 GMT+01:00 2024,Private Party,11453
11454,Dream woman.,Thu May 02 00:00:00 GMT+01:00 2024,Private Party,11454
11455,Green detail.,Fri May 16 00:00:00 GMT+01:00 2025,Private Party,11455
11456,Beat friend central.,Thu Aug 15 00:00:00 GMT+01:00 2024,Corporate Event,11456
11457,Ground fine beat.,Fri Feb 11 00:00:00 GMT+01:00 2022,Birthday,11457
11458,Consider involve.,Sat Aug 06 00:00:00 GMT+01:00 2022,Private Party,11458
11459,Against mention answer need.,Wed May 03 00:00:00 GMT+01:00 2023,Private Party,11459
11460,Participant development forward.,Sat Jun 01 00:00:00 GMT+01:00 2024,Corporate Event,11460
11461,Matter current strategy take.,Mon Sep 09 00:00:00 GMT+01:00 2024,Birthday,11461
11462,Even against a.,Thu Nov 30 00:00:00 GMT+01:00 2023,Birthday,11462
11463,Later culture note.,Sun Mar 31 00:00:00 GMT+01:00 2024,Corporate Event,11463
11464,Before cut pull.,Wed May 14 00:00:00 GMT+01:00 2025,Wedding,11464
11465,Animal kitchen over.,Thu Apr 21 00:00:00 GMT+01:00 2022,Birthday,11465
11466,Simply.,Wed Apr 09 00:00:00 GMT+01:00 2025,Private Party,11466
11467,Nearly fine work.,Sun Jan 07 00:00:00 GMT+01:00 2024,Corporate Event,11467
11468,Box finish go.,Tue Apr 29 00:00:00 GMT+01:00 2025,Private Party,11468
11469,Ok political.,Fri Dec 09 00:00:00 GMT+01:00 2022,Corporate Event,11469
11470,Eye.,Wed Dec 10 00:00:00 GMT+01:00 2025,Wedding,11470
11471,Little.,Sat Aug 24 00:00:00 GMT+01:00 2024,Private Party,11471
11472,Upon really usually.,Thu Jan 25 00:00:00 GMT+01:00 2024,Wedding,11472
11473,Eight marriage.,Wed Nov 22 00:00:00 GMT+01:00 2023,Birthday,11473
11474,Fill form book.,Wed Mar 05 00:00:00 GMT+01:00 2025,Corporate Event,11474
11475,Threat ask.,Sat May 21 00:00:00 GMT+01:00 2022,Birthday,11475
11476,Old science two choose.,Mon Dec 08 00:00:00 GMT+01:00 2025,Birthday,11476
11477,Something huge.,Mon Apr 10 00:00:00 GMT+01:00 2023,Corporate Event,11477
11478,Lot skill morning.,Sat Jan 28 00:00:00 GMT+01:00 2023,Birthday,11478
11479,Forget upon.,Mon Aug 01 00:00:00 GMT+01:00 2022,Corporate Event,11479
11480,Action.,Sun Jun 02 00:00:00 GMT+01:00 2024,Corporate Event,11480
11481,Speech feel clear weight.,Fri Sep 22 00:00:00 GMT+01:00 2023,Corporate Event,11481
11482,Cause for beautiful practice.,Fri Mar 04 00:00:00 GMT+01:00 2022,Birthday,11482
11483,About whether.,Fri May 23 00:00:00 GMT+01:00 2025,Wedding,11483
11484,Near like.,Sun Feb 11 00:00:00 GMT+01:00 2024,Corporate Event,11484
11485,Professor not family.,Thu Jan 16 00:00:00 GMT+01:00 2025,Private Party,11485
11486,Town cut within.,Tue Mar 21 00:00:00 GMT+01:00 2023,Private Party,11486
11487,Look able tend.,Fri Jul 05 00:00:00 GMT+01:00 2024,Wedding,11487
11488,Make region.,Tue Apr 29 00:00:00 GMT+01:00 2025,Private Party,11488
11489,Tell memory appear house.,Wed Mar 22 00:00:00 GMT+01:00 2023,Private Party,11489
11490,Quite activity.,Tue Jul 30 00:00:00 GMT+01:00 2024,Corporate Event,11490
11491,Plant stage.,Tue Jul 02 00:00:00 GMT+01:00 2024,Corporate Event,11491
11492,Week budget.,Tue Dec 10 00:00:00 GMT+01:00 2024,Private Party,11492
11493,Accept.,Sun Dec 11 00:00:00 GMT+01:00 2022,Private Party,11493
11494,Character.,Tue Sep 23 00:00:00 GMT+01:00 2025,Birthday,11494
11495,Travel person open art.,Wed Jul 02 00:00:00 GMT+01:00 2025,Birthday,11495
11496,Find.,Thu Jul 07 00:00:00 GMT+01:00 2022,Wedding,11496
11497,Tend indeed through.,Sat Jul 26 00:00:00 GMT+01:00 2025,Corporate Event,11497
11498,Admit nice method.,Mon Dec 26 00:00:00 GMT+01:00 2022,Birthday,11498
11499,Tree newspaper six through.,Mon Mar 17 00:00:00 GMT+01:00 2025,Wedding,11499
11500,Easy quickly.,Sun May 29 00:00:00 GMT+01:00 2022,Corporate Event,11500
11501,Science film.,Sun Apr 28 00:00:00 GMT+01:00 2024,Wedding,11501
11502,Keep trip.,Sun Feb 20 00:00:00 GMT+01:00 2022,Private Party,11502
11503,Cold.,Mon Oct 13 00:00:00 GMT+01:00 2025,Private Party,11503
11504,Stay throughout.,Thu Jul 11 00:00:00 GMT+01:00 2024,Corporate Event,11504
11505,Analysis for.,Sun Jul 13 00:00:00 GMT+01:00 2025,Wedding,11505
11506,Hand five.,Sun Mar 10 00:00:00 GMT+01:00 2024,Wedding,11506
11507,Daughter week discussion.,Fri May 12 00:00:00 GMT+01:00 2023,Birthday,11507
11508,Floor.,Wed Jan 03 00:00:00 GMT+01:00 2024,Wedding,11508
11509,Recognize both century.,Tue Jun 14 00:00:00 GMT+01:00 2022,Birthday,11509
11510,Wish no.,Sat Oct 04 00:00:00 GMT+01:00 2025,Wedding,11510
11511,Ready magazine.,Sun Mar 02 00:00:00 GMT+01:00 2025,Corporate Event,11511
11512,Particular TV.,Sat Feb 25 00:00:00 GMT+01:00 2023,Corporate Event,11512
11513,Visit street.,Tue Aug 05 00:00:00 GMT+01:00 2025,Corporate Event,11513
11514,Our property.,Mon Apr 03 00:00:00 GMT+01:00 2023,Corporate Event,11514
11515,Particular vote research.,Mon Oct 14 00:00:00 GMT+01:00 2024,Wedding,11515
11516,Blood visit old.,Sun Jul 02 00:00:00 GMT+01:00 2023,Wedding,11516
11517,Peace system.,Sat Nov 08 00:00:00 GMT+01:00 2025,Corporate Event,11517
11518,Debate try very.,Mon Sep 19 00:00:00 GMT+01:00 2022,Private Party,11518
11519,First apply shake.,Wed Aug 31 00:00:00 GMT+01:00 2022,Wedding,11519
11520,Writer our these woman.,Thu Oct 17 00:00:00 GMT+01:00 2024,Birthday,11520
11521,Market series meet.,Wed Oct 01 00:00:00 GMT+01:00 2025,Private Party,11521
11522,Capital late door.,Sun May 26 00:00:00 GMT+01:00 2024,Wedding,11522
11523,Think fear through.,Tue Oct 21 00:00:00 GMT+01:00 2025,Wedding,11523
11524,Dog.,Mon Sep 26 00:00:00 GMT+01:00 2022,Corporate Event,11524
11525,Interview turn support.,Wed Feb 15 00:00:00 GMT+01:00 2023,Private Party,11525
11526,Young entire.,Thu Jul 21 00:00:00 GMT+01:00 2022,Birthday,11526
11527,Be seek accept.,Wed Nov 01 00:00:00 GMT+01:00 2023,Private Party,11527
11528,Special use.,Fri Feb 10 00:00:00 GMT+01:00 2023,Private Party,11528
11529,Even research.,Thu Dec 14 00:00:00 GMT+01:00 2023,Wedding,11529
11530,Opportunity future feeling.,Sat Aug 19 00:00:00 GMT+01:00 2023,Private Party,11530
11531,Someone factor.,Wed Nov 15 00:00:00 GMT+01:00 2023,Corporate Event,11531
11532,Operation science.,Mon Feb 07 00:00:00 GMT+01:00 2022,Wedding,11532
11533,Smile instead.,Sun Aug 21 00:00:00 GMT+01:00 2022,Birthday,11533
11534,Respond experience recent.,Sun Jan 28 00:00:00 GMT+01:00 2024,Private Party,11534
11535,Moment strong.,Sun Jun 30 00:00:00 GMT+01:00 2024,Corporate Event,11535
11536,Inside value.,Sat Jul 15 00:00:00 GMT+01:00 2023,Private Party,11536
11537,Talk what term.,Wed Jun 07 00:00:00 GMT+01:00 2023,Private Party,11537
11538,High home letter.,Mon Jul 14 00:00:00 GMT+01:00 2025,Private Party,11538
11539,Somebody.,Thu Sep 15 00:00:00 GMT+01:00 2022,Private Party,11539
11540,Prevent responsibility way.,Tue Apr 11 00:00:00 GMT+01:00 2023,Corporate Event,11540
11541,About major.,Tue May 09 00:00:00 GMT+01:00 2023,Birthday,11541
11542,Popular reach.,Wed Apr 06 00:00:00 GMT+01:00 2022,Wedding,11542
11543,Knowledge simple.,Fri Oct 21 00:00:00 GMT+01:00 2022,Corporate Event,11543
11544,Most knowledge authority.,Mon Nov 14 00:00:00 GMT+01:00 2022,Birthday,11544
11545,Group security.,Wed Jul 23 00:00:00 GMT+01:00 2025,Corporate Event,11545
11546,Ahead appear some.,Fri Jan 20 00:00:00 GMT+01:00 2023,Birthday,11546
11547,Out lose because nothing.,Sat Apr 26 00:00:00 GMT+01:00 2025,Corporate Event,11547
11548,Congress through doctor.,Thu Jan 23 00:00:00 GMT+01:00 2025,Corporate Event,11548
11549,Dream amount.,Fri Nov 15 00:00:00 GMT+01:00 2024,Birthday,11549
11550,Off stop drive.,Tue Nov 26 00:00:00 GMT+01:00 2024,Wedding,11550
11551,Nice ask.,Wed Oct 05 00:00:00 GMT+01:00 2022,Corporate Event,11551
11552,Federal front.,Wed Sep 21 00:00:00 GMT+01:00 2022,Wedding,11552
11553,Because cause.,Thu Aug 08 00:00:00 GMT+01:00 2024,Private Party,11553
11554,Laugh painting least.,Wed May 21 00:00:00 GMT+01:00 2025,Birthday,11554
11555,Small rock account.,Tue Feb 18 00:00:00 GMT+01:00 2025,Private Party,11555
11556,When so.,Wed Sep 18 00:00:00 GMT+01:00 2024,Wedding,11556
11557,Leave.,Wed Apr 13 00:00:00 GMT+01:00 2022,Birthday,11557
11558,Identify church this.,Thu Sep 05 00:00:00 GMT+01:00 2024,Corporate Event,11558
11559,Word kid phone.,Tue Jun 24 00:00:00 GMT+01:00 2025,Private Party,11559
11560,Ahead middle.,Sat Aug 10 00:00:00 GMT+01:00 2024,Private Party,11560
11561,Training rest arm.,Tue Dec 24 00:00:00 GMT+01:00 2024,Wedding,11561
11562,Paper home kid.,Fri Aug 16 00:00:00 GMT+01:00 2024,Corporate Event,11562
11563,Great activity may.,Tue Nov 08 00:00:00 GMT+01:00 2022,Corporate Event,11563
11564,Hour player stuff reflect.,Thu Sep 21 00:00:00 GMT+01:00 2023,Corporate Event,11564
11565,Anything.,Thu Sep 18 00:00:00 GMT+01:00 2025,Wedding,11565
11566,Story job.,Mon Mar 18 00:00:00 GMT+01:00 2024,Corporate Event,11566
11567,Most statement.,Sun Oct 05 00:00:00 GMT+01:00 2025,Private Party,11567
11568,My simple high.,Thu Jun 27 00:00:00 GMT+01:00 2024,Corporate Event,11568
11569,Also main manage.,Mon Dec 11 00:00:00 GMT+01:00 2023,Wedding,11569
11570,Degree sometimes pattern.,Thu Nov 14 00:00:00 GMT+01:00 2024,Private Party,11570
11571,Different scientist year deal.,Thu Aug 10 00:00:00 GMT+01:00 2023,Wedding,11571
11572,When table.,Thu Jun 06 00:00:00 GMT+01:00 2024,Private Party,11572
11573,Best couple.,Thu Apr 03 00:00:00 GMT+01:00 2025,Wedding,11573
11574,Story.,Mon Jun 13 00:00:00 GMT+01:00 2022,Corporate Event,11574
11575,Nor lose war.,Sat May 24 00:00:00 GMT+01:00 2025,Birthday,11575
11576,Continue prove from.,Sat May 10 00:00:00 GMT+01:00 2025,Birthday,11576
11577,Grow.,Fri Jun 21 00:00:00 GMT+01:00 2024,Wedding,11577
11578,Record sign beautiful.,Sat Apr 23 00:00:00 GMT+01:00 2022,Private Party,11578
11579,Executive city only.,Mon Sep 16 00:00:00 GMT+01:00 2024,Corporate Event,11579
11580,About federal entire.,Fri May 02 00:00:00 GMT+01:00 2025,Birthday,11580
11581,Season candidate thousand.,Sun Jul 16 00:00:00 GMT+01:00 2023,Birthday,11581
11582,More fear.,Wed Dec 04 00:00:00 GMT+01:00 2024,Private Party,11582
11583,Role others.,Wed Sep 21 00:00:00 GMT+01:00 2022,Birthday,11583
11584,Himself also.,Mon Feb 27 00:00:00 GMT+01:00 2023,Birthday,11584
11585,Address with.,Sat Jul 30 00:00:00 GMT+01:00 2022,Wedding,11585
11586,More amount.,Fri Dec 08 00:00:00 GMT+01:00 2023,Private Party,11586
11587,Pm feel world.,Fri Sep 30 00:00:00 GMT+01:00 2022,Corporate Event,11587
11588,Stuff nation purpose.,Wed Sep 03 00:00:00 GMT+01:00 2025,Private Party,11588
11589,Party site science west.,Thu Dec 29 00:00:00 GMT+01:00 2022,Wedding,11589
11590,News item foot.,Mon Oct 27 00:00:00 GMT+01:00 2025,Birthday,11590
11591,Some discover must.,Wed Nov 12 00:00:00 GMT+01:00 2025,Private Party,11591
11592,Head system.,Tue Mar 28 00:00:00 GMT+01:00 2023,Private Party,11592
11593,Room glass finally.,Sun Jun 09 00:00:00 GMT+01:00 2024,Private Party,11593
11594,Experience.,Mon Nov 25 00:00:00 GMT+01:00 2024,Private Party,11594
11595,Person two.,Tue Dec 30 00:00:00 GMT+01:00 2025,Birthday,11595
11596,Condition finally.,Sun Jan 29 00:00:00 GMT+01:00 2023,Corporate Event,11596
11597,Necessary.,Sat Feb 08 00:00:00 GMT+01:00 2025,Corporate Event,11597
11598,Stuff compare.,Fri Apr 29 00:00:00 GMT+01:00 2022,Wedding,11598
11599,Improve throughout move.,Mon Oct 13 00:00:00 GMT+01:00 2025,Birthday,11599
11600,Artist reveal there.,Wed Nov 30 00:00:00 GMT+01:00 2022,Wedding,11600
11601,Thus skill also.,Tue Feb 25 00:00:00 GMT+01:00 2025,Private Party,11601
11602,Politics.,Fri Sep 29 00:00:00 GMT+01:00 2023,Wedding,11602
11603,Owner popular.,Wed Oct 23 00:00:00 GMT+01:00 2024,Birthday,11603
11604,Population economic loss.,Fri Oct 27 00:00:00 GMT+01:00 2023,Corporate Event,11604
11605,Much put.,Thu Oct 12 00:00:00 GMT+01:00 2023,Birthday,11605
11606,Another.,Thu Mar 31 00:00:00 GMT+01:00 2022,Private Party,11606
11607,Use election.,Mon Sep 23 00:00:00 GMT+01:00 2024,Private Party,11607
11608,Republican security.,Sun Jan 23 00:00:00 GMT+01:00 2022,Birthday,11608
11609,Blood than customer.,Thu Mar 31 00:00:00 GMT+01:00 2022,Wedding,11609
11610,Fall mind.,Tue Jun 10 00:00:00 GMT+01:00 2025,Corporate Event,11610
11611,Anything east.,Mon Apr 24 00:00:00 GMT+01:00 2023,Birthday,11611
11612,American exactly.,Tue Sep 16 00:00:00 GMT+01:00 2025,Private Party,11612
11613,Their meet.,Mon Jul 03 00:00:00 GMT+01:00 2023,Corporate Event,11613
11614,Report must.,Sun Jan 14 00:00:00 GMT+01:00 2024,Private Party,11614
11615,Same notice do.,Fri Jun 02 00:00:00 GMT+01:00 2023,Wedding,11615
11616,Seem past friend.,Sat Jun 17 00:00:00 GMT+01:00 2023,Private Party,11616
11617,Crime whose central group.,Wed May 04 00:00:00 GMT+01:00 2022,Corporate Event,11617
11618,Fine dark.,Sat Nov 25 00:00:00 GMT+01:00 2023,Wedding,11618
11619,Raise those.,Sat Jan 13 00:00:00 GMT+01:00 2024,Private Party,11619
11620,Science yes quite.,Tue Dec 19 00:00:00 GMT+01:00 2023,Birthday,11620
11621,Reality plan attorney.,Tue May 21 00:00:00 GMT+01:00 2024,Corporate Event,11621
11622,Over.,Sat Aug 17 00:00:00 GMT+01:00 2024,Wedding,11622
11623,What reach often born.,Sat May 06 00:00:00 GMT+01:00 2023,Wedding,11623
11624,Control reduce how.,Sat Mar 29 00:00:00 GMT+01:00 2025,Private Party,11624
11625,Assume.,Sun Apr 14 00:00:00 GMT+01:00 2024,Corporate Event,11625
11626,Quality him.,Sun Feb 19 00:00:00 GMT+01:00 2023,Birthday,11626
11627,Finish clearly.,Tue Dec 23 00:00:00 GMT+01:00 2025,Wedding,11627
11628,Memory threat.,Thu Nov 07 00:00:00 GMT+01:00 2024,Wedding,11628
11629,Mission court southern.,Mon Sep 04 00:00:00 GMT+01:00 2023,Private Party,11629
11630,Fish wind.,Wed Aug 27 00:00:00 GMT+01:00 2025,Wedding,11630
11631,Seat trade.,Sat Jan 18 00:00:00 GMT+01:00 2025,Private Party,11631
11632,Our reveal group.,Thu Oct 06 00:00:00 GMT+01:00 2022,Private Party,11632
11633,Range certainly condition.,Thu Nov 07 00:00:00 GMT+01:00 2024,Corporate Event,11633
11634,Someone day stuff.,Fri Mar 29 00:00:00 GMT+01:00 2024,Private Party,11634
11635,Recognize rich.,Fri Nov 10 00:00:00 GMT+01:00 2023,Corporate Event,11635
11636,On already.,Wed Apr 20 00:00:00 GMT+01:00 2022,Corporate Event,11636
11637,Around whole.,Sat Nov 05 00:00:00 GMT+01:00 2022,Birthday,11637
11638,Spring stay.,Mon Apr 07 00:00:00 GMT+01:00 2025,Private Party,11638
11639,Minute fish do.,Sun May 14 00:00:00 GMT+01:00 2023,Birthday,11639
11640,Dream education high.,Sat Feb 08 00:00:00 GMT+01:00 2025,Corporate Event,11640
11641,Another person type.,Thu Apr 27 00:00:00 GMT+01:00 2023,Wedding,11641
11642,Join physical.,Mon Aug 19 00:00:00 GMT+01:00 2024,Wedding,11642
11643,Certain impact.,Sun Dec 28 00:00:00 GMT+01:00 2025,Birthday,11643
11644,Support beat.,Wed Jan 10 00:00:00 GMT+01:00 2024,Private Party,11644
11645,Both everything although.,Mon Oct 14 00:00:00 GMT+01:00 2024,Birthday,11645
11646,Test sport course.,Wed Sep 06 00:00:00 GMT+01:00 2023,Corporate Event,11646
11647,Candidate city father.,Fri Nov 17 00:00:00 GMT+01:00 2023,Corporate Event,11647
11648,Among kind loss.,Mon Jun 24 00:00:00 GMT+01:00 2024,Birthday,11648
11649,Write poor.,Tue Apr 25 00:00:00 GMT+01:00 2023,Corporate Event,11649
11650,Of whatever view.,Mon Mar 03 00:00:00 GMT+01:00 2025,Private Party,11650
11651,Employee far.,Sun Jun 11 00:00:00 GMT+01:00 2023,Birthday,11651
11652,Training close speech.,Sat Jan 14 00:00:00 GMT+01:00 2023,Birthday,11652
11653,Section member close.,Tue Sep 02 00:00:00 GMT+01:00 2025,Private Party,11653
11654,Man drive spend.,Mon Mar 20 00:00:00 GMT+01:00 2023,Birthday,11654
11655,Their return blood.,Thu Sep 26 00:00:00 GMT+01:00 2024,Private Party,11655
11656,Pm.,Sun Oct 08 00:00:00 GMT+01:00 2023,Birthday,11656
11657,Picture look role.,Mon May 15 00:00:00 GMT+01:00 2023,Corporate Event,11657
11658,Nation despite deep.,Wed Jan 25 00:00:00 GMT+01:00 2023,Private Party,11658
11659,Fire prove.,Sun Apr 09 00:00:00 GMT+01:00 2023,Corporate Event,11659
11660,Arrive plant.,Fri May 02 00:00:00 GMT+01:00 2025,Private Party,11660
11661,Chair choice.,Tue Dec 17 00:00:00 GMT+01:00 2024,Private Party,11661
11662,I far fish.,Fri May 12 00:00:00 GMT+01:00 2023,Wedding,11662
11663,Avoid our card.,Sun Jul 09 00:00:00 GMT+01:00 2023,Wedding,11663
11664,Young senior.,Wed Feb 12 00:00:00 GMT+01:00 2025,Private Party,11664
11665,Lawyer second song.,Sat Apr 09 00:00:00 GMT+01:00 2022,Birthday,11665
11666,Movement become home.,Fri Jan 28 00:00:00 GMT+01:00 2022,Wedding,11666
11667,Room structure.,Thu Dec 28 00:00:00 GMT+01:00 2023,Wedding,11667
11668,Nearly green top.,Sat Apr 16 00:00:00 GMT+01:00 2022,Private Party,11668
11669,Respond arrive push.,Sat Jul 30 00:00:00 GMT+01:00 2022,Wedding,11669
11670,Trouble such.,Wed Mar 22 00:00:00 GMT+01:00 2023,Wedding,11670
11671,Sea.,Fri Feb 21 00:00:00 GMT+01:00 2025,Birthday,11671
11672,Some customer agent.,Mon Feb 12 00:00:00 GMT+01:00 2024,Birthday,11672
11673,Cell benefit would.,Sat Mar 15 00:00:00 GMT+01:00 2025,Birthday,11673
11674,Form agree cup.,Mon Dec 25 00:00:00 GMT+01:00 2023,Birthday,11674
11675,Final opportunity.,Thu Mar 02 00:00:00 GMT+01:00 2023,Corporate Event,11675
11676,Value reduce.,Wed Dec 17 00:00:00 GMT+01:00 2025,Private Party,11676
11677,Discover production.,Tue Mar 26 00:00:00 GMT+01:00 2024,Birthday,11677
11678,Million Mrs certainly.,Fri Dec 01 00:00:00 GMT+01:00 2023,Birthday,11678
11679,Candidate might.,Sat Jul 20 00:00:00 GMT+01:00 2024,Corporate Event,11679
11680,Your allow time.,Fri May 10 00:00:00 GMT+01:00 2024,Birthday,11680
11681,Service get smile.,Wed Feb 12 00:00:00 GMT+01:00 2025,Corporate Event,11681
11682,Example.,Sat Mar 22 00:00:00 GMT+01:00 2025,Corporate Event,11682
11683,Table audience south nation.,Sat Jul 08 00:00:00 GMT+01:00 2023,Corporate Event,11683
11684,Owner meet.,Mon Nov 11 00:00:00 GMT+01:00 2024,Corporate Event,11684
11685,People pretty.,Sat Oct 26 00:00:00 GMT+01:00 2024,Wedding,11685
11686,Create fill significant.,Fri Dec 13 00:00:00 GMT+01:00 2024,Wedding,11686
11687,Single itself size story.,Mon Jun 05 00:00:00 GMT+01:00 2023,Birthday,11687
11688,Project brother energy.,Sun Dec 29 00:00:00 GMT+01:00 2024,Birthday,11688
11689,Tax item.,Tue Mar 15 00:00:00 GMT+01:00 2022,Private Party,11689
11690,Toward huge.,Sun Sep 29 00:00:00 GMT+01:00 2024,Private Party,11690
11691,Specific of evidence.,Wed Sep 03 00:00:00 GMT+01:00 2025,Private Party,11691
11693,Chair suffer music.,Mon Dec 08 00:00:00 GMT+01:00 2025,Wedding,11693
11694,Possible worry can.,Fri Sep 01 00:00:00 GMT+01:00 2023,Wedding,11694
11695,Design new.,Tue Dec 23 00:00:00 GMT+01:00 2025,Private Party,11695
11696,Analysis reason but.,Sat Jul 16 00:00:00 GMT+01:00 2022,Wedding,11696
11697,Lay when.,Wed Jan 17 00:00:00 GMT+01:00 2024,Birthday,11697
11698,Ok view difficult.,Wed Jun 15 00:00:00 GMT+01:00 2022,Birthday,11698
11699,Prevent start offer according.,Sun Dec 21 00:00:00 GMT+01:00 2025,Private Party,11699
11700,It stage rather.,Wed Aug 09 00:00:00 GMT+01:00 2023,Wedding,11700
11701,Strategy.,Sat Nov 01 00:00:00 GMT+01:00 2025,Birthday,11701
11702,Recent treat floor value.,Fri Nov 01 00:00:00 GMT+01:00 2024,Corporate Event,11702
11703,Over.,Sun Sep 22 00:00:00 GMT+01:00 2024,Private Party,11703
11704,Skin item toward.,Thu Dec 15 00:00:00 GMT+01:00 2022,Wedding,11704
11705,Able realize.,Sat Sep 16 00:00:00 GMT+01:00 2023,Corporate Event,11705
11706,Career song.,Thu Sep 25 00:00:00 GMT+01:00 2025,Wedding,11706
11707,Number game.,Sun May 12 00:00:00 GMT+01:00 2024,Birthday,11707
11708,Artist.,Fri Nov 22 00:00:00 GMT+01:00 2024,Wedding,11708
11709,Marriage data nature.,Thu Jan 06 00:00:00 GMT+01:00 2022,Wedding,11709
11710,Country those.,Sun Feb 16 00:00:00 GMT+01:00 2025,Wedding,11710
11711,Tv win.,Thu Oct 27 00:00:00 GMT+01:00 2022,Birthday,11711
11712,Debate language.,Tue Feb 27 00:00:00 GMT+01:00 2024,Private Party,11712
11713,Have film dream.,Wed Jan 26 00:00:00 GMT+01:00 2022,Corporate Event,11713
11714,Door very century.,Sun Jan 22 00:00:00 GMT+01:00 2023,Corporate Event,11714
11715,Security defense.,Sat Oct 05 00:00:00 GMT+01:00 2024,Wedding,11715
11716,Group professional.,Wed Aug 13 00:00:00 GMT+01:00 2025,Private Party,11716
11717,Kid minute wind early.,Sat Jun 29 00:00:00 GMT+01:00 2024,Wedding,11717
11718,Remain key community.,Fri Feb 16 00:00:00 GMT+01:00 2024,Corporate Event,11718
11719,Until.,Thu May 19 00:00:00 GMT+01:00 2022,Private Party,11719
11720,Prove media state.,Wed Jun 11 00:00:00 GMT+01:00 2025,Birthday,11720
11721,Value rise.,Fri Sep 08 00:00:00 GMT+01:00 2023,Corporate Event,11721
11722,Score save million blood.,Thu Jul 18 00:00:00 GMT+01:00 2024,Corporate Event,11722
11723,Process.,Tue Feb 14 00:00:00 GMT+01:00 2023,Wedding,11723
11724,Generation example turn.,Thu Jul 31 00:00:00 GMT+01:00 2025,Birthday,11724
11725,Despite feel news particularly.,Fri May 31 00:00:00 GMT+01:00 2024,Private Party,11725
11726,Cover they remember.,Thu May 23 00:00:00 GMT+01:00 2024,Wedding,11726
11727,Mrs draw project.,Sat Jan 01 00:00:00 GMT+01:00 2022,Private Party,11727
11728,Yard prepare.,Mon Aug 05 00:00:00 GMT+01:00 2024,Wedding,11728
11729,Analysis design.,Thu Jan 12 00:00:00 GMT+01:00 2023,Corporate Event,11729
11730,Professor ready.,Wed May 11 00:00:00 GMT+01:00 2022,Private Party,11730
11731,Moment spring as.,Wed Jun 22 00:00:00 GMT+01:00 2022,Corporate Event,11731
11732,Produce middle.,Tue May 30 00:00:00 GMT+01:00 2023,Corporate Event,11732
11733,To great stand.,Sun Sep 22 00:00:00 GMT+01:00 2024,Wedding,11733
11734,Apply international.,Thu Jun 16 00:00:00 GMT+01:00 2022,Private Party,11734
11735,Court possible.,Mon Jan 30 00:00:00 GMT+01:00 2023,Birthday,11735
11736,Heart success.,Sat Feb 25 00:00:00 GMT+01:00 2023,Corporate Event,11736
11737,Decide kid.,Fri Dec 19 00:00:00 GMT+01:00 2025,Corporate Event,11737
11738,Store attack any stop.,Sat Aug 12 00:00:00 GMT+01:00 2023,Private Party,11738
11739,Relationship community.,Sat Jul 23 00:00:00 GMT+01:00 2022,Birthday,11739
11740,Night something window.,Mon Dec 26 00:00:00 GMT+01:00 2022,Wedding,11740
11741,Training final sister.,Fri Aug 22 00:00:00 GMT+01:00 2025,Wedding,11741
11742,Future buy keep wish.,Sun Mar 26 00:00:00 GMT+01:00 2023,Wedding,11742
11743,Change show.,Sun Apr 02 00:00:00 GMT+01:00 2023,Wedding,11743
11744,Many central drop American.,Sat Oct 08 00:00:00 GMT+01:00 2022,Corporate Event,11744
11745,Them significant realize.,Wed Apr 30 00:00:00 GMT+01:00 2025,Wedding,11745
11746,Community first stock.,Mon Nov 17 00:00:00 GMT+01:00 2025,Corporate Event,11746
11747,That.,Fri May 03 00:00:00 GMT+01:00 2024,Corporate Event,11747
11748,Guy big.,Fri Feb 21 00:00:00 GMT+01:00 2025,Corporate Event,11748
11749,Less west.,Wed Jul 27 00:00:00 GMT+01:00 2022,Birthday,11749
11750,Life true both.,Mon May 27 00:00:00 GMT+01:00 2024,Wedding,11750
11751,Color card would.,Tue May 30 00:00:00 GMT+01:00 2023,Private Party,11751
11752,Would word.,Mon Oct 30 00:00:00 GMT+01:00 2023,Private Party,11752
11753,Heart special order.,Tue Jan 17 00:00:00 GMT+01:00 2023,Wedding,11753
11754,Painting third.,Wed May 22 00:00:00 GMT+01:00 2024,Wedding,11754
11755,Kitchen.,Thu Feb 02 00:00:00 GMT+01:00 2023,Wedding,11755
11756,Rest management.,Thu Feb 22 00:00:00 GMT+01:00 2024,Birthday,11756
11757,Trade minute.,Wed Sep 28 00:00:00 GMT+01:00 2022,Corporate Event,11757
11758,Call resource left.,Sun Feb 06 00:00:00 GMT+01:00 2022,Corporate Event,11758
11759,Approach economy.,Fri Jun 13 00:00:00 GMT+01:00 2025,Corporate Event,11759
11760,Wear third back.,Mon Oct 28 00:00:00 GMT+01:00 2024,Private Party,11760
11761,Condition leader.,Fri Mar 14 00:00:00 GMT+01:00 2025,Corporate Event,11761
11762,Difference house.,Thu Feb 22 00:00:00 GMT+01:00 2024,Wedding,11762
11763,Century wrong modern.,Thu Apr 25 00:00:00 GMT+01:00 2024,Wedding,11763
11764,Add develop drug.,Mon Dec 11 00:00:00 GMT+01:00 2023,Corporate Event,11764
11765,Black.,Tue Oct 15 00:00:00 GMT+01:00 2024,Private Party,11765
11766,Class wide seek mean.,Mon Oct 21 00:00:00 GMT+01:00 2024,Corporate Event,11766
11767,Line report series that.,Sat Jan 22 00:00:00 GMT+01:00 2022,Wedding,11767
11768,Already animal they.,Tue Jan 28 00:00:00 GMT+01:00 2025,Corporate Event,11768
11769,Recent end money certainly.,Fri May 05 00:00:00 GMT+01:00 2023,Private Party,11769
11770,Compare pay.,Mon Aug 11 00:00:00 GMT+01:00 2025,Wedding,11770
11771,Instead finish.,Mon Nov 27 00:00:00 GMT+01:00 2023,Private Party,11771
11772,Increase large drug.,Mon Jan 22 00:00:00 GMT+01:00 2024,Birthday,11772
11773,Sing wrong.,Fri Sep 02 00:00:00 GMT+01:00 2022,Wedding,11773
11774,Upon series.,Fri Jul 29 00:00:00 GMT+01:00 2022,Birthday,11774
11775,Seven.,Thu Apr 07 00:00:00 GMT+01:00 2022,Corporate Event,11775
11776,Institution her well surface.,Tue Mar 21 00:00:00 GMT+01:00 2023,Corporate Event,11776
11777,President find support.,Tue Mar 12 00:00:00 GMT+01:00 2024,Birthday,11777
11778,Answer prove.,Fri Sep 09 00:00:00 GMT+01:00 2022,Private Party,11778
11779,Show help fact back.,Wed Apr 17 00:00:00 GMT+01:00 2024,Corporate Event,11779
11780,That production cover.,Wed Jan 03 00:00:00 GMT+01:00 2024,Wedding,11780
11781,Every their leader this.,Sat Oct 21 00:00:00 GMT+01:00 2023,Birthday,11781
11782,Important road recognize.,Sat Jul 13 00:00:00 GMT+01:00 2024,Private Party,11782
11783,Involve.,Tue Jan 16 00:00:00 GMT+01:00 2024,Private Party,11783
11784,Environment nor positive.,Wed Aug 27 00:00:00 GMT+01:00 2025,Private Party,11784
11785,Training plan.,Wed Oct 19 00:00:00 GMT+01:00 2022,Private Party,11785
11786,Day throw safe cover.,Sun Oct 29 00:00:00 GMT+01:00 2023,Corporate Event,11786
11787,These century sort right.,Mon Dec 12 00:00:00 GMT+01:00 2022,Birthday,11787
11788,Prepare full third.,Thu Mar 02 00:00:00 GMT+01:00 2023,Wedding,11788
11789,Hand direction.,Sat May 24 00:00:00 GMT+01:00 2025,Wedding,11789
11790,Reveal main.,Sun Oct 05 00:00:00 GMT+01:00 2025,Birthday,11790
11791,Camera seven.,Sat Dec 10 00:00:00 GMT+01:00 2022,Wedding,11791
11792,Work do.,Thu Feb 03 00:00:00 GMT+01:00 2022,Corporate Event,11792
11793,No fish center.,Mon Nov 06 00:00:00 GMT+01:00 2023,Birthday,11793
11794,Dog heavy rich.,Thu Feb 16 00:00:00 GMT+01:00 2023,Corporate Event,11794
11795,Great number how.,Thu Oct 06 00:00:00 GMT+01:00 2022,Wedding,11795
11796,System.,Fri Oct 04 00:00:00 GMT+01:00 2024,Birthday,11796
11797,Daughter indicate cost.,Fri Feb 10 00:00:00 GMT+01:00 2023,Private Party,11797
11798,Year baby into.,Sun May 11 00:00:00 GMT+01:00 2025,Private Party,11798
11799,Pay respond energy.,Wed Sep 27 00:00:00 GMT+01:00 2023,Wedding,11799
11800,Soon practice.,Thu Jul 24 00:00:00 GMT+01:00 2025,Wedding,11800
11801,Include hear conference.,Fri Oct 14 00:00:00 GMT+01:00 2022,Birthday,11801
11802,Be body.,Sat Apr 16 00:00:00 GMT+01:00 2022,Corporate Event,11802
11803,Born story.,Sun Jun 30 00:00:00 GMT+01:00 2024,Private Party,11803
11804,Decade.,Fri Apr 07 00:00:00 GMT+01:00 2023,Private Party,11804
11805,Beyond attention kind.,Wed Feb 28 00:00:00 GMT+01:00 2024,Birthday,11805
11806,Down hot.,Sat Oct 22 00:00:00 GMT+01:00 2022,Corporate Event,11806
11807,Notice although century.,Sun May 08 00:00:00 GMT+01:00 2022,Birthday,11807
11808,Important fly military.,Wed Feb 07 00:00:00 GMT+01:00 2024,Birthday,11808
11809,Beyond use.,Tue Jan 02 00:00:00 GMT+01:00 2024,Birthday,11809
11810,Song leader.,Thu Jan 09 00:00:00 GMT+01:00 2025,Wedding,11810
11811,Everything yeah themselves.,Wed Dec 14 00:00:00 GMT+01:00 2022,Wedding,11811
11812,Clearly including.,Sun Sep 24 00:00:00 GMT+01:00 2023,Corporate Event,11812
11813,Maintain policy of.,Mon Mar 21 00:00:00 GMT+01:00 2022,Wedding,11813
11814,Before charge.,Mon Sep 04 00:00:00 GMT+01:00 2023,Corporate Event,11814
11815,Garden foreign.,Tue Aug 20 00:00:00 GMT+01:00 2024,Private Party,11815
11816,Artist sometimes.,Sun Jul 17 00:00:00 GMT+01:00 2022,Corporate Event,11816
11817,Particularly evidence best.,Sat May 17 00:00:00 GMT+01:00 2025,Private Party,11817
11818,Around eight house.,Mon Oct 28 00:00:00 GMT+01:00 2024,Wedding,11818
11819,Name last heart.,Tue Apr 11 00:00:00 GMT+01:00 2023,Private Party,11819
11820,Building enter exist.,Mon Sep 30 00:00:00 GMT+01:00 2024,Wedding,11820
11821,Film simply.,Wed Jun 19 00:00:00 GMT+01:00 2024,Private Party,11821
11822,Address pick plan.,Fri May 13 00:00:00 GMT+01:00 2022,Private Party,11822
11823,Why.,Thu Mar 23 00:00:00 GMT+01:00 2023,Wedding,11823
11824,Bar five.,Wed Oct 11 00:00:00 GMT+01:00 2023,Private Party,11824
11825,Here available.,Sun Dec 10 00:00:00 GMT+01:00 2023,Wedding,11825
11826,Remain.,Mon Oct 31 00:00:00 GMT+01:00 2022,Corporate Event,11826
11827,Beautiful industry speech.,Fri Aug 01 00:00:00 GMT+01:00 2025,Corporate Event,11827
11828,Director popular.,Wed Oct 19 00:00:00 GMT+01:00 2022,Private Party,11828
11829,Direction on campaign.,Sat Jul 19 00:00:00 GMT+01:00 2025,Wedding,11829
11830,Throughout table.,Mon May 05 00:00:00 GMT+01:00 2025,Corporate Event,11830
11831,Month.,Fri Nov 22 00:00:00 GMT+01:00 2024,Corporate Event,11831
11832,Indeed themselves.,Sun Feb 23 00:00:00 GMT+01:00 2025,Wedding,11832
11833,Official meeting.,Mon Mar 17 00:00:00 GMT+01:00 2025,Birthday,11833
11834,Send board.,Thu Apr 25 00:00:00 GMT+01:00 2024,Corporate Event,11834
11835,Me ahead.,Fri Jul 01 00:00:00 GMT+01:00 2022,Wedding,11835
11836,Cultural name run.,Mon Feb 19 00:00:00 GMT+01:00 2024,Private Party,11836
11837,Agree century significant.,Sat Jun 24 00:00:00 GMT+01:00 2023,Corporate Event,11837
11838,With strong.,Fri Mar 22 00:00:00 GMT+01:00 2024,Wedding,11838
11839,Especially.,Fri Jun 17 00:00:00 GMT+01:00 2022,Private Party,11839
11840,Build one.,Thu Sep 08 00:00:00 GMT+01:00 2022,Birthday,11840
11841,Particularly that ability.,Tue Oct 14 00:00:00 GMT+01:00 2025,Private Party,11841
11842,Price behavior check.,Sat Jul 30 00:00:00 GMT+01:00 2022,Corporate Event,11842
11843,Free idea condition.,Sun Nov 17 00:00:00 GMT+01:00 2024,Wedding,11843
11844,Daughter administration seem.,Tue Nov 28 00:00:00 GMT+01:00 2023,Private Party,11844
11845,Argue ever.,Mon Sep 19 00:00:00 GMT+01:00 2022,Private Party,11845
11846,City respond perform without.,Wed Nov 29 00:00:00 GMT+01:00 2023,Private Party,11846
11847,Party tax.,Mon Nov 18 00:00:00 GMT+01:00 2024,Wedding,11847
11848,Apply lawyer which.,Fri Nov 15 00:00:00 GMT+01:00 2024,Private Party,11848
11849,Month summer.,Wed Aug 17 00:00:00 GMT+01:00 2022,Wedding,11849
11850,Wait.,Thu Oct 03 00:00:00 GMT+01:00 2024,Birthday,11850
11851,Talk member attention.,Fri Jan 31 00:00:00 GMT+01:00 2025,Corporate Event,11851
11852,Show form me.,Fri Jun 27 00:00:00 GMT+01:00 2025,Private Party,11852
11853,Half evidence suddenly doctor.,Wed Jun 26 00:00:00 GMT+01:00 2024,Birthday,11853
11854,Six election summer.,Tue Sep 02 00:00:00 GMT+01:00 2025,Corporate Event,11854
11855,Increase so summer.,Mon Feb 07 00:00:00 GMT+01:00 2022,Birthday,11855
11856,Place own once.,Mon Dec 18 00:00:00 GMT+01:00 2023,Private Party,11856
11857,Management prevent his state.,Fri Aug 04 00:00:00 GMT+01:00 2023,Corporate Event,11857
11858,Politics partner do result.,Sat Jan 14 00:00:00 GMT+01:00 2023,Wedding,11858
11859,Radio ground.,Wed Nov 09 00:00:00 GMT+01:00 2022,Corporate Event,11859
11860,Parent land.,Tue Feb 18 00:00:00 GMT+01:00 2025,Private Party,11860
11861,Will.,Thu Apr 27 00:00:00 GMT+01:00 2023,Wedding,11861
11862,Green owner.,Sat Jun 01 00:00:00 GMT+01:00 2024,Private Party,11862
11863,Like method my.,Thu Nov 02 00:00:00 GMT+01:00 2023,Wedding,11863
11864,Religious right.,Wed Apr 16 00:00:00 GMT+01:00 2025,Corporate Event,11864
11865,Others floor.,Sat Mar 08 00:00:00 GMT+01:00 2025,Corporate Event,11865
11866,Voice change hit.,Fri Apr 15 00:00:00 GMT+01:00 2022,Private Party,11866
11867,Television prevent by.,Thu Dec 28 00:00:00 GMT+01:00 2023,Wedding,11867
11868,Professional example firm.,Wed Jun 14 00:00:00 GMT+01:00 2023,Private Party,11868
11869,Long building cultural.,Sun May 29 00:00:00 GMT+01:00 2022,Wedding,11869
11870,Her.,Mon Feb 28 00:00:00 GMT+01:00 2022,Corporate Event,11870
11871,Yet responsibility training way.,Tue Jun 18 00:00:00 GMT+01:00 2024,Corporate Event,11871
11872,Skin president lay.,Sun Feb 27 00:00:00 GMT+01:00 2022,Wedding,11872
11873,Agent green.,Sun Nov 20 00:00:00 GMT+01:00 2022,Corporate Event,11873
11874,Compare often.,Fri Mar 25 00:00:00 GMT+01:00 2022,Private Party,11874
11875,Affect interview age.,Thu May 29 00:00:00 GMT+01:00 2025,Private Party,11875
11876,View federal.,Wed Jul 30 00:00:00 GMT+01:00 2025,Birthday,11876
11877,Artist million career.,Sat Apr 16 00:00:00 GMT+01:00 2022,Wedding,11877
11878,Provide fear bank.,Mon Dec 09 00:00:00 GMT+01:00 2024,Wedding,11878
11879,Note happen course.,Wed Aug 06 00:00:00 GMT+01:00 2025,Birthday,11879
11880,Better provide decision.,Sun Mar 26 00:00:00 GMT+01:00 2023,Corporate Event,11880
11881,Son happy.,Thu Mar 06 00:00:00 GMT+01:00 2025,Birthday,11881
11882,Reduce truth employee.,Mon Jul 31 00:00:00 GMT+01:00 2023,Corporate Event,11882
11883,Home enter.,Sat Nov 22 00:00:00 GMT+01:00 2025,Birthday,11883
11884,Would matter.,Mon Oct 13 00:00:00 GMT+01:00 2025,Wedding,11884
11885,Size among.,Thu Jun 06 00:00:00 GMT+01:00 2024,Private Party,11885
11886,Treat mind risk.,Wed Oct 25 00:00:00 GMT+01:00 2023,Wedding,11886
11887,Fall despite quickly do.,Sat Nov 11 00:00:00 GMT+01:00 2023,Wedding,11887
11888,Since teach.,Mon Jun 13 00:00:00 GMT+01:00 2022,Birthday,11888
11889,Enter pass value.,Mon Jan 31 00:00:00 GMT+01:00 2022,Wedding,11889
11890,Recognize better later.,Sun Oct 09 00:00:00 GMT+01:00 2022,Corporate Event,11890
11891,Direction through guess.,Sat Jul 06 00:00:00 GMT+01:00 2024,Birthday,11891
11892,Culture next whether.,Sat Jul 13 00:00:00 GMT+01:00 2024,Wedding,11892
11893,Suddenly scientist whose.,Sun Feb 27 00:00:00 GMT+01:00 2022,Birthday,11893
11894,Specific perhaps find.,Mon Dec 15 00:00:00 GMT+01:00 2025,Private Party,11894
11895,Teach chance.,Tue Nov 26 00:00:00 GMT+01:00 2024,Birthday,11895
11896,Seven dog.,Wed Jun 22 00:00:00 GMT+01:00 2022,Wedding,11896
11897,Rock relate.,Sat Nov 08 00:00:00 GMT+01:00 2025,Corporate Event,11897
11898,According western Democrat.,Sat Oct 28 00:00:00 GMT+01:00 2023,Birthday,11898
11899,Second section.,Sat Jan 27 00:00:00 GMT+01:00 2024,Birthday,11899
11900,Board field energy.,Tue Jun 20 00:00:00 GMT+01:00 2023,Corporate Event,11900
11901,Truth picture.,Thu Jun 22 00:00:00 GMT+01:00 2023,Private Party,11901
11902,Animal direction.,Sun Nov 27 00:00:00 GMT+01:00 2022,Wedding,11902
11903,Air color.,Thu Aug 14 00:00:00 GMT+01:00 2025,Birthday,11903
11904,Focus already marriage.,Tue Apr 29 00:00:00 GMT+01:00 2025,Private Party,11904
11905,By gun.,Mon Nov 20 00:00:00 GMT+01:00 2023,Birthday,11905
11906,Society school full.,Wed Aug 03 00:00:00 GMT+01:00 2022,Corporate Event,11906
11907,Factor task like.,Tue Jan 17 00:00:00 GMT+01:00 2023,Corporate Event,11907
11908,Official say.,Sun Aug 28 00:00:00 GMT+01:00 2022,Private Party,11908
11909,Region.,Sun Jun 26 00:00:00 GMT+01:00 2022,Private Party,11909
11910,Responsibility between.,Fri Apr 08 00:00:00 GMT+01:00 2022,Corporate Event,11910
11911,Amount trip.,Mon Dec 29 00:00:00 GMT+01:00 2025,Wedding,11911
11912,Edge interest.,Tue Dec 12 00:00:00 GMT+01:00 2023,Birthday,11912
11913,Cause which.,Fri Jan 28 00:00:00 GMT+01:00 2022,Corporate Event,11913
11914,North prove.,Fri Sep 12 00:00:00 GMT+01:00 2025,Corporate Event,11914
11915,Cultural finish goal.,Sun Oct 19 00:00:00 GMT+01:00 2025,Birthday,11915
11916,Evidence both whatever.,Wed Apr 13 00:00:00 GMT+01:00 2022,Private Party,11916
11917,Long house third.,Thu Jan 11 00:00:00 GMT+01:00 2024,Birthday,11917
11918,Remember fill.,Fri Mar 03 00:00:00 GMT+01:00 2023,Private Party,11918
11919,Seem yet.,Fri Dec 15 00:00:00 GMT+01:00 2023,Birthday,11919
11920,Increase must.,Thu Feb 09 00:00:00 GMT+01:00 2023,Corporate Event,11920
11921,Actually.,Tue Jul 11 00:00:00 GMT+01:00 2023,Corporate Event,11921
11922,Fine raise dream.,Mon Mar 31 00:00:00 GMT+01:00 2025,Wedding,11922
11923,Himself stay over.,Sat Nov 05 00:00:00 GMT+01:00 2022,Private Party,11923
11924,Management.,Sat Apr 29 00:00:00 GMT+01:00 2023,Birthday,11924
11925,Under idea.,Tue Feb 07 00:00:00 GMT+01:00 2023,Wedding,11925
11926,Sense quickly.,Tue Nov 08 00:00:00 GMT+01:00 2022,Wedding,11926
11927,His put.,Sun Jan 22 00:00:00 GMT+01:00 2023,Birthday,11927
11928,Kid important.,Mon May 16 00:00:00 GMT+01:00 2022,Birthday,11928
11929,Affect six.,Sun Dec 28 00:00:00 GMT+01:00 2025,Corporate Event,11929
11930,Foot subject few full.,Fri May 17 00:00:00 GMT+01:00 2024,Corporate Event,11930
11931,Site food.,Sun May 21 00:00:00 GMT+01:00 2023,Private Party,11931
11932,Those design development.,Fri Jan 14 00:00:00 GMT+01:00 2022,Birthday,11932
11933,Produce manage suffer.,Tue Jan 04 00:00:00 GMT+01:00 2022,Wedding,11933
11934,End current just.,Fri Feb 07 00:00:00 GMT+01:00 2025,Birthday,11934
11935,Piece word kid.,Thu Jun 02 00:00:00 GMT+01:00 2022,Corporate Event,11935
11936,Stock challenge.,Sat Aug 20 00:00:00 GMT+01:00 2022,Wedding,11936
11937,Ahead training up.,Sat Sep 28 00:00:00 GMT+01:00 2024,Private Party,11937
11938,Meet firm hospital.,Tue Mar 15 00:00:00 GMT+01:00 2022,Wedding,11938
11939,Every certainly.,Tue Oct 03 00:00:00 GMT+01:00 2023,Corporate Event,11939
11940,Speech social others recent.,Wed Nov 13 00:00:00 GMT+01:00 2024,Wedding,11940
11941,Almost.,Sun Sep 10 00:00:00 GMT+01:00 2023,Private Party,11941
11942,Market hospital man.,Thu Jun 20 00:00:00 GMT+01:00 2024,Birthday,11942
11943,Town.,Sat Oct 19 00:00:00 GMT+01:00 2024,Corporate Event,11943
11944,Race season.,Tue Jan 31 00:00:00 GMT+01:00 2023,Corporate Event,11944
11945,Letter order make.,Wed Jun 15 00:00:00 GMT+01:00 2022,Birthday,11945
11946,During side story.,Sat Mar 11 00:00:00 GMT+01:00 2023,Corporate Event,11946
11947,Expect fast.,Wed Apr 24 00:00:00 GMT+01:00 2024,Wedding,11947
11948,Any sing.,Thu Feb 29 00:00:00 GMT+01:00 2024,Wedding,11948
11949,System citizen.,Thu Jul 04 00:00:00 GMT+01:00 2024,Wedding,11949
11950,Onto top determine seat.,Tue Jul 19 00:00:00 GMT+01:00 2022,Private Party,11950
11951,Establish space become.,Tue Jun 03 00:00:00 GMT+01:00 2025,Birthday,11951
11952,Authority well old gun.,Mon Jan 17 00:00:00 GMT+01:00 2022,Private Party,11952
11953,Modern simply.,Sat Jun 25 00:00:00 GMT+01:00 2022,Wedding,11953
11954,Song table.,Wed Jan 10 00:00:00 GMT+01:00 2024,Private Party,11954
11955,Less art.,Tue Jul 18 00:00:00 GMT+01:00 2023,Wedding,11955
11956,Several.,Tue Jun 28 00:00:00 GMT+01:00 2022,Birthday,11956
11957,Near picture two.,Tue Jan 31 00:00:00 GMT+01:00 2023,Private Party,11957
11958,Police attention.,Wed Jan 10 00:00:00 GMT+01:00 2024,Birthday,11958
11959,Minute under describe.,Tue May 28 00:00:00 GMT+01:00 2024,Corporate Event,11959
11960,Serve personal event.,Thu Oct 20 00:00:00 GMT+01:00 2022,Wedding,11960
11961,Can task pull music.,Sun Mar 16 00:00:00 GMT+01:00 2025,Corporate Event,11961
11962,While front.,Tue Aug 26 00:00:00 GMT+01:00 2025,Corporate Event,11962
11963,Save foreign trial.,Mon Feb 19 00:00:00 GMT+01:00 2024,Wedding,11963
11964,Partner with.,Sun Aug 28 00:00:00 GMT+01:00 2022,Wedding,11964
11965,Base box toward.,Sun May 15 00:00:00 GMT+01:00 2022,Birthday,11965
11966,Thank poor news.,Mon Apr 15 00:00:00 GMT+01:00 2024,Wedding,11966
11967,Rate begin challenge.,Thu Apr 20 00:00:00 GMT+01:00 2023,Private Party,11967
11968,Sell seek.,Sat Mar 25 00:00:00 GMT+01:00 2023,Corporate Event,11968
11969,Difficult relate my.,Sat May 21 00:00:00 GMT+01:00 2022,Wedding,11969
11970,If charge.,Thu Aug 08 00:00:00 GMT+01:00 2024,Birthday,11970
11971,Break draw.,Sat Sep 24 00:00:00 GMT+01:00 2022,Birthday,11971
11972,Reflect spend.,Mon Apr 10 00:00:00 GMT+01:00 2023,Wedding,11972
11973,Have begin.,Thu Sep 01 00:00:00 GMT+01:00 2022,Private Party,11973
11974,Maintain media.,Fri Jan 19 00:00:00 GMT+01:00 2024,Private Party,11974
11975,Film seat black.,Fri Nov 28 00:00:00 GMT+01:00 2025,Private Party,11975
11976,Forward again.,Sun Feb 16 00:00:00 GMT+01:00 2025,Wedding,11976
11977,School security that.,Tue Aug 13 00:00:00 GMT+01:00 2024,Private Party,11977
11978,Boy star factor.,Wed Apr 10 00:00:00 GMT+01:00 2024,Corporate Event,11978
11979,Behavior off finally.,Sun Jul 06 00:00:00 GMT+01:00 2025,Birthday,11979
11980,By least.,Tue Apr 02 00:00:00 GMT+01:00 2024,Birthday,11980
11981,Quite general alone.,Wed Jan 15 00:00:00 GMT+01:00 2025,Private Party,11981
11982,Ahead herself painting.,Sun Apr 13 00:00:00 GMT+01:00 2025,Private Party,11982
11983,Consider behind by.,Fri Sep 12 00:00:00 GMT+01:00 2025,Corporate Event,11983
11984,Keep.,Sat Sep 07 00:00:00 GMT+01:00 2024,Private Party,11984
11985,Month explain.,Sun Sep 22 00:00:00 GMT+01:00 2024,Birthday,11985
11986,Interest color.,Sun Jul 16 00:00:00 GMT+01:00 2023,Birthday,11986
11987,Break wait want your.,Wed Apr 17 00:00:00 GMT+01:00 2024,Wedding,11987
11988,Drug knowledge society whatever.,Tue Jul 23 00:00:00 GMT+01:00 2024,Birthday,11988
11989,Rule.,Thu Dec 12 00:00:00 GMT+01:00 2024,Private Party,11989
11990,Themselves manage sister.,Thu Aug 07 00:00:00 GMT+01:00 2025,Birthday,11990
11991,Ok structure.,Thu Nov 21 00:00:00 GMT+01:00 2024,Corporate Event,11991
11992,Form poor off.,Sat Mar 22 00:00:00 GMT+01:00 2025,Corporate Event,11992
11993,Southern weight have.,Sat Mar 09 00:00:00 GMT+01:00 2024,Private Party,11993
11994,Miss hospital person.,Thu Feb 08 00:00:00 GMT+01:00 2024,Corporate Event,11994
11995,Water seat drug.,Sat Jan 04 00:00:00 GMT+01:00 2025,Birthday,11995
11996,Ahead each toward.,Thu Jul 10 00:00:00 GMT+01:00 2025,Wedding,11996
11997,Soldier change.,Fri Nov 17 00:00:00 GMT+01:00 2023,Birthday,11997
11998,Something both admit center.,Sat Jun 14 00:00:00 GMT+01:00 2025,Wedding,11998
11999,Along within.,Mon Jun 10 00:00:00 GMT+01:00 2024,Wedding,11999
12000,Week who.,Fri Mar 18 00:00:00 GMT+01:00 2022,Birthday,12000
