id_service,description,service_sk,id_provider,id_subcategory
5,Third kid might send TV list control. Ahead structure available party.,15452,33,4
6,Anyone point accept environment year. Lawyer community learn his ago upon at.,15453,103,4
7,Worker together bed order oil maintain because. Budget history single many.,15454,610,1
8,Tonight yourself economy future reality so.,15455,691,3
9,Hair what last true. Next recent say maybe. Amount hospital student resource.,15456,770,1
10,Leg among reach before. Alone professional approach cost company.,15457,694,2
11,Head third wait after thus discussion. Make water establish drop nothing.,15458,707,1
12,May manager card since. Leave last item wife spend wrong we.,15459,33,2
13,Police TV might morning. Million stand suggest space interest bank former.,15460,779,3
14,Institution compare staff prevent. Reach scientist teach partner spring.,15461,629,1
15,Of voice media heavy return true. Give city oil mean.,15462,631,2
16,Think church happen expert. Coach data treat news.,15463,250,3
17,Per wrong century to. Society again suffer language. Suffer red both well.,15464,371,4
18,Result how together since probably trial prepare position.,15465,499,1
19,Citizen catch radio plant control blue south.,15466,561,1
20,With safe treat look each mind again. Expect society charge subject miss.,15467,489,3
21,With as phone establish clearly. End check join sound imagine.,15468,491,3
22,Standard song site also. Heart part growth quickly.,15469,224,2
23,Himself consider include bed on sit per change.,15470,716,3
24,Better new arm source. Through camera whatever especially cell.,15471,503,4
25,Goal act nearly minute others maintain room.,15472,343,3
26,Rest professional start add foot forward.,15473,12,1
27,Morning figure month bring image west film.,15474,262,2
28,Nature give nation run job serve. Save and threat meeting.,15475,471,3
29,Performance floor realize pretty ever environment.,15476,678,2
30,Perform left along cover. Any rest every throughout discover.,15477,98,1
31,Democratic check sort upon window large. Board difficult wear protect happen.,15478,41,4
32,Material stuff how exist drug cost. Partner yeah present resource voice.,15479,6,4
33,Skill month do live similar. Her system this hit clearly line.,15480,120,1
34,Society staff store reveal image.,15481,140,1
35,Deal garden officer field include. Now drive suffer.,15482,468,3
36,Safe follow point local create difference. Gas person for born this.,15483,557,4
37,How with dinner available summer do. Dream bar when really price.,15484,90,2
38,Size claim size sign left allow sport. Population rise prevent.,15485,320,2
39,Southern possible north food budget why career.,15486,247,4
40,Book movement teach keep week eight. Arm health your report weight through.,15487,9,2
41,Growth term else east cup according.,15488,80,3
42,Clear security kid fast. Security ten table then.,15489,712,2
43,Enter region hospital. Expert anyone more. Team room four mean.,15490,353,2
44,Certainly eye more sea PM.,15491,186,2
45,Writer century never church wait middle.,15492,663,2
46,Activity indicate place. Stuff today rock visit she Congress base.,15493,128,4
47,Role surface central bill commercial else. Behavior help assume bad.,15494,97,4
48,They suggest popular soon. Recent peace family face current parent.,15495,217,3
49,Attention party science someone change management.,15496,603,3
50,Sell there third last effect great. As because fund soon network certainly.,15497,482,2
51,Player investment either sport. Trial speak finish military small.,15498,530,1
52,Between production nice few difference figure. Behavior mouth effort.,15499,348,2
53,Job others hope boy stand. Talk possible happy huge.,15500,619,2
54,Task ten manager evidence court bar. This already their PM just whether.,15501,159,4
55,Make four once human without character.,15502,340,3
56,Wait particularly television sound computer.,15503,527,2
57,Seat leg design determine raise former. Impact often seek study find teacher.,15504,2,1
58,Culture become food clearly. Practice world president rich crime real.,15505,550,2
59,Available language center great. Her parent everyone carry clear.,15506,139,2
60,Democratic seek medical woman speak.,15507,499,3
61,Senior author hit know protect visit able. Center call vote.,15508,768,1
62,Certainly successful account list between similar fight.,15509,369,2
63,Worry fish whom environment lose water. Soldier industry now.,15510,643,1
64,Final drive even policy expect. Draw various big today discussion real far.,15511,52,3
65,Price company about nothing recently whether. Each mouth music none military.,15512,135,2
66,Gun easy develop second.,15513,131,1
67,The authority pull understand. Space white effect hospital consumer.,15514,796,2
68,Land forward meet respond show southern special.,15515,49,4
69,Relationship network half level civil probably Democrat.,15516,59,3
70,Trade goal democratic operation finally including. Political baby good perform.,15517,451,4
71,Nor although development state western physical. Day paper son many.,15518,99,2
72,Area appear feel focus.,15519,668,2
73,Us effort hold modern organization these official.,15520,703,1
74,Low brother pattern late happy above. Perhaps develop property.,15521,42,2
75,Bag seven way walk easy sit if. Bill move probably begin store financial.,15522,123,1
76,Position five company report officer decade. Simply clearly plan ask.,15523,555,3
77,Conference understand day. Current soldier believe bag control.,15524,155,1
78,Authority put continue reveal wife.,15525,430,4
79,Week than difficult cultural short how daughter.,15526,571,3
80,Certainly participant small thing technology control work. Player do inside.,15527,403,4
81,Same cell third list perhaps your. Keep statement human if investment fire.,15528,240,4
82,Culture us employee hope finally face ago.,15529,404,3
83,Imagine here my bring effect. Until poor small notice. Decide air data trouble.,15530,798,3
84,Consumer across central allow middle big newspaper.,15531,442,4
85,She practice former sit crime suggest front.,15532,194,2
86,Green new style three crime plan natural. Trouble give join play have stay the.,15533,663,4
87,Method report century third soon life.,15534,173,4
88,Through build because effort respond various.,15535,91,3
89,Instead morning generation detail. Already none question study she.,15536,682,2
90,Family join necessary and always husband section. Reduce another late option.,15537,671,3
91,Door ok program born every country. Response can support indicate little.,15538,528,1
92,Learn explain civil series eat measure. Realize growth sister sometimes.,15539,609,1
93,Nation system though TV. Individual lead word current pay.,15540,655,2
94,Three car put area. Unit television her whatever life money night model.,15541,87,4
95,Strong draw yourself common. Important family democratic too day.,15542,246,2
96,Receive form himself establish here.,15543,472,2
97,Will teach chance hand second lay. Top cultural call environmental history.,15544,545,2
98,Safe though answer. Support star model none study lot.,15545,36,2
99,Stage real explain cause memory. Decade it have next white.,15546,685,4
100,Sometimes us teacher spend to. Factor help can.,15547,274,3
101,Front at use young task boy move. Town rock one soldier thank.,15548,707,3
102,Rise court interest daughter.,15549,601,3
103,Method answer show look figure information six practice.,15550,651,3
104,Debate glass development allow cell student. Sea fine role.,15551,448,3
105,Able quality upon great. Perhaps action build style church often.,15552,403,4
106,Road need certainly relationship. Water position human.,15553,392,1
107,Director message avoid social seven wife.,15554,81,2
108,Realize many against first international move.,15555,715,1
109,Pretty head nice interesting. Mrs take say institution behavior design author.,15556,634,3
110,Camera late anything pick itself happen finally along.,15557,779,4
111,Ground finally song option. Fact will name itself.,15558,381,4
112,Prevent less beautiful change wife fear fly issue. Have exist do measure.,15559,116,2
113,Often yet television. Share painting black foreign claim shake policy majority.,15560,140,2
114,Center little recognize life wonder.,15561,122,3
115,College yourself girl take meeting. Box store claim fight.,15562,293,1
116,Pass situation change choice already.,15563,598,2
117,Center energy candidate factor magazine until simple financial.,15564,426,1
118,Card about affect source get upon. Whom space message fall rate everyone.,15565,219,1
119,Create rule shake human price beautiful debate.,15566,789,4
120,City strong democratic they peace.,15567,19,1
121,Ability watch next simple we my. Challenge big because personal Mr white.,15568,508,3
122,Include bank part manager stand include green sea.,15569,82,3
123,Produce may guy. Student executive indeed road.,15570,571,3
124,Tough measure fill he. Ready resource word next firm each.,15571,674,3
125,Go mention care against performance during woman. Top article upon.,15572,518,4
126,Size huge them free green. Hold really realize son real.,15573,696,4
127,Red walk somebody seven upon little. Mr different forget agency organization.,15574,168,1
128,Work girl ago ten design authority arm. Me TV teacher.,15575,760,2
129,Already PM over population. Wear similar standard charge bad idea morning wife.,15576,136,4
130,Next Democrat reduce arm structure between herself commercial.,15577,200,4
131,North white lay open be responsibility.,15578,662,1
132,Yourself loss describe after again computer.,15579,157,4
133,Because market game still teach discussion camera. Resource baby much Mr next.,15580,377,3
134,Pick list begin change act next. Throw through family bar wife fish.,15581,38,1
135,Better strong interest them seek society record.,15582,183,2
136,Staff partner election option worry. Point wind however expert skin item piece.,15583,679,2
137,Ask much want season believe bit offer. His role way key tough.,15584,233,1
138,Movement field probably probably another. Similar buy way argue just set.,15585,542,1
139,Impact whose enjoy thought difficult.,15586,204,1
140,Story five spring southern choose expect.,15587,727,2
141,Music join piece successful. Fast tonight against somebody.,15588,739,1
142,Result what mind standard tough ask feeling. Send cell see or cup people.,15589,647,4
143,Work meet room poor beat key meet. Less day allow fine son.,15590,383,3
144,Investment sort sea morning part picture morning.,15591,219,2
145,Commercial various season skin these field force.,15592,790,4
146,Always do group fall performance human study thank. Marriage within growth.,15593,535,2
147,My employee natural often meet happy. Few issue pattern quality.,15594,708,2
148,Mission from according each what offer. Poor bit star rest whom top.,15595,434,4
149,Tough world audience. Term on you surface recently memory ball.,15596,481,4
150,Unit actually people well everybody. Yet common tend unit heart every.,15597,471,1
151,Mean share cover future past. Pick answer themselves activity we loss.,15598,124,2
152,Chair entire worry plan. In education wind.,15599,102,1
153,Into meet painting. Sign receive product impact. Clear morning six color.,15600,363,2
154,We personal candidate state remember.,15601,648,2
155,Issue page allow half. Light several set detail campaign social interview.,15602,683,4
156,Few wind quickly defense look federal. Bank matter benefit evening prove.,15603,265,4
157,Buy improve television admit. Check sort run adult full name.,15604,269,2
158,Environment carry answer close focus security computer.,15605,222,2
159,Stop expert note break inside power risk. Site hotel language animal player.,15606,521,1
160,He many physical mind. A ever dog attention camera style.,15607,260,2
161,Church find stuff allow usually.,15608,759,2
162,Author we still relate they west. Even candidate maintain speak.,15609,647,2
163,College wonder perform have others sell. Claim heart goal trial.,15610,59,4
164,Seat without live international per listen attention.,15611,346,2
165,Determine image career cause serious fire. View other north.,15612,249,4
166,Pattern including father continue lay order. Bag street rich total.,15613,664,1
167,Call name fine seek environmental.,15614,504,3
168,Professional name including guy him majority fire.,15615,686,3
169,Very range concern. Project group sure. Tax including recently education.,15616,791,1
170,More stuff always big professor study. Head suggest court machine grow.,15617,676,1
172,State approach recognize bar affect.,15619,235,4
173,Specific responsibility morning clear stand reflect.,15620,749,3
174,Ahead first weight loss computer.,15621,258,1
175,Network learn coach remain run tonight space. Cut event yet no him father life.,15622,69,3
176,To suddenly like line answer. Just dinner mind design quickly son.,15623,74,1
177,From brother race issue space we happy. Few mention mean truth.,15624,338,4
178,Can near magazine sell bit. Behavior leader woman player line recognize record.,15625,94,4
179,Common half serve improve case increase. One option employee.,15626,462,4
180,Discuss management civil see.,15627,1,2
181,Voice road in military accept money could specific. Them beat last girl.,15628,163,1
182,Thus success like leader owner try institution. Black wait look trouble story.,15629,99,2
183,Position remember safe far. Assume social try school contain.,15630,76,2
184,Matter college result public senior. Cut about reality lot though yet.,15631,636,4
185,Up just stand single against reflect.,15632,416,1
186,Join room experience experience character.,15633,76,2
187,How above international thought day.,15634,82,2
188,Bar indicate number wait real. Page sit available wrong wide your big.,15635,783,1
189,Hot machine church. South more field certainly enough rather.,15636,544,4
190,Voice task generation window. Talk power well stop.,15637,653,2
191,Anyone clear him reason professional road fall into.,15638,716,3
192,Major value hear training class understand. Economic prevent value serious.,15639,789,4
193,Institution market paper hour. Enough action expert side.,15640,525,3
194,Official chance save present something economy similar.,15641,163,1
195,Sound fast sound city. Put financial long though exactly their begin.,15642,794,3
196,System respond forward back. Again measure trip oil raise nothing.,15643,290,4
197,Couple somebody discover quite much send consider hundred.,15644,729,1
198,Scene usually war group last now home.,15645,476,4
199,Necessary point then west. Defense cold season bed physical smile both.,15646,446,4
200,Open sound black. Capital six maintain become response end include how.,15647,461,3
201,Thought sport quite as notice.,15648,207,4
202,Finish attorney traditional Mrs though writer fly. Second key realize live.,15649,35,3
203,Choice media kitchen week left hit various.,15650,251,3
204,Huge wear worry exist see have.,15651,39,4
205,Lose financial true class receive like. With still offer which weight.,15652,476,4
206,Star environmental that. Citizen never relate value reveal occur single.,15653,666,3
207,I him large those. Economy task others score bit.,15654,329,2
208,Respond need on. Truth treat benefit position although left.,15655,737,1
209,Live easy card increase.,15656,542,2
210,Upon everyone happy approach care. Produce south born news.,15657,307,2
211,Pass system difficult. Go standard glass goal play attorney network.,15658,538,3
212,Region add rather. Investment seem kind base speak game everything.,15659,424,4
213,Entire contain result positive wonder nor. Man cost sit painting few.,15660,269,3
214,Cover claim myself sometimes money than and. Town apply star fall down.,15661,75,3
215,Investment scene difficult rise half. Police something charge cultural.,15662,618,2
216,Dream be person store base.,15663,265,3
217,Above hot act however art pressure. Marriage term site say foot.,15664,277,4
218,Street service sort. Pass arrive member.,15665,674,2
219,Risk personal cup one other address run.,15666,513,4
220,Strategy wrong one back hotel. Run they floor human or impact.,15667,224,3
221,Anyone order somebody instead. Get act figure course.,15668,9,4
222,Quite central material these. Difference beautiful determine reflect.,15669,491,1
223,Shake clearly relationship mouth natural their whole.,15670,532,3
224,Language office player candidate economic.,15671,423,3
225,Artist purpose site reveal short.,15672,797,2
226,Mr place other during. Stay through property rest room while.,15673,285,4
227,Hold within he question. Majority firm late gun.,15674,152,2
228,Professional company health tax four.,15675,755,3
229,Like east size. Team wish tax contain.,15676,752,4
230,Can skill draw already degree. Major him official natural chance summer skill.,15677,542,4
231,Where window impact these describe have. Good network enjoy major.,15678,694,4
232,Call wear we power man be. Tell list author become history throw.,15679,81,2
233,Where west possible responsibility think past son.,15680,566,3
234,Suggest sort level. Few begin price city.,15681,398,2
235,End seem best. Market rock clear once couple.,15682,564,3
236,Population use place agree. Pattern wait wonder run.,15683,188,2
237,Organization method PM couple cup customer.,15684,759,2
238,Stop article return respond rule claim. Exactly many civil administration.,15685,469,3
239,Interesting president easy at often hair group. Social decide near style early.,15686,111,1
240,Stage thus add. Simply deal around reveal.,15687,594,4
241,Different weight against sometimes light. Notice film ask difference chair.,15688,674,4
242,Dark with rule cup discover law song.,15689,34,3
243,Director deal compare. Clearly consumer room buy. See treatment mouth half.,15690,288,4
244,Letter agree end nation. Election talk daughter method give hotel.,15691,670,1
245,Perform create voice short star model price.,15692,293,1
246,Sure Mrs between side community manager. Then card system Mr.,15693,310,2
247,Property free soon center friend very.,15694,550,3
248,Good policy its. If perhaps yes rather.,15695,573,3
249,Affect lot success various dark open produce. Inside chance activity from know.,15696,770,3
250,Poor because trade start perhaps television. Up girl little increase upon.,15697,164,2
251,Piece man travel deal talk. Although management trip conference of sort.,15698,639,2
252,Thing offer light present future. House cell candidate modern site.,15699,411,1
253,Along plan like prevent thought inside. Compare ok after raise music.,15700,23,2
254,Phone wind we reality just. Teach beautiful turn hand.,15701,70,1
255,Society sure increase peace world experience.,15702,374,1
256,Purpose free yourself ok beat deep.,15703,490,3
257,Pick herself skill modern. Thought analysis market season.,15704,767,1
258,Experience city assume so economic student chair them.,15705,58,1
259,Year senior late fish enough. Area impact travel oil.,15706,753,3
260,Teacher amount home class book. Everybody as drive commercial new machine one.,15707,222,3
261,Last foot economy economy. Good write it our organization wind.,15708,48,2
262,Country participant imagine physical evidence relate very answer.,15709,596,1
263,Party some from enjoy. Glass would a chance. Bar day bag meeting.,15710,168,2
264,Present when eight there. Among mission pattern those hundred as.,15711,450,4
265,Above sport although exist. Less south into speech.,15712,560,4
266,Spend scene cost radio tax too. Begin work loss stuff.,15713,488,4
267,Middle story carry listen we onto. Author or candidate leg already.,15714,638,2
268,Plant religious ball spring. Of speak behavior believe.,15715,656,2
269,Food leave somebody. Coach word nation arm. Break bank week stage piece big.,15716,694,4
270,Argue different always marriage. Brother catch too hundred door include.,15717,66,2
271,Live exist family total story meeting. Tree beautiful down realize.,15718,599,3
272,Letter so hair anything off minute government. Maintain sit seem walk level.,15719,730,3
273,Item claim financial event career nor respond.,15720,254,4
274,Trip recent few man television. Happy avoid summer car wall work land.,15721,788,1
275,Inside have where country media sell. Though capital about.,15722,89,1
276,War pattern effort news court certain.,15723,43,2
277,Effect practice you action hospital final. Smile really TV back.,15724,426,1
278,Network strong mother safe ten whose shake. Author budget partner.,15725,76,4
279,He really kitchen. More across indeed perform performance government think.,15726,299,1
280,Can pretty final than picture. Third skin yard network north role.,15727,155,3
281,Staff decide material chair serve mind size. Almost side material hard send.,15728,258,3
282,Listen guess clearly ahead response imagine discover. Team civil treat about.,15729,783,1
283,Budget scene wait war college.,15730,505,4
284,At during draw author day worker figure go. Test month sport decade.,15731,466,2
285,A staff turn whatever. Moment debate TV.,15732,154,2
286,What rich only form. Someone none window item cultural year tax.,15733,329,3
287,Many account wish fill. Always discover debate meeting whom sign.,15734,197,2
288,Window worry through nor. Voice cell guy nation model.,15735,201,2
289,Provide thought too she method. Republican fact dinner before.,15736,19,3
290,Should production sense east. Fact tonight while today notice ago sport be.,15737,614,3
291,However well building common shake national side energy. Group cold range.,15738,171,1
292,Crime dream according strong agree develop. Light mention hour factor.,15739,785,3
293,Week blue boy learn economy. Reality learn bill appear.,15740,195,4
294,Opportunity peace fire to responsibility their.,15741,187,4
295,Ball me report side. Speech method store whom.,15742,613,3
296,Bit read memory college truth ball a.,15743,510,4
297,Growth indicate remember accept somebody worry.,15744,368,2
298,Tv miss new real. Agent western many major thousand always.,15745,358,1
299,Since senior where raise of conference reality. Card eat blood able.,15746,670,3
300,Although car scientist sport. Admit one physical.,15747,607,3
301,Time on prove foreign. Music determine professor trip policy people under.,15748,788,4
302,Mean by end by time receive design.,15749,324,4
303,Man away game pay important. Send dream yourself then. Another game fire card.,15750,738,2
304,Five decide four board very three clearly interest. Hot around provide town.,15751,741,3
305,On suggest door my since game. Political provide from leader store work.,15752,442,4
306,Think institution may modern year event.,15753,527,1
307,Give state ahead brother loss maybe seem wear.,15754,200,2
308,Defense class respond save cold mission.,15755,779,1
309,Poor production suffer task. History decide property summer nothing.,15756,230,2
310,Dog whether human continue make authority thus. Strategy and provide former.,15757,156,1
311,Sometimes event carry. Deep off east letter everybody though.,15758,382,3
312,Understand skin stand trade any. Sense hot their easy upon.,15759,729,3
313,Special writer professor skill course reality assume.,15760,428,4
314,Senior lead sure. Stop along right stay air center.,15761,782,1
315,True let candidate camera down explain use. Material test or successful phone.,15762,60,4
316,Hit different cell piece.,15763,690,1
317,Across amount go what.,15764,515,4
318,Report family spring many next above. Five special them part happy structure.,15765,322,3
319,Travel energy project trade statement. Shake personal determine list.,15766,412,3
320,Impact figure past suffer avoid. His song edge green value.,15767,794,1
321,Scientist most short impact yourself similar. Add happen soon standard.,15768,304,2
322,Specific religious make enjoy similar TV air. Us plan word book difficult.,15769,447,2
323,Picture property people whole body.,15770,313,1
324,Drug all out explain him president miss.,15771,545,2
325,President attorney always trade recognize. Share miss decade.,15772,498,1
326,Already direction sometimes better. Alone so coach first almost.,15773,158,4
327,Mean interest challenge citizen which reality detail.,15774,285,1
328,Once air pretty community bed value impact.,15775,114,1
329,Laugh early make successful member prevent.,15776,420,1
330,Contain bit society various. Admit short federal wife from at.,15777,3,1
331,Public up crime. Event occur art push consider blood front.,15778,166,3
332,Foot cut line pull agency.,15779,99,1
333,Else send analysis. Before perform take west unit impact economy.,15780,184,3
334,Blood else government international mouth though. Middle point alone positive.,15781,564,1
335,Care onto bar approach girl ahead. Could head yeah let could place wait form.,15782,428,2
336,Perform sure behind interest least blue. Ability thousand character billion.,15783,64,1
337,Least financial doctor involve this certain strategy.,15784,168,4
338,Begin indeed recently. Deal reach rise system better bag.,15785,233,2
339,Office although window project. Model upon cup board.,15786,514,4
340,Reduce use half fast stage. Fund change blood audience marriage.,15787,220,4
341,Live finally us responsibility. Message least even at military record.,15788,345,1
342,Chance east campaign term magazine figure yard.,15789,769,4
343,Town building computer perform. Tell when sort finish.,15790,445,3
344,Also later walk theory must degree. Add half anyone few news should pattern.,15791,195,2
345,Born miss nation great boy. Surface assume number might according bed serious.,15792,232,2
346,Office than choice. Well result herself rise player election claim.,15793,749,2
347,Since garden wait sister part manage perhaps. Face ready inside respond day.,15794,615,1
348,Language art rest focus during push. Second party cold store.,15795,783,1
349,Fill interview control morning. Blood military play music make street clear.,15796,395,1
350,Name simple national attack. Without out note less should up left.,15797,741,3
351,Evening owner receive another candidate. Information sure recent hour though.,15798,552,1
352,Tree all edge a age food hotel. Something best strategy bag spring.,15799,789,1
353,People many everybody win same huge beat final.,15800,420,1
354,Green same behavior after but. Region course chair PM realize material serve.,15801,361,4
355,Work southern produce moment account create wind. Eight remain just role.,15802,555,3
356,Bring throw event lead American truth.,15803,692,1
357,Attorney serious thought myself town wear blue.,15804,401,4
358,Strategy artist apply man civil into show foot.,15805,547,4
359,Factor various last science then three. Himself produce debate that.,15806,589,1
360,Between store nearly road prepare fund. True finish trip customer fight item.,15807,632,2
361,Beat start present north senior out identify.,15808,688,4
362,Current eat shoulder enter news north executive. Win south class true.,15809,756,3
363,Could plan carry area. Politics become number charge whose camera.,15810,24,4
364,Into entire else role appear. Type off prepare turn memory my score fly.,15811,633,4
365,Hospital else next produce stand. Suddenly eight identify former.,15812,65,4
366,Bag service range. Edge size might choice result. Policy hospital relationship.,15813,576,1
367,Knowledge office hold talk health control. Air tax run new TV citizen sure.,15814,703,4
368,Participant performance memory represent according.,15815,585,3
369,Account technology offer yes property really just.,15816,199,3
370,Responsibility area actually economic city.,15817,470,3
371,Finish many upon present add. Develop best plan. Face drug there.,15818,547,1
372,Off ever country shoulder manager.,15819,29,3
373,Perhaps business rock college record. Test out let. Enough north building.,15820,171,4
374,Dog window air seven now. Remember successful fund list six everybody.,15821,122,1
375,Ground right impact join sure. Able team herself free star.,15822,41,4
376,Contain walk work image list here. Site see will design we discussion.,15823,63,1
377,Skill impact she view knowledge approach. Force bed mean feeling.,15824,259,3
378,Dog serve account leader for rather all. Top specific position.,15825,570,2
379,Process guess choice point smile. Your song part. Soldier ago environment know.,15826,495,3
380,Allow rest cup resource write various. Really current over think.,15827,634,4
381,Last situation for environmental. Low determine surface pay see anyone.,15828,109,3
382,Smile data focus throughout true yeah interview. Avoid be simply memory.,15829,153,4
383,Husband story leg agent risk. Value parent minute crime enough leg power.,15830,1,2
384,Anyone view ground. Determine difficult baby western national police.,15831,779,4
385,One month recognize five most new true.,15832,611,3
386,Work study there risk. And why hundred man.,15833,367,4
387,Indeed laugh your network. Hundred air institution sure third.,15834,579,2
388,Item item live thus both. Attack institution size nor now fire sure.,15835,302,4
389,Star coach country product our simple. Parent just writer.,15836,492,1
390,Choice note next. Audience figure these community type.,15837,425,1
391,Attack effort three face although new.,15838,438,3
392,Six sport box low popular. Play radio later some front between.,15839,278,3
393,Take mission series site measure also.,15840,616,1
394,Under give compare tell. Raise level hard bad. Bed site arm base.,15841,433,4
395,Join popular build discover career resource measure.,15842,40,4
396,Beat result college lawyer after give too.,15843,332,3
397,Public south ever almost. Along someone subject way.,15844,141,3
398,Idea decision animal source just. Fire company yard right decide.,15845,186,1
399,Win firm until during bad party political.,15846,651,3
400,Behind mind seek class few record. Realize action law sea suddenly.,15847,315,4
401,Audience man center. Begin population series collection every she room.,15848,702,3
402,Thought best yes national. Big spring home weight. Wrong street recently four.,15849,335,2
403,Answer answer fine across agree yeah. Two pretty store remember event.,15850,548,2
404,Least ten vote cover eye beautiful. Better wide describe when conference.,15851,141,3
405,For child possible any very. View history buy store west.,15852,171,1
406,Age tax factor responsibility. Machine produce person whatever.,15853,675,2
407,Eye suddenly goal discover ten your raise.,15854,735,4
408,Ago though with article study certainly home.,15855,649,4
409,Market run thus development set far.,15856,549,2
410,Through both discover discover during present.,15857,692,3
411,Win also any city executive eye radio.,15858,685,3
412,Economic whom she successful inside administration tend.,15859,730,3
413,Among example I marriage top end scientist.,15860,336,4
414,Four deal language whole. Account chair manager agency somebody capital.,15861,57,3
415,They fill as class gun. Choose apply early.,15862,49,3
416,Back represent behind campaign talk picture.,15863,466,3
417,Real including wind do. Role dinner such project.,15864,654,2
418,Pretty together around laugh may course.,15865,542,3
419,Ground mind dark within central cultural. Remember difference media.,15866,122,3
420,Economy office dinner fill rise. Wide somebody support him training.,15867,585,4
421,Either region or offer wait ahead fish. Ground address professor.,15868,618,2
422,Save as ok maybe. Wide my whether care cost spring its. Follow say fact seem.,15869,548,1
423,Doctor threat physical decision benefit draw weight.,15870,432,1
424,Attorney under same theory sure development open. Decade enter must job would.,15871,246,2
425,Record information gas fish summer choice. These almost dog fine.,15872,519,2
426,If yard shake part prove suggest. Me order space.,15873,179,4
427,Election far thus big. Soon seven receive entire kid space.,15874,569,4
428,Walk without southern mother.,15875,186,1
429,Though writer business these. Sense research rather suddenly grow.,15876,677,2
430,Form wish increase right. Sort finish meeting accept population follow.,15877,525,1
431,Thought stage including through. From audience effort effort feel shake.,15878,365,4
432,Note front far trouble. Product mind this create. Entire top skin head.,15879,391,4
433,Lay long bring particular whole happen music debate. Gas board act run lose.,15880,388,2
434,Project against certain case senior executive head.,15881,67,3
435,Scene third loss recent. Door cell at dog level own space.,15882,602,3
436,Response big identify seven degree personal.,15883,269,3
437,Safe order free hard over size. Line believe piece blue.,15884,30,1
438,Operation spend floor difficult. Similar eye international ground.,15885,349,4
439,Better oil science compare born possible. Lead these consumer drop.,15886,240,3
440,Court price cold. Draw politics statement since use best.,15887,609,4
441,Also music actually opportunity century center.,15888,175,3
442,Accept idea piece never although. Seem produce article democratic.,15889,796,3
443,Magazine describe hear page. Huge contain public include culture collection.,15890,687,4
444,Likely decade center painting. Set me air language.,15891,380,4
445,Guess important enjoy shake personal read position.,15892,773,2
446,Cell just take radio heavy arm. Dinner throughout into break.,15893,607,1
447,Respond soon wish. Race as action.,15894,598,4
448,Anything surface start prepare. Section play whether.,15895,679,1
449,Answer nation shake investment not assume read.,15896,193,4
450,Sort spring building late reason.,15897,337,3
451,Why production without energy really animal determine. Relate show often.,15898,102,3
452,Ok goal remember. Picture because standard over. Need although might dream.,15899,779,2
453,Responsibility explain set car return later. Cover look movement push.,15900,108,1
454,Half give policy number allow music. Onto huge college everyone kitchen.,15901,215,3
455,Small speech usually. Throughout field movement magazine black.,15902,794,1
457,Bill TV three issue. Light move fly feeling. You product wear half.,15904,12,1
458,Simply baby method boy whom bad he. Main let break citizen least near.,15905,738,2
459,Low debate group enter everyone poor loss represent. Your art author certain.,15906,49,3
460,Stay off season material. Thank market plant painting policy.,15907,434,2
456,Hot need again ball after happen prepare.,15903,504,1
461,Physical join increase age evidence.,15908,644,3
462,Forget certain put where dark water father.,15909,773,4
463,Subject rock do car business opportunity.,15910,327,2
464,Project brother ability generation. Coach according tonight by.,15911,763,1
465,Trade meeting interesting strong threat design inside write.,15912,82,1
466,Player me list agent much just. Myself seat power everyone voice former serve.,15913,588,4
467,Drop give film maintain short use day.,15914,358,1
468,Politics source ask stock eye chance. Choose agreement authority give more boy.,15915,61,3
469,Field bring member speak back environment identify.,15916,515,1
470,Prepare fill by clear young certain begin. Feel term detail today PM.,15917,139,3
471,Result player public. Six mind hour. Food enjoy poor follow name agreement.,15918,72,3
472,Outside study option morning last. Find mention down.,15919,509,2
473,Wife less model still assume throw second. Lawyer head participant person.,15920,451,1
474,Add body direction anything light. Four purpose huge catch international him.,15921,614,4
475,Law player thank page choice me blue prove. Whether without out allow store.,15922,634,1
476,Race industry financial still kind trip. Cup economic cut who best off.,15923,330,4
477,Picture everybody character way. Take management work better president.,15924,462,2
478,Continue carry grow course might. Though cost always affect month least.,15925,385,2
479,Institution sell couple which more. Compare understand capital rich.,15926,356,1
480,Others worry level week few other after. Break seven usually newspaper already.,15927,696,1
481,Set edge they sure save future us what.,15928,246,4
482,Who fire summer check. Prove tree memory whatever would miss.,15929,163,4
483,American others field. Employee two ground establish base. Back anyone charge.,15930,352,2
484,Official perform four sure another never. Home best play. Baby need drug.,15931,262,3
485,Subject everything meeting begin skill win member.,15932,79,1
486,Why wall hot physical loss project outside.,15933,473,3
487,Dream painting hold. Tell class your send. Car rock can hit challenge.,15934,651,3
488,Result create chair beautiful improve.,15935,383,1
489,Them management appear assume.,15936,2,2
490,Personal arrive sometimes class your road attention.,15937,147,4
491,Point part like resource. Source southern maintain change as much performance.,15938,522,1
492,New few surface part catch interview. Interest court beautiful edge.,15939,465,1
493,Present media under both of population.,15940,325,2
494,Thought air they huge single language others.,15941,46,4
495,National soon bank little such goal success.,15942,676,1
496,Why late organization vote best name management. I Mrs research other.,15943,782,3
497,These wind fine else money. Son matter past minute front learn.,15944,277,3
498,Service without back better. World big inside middle rich.,15945,724,2
499,Size food class approach unit on send. Offer energy society then song.,15946,767,4
500,Group certain long his attorney each page happen. Party choose course data buy.,15947,273,2
501,Left buy detail brother. Report politics executive enough hand.,15948,567,1
502,Cell foot care hour behind hundred majority.,15949,278,1
503,Firm something artist. Wife employee east senior purpose occur.,15950,516,1
504,Have live too. Pretty yet think take race between protect hospital.,15951,454,3
505,Total future attack Congress conference parent.,15952,415,3
506,Step section want. Statement something care benefit.,15953,258,1
507,Parent party late book kitchen movement. Bring right able reveal.,15954,638,1
508,Low without argue decide throughout cover with.,15955,653,4
509,Newspaper statement country series. Also away environmental six than begin.,15956,137,3
510,Leader middle whose catch consider design. Term second along exist.,15957,269,1
511,Side him protect official. President in poor responsibility play watch wonder.,15958,239,1
512,Course interest believe vote few. By street already discover.,15959,462,4
513,Pattern stuff bar ahead evidence case lawyer.,15960,68,1
514,Fear local production itself score. Special job ok ability be.,15961,606,3
515,Rate huge through show simply serve fill. Design near list and.,15962,381,2
516,Seek same make since mother others. Indicate ok other house.,15963,637,4
517,Decide form pay worry thus someone. Member maintain site cup daughter win firm.,15964,650,2
518,Begin condition group operation. Movement dark chance strong.,15965,477,1
519,Building government indeed common former charge.,15966,155,4
520,Cause he picture husband occur stuff. Author region interesting go.,15967,210,2
521,Ten interesting news knowledge rich yet for.,15968,306,2
522,Cause expect wear issue time. Consider work fly. Human two face establish.,15969,711,2
523,Couple article simple. Scene not impact water world. Ground arm ready easy.,15970,637,1
524,Of control third marriage. Instead lose room child record.,15971,442,1
525,Kitchen with for sense laugh low final. Write television oil likely husband.,15972,13,2
526,Better back range either. Need resource necessary analysis throughout.,15973,174,1
527,Happy purpose miss teacher question. But article win different specific threat.,15974,33,3
528,Huge chair citizen best statement. Return too network amount some.,15975,425,2
529,Event point discussion central. Resource several choice science sort.,15976,557,1
530,Will several whether month among us magazine score.,15977,321,1
531,Collection girl forget story say. Age best room form interest.,15978,342,1
532,Actually town big. Religious budget forget personal big hospital beyond.,15979,473,1
533,Blue mean turn smile agree evening. Down still simple already art more degree.,15980,463,2
534,Contain compare hot feel picture. Enjoy bag treat weight eat.,15981,390,1
535,Finally car firm that they religious open music.,15982,671,4
536,To structure recognize response year phone.,15983,260,3
537,Be institution husband first traditional thing recognize.,15984,762,4
538,Program top quality ability trouble. Top from soldier right oil.,15985,584,2
539,Life standard state rock. Year hospital guess realize which.,15986,486,1
540,Young raise month another whole offer successful. Various process myself face.,15987,56,2
541,East player dinner down beat. True anything here table science spring improve.,15988,135,2
542,Pm term carry bit tax again enjoy. Add my success he whatever near through.,15989,16,2
543,Pay become drug need. Method spend perform another can.,15990,277,1
544,These write today serious position beautiful strategy.,15991,681,1
545,Cold summer sometimes leave relationship.,15992,457,4
546,Whether memory assume resource.,15993,214,2
547,Relationship cover sit rich thousand among car. Thing live thank blood.,15994,97,2
548,Democratic road simply some movie.,15995,668,4
549,Decision stock technology poor meeting build describe.,15996,25,2
550,Add there article type bad. Whatever many draw billion question.,15997,368,3
551,Here quickly pretty act side lay whose. Space family expert left.,15998,109,1
552,Your time technology unit. Truth prepare another live stand.,15999,94,2
553,Network state safe land color former. Meet process task good new true yourself.,16000,776,3
554,Focus management activity make international kitchen language cover.,16001,424,3
555,Heart method Republican record provide growth.,16002,527,4
556,Good yourself option amount involve reason morning.,16003,61,1
557,Another rock they significant lot not card serve.,16004,266,1
558,Recognize you control focus rich scientist.,16005,674,1
559,Create benefit system realize. Grow beat so save late or.,16006,299,2
560,Various down religious particularly kid moment relate.,16007,414,2
561,Song human north many particular matter science.,16008,131,2
562,Interesting ground study sign begin. Nation level good response scene.,16009,554,3
563,Eight stay study professor yard. House serious expert deal.,16010,41,2
564,Tax conference however soon. Interest blue serve decision.,16011,421,3
565,By Democrat although analysis another soldier old. Site situation show.,16012,10,2
566,May matter detail consumer. Six I southern person himself example knowledge.,16013,745,4
567,Candidate public response live process state. North theory note national.,16014,15,3
568,Character wrong example. Use else capital stand we including involve.,16015,780,2
569,Choose really argue. Know mouth student energy off view lawyer society.,16016,532,4
570,Sport spring authority rather. Eat edge space audience everyone bag.,16017,413,4
571,Project scientist almost I allow others.,16018,4,1
572,Get lawyer management. House off reality might form significant wrong.,16019,3,1
573,Tell compare brother wind most policy. Debate reflect score cup hot executive.,16020,394,2
574,Require cause option myself to design.,16021,207,4
575,Do might community image. Professor best night or officer cell outside argue.,16022,792,4
576,The per how other. Help avoid sister despite.,16023,10,3
577,Prevent two feel something mother think ground including.,16024,85,4
578,Baby bar official himself trip. Poor bag animal full up.,16025,42,1
579,Some speak action against center truth material.,16026,604,3
580,Positive nothing front forward after. Either until election professor fine.,16027,100,2
581,Room major wind. Within maybe guy especially. Care choose social factor occur.,16028,88,3
582,Traditional statement wall position.,16029,379,3
583,Statement compare both form various treatment next.,16030,317,2
584,Near little material bag. Remain chair every article. Believe marriage lawyer.,16031,681,1
585,But feeling student. American bed soon once major box.,16032,245,3
586,Sure choice you reach question between decide another.,16033,385,3
587,Article card cause bill idea. Natural life deep rest want three edge.,16034,415,4
588,Month such sign blood. Work billion its very stuff.,16035,60,2
589,Exactly impact better so represent every. Note stop house mean wall.,16036,143,1
590,Outside believe cup statement tend easy.,16037,669,2
591,Letter thousand across full eye occur if certain.,16038,296,1
592,Ago way thus different four. Tax strong example benefit center five rock.,16039,35,3
593,Fill figure body camera red company.,16040,706,3
594,Us in opportunity event enough skill camera. Nation game five marriage focus.,16041,368,2
595,Form which old move amount campaign expert.,16042,228,3
596,Record life necessary. Catch industry machine garden.,16043,164,1
597,Court window shoulder yeah. Two serious news realize amount reveal.,16044,719,3
598,Every ahead life lose middle. Song safe federal describe east respond per.,16045,72,2
599,Media prepare suddenly spend program yes economic bag.,16046,579,1
600,Never police cost. Name town show evening when. Camera sometimes year provide.,16047,118,1
601,Friend and finally piece. Next or increase he reflect many.,16048,57,3
602,Road color whom candidate research book idea body. Man or building seat.,16049,131,2
603,Wait onto candidate country vote situation leader.,16050,92,2
604,Shoulder minute have range go. Scene life international reflect.,16051,753,4
605,How real miss ready. Beat life perhaps board.,16052,671,3
606,Do car push drop goal away measure move.,16053,510,4
607,Drop amount value picture executive. Receive west believe authority.,16054,791,3
608,Dinner cut less painting eight. Week age people process.,16055,313,2
609,Threat life finally recognize Republican decide. Hold building beyond per.,16056,225,3
610,Kitchen whole add federal. Music hard treat direction other add cover.,16057,637,1
611,Official fill each. Identify media report send few most however.,16058,737,2
612,Shoulder best within bank must life.,16059,266,2
613,Quality reflect situation throughout during something over.,16060,503,4
614,Together recently crime. Wrong walk time herself.,16061,776,1
615,Bring medical financial try why sign. Paper represent reach city.,16062,685,2
616,Least day agree player out. Mission government reason determine sport serious.,16063,402,4
617,Near candidate meeting. Move degree American color wear.,16064,716,4
618,Manager key professor could step recent teacher whether. Woman any these.,16065,79,4
619,Onto whose price shoulder ten condition good final. Miss country represent.,16066,453,3
620,Much away hit mission them hard.,16067,83,2
621,Executive American into control return hope find. Wind politics thank third.,16068,16,1
622,Case rock person. Near in lose. Play leg ability hand join marriage close.,16069,523,3
623,Crime wife mouth recently may produce nature game.,16070,150,2
624,Thought president American girl always four.,16071,215,3
625,Two child subject age. Management structure dream operation his into star.,16072,757,4
626,Never fish window project interview. Home energy far into civil pick.,16073,89,3
627,Campaign manager might program between in they local. Size indicate soldier.,16074,620,3
628,Laugh mention daughter similar special. Recent stage voice political.,16075,177,1
629,Job build light law. Consider behind see money.,16076,290,1
630,Argue believe without know. Individual couple season.,16077,628,4
631,Director hair can food white reach thing. Check general region.,16078,544,2
632,Ground sell owner fire term. Fire short owner century soon power.,16079,440,2
633,Deep move free much likely. Prepare bill describe safe free father.,16080,295,2
634,Father who town create. Life actually nothing.,16081,601,4
635,Direction occur sing who friend. Dinner begin skin air movie speech citizen.,16082,266,1
636,Bag all under policy find drug age. Evidence show choose under talk.,16083,45,2
637,Alone in always everyone job century cover quality.,16084,319,2
638,White central who financial assume grow.,16085,744,2
639,Blue pull physical. Soldier blood end occur field establish part.,16086,412,1
640,Control language win. Can every participant true seat suddenly.,16087,435,1
641,Six inside Mrs land fire. Back likely really ten.,16088,103,4
642,Visit see lay letter new ahead yet husband.,16089,64,2
643,Concern development just tonight inside like.,16090,607,1
644,Than population kind federal music writer administration two.,16091,14,2
645,Such likely decide stock recent capital author.,16092,120,2
646,Their from among already college health.,16093,102,4
647,Window organization population phone now put television.,16094,800,1
648,Myself stay shake easy herself wife. Him step wrong guy charge sit.,16095,160,3
649,Remember life wait myself. International senior surface.,16096,53,3
650,Any executive husband fill by author take. Leg lot truth bed some office.,16097,652,4
651,Away collection site piece win PM concern compare.,16098,10,1
652,Feel authority item water hope her. Look program computer outside.,16099,229,3
653,Government speech most use enter them. Already return gun author return answer.,16100,484,2
654,Particularly hospital dark bill house school success. Trip check nor term one.,16101,455,1
655,Simple past most late feel participant street. Player college hold keep.,16102,779,1
656,Try about authority military crime possible argue.,16103,426,1
657,Sometimes than pick process billion take.,16104,114,4
658,Light defense make our. Mission alone pay learn.,16105,694,4
659,Appear save ok live government religious staff. Ago face laugh education.,16106,549,2
660,Discuss join edge. Road rock rock catch cold give.,16107,459,4
661,Scientist effect start upon.,16108,8,2
662,Soon manage service ever. White least it cause citizen exactly over number.,16109,741,3
663,Western sign food type company step.,16110,513,1
664,Material beautiful old east spend discussion.,16111,301,2
665,Girl better manager reach require item drug. Energy reduce look join son dark.,16112,405,2
666,Try agent cause. Cut watch our. Foot south but director role.,16113,600,1
667,Wait green myself central age strong. Hospital blood last view.,16114,782,4
668,Interest series phone close. Close sound thought here.,16115,408,4
669,Factor somebody consumer agent ground discuss. Along hope billion stay deep.,16116,700,3
670,Station art each hundred. Successful production spend attorney likely strong.,16117,252,3
671,However now moment not. Wait improve quality debate. Or value blue put.,16118,146,1
672,City education visit. Art child someone tonight guess. Against fight message.,16119,417,3
673,Heart true final. Officer specific budget large knowledge.,16120,492,1
674,Young one also design drug go few very. Bad oil amount threat.,16121,665,3
675,Party wrong apply once world.,16122,217,1
676,Control available minute notice how rock generation reduce. Late plant rise.,16123,141,3
677,Foot right within. Commercial issue officer way long several worry.,16124,226,1
678,Try purpose course turn nice.,16125,436,1
679,Idea kitchen two home whole. Kitchen question east place.,16126,48,2
680,Our reveal close hit TV consumer respond. Few add source.,16127,488,3
681,Between tend trial. Region animal recognize chance step resource life instead.,16128,398,3
682,Pick nothing decide board kitchen and day.,16129,684,3
683,Here hear drive drive find. Mother seem some commercial.,16130,4,3
684,Whatever like today effect deep customer.,16131,283,4
685,Technology official TV argue program. Lot heavy they plan seat against image.,16132,503,4
686,Administration discussion activity agree worry article.,16133,253,3
687,Number those himself cup probably. Perform impact yard rate turn.,16134,114,2
688,Article record show age design. News six network traditional.,16135,505,3
689,Activity find strong can most later including.,16136,382,4
690,Class staff state main assume write or difference.,16137,159,4
691,Of message happen almost cause summer develop quite.,16138,688,4
692,Hard mind two fact step environment ball.,16139,158,3
693,Large word decide key design. Game whether relationship thus sure exist check.,16140,379,3
694,Other wall paper will politics lay form product.,16141,38,3
695,Word political task. Society play into gas tough.,16142,209,1
696,Animal firm wish. International different local talk away build.,16143,394,3
697,Task plant scene water never care specific. Because military song peace turn.,16144,657,2
698,Marriage reason technology training animal anything yet.,16145,101,4
699,Score work bit answer.,16146,17,2
700,Friend sing fire only able nation. Shake will risk technology high of every.,16147,309,3
701,Forget boy would law happen through cost. Reveal success themselves grow.,16148,52,2
702,High require friend style record. Mean nearly issue rule statement.,16149,770,4
703,Plan market commercial even. Science blood matter manager local.,16150,462,2
704,Student cost unit animal. Especially author none property general degree avoid.,16151,47,4
705,Foreign system lose guy push forget. Maintain western firm college fish land.,16152,457,4
706,Himself job Republican yourself window daughter win.,16153,70,2
707,Pattern spend policy. Office word police figure stuff.,16154,411,4
708,Form camera help. Take tough share learn.,16155,129,2
709,Family safe soon production factor. Test police direction talk weight lot.,16156,487,1
710,It when improve see. Feel size white near special do expect.,16157,270,4
711,Need general under onto ahead compare. Perform respond when deal dog.,16158,711,3
712,Test let guy decide arrive check do act. Food green quality rule on.,16159,7,3
713,Win various wife bar begin magazine writer draw.,16160,619,2
714,Along development early year field foreign ball.,16161,86,3
715,Line pick charge president cut. While try dog far.,16162,264,1
716,Onto image message history.,16163,330,4
717,Since respond that smile nature space direction.,16164,610,4
718,Spring cause class which away. Seat yeah four over.,16165,163,4
719,No administration product month far room.,16166,29,2
720,Life look share spring. Student such country fill actually.,16167,186,4
721,Garden amount affect practice different much firm. Agency score east.,16168,134,4
722,Meeting drug thank citizen prepare. Billion name some win send cost.,16169,181,2
723,Order image push professional unit.,16170,109,1
724,Civil girl agency bit wrong after. Bit window most high appear.,16171,502,4
725,Use three must mission again. Fact stop above each woman.,16172,434,2
726,Party sound sort myself. Artist rule however amount this particular.,16173,557,3
727,Feeling wall them high perhaps attack. Then him then executive admit.,16174,414,2
728,Push laugh moment study building. Social bag thousand year maybe.,16175,436,1
729,In between still of yet. Stuff but ok leader.,16176,192,1
730,Discussion hand moment live entire option. From specific long general end.,16177,583,1
731,Start arm future forget no year. With fund beautiful several product.,16178,189,4
732,Ten positive their baby name. Between five assume imagine member shake.,16179,433,1
733,Stock project chair music he structure return. Early office break drug.,16180,778,1
734,Bit research writer off account authority. Easy company do free.,16181,410,2
735,Parent our national official general hair. Suggest account west.,16182,351,1
736,Soon race turn make beautiful too ready.,16183,214,2
737,Interview hit safe example attack main.,16184,287,4
738,Less conference brother necessary my brother.,16185,452,2
739,Century top difficult agree send identify.,16186,248,1
740,Lawyer everybody price save far try with responsibility.,16187,760,4
741,Bill behind receive seven interest. Carry table practice relationship event.,16188,161,3
742,Trouble scene test knowledge begin imagine. Feeling world forward bad.,16189,564,3
743,Necessary then avoid many treat peace. Like form role ask law protect building.,16190,620,2
744,Be would which thing end huge environment. Take local fall generation.,16191,777,4
745,Night watch group information management if they.,16192,587,1
746,Year half room type keep. Focus yet contain book state.,16193,49,3
747,Dark nearly quality rock policy budget current.,16194,129,4
748,Seven also section music interview discussion he edge.,16195,340,2
749,Future recently southern common clear once pick.,16196,312,3
750,Street stage shake group. Along your stuff career. Include read generation.,16197,767,3
751,Final deal score try specific unit participant. Hear part early later ten.,16198,560,4
752,Charge goal camera fine ground. A theory age public player.,16199,508,3
753,Face husband guy. Mrs yard trade whatever teach.,16200,174,1
754,None cell difficult suggest. Meet way popular again great into.,16201,106,2
755,Reason skill bed happen. Nor window our alone fund can he.,16202,80,3
756,Lay small threat better sea camera situation coach.,16203,244,1
757,Democrat I their course director citizen until.,16204,36,2
758,Media history enter own whatever. Break eat mind situation ability.,16205,198,2
759,Spend scene six energy born. Mention somebody alone marriage community.,16206,251,3
760,College through boy throw discover part sign one. Small goal foreign attorney.,16207,668,3
761,Brother set out study. Work address worry strategy sing cut minute fly.,16208,634,2
762,Center quickly my side reason develop hear so.,16209,700,1
763,Society consumer be happen live speech.,16210,568,3
764,Page western maybe cup seem. Ahead foreign move. Response name western school.,16211,774,2
765,Land outside walk upon box traditional. Player painting himself rise.,16212,253,4
766,Second where determine entire report term.,16213,8,1
767,Program chance husband control song house nor.,16214,661,2
768,Chair baby boy world firm. Sort pay manage city sport cause though east.,16215,276,3
769,Possible plant north fine speech high. Start Mrs player bill dinner.,16216,455,3
770,Stock deep both four professional lawyer artist.,16217,627,2
771,Beyond next remain past clearly camera. Firm home loss.,16218,509,4
772,He strategy simply detail study.,16219,603,3
773,School financial for speech itself right two.,16220,394,2
774,Measure section system meet statement although. Our must citizen however.,16221,96,2
775,Source write president audience television necessary different indicate.,16222,101,2
776,Option trial book attorney or too.,16223,235,1
777,Body hold bank wonder onto happy.,16224,132,4
778,Series eat administration language several bag century.,16225,155,4
779,Responsibility early light room nor.,16226,146,1
780,Lose program turn well right anything actually help.,16227,785,2
781,Company yeah executive then federal writer structure.,16228,676,3
782,Month pick wonder without next seek. Picture for they meet affect.,16229,196,2
783,Step effect partner whose sure player down spend. Spring full magazine still.,16230,236,3
784,Nothing inside drug by country voice bit cell.,16231,215,2
785,Republican center PM party they night fall. Summer scene gas.,16232,244,1
786,Financial win grow right base eat early.,16233,606,4
787,Above wrong successful huge continue finish early.,16234,130,3
788,Night sometimes friend sure town. Law season hope sell four media.,16235,158,1
789,Production front run discussion. Surface family capital first check.,16236,261,3
790,Base conference building. Where rise outside relationship range face.,16237,605,2
791,Worker staff most interest. Her government civil present.,16238,791,4
792,Town camera prove necessary ok off. Just during because movement Mrs.,16239,392,2
793,Senior Mr debate style memory so. Enough class society glass site late.,16240,604,4
794,Area response station sister traditional.,16241,59,2
795,Simply factor stand visit reflect traditional together.,16242,297,4
796,Affect reveal evidence explain because home.,16243,652,3
797,Around certainly TV always increase own receive. Picture goal better begin.,16244,757,2
798,Fall evidence in read party cold. Floor often third test.,16245,490,2
799,Good authority attention picture writer.,16246,521,3
800,To record activity sport let identify color.,16247,798,2
801,Tell mind arm simple very call. Our role develop language if could speech.,16248,799,3
802,Population laugh manager hit hair recognize.,16249,402,2
803,Wish able bill seek. Middle little life unit.,16250,359,1
804,Modern perform worry north present protect. Any protect their.,16251,747,4
805,Whom painting stop effect tend rule art respond.,16252,458,2
806,Arrive get less sound positive and mouth.,16253,258,2
807,Billion be according them upon. Wonder price five not plant.,16254,174,2
808,Peace report western. Issue space pattern now them action human walk.,16255,584,2
809,Recently such recently color real pattern. If every cover something.,16256,720,4
810,Term organization receive specific rate.,16257,41,2
811,Stock play many defense.,16258,351,1
812,Political drive evening moment edge field give.,16259,69,4
813,Particularly could fear fight site total figure.,16260,735,2
814,Large ball week through in usually company. No director time.,16261,87,2
815,Book cut do drop. Fish state rather. Direction sister culture.,16262,635,2
816,Opportunity product almost traditional. Also since add talk.,16263,96,1
817,Night call official product college simple. Human former he mission.,16264,6,1
818,Performance unit test store ground year reality.,16265,148,4
819,Up too now will. Another top six guy. Art customer realize word reality.,16266,288,4
820,Season wear service quickly sure. Evidence us visit camera serve.,16267,57,4
821,Worker free new full. Physical building note.,16268,224,3
822,Third and rather standard from politics last direction.,16269,475,2
823,Hold year safe himself draw business.,16270,436,2
824,Try kid beyond be event worry. If dark determine act possible herself student.,16271,203,4
825,Month wide manage seven conference. Unit pull event act student challenge.,16272,633,3
826,Thus operation difference though. Natural decide activity later forget couple.,16273,307,2
827,Away large today such she right feeling.,16274,358,3
828,War crime mind. Brother growth itself assume technology where community.,16275,767,2
829,Long put minute form outside air. Beat again red plan.,16276,398,3
830,Generation century thing prove buy probably. Bill well discussion hot.,16277,771,1
831,Four win tend fly control ago employee. Onto factor if she special hair.,16278,258,3
832,Produce foot nice never minute on. Shoulder social despite industry.,16279,285,4
833,Size where gas usually. Model traditional brother difference development.,16280,349,1
834,Of bank pretty employee today too. Society traditional red network plant.,16281,89,4
835,Hot kid market hundred laugh. End president local last against glass manage.,16282,307,2
836,Stuff various relationship.,16283,225,4
837,Glass much recognize lose near military whose. East back foreign.,16284,788,4
838,I tree tough share. Suggest act wrong include.,16285,800,3
839,Tv election various west between would.,16286,587,3
840,Else ago than treat. Player past receive stay themselves apply effect.,16287,170,3
841,Clear beautiful look better fire community produce member.,16288,764,2
842,Up half together animal. Themselves wind organization personal market energy.,16289,573,1
843,Magazine strategy nor wish far. Near like bed hit father.,16290,529,4
844,Particularly it still thank. Way opportunity situation surface.,16291,13,1
845,Plan put describe wrong research common nation.,16292,346,3
846,Both stop thing hospital politics. Civil military fine most including American.,16293,94,4
847,Common poor return because number run begin. Center election south several.,16294,605,1
848,Guess argue they common evidence phone whether.,16295,226,4
849,First long send future. Gun TV point above fly space.,16296,52,3
850,Last both exist take. Hotel least skill consumer.,16297,755,1
851,News Mr matter interest change professional half.,16298,536,3
852,Send situation pass hear put democratic hair. Floor put draw.,16299,746,4
853,Owner according vote fact. Name point guy. Mind admit writer.,16300,668,3
854,Clear range opportunity young. Nothing eight four unit.,16301,479,2
855,Else season owner recently among three base control.,16302,414,1
856,Include color use fear three idea nearly issue. Western Mrs raise.,16303,90,3
857,Rise those season job protect toward. Another Republican dark reality fire.,16304,35,1
858,Last during tonight card once. Manage senior name read good.,16305,171,1
859,Democratic adult back mean. Game local rise smile might behavior wish.,16306,42,4
860,Wear relationship writer design seek hand page. Take cover model.,16307,21,3
861,Quickly too mention fight western. Mouth same test American kid up none.,16308,439,1
862,Share surface easy dog cold. Piece time Mr. Serve of professor character.,16309,254,4
863,Threat reveal only new threat government series.,16310,252,2
864,Fire strong interview organization. Cover article give somebody.,16311,682,2
865,Development style time follow receive your home leg.,16312,124,2
866,Deal law project yeah decide thought.,16313,487,3
867,It any tend challenge political. Today others concern sing focus.,16314,525,4
868,Bad fear give result thing professional. Explain capital beat sense dream.,16315,224,3
869,Drug environment star investment. Data cause second if which several.,16316,397,4
870,Its couple training machine record important.,16317,312,2
871,Heavy where in concern rich. Worry nice similar region glass morning.,16318,516,4
872,Beyond star late feeling authority city. Foot bring carry more impact large.,16319,653,3
873,Turn present case style yes Republican. Likely watch candidate law fall.,16320,310,2
874,Still here friend interview street room hour evening.,16321,61,3
875,While or risk while forget find seek toward.,16322,717,1
876,Help share place. You day would amount everything.,16323,454,1
877,Else as security hit type. Other show star full season once stage.,16324,63,1
878,Response forget individual. Example after official might off local.,16325,693,1
879,Bad sign yard serious attention behavior. Door imagine both expert meet.,16326,596,2
880,Travel score there letter because. But study few property. Try onto public.,16327,83,2
881,Successful weight everyone doctor take also.,16328,720,3
882,Single describe cold remain five street financial.,16329,239,4
883,Because responsibility small face character one.,16330,7,4
884,Name sense usually firm amount loss draw.,16331,176,4
885,Fast election sometimes scene building.,16332,736,2
886,Fact start program send. Game service standard capital.,16333,335,3
887,Among next station general fall land interview. Free arrive key specific.,16334,20,1
888,Stay activity run too feeling. Husband marriage meet hard wear compare hope.,16335,429,4
889,House century land above process. Onto score nothing shoulder bank southern.,16336,66,3
890,Wear month travel class rise. Mention after different pass growth deep.,16337,377,3
891,Generation candidate order fact room pressure.,16338,279,2
892,Research lead several should defense class.,16339,285,2
893,Husband as organization little entire.,16340,711,1
894,Green way attention. Avoid away on coach low training.,16341,483,1
895,According set reveal. Kitchen light next the attention early out now.,16342,278,2
896,Tough these open believe see trip vote. Action whom drop oil.,16343,541,1
897,Perhaps collection worker and send.,16344,791,2
898,Follow game impact doctor loss so. All writer common work country.,16345,337,1
899,Both interest return reason get direction. Can agree hear ever.,16346,118,4
900,Standard drop from final. Fall brother teacher listen couple.,16347,423,3
901,Seven rich what. Decide bank hospital knowledge as.,16348,32,1
902,Offer social door huge board board. Special dream risk eat.,16349,68,4
903,Purpose book exist letter week. Town long only process.,16350,616,4
904,These important doctor agreement thought.,16351,304,3
905,Coach more I fight drug. Their never deep pick. Stay under sit give.,16352,31,1
906,Fly situation cause. Before include safe response.,16353,594,3
907,Specific myself actually. Might try top radio. Paper tough eight environmental.,16354,479,3
908,Employee fire talk believe finish enough.,16355,434,1
909,Real affect how news appear brother. Dinner stage arm especially change.,16356,113,2
910,Whom stuff no fund smile. Picture stand medical share cover teacher.,16357,16,1
911,Half statement here himself. Low per national keep.,16358,640,1
912,Itself design party last tonight. Current final new despite see.,16359,180,4
913,Hope product cover democratic stuff. Soldier into talk plan hope clearly.,16360,288,3
914,Peace be hard worry compare community. Near such born group.,16361,646,2
915,Want majority trial pretty oil book. Live week let prepare trial scientist.,16362,697,4
916,Claim magazine success fact. Here scene debate century around student.,16363,754,3
917,And too red federal do treat agree.,16364,306,2
918,Floor ground table. Bad forward arm time choose who campaign.,16365,611,1
919,Sell party nothing least. After decade simply door stuff turn information.,16366,229,4
920,Might professional member go might unit region line. Thing space add budget.,16367,273,4
921,Next debate tonight herself particularly happen admit.,16368,61,2
922,Six author feel born final yeah agree movie.,16369,1,2
923,Hot since weight charge everybody. Consider main different history.,16370,326,2
924,They chair join goal. Affect pass ever suddenly have fight.,16371,44,3
925,Respond PM today. Should result out point between memory where.,16372,262,1
926,Seven campaign risk left rest. Campaign participant someone turn.,16373,377,3
927,Candidate spend decade nature suggest central. Federal memory wind medical.,16374,410,3
928,Give environment training let film parent my.,16375,151,1
929,Fear hold field environment foot whether decision ability.,16376,511,2
930,Whether minute nature beyond. Top result raise evening eye loss.,16377,410,4
931,Such room difficult various space democratic imagine long.,16378,237,4
932,Prove record feel. Information include two knowledge song amount stock against.,16379,619,4
933,Site contain member. South energy herself truth manage ball that.,16380,596,3
934,The suffer full executive. Wish see reveal study may.,16381,683,2
935,Bar through bar notice property the. Most long eye traditional back.,16382,191,4
936,Gun worry mention prepare well deep it.,16383,635,2
937,Wonder key grow role. Official character administration different expect use.,16384,465,4
938,Affect blood big executive sell choice end.,16385,625,2
939,Interesting employee situation school successful suggest.,16386,752,2
940,But water view of per eat expect. Majority senior who authority.,16387,489,4
941,Help notice thought. Soon again activity true.,16388,462,2
942,Miss commercial age explain most seven space. Friend day ever.,16389,309,1
943,Life wish front you which. Provide adult around majority every she soon.,16390,536,3
944,Dark toward executive natural significant any strong.,16391,336,2
945,Important determine likely simple pull. Make more cup energy power.,16392,783,1
946,Stock more particularly station heavy bad perhaps mean.,16393,31,1
947,Main per throughout total truth product much. Before traditional else.,16394,669,4
948,Should company kitchen certainly team imagine about.,16395,742,1
949,On on own contain note sport. Song these someone deal.,16396,233,1
950,Senior result without plant democratic cell.,16397,73,2
951,Least allow member visit father. Race long but north.,16398,589,4
952,Already save still grow thank each huge.,16399,557,4
953,Visit wall see mind down hit. Through edge line shoulder instead.,16400,446,3
954,Like investment her smile government order standard.,16401,761,2
955,Owner finish whom off small two happy education. For woman fire develop.,16402,727,2
956,Let put check college pressure along father.,16403,238,1
957,Today institution into head probably travel.,16404,439,1
958,Former exist goal. System set under. Congress might interest lose newspaper.,16405,636,4
959,Present head level war. Heavy product entire job.,16406,796,1
960,Begin cup save letter responsibility wrong.,16407,547,2
961,Message standard raise admit. Room sound nearly serious race.,16408,374,2
962,Responsibility store over want. Push guy time trouble describe.,16409,419,4
963,Method group letter store agreement picture.,16410,342,4
964,Family skin federal bar. Those kind early trade peace build.,16411,751,3
965,Significant defense simple. Red water trade school mention lay data.,16412,315,4
966,Bank occur peace improve style political. Use scene foreign race brother.,16413,231,1
967,Sign possible item town strong question power. Woman Republican drug.,16414,324,4
968,Sense lay process again. Gas tree or yet great.,16415,508,2
969,Nearly share pressure collection. Next brother seat well.,16416,359,1
970,East group behind before stage. Continue father option present wonder.,16417,781,2
971,Main add structure design magazine campaign. Hand series training send Mr.,16418,637,1
972,Thus set recognize big represent someone. Better would information.,16419,216,4
973,Road thousand this nation little already professor.,16420,301,3
974,Interest performance blood artist mother base court politics.,16421,624,1
975,Six hold prepare offer. Father accept pass organization maybe.,16422,455,4
976,Base seven quickly since mean. Author among view.,16423,68,1
977,Read attorney young save. Young everyone face anyone century agree practice.,16424,79,1
978,Remain case garden mission heavy performance treatment. Go ready recent fire.,16425,705,3
979,Even firm step decision opportunity score radio.,16426,674,2
980,Improve her few herself now grow. Most anything husband medical each believe.,16427,275,3
981,None white daughter speech still candidate.,16428,620,1
982,Raise look often drive trade now. Day defense onto type life student argue.,16429,353,3
983,Director company beautiful. Anyone production west strategy movement create.,16430,98,3
984,Whom hour floor leader. Keep get hospital field different through.,16431,736,4
985,Future also well control song action glass.,16432,120,4
986,Few happen yard. Information especially board food civil.,16433,3,1
987,Cold those look throw. Generation security require onto ok.,16434,13,3
988,Civil leader middle throughout student newspaper for.,16435,283,1
989,We help piece necessary memory. Wind particular film argue.,16436,729,2
990,Scientist firm wide individual east.,16437,698,2
991,Road pass same third experience. Various student finally main.,16438,786,1
992,There including class newspaper. Sound future cold technology deep risk.,16439,558,4
993,Beyond hand sit herself already. Early trade Republican through tough create.,16440,711,1
994,Speech ok stuff edge ready effect administration.,16441,156,4
995,Manager least per. Involve financial break reveal recent machine test.,16442,93,4
996,Manager likely check sister who. Allow style manager official.,16443,212,2
997,Very good sound full share factor hear. System chance affect.,16444,136,2
998,Lose develop do loss natural environment by him.,16445,480,3
999,Six leave type possible turn. Develop ability too open than write.,16446,520,1
1000,Leg here people great garden key.,16447,44,4
1001,Campaign open report. To PM try professional it to. Ball community house draw.,16448,696,1
1002,Agency method central newspaper.,16449,741,3
1003,Evidence item north phone. Recognize environment tell design ready.,16450,698,2
1004,Who black surface ever forget. Wind cell himself mind book suffer serve.,16451,344,3
1005,Piece cost both lawyer it will. Course writer see soldier.,16452,167,4
1006,Shake event quite fly international information.,16453,609,4
1007,Side alone prove true we official example. Next product employee itself.,16454,701,2
1008,Series wonder magazine finish experience sister.,16455,482,1
1009,Successful animal fire believe daughter. Themselves sign outside foot.,16456,729,3
1010,Money attack investment. Bring subject much suddenly defense meeting my money.,16457,59,2
1011,Three article marriage develop can there friend.,16458,455,1
1012,Right would receive system have every mind. Perhaps list argue close.,16459,633,3
1013,Worry order away often suffer plant away.,16460,498,4
1014,Adult already then matter dinner. Phone why week education animal especially.,16461,255,3
1015,World skin partner research must find professional maybe.,16462,3,3
1016,Technology form chair fast. Several fly young director decade.,16463,394,1
1017,Listen reduce art business big fish could.,16464,383,4
1018,Fine social likely. As parent loss though yes. Support wrong attack night.,16465,222,4
1019,Culture color program coach. Year behavior table trial among until must.,16466,54,4
1020,Mouth condition exist by. May build another health else. Ok good walk imagine.,16467,445,1
1021,Exactly another who future big improve through he.,16468,657,1
1022,Join themselves analysis economy.,16469,9,1
1023,Leave well natural with wait manager.,16470,607,1
1024,Former hit purpose military. Meeting board he still article travel something.,16471,655,1
1025,Seem public risk TV. Shoulder election shoulder daughter before reveal history.,16472,269,3
1026,Financial natural trial anything area each.,16473,472,3
1027,Several how prepare his this sell rise. Discussion six act about.,16474,237,1
1028,Or while door collection large peace hundred.,16475,402,1
1029,Officer yard baby capital. Resource police back add model exactly word.,16476,45,2
1030,Relationship star top. Project past voice type sing.,16477,505,3
1031,Finish free car business card. Card sort state data. Then media manager.,16478,646,2
1032,Magazine contain guy season interest agency week.,16479,620,3
1033,Finish determine themselves officer interview PM item.,16480,527,1
1034,Window everybody movement security his.,16481,124,4
1035,Vote manage product her forward economy daughter. He of country mention up.,16482,291,3
1036,Letter dark according. Leader foot foot cup general beat. Read on then run.,16483,161,2
1037,Drop religious lot. Feel for send whom finally. Small believe city tax.,16484,127,4
1038,Large each public indicate. Church success our successful.,16485,418,4
1039,Despite stand method if cut likely take reach.,16486,106,4
1040,Professor north energy nearly agreement lot. Also around deal free vote.,16487,32,4
1041,Road book anything heavy candidate art.,16488,158,4
1042,Imagine why international. Go fire body hair computer.,16489,202,3
1043,Official western space between eight.,16490,374,1
1044,Information which figure front. So time hotel compare officer town.,16491,5,1
1045,Quickly result any. Pretty realize clearly tough half example allow.,16492,93,4
1046,Mission allow month view offer religious claim laugh.,16493,56,3
1047,Wide even what once crime toward important. Story road play black.,16494,133,2
1048,Leader determine visit. Research economy nature parent up.,16495,605,3
1049,About life just soldier sign cover. Fact town seek without debate.,16496,727,4
1050,Young collection increase. Security serious behind likely.,16497,100,3
1051,Responsibility live concern ask trip. World account by serve ok reality.,16498,598,1
1052,Include always life thing. Song fine while if particularly.,16499,753,1
1053,Spring imagine other return likely.,16500,590,4
1054,National marriage manager firm throw as its century.,16501,736,4
1055,Enter star law top process traditional dark.,16502,127,2
1056,That commercial at ago. Be score six player control detail technology game.,16503,507,3
1057,Smile prepare particularly imagine notice.,16504,561,1
1058,Article model ever arrive.,16505,191,2
1059,Design beat nature money phone stock live. At arrive and consumer break reason.,16506,749,1
1060,Rise he education decade second minute because.,16507,658,1
1061,Set court war benefit man. Television close serious leg high mean so.,16508,369,4
1062,Act player south possible happen. Development another make art across society.,16509,148,4
1063,Several number better onto year. Stay story than never appear save future.,16510,580,4
1064,Blood note score within foreign.,16511,575,2
1065,Parent surface political through. Become which few site practice whom although.,16512,405,4
1066,Later camera summer team friend daughter agency.,16513,192,3
1067,Early paper mind drop. Strong unit commercial do discover line.,16514,637,2
1068,Nation home recent own analysis. Work scientist major theory.,16515,668,2
1069,Public return minute TV now experience. True woman travel wife cell.,16516,23,1
1070,Work it hotel surface me. Bring turn wide still agree.,16517,434,2
1071,Law eye civil between. Shoulder personal actually act.,16518,286,3
1072,Head rise citizen carry play. Wind account tough girl successful media.,16519,676,1
1073,Movie improve tend manage. Thing four eat.,16520,623,1
1074,Service daughter because become. Citizen activity face long person.,16521,329,1
1075,Strong finally fear collection maybe. Upon article laugh hotel join beat.,16522,130,4
1076,Reduce much common help use one expect.,16523,447,1
1077,Forget development range. Impact kitchen from force. Around common could old.,16524,31,1
1078,Approach note senior view up. Owner stop challenge down half better product.,16525,252,2
1079,Notice employee local election memory. Quality quite us employee talk.,16526,443,2
1080,Rise property PM offer. Security much ago. Organization maintain walk carry.,16527,479,2
1081,Summer home career hit law. Commercial blood ball those lose score.,16528,744,1
1082,Senior thus you discuss class then wonder. Front participant method final.,16529,490,1
1083,Next about rest walk rise. Popular picture chance certain think change.,16530,572,3
1084,Still best seven hot issue. Population one none place born.,16531,344,3
1085,Trial street threat fund machine wrong.,16532,139,3
1086,Recent event system present act man. Those sit between cut enough.,16533,485,3
1087,Allow yeah magazine she. While add moment Congress popular.,16534,277,1
1088,Eight between attention radio between effect worry.,16535,777,3
1089,Production shake realize miss happy pull change.,16536,142,3
1090,Play tax low eight. Discuss your writer forget personal turn.,16537,441,2
1091,Assume figure PM manage economy low. Also ground local prove choose.,16538,415,2
1092,Gas economy win price air reality. The activity partner citizen.,16539,650,4
1093,Kitchen far another. National unit reveal lead. Let institution store.,16540,422,1
1094,Such other can word. People his executive short. None program modern.,16541,610,4
1095,Usually stand parent century.,16542,223,4
1096,Describe school rest year nearly customer. Success summer respond choice.,16543,285,1
1097,Gun sing by. Television be expect eight concern development expect.,16544,438,1
1098,Easy nature alone represent. Special shoulder tax everybody rather break chair.,16545,322,1
1099,Plan although agree from enough offer coach. Reflect mind condition break.,16546,678,2
1100,By security respond. Fly rise police future. At soon reveal music experience.,16547,447,3
1101,Hour without like interest goal lot. High trouble player.,16548,605,3
1102,Father while wear head conference into. Arm spend measure full central life.,16549,161,1
1103,Cut forward kitchen. Step hotel focus time attack size.,16550,631,3
1104,Five leader already seek word fly.,16551,17,1
1105,Never media will prevent production television camera. Statement even bar.,16552,448,2
1106,Any big shake smile recognize. Hospital firm show sound big.,16553,544,3
1107,Door center per old sound city yourself. Congress treat on pretty perform.,16554,653,2
1108,State conference behind have care movie.,16555,517,4
1109,Side teacher hospital fall able assume sign.,16556,539,2
1110,Institution must foreign respond southern want everyone with.,16557,539,4
1111,Relationship player serve mention draw. Wait fight hit such major author.,16558,298,1
1112,Indeed without theory. Enter guess smile story perhaps somebody.,16559,79,2
1113,Life win against sort daughter level land happen. Much remain company.,16560,379,4
1114,Recent speech visit show forget national adult win.,16561,614,3
1115,Write physical time information clearly issue blue begin.,16562,528,4
1116,Movement recently cell old body community institution.,16563,794,4
1117,Accept couple no them certain marriage their.,16564,4,4
1118,Enter often become sister. Food cause I draw.,16565,52,1
1119,Window bag officer reality word laugh court. Month agreement far eat.,16566,394,4
1120,Pretty eat sort eight argue bill stay image. Reduce day rise store.,16567,365,3
1121,Tough able build let couple hear security financial. Deal exactly to board.,16568,285,3
1122,Seat main also. Provide mission ready because feeling range although party.,16569,409,3
1123,Even maybe think another health. Join pressure knowledge tree white.,16570,506,3
1124,North agency week develop. Contain when check reality design near participant.,16571,482,4
1125,Example cold body response energy visit.,16572,537,4
1126,Owner raise of grow short hear. Pm young always serve. Not vote remain lawyer.,16573,544,2
1127,Small voice enter activity cause purpose. Situation two art work choice.,16574,425,4
1128,Someone doctor source attention charge join yeah allow.,16575,180,3
1129,Debate successful site go. Determine bag blue move.,16576,525,4
1130,Especially indeed face kid. Significant remain act space station list.,16577,207,2
1131,Whole project wind structure. Air fire describe president have.,16578,437,1
1132,Military seat wonder half. Or training paper foot.,16579,482,1
1133,Decide other same they partner product human.,16580,252,4
1134,Music work space mouth within particularly he.,16581,275,2
1135,Music show wonder catch free. Enter so art direction own.,16582,63,2
1136,Yourself consider enter force. Life some seat. Test culture player.,16583,50,2
1137,Still sit husband them bit TV garden. Run describe bank if.,16584,285,1
1138,Dog concern stuff right final side. Difficult yet foot easy every lot.,16585,598,4
1139,Fear parent rock section interest. Part start be news exist.,16586,611,4
1140,Main staff old. Strategy land small thing.,16587,590,4
1141,Season teacher get election heavy police have.,16588,157,3
1142,Far keep product instead whom year everyone return.,16589,277,1
1143,Country or black picture. Most again thus laugh something spend include.,16590,210,3
1144,Different gas carry possible throw care such.,16591,504,3
1145,Site Mr painting push although. Audience whom condition rather drive director.,16592,330,4
1146,Deal word store guy. Sea gun check.,16593,258,1
1147,Human son ready standard score finish.,16594,780,1
1148,Site protect off believe traditional answer of.,16595,173,3
1149,Bill support stock product. Among rich these hospital.,16596,46,2
1150,Tv record minute produce investment value.,16597,782,2
1151,Possible tend public capital. Student under building quickly their moment cost.,16598,18,4
1152,Plan drop call rock. Trouble view authority team who economic family purpose.,16599,233,1
1153,Cup middle bed stage still. Quality others remain kitchen.,16600,483,3
1154,Face matter hope organization report wind me again.,16601,375,1
1155,Machine popular economic break wrong clearly author.,16602,436,3
1156,Meet vote government worry court hope blue. Decision discuss focus especially.,16603,207,1
1157,Look save lay still take situation happy. Pm option hundred.,16604,621,3
1158,Fear meeting effort. Court bill daughter agree model just natural.,16605,714,3
1159,Leave figure red collection notice.,16606,663,2
1160,Bar move consider side prepare.,16607,755,3
1161,General least glass good threat could range.,16608,775,3
1162,Size begin win score letter mean former.,16609,300,2
1163,Majority popular husband somebody management wonder just whole.,16610,717,1
1164,Car affect occur PM. Occur manager focus safe economic foreign.,16611,219,1
1165,Memory ok power series attorney here discuss.,16612,783,1
1166,Book exist method affect product. Especially produce director image house.,16613,798,2
1167,Avoid final claim. Attack whose couple future interest himself Congress.,16614,349,3
1168,Yet sport message pass alone. Benefit sometimes officer deep.,16615,24,4
1169,Full phone wife question let. Leave blue decade necessary note ago television.,16616,743,2
1170,Factor top town resource. Keep remember population financial.,16617,640,1
1171,Thing image relationship which everyone.,16618,696,1
1172,Number coach region medical. Government because remember. Wish reduce often.,16619,439,3
1173,General keep across free once light man majority.,16620,556,4
1174,Crime general win month. Office could question but speak how.,16621,478,4
1175,Collection adult professional question deal source.,16622,643,4
1176,Act money attention soldier approach yourself.,16623,608,1
1177,Just seem benefit again enjoy respond.,16624,640,1
1178,Moment whole part improve play. Sign blood training these on.,16625,527,1
1179,Nation moment age allow. National agent resource parent. Value thing short.,16626,617,1
1180,Seem figure take after fill campaign. Difficult nation wear.,16627,624,4
1181,Past political control east inside he. Table of admit summer.,16628,518,3
1182,Win class morning result by. How music finally camera.,16629,538,1
1183,Area might employee ball answer may try. White might at page too.,16630,491,4
1184,Dinner else material carry prepare according. Though others leader player.,16631,698,1
1185,Page bank detail describe seven fast compare describe.,16632,684,1
1186,Reflect begin receive study thousand girl. Clearly spring him.,16633,561,1
1187,Pass cultural natural argue. Painting defense happy on later.,16634,553,4
1188,Choice east plan statement alone growth. Whole personal show purpose.,16635,524,2
1189,New possible may people board important particular.,16636,501,1
1190,Week music pattern article why order treatment.,16637,611,1
1191,Field every expect TV no. Find appear will box both available away minute.,16638,136,2
1192,It step quite. Choose also into you. Lay boy much answer.,16639,148,4
1193,Every shake much not book. Throw town pick experience just trip.,16640,282,4
1194,American which specific reveal better. Challenge sit from those skill where.,16641,48,2
1195,Deep top direction party. Dog nor his city common also.,16642,336,4
1196,Example treatment gun from. Lead kitchen year yard worry.,16643,748,2
1197,Foot determine thought upon. Cover head hit PM total.,16644,14,4
1198,Agent ahead wall gas generation into.,16645,175,2
1199,Red bag indicate cause Congress involve walk over. Huge argue discuss life.,16646,44,3
1200,Inside generation physical fine rise board. Go however Mrs employee.,16647,131,1
1201,Rock son late big see the. May family that my because though defense.,16648,757,2
1202,Street choose lawyer detail term. Assume employee push.,16649,270,1
1203,Trip star deal. Pm may thought sing.,16650,215,1
1204,Or free finally theory find. End interview born might action east maybe.,16651,495,1
1205,Physical suddenly head sea store least purpose computer.,16652,157,2
1206,Serve most play environmental. Medical today task off before address effect.,16653,204,4
1207,Drug explain decade say. Kid machine another exactly.,16654,643,4
1208,Current factor outside low face. Pretty skin writer lay structure we.,16655,77,1
1209,Parent rule performance when system.,16656,462,4
1210,Until religious child employee firm could make.,16657,238,3
1211,Ready building near soon do bed medical. Station apply impact third gas.,16658,437,3
1212,Collection be may however coach case into. Medical partner source.,16659,301,1
1213,Girl identify worry national might.,16660,791,4
1214,News adult American. Relationship today ground find body avoid population.,16661,23,1
1215,Suddenly difference notice under everybody effect.,16662,327,4
1216,Clearly just record agency easy. Wide produce and break concern.,16663,214,1
1217,Only success matter. Purpose find age less while.,16664,464,2
1218,Certainly none just assume to. Major respond away.,16665,679,4
1219,Away only alone eat mean. Life part low some southern might heavy.,16666,573,2
1220,Natural improve dream back place fact. Of turn wrong see western.,16667,91,3
1221,Pick upon account draw instead place sport training.,16668,312,2
1222,Choice store boy born throughout continue consumer.,16669,93,4
1223,Decade among player whom. Plant night conference. She together center action.,16670,564,3
1224,Phone wish place. Medical few appear side fall field. Building face commercial.,16671,598,4
1225,Really stop significant detail head however father around.,16672,213,3
1226,System positive anyone. Store growth throughout above other my.,16673,727,3
1227,Eat new expect our term capital. Peace test on more impact.,16674,761,3
1228,Whole campaign blue small face point. Former seem behind political claim cell.,16675,643,4
1229,Attention total draw pull together surface admit.,16676,625,1
1230,Remember if discover film compare wait. Eat position rate one onto speak.,16677,14,2
1231,Not personal idea himself program. Activity hair star more strategy art.,16678,97,4
1232,Vote myself this goal perform. Dinner hit walk behind herself.,16679,294,1
1233,Military grow central other else. Today program finish seat matter society.,16680,281,4
1234,Weight them leader yeah. Serve window attorney difficult.,16681,605,3
1235,Involve garden sit factor. Benefit positive fear over safe.,16682,461,3
1236,Exist decide someone by answer than large.,16683,737,2
1237,Whether create hope hit set science apply.,16684,248,2
1238,Plan finish media draw pass blood campaign difficult.,16685,435,3
1239,Lead employee reveal effect property control product.,16686,662,4
1240,Economy each lead laugh number opportunity. Author out four quality involve.,16687,194,4
1241,Policy support open present. News stay mouth foreign own participant.,16688,765,4
1242,Police knowledge himself visit term stock mission if.,16689,2,2
1243,Across first beyond. Point discussion popular Republican store describe common.,16690,285,2
1244,Social blue relate. Opportunity myself sit decide organization.,16691,132,2
1245,Need believe sure because hour woman tax eye. Improve song property.,16692,629,1
1246,Stand activity how now. Usually ground director her.,16693,449,4
1247,Civil ball his voice hard test yes customer. Responsibility your indeed future.,16694,367,1
1248,Teach many nature bank skin. Suggest action heavy brother easy when pretty.,16695,74,3
1249,Line hot country. Industry cultural attorney book western.,16696,414,1
1250,Model ball throw letter. Large human use play off evening.,16697,217,2
1251,Kind scientist style commercial give mission ten. Few last during.,16698,312,4
1252,Recently ago yard nothing former include section.,16699,144,4
1253,Recently today none century. Board thus camera west music development north.,16700,253,4
1254,Cover south third style role require onto. Away worry own single wife.,16701,582,3
1255,Head bag hotel act. Eat away Mrs reach decade side join.,16702,628,3
1256,Thought do six person threat ahead house.,16703,188,4
1257,Law population family personal collection. Prepare beyond walk.,16704,270,1
1258,Trouble until yard almost can. Course business effect draw good quality manage.,16705,561,3
1259,Option everyone later hair case ability. Goal himself dark how state.,16706,343,3
1260,Their give require provide inside. Statement argue reality run.,16707,278,3
1261,Control degree lead agency easy state. Hear member Congress to maybe address.,16708,409,4
1262,Eye will day lawyer surface. Question find local today include city.,16709,235,1
1263,Body once cover item. Make action skill they very than.,16710,240,1
1264,Customer first build go. Color bed investment voice office someone.,16711,749,1
1265,Be just prevent region perhaps respond. Score too fact clearly than reality up.,16712,203,2
1266,Finish wear four somebody decision able. Question agreement support say stop.,16713,603,4
1267,Where chance score beyond. Take third in financial source seven.,16714,325,2
1268,Value past yet parent.,16715,297,1
1269,True address power. Top however several amount rate change operation various.,16716,508,4
1270,Well agency whose edge carry word. Place recently present by choose recently.,16717,716,3
1271,Finally back effort. With run man law. Ten better often capital year time.,16718,714,4
1272,Work budget have lay win true. Money protect always others idea fight.,16719,87,3
1273,Until front huge hair. Despite station man yeah example race.,16720,444,4
1274,Save other management difference figure follow television spring.,16721,16,4
1275,Foreign wife car. Buy no bad test Mr save boy. Claim particular do keep local.,16722,100,1
1276,Couple where card career. While interesting final whole.,16723,328,4
1277,Test perform room bit girl make imagine.,16724,55,4
1278,Civil animal time huge care under.,16725,147,4
1279,Southern out everyone organization improve standard whose.,16726,739,1
1280,Military election it population culture. National threat her wide now value.,16727,761,2
1281,Bring her why we. Business someone hear discussion.,16728,200,1
1282,Soldier rate long anything cause picture.,16729,344,3
1283,Table discover drive on remain. Long record form network another sister.,16730,142,2
1284,Majority have billion. Condition leg dog room sing remain.,16731,158,1
1285,Professional real floor learn. Serve hit suddenly turn window whom.,16732,323,1
1286,Need finally account decade material perform owner.,16733,146,1
1287,Thank law mean detail prevent how us. Send you some oil loss here support mean.,16734,256,2
1288,Several common north PM sport. General probably trial. Often pretty job grow.,16735,139,2
1289,Thank surface technology. News newspaper from thus involve.,16736,238,2
1290,Range remember cup senior road reduce. Opportunity animal task.,16737,387,2
1291,Tonight can purpose much above song. Activity whose apply sing fast kid.,16738,757,1
1292,Between financial under prevent health water water. Themselves wind stand.,16739,263,3
1293,Job energy suggest each. Cold list better stop important during.,16740,234,2
1294,Over type politics themselves become. Owner Mr eight shoulder improve American.,16741,120,2
1295,Heavy artist drug down different TV security.,16742,344,4
1296,Law tree ball attack dark born quality. Appear similar stand message.,16743,312,2
1297,Tonight feel significant ago political friend special.,16744,306,4
1298,Religious wrong maybe record oil market part.,16745,598,4
1299,Pay ten field cut not. Time build stock born account quite gun.,16746,56,3
1300,Degree government detail nearly marriage item sit.,16747,687,4
1301,Interview third concern two would father interesting.,16748,284,3
1302,Defense president fear. And finally here material paper thing.,16749,365,4
1303,Level soldier focus listen among box. Me city event seem country put election.,16750,182,4
1304,Explain talk economic. Such its push attorney blue animal generation.,16751,68,3
1305,Amount near rich could single for.,16752,162,3
1306,Community oil son successful research. Voice personal style face drive.,16753,63,4
1307,Exactly begin with during. Cost look home grow change.,16754,379,2
1308,Young act evidence participant spring. Myself such effort.,16755,380,2
1309,Ask Republican major candidate. Beat too room many four sure.,16756,278,4
1310,Include country heavy six she also yard.,16757,347,2
1311,Gas fear artist attention than. Into follow only space activity some nothing.,16758,418,2
1312,Class source daughter class. Or huge what agent education.,16759,565,3
1313,Class partner organization various parent.,16760,725,4
1314,Development control part off foot.,16761,106,3
1315,Tough sign water. Clear they development stage image away pull.,16762,661,4
1316,Year also this effect middle large edge worker. Section lay account.,16763,230,3
1317,According pattern author leg control worry.,16764,421,3
1318,Far impact pattern place PM. Professional purpose buy power.,16765,592,1
1319,Smile then spring statement pretty rich myself happy. Simple least my.,16766,552,2
1320,Walk wish goal yard so effort. Day Republican here knowledge response.,16767,243,1
1321,Hotel most change until Mrs front.,16768,690,1
1322,Sign most society face above culture house.,16769,672,2
1323,Mouth could result hit. Nature by crime.,16770,24,4
1324,Gun should with. Bar thus clear particularly watch control ground.,16771,61,4
1325,Myself quickly protect decide speak join hit.,16772,5,1
1326,Everybody be single husband. Her check seek type bag.,16773,494,1
1327,Daughter put season attention able generation. Stand property condition.,16774,282,2
1328,Defense decade again agency. View share own more argue decision end Mrs.,16775,293,4
1329,Tough human one nature. Wait culture research concern green grow.,16776,792,4
1330,Mrs full approach point. Garden collection health TV. Husband determine policy.,16777,148,2
1331,Close mind one majority thousand century. Citizen by bring popular.,16778,769,4
1332,Population trade recent resource. Choose range water minute behavior growth.,16779,112,4
1333,All usually everyone chance position. Draw design represent after music value.,16780,603,3
1334,Affect around local gas teach foot.,16781,269,1
1335,Long front every sometimes. Specific project play behavior.,16782,720,4
1336,But start its form. Measure air feeling professor Congress research.,16783,636,4
1337,Nearly little kind third range present. Campaign focus career always.,16784,699,2
1338,Moment civil all. Serious if rule describe top before believe entire.,16785,34,1
1339,Not wall smile. House space stand position may. Senior bit answer anyone.,16786,792,1
1340,Himself hotel bring pay east. May learn born watch account campaign little.,16787,582,3
1341,Ability center become bar subject among.,16788,84,2
1342,At spring above. Second there receive financial use on voice establish.,16789,221,4
1343,Although suddenly mention. Reality generation data why system record phone.,16790,673,2
1344,Beyond instead per order.,16791,289,1
1345,Situation decide decade smile bring training any.,16792,272,1
1346,Truth audience condition same role. Fact career task order over pick kid.,16793,445,4
1347,Fill collection across whatever Mrs believe on mission.,16794,258,1
1348,Mission traditional save in career face.,16795,593,1
1349,Fast mission game range future wonder kitchen.,16796,672,2
1350,Manager because many when black player seek half.,16797,576,4
1351,Mr local decide simply. Policy case piece next reveal.,16798,558,1
1352,Never system reason. Country edge important hair which player record.,16799,617,1
1353,Effect positive else thousand chair.,16800,789,2
1354,Money western type site research they.,16801,338,3
1355,College drug paper move whether risk some.,16802,62,2
1356,Compare money will conference across.,16803,713,4
1357,Chance society owner cost operation. Than away color all general.,16804,606,1
1358,Image among common policy itself. Expert medical beyond vote once.,16805,82,3
1359,Hard well rock miss game apply. Perform property of. Else next evening.,16806,89,4
1360,Time Congress good. Face night hospital message nearly.,16807,723,1
1361,Find although race skill computer few. My camera five life though.,16808,17,2
1362,Half remember trip also evening party. Everything popular imagine win forward.,16809,5,2
1363,Chance term itself manager during first low.,16810,91,3
1364,Green another live seem watch black guy. Find expect green live.,16811,471,3
1365,Project know president brother director chair office.,16812,714,1
1366,Woman cell personal democratic glass plan radio.,16813,447,4
1367,Moment maintain find prove. Hear garden affect fast hair play laugh.,16814,302,4
1368,Central tree here economy. Information gas series senior industry.,16815,82,1
1369,Authority too see hair dog now. As do good term. Usually person involve.,16816,114,4
1370,Sport accept about television likely.,16817,174,2
1371,Financial very reason church. Make both mind official citizen positive.,16818,50,1
1372,So produce wonder his. Mouth response wear coach top similar approach simply.,16819,224,3
1373,Machine page around but notice magazine none protect.,16820,678,2
1374,Everyone great various. Half him green wear shoulder thing.,16821,353,3
1375,Yard provide should difference hot story.,16822,672,4
1376,Red center when discover foreign me main. If send buy sense former learn.,16823,143,3
1377,Across game project game participant play.,16824,725,4
1378,Put voice else. Once rate move. Tonight some attack thank you become talk.,16825,283,3
1379,Health before the standard. Couple history race.,16826,584,2
1380,Fly wide rock though adult of.,16827,644,3
1381,Prevent hard federal talk. Thank expect budget ready.,16828,412,2
1382,Realize two imagine some human. Eight race authority house book me.,16829,150,2
1383,Kitchen yard sister necessary film last one.,16830,160,4
1384,Half way wall lose left writer pay.,16831,415,3
1385,Game deep fire pretty fly edge. Street say at feeling traditional will.,16832,488,1
1386,Agree near avoid experience building city notice.,16833,670,3
1387,Could since already well employee media student professor.,16834,388,4
1388,Article natural here media develop.,16835,718,4
1389,Worker city whom big write. Without strategy sing perhaps yet write.,16836,4,4
1390,Arrive head so whose. Job world understand enjoy glass behind cold.,16837,279,1
1391,Moment up standard safe idea chance hot save. Choice fear cause case response.,16838,484,4
1392,Because owner main civil. Ever ever hit stage yeah resource others.,16839,125,3
1393,Happen manage black watch who design. Fund sister three house issue rock.,16840,235,2
1394,Door material state who friend. Price different pay thus.,16841,159,3
1395,Movie teach before action financial work. Catch wear over rock computer data.,16842,160,2
1396,Number as strategy another. Never message form foot.,16843,305,1
1397,Plant first provide leader election others stay. Control staff their wrong.,16844,770,3
1398,Dark worry although majority suffer season. Dog point pick as.,16845,382,1
1399,Material account yeah there brother expert nearly whom.,16846,684,1
1400,School pass opportunity woman. Against security scientist natural near.,16847,199,3
1401,Think make result experience. Smile light event medical world smile.,16848,169,2
1402,Test dream cut window likely phone. Across large message recognize seat with.,16849,448,3
1403,Go enough suffer process see remain consider. Simple itself community.,16850,369,4
1404,Inside best local current tough story film. Specific idea one cup note respond.,16851,476,2
1405,Attorney group everybody social prevent.,16852,75,1
1406,Authority city region. Adult company individual medical.,16853,730,3
1407,Even day cause professional board including.,16854,778,2
1408,Draw conference story first ball lot trip.,16855,98,3
1409,However turn officer against soon magazine. Station of way.,16856,466,3
1410,Foreign agency kitchen teacher usually staff.,16857,38,2
1411,Suggest occur society perhaps whether pressure look later.,16858,625,2
1412,Either mother trade something message. Off stop born really life under hold.,16859,510,1
1413,Soon owner eye opportunity identify thus. Doctor provide better card add teach.,16860,600,1
1414,Speak network scene one certain floor investment.,16861,677,4
1415,Move blue how occur something join PM. She movie energy.,16862,738,4
1416,Should court media child morning discover international. Special face seven.,16863,340,3
1417,Glass degree old individual commercial drive everything.,16864,607,3
1418,Fill already third. Decide situation several edge. Budget by work cup too buy.,16865,285,2
1419,Down one sound range put series. Business every heavy audience.,16866,430,4
1420,Physical push top chair stay. Hit never prevent because simple stay six.,16867,368,2
1421,Ten loss open successful media. Throw one power use police fine trade stage.,16868,16,4
1422,Weight require Mrs kind. Statement pressure race.,16869,431,4
1423,Right then difference term against determine benefit he.,16870,381,4
1424,Arrive own clearly player. Like specific senior clearly one.,16871,148,4
1425,Not until this evening. Talk recent organization campaign case star within.,16872,680,1
1426,Require me nature goal but middle. Despite among she discuss.,16873,144,3
1427,Together manager media enter activity international.,16874,200,4
1428,Several data cause board look interest case.,16875,656,4
1429,Scientist speak page resource collection them act. Open radio edge.,16876,511,2
1430,Forget service Congress camera building military learn.,16877,545,3
1431,Her already may result respond stuff performance but.,16878,257,2
1432,Local expect today look. Not from art entire whose herself.,16879,33,3
1433,Measure week performance. Get mother day I after social market.,16880,114,3
1434,Shake movement country character lawyer necessary weight.,16881,615,1
1435,More form woman team note brother. Argue coach event party rise thousand floor.,16882,289,1
1436,Where floor worker around. Mother certainly reduce center store.,16883,388,1
1437,Under offer sister authority issue piece learn.,16884,63,2
1438,Evening car write whole. Themselves question million low seek item.,16885,636,3
1439,Process worker daughter thousand own. Everyone blue enjoy world.,16886,228,1
1440,With fish food support color.,16887,143,4
1441,Speech serve talk perform. Particularly far character thousand natural.,16888,144,4
1442,Heart would art occur security last. Clearly recently remember center.,16889,633,1
1443,Know attack wind section suggest. Believe half most matter his.,16890,161,2
1444,Owner science color guess put change whatever.,16891,418,4
1445,Buy ever adult decade road include. Meeting if economic me early.,16892,123,3
1446,Leave matter example measure each.,16893,416,4
1447,Bring person sell own central. Nation address building enough.,16894,6,4
1448,Director type decide purpose knowledge help.,16895,770,1
1449,Goal any performance stay billion someone. Wind over management how prove wear.,16896,161,1
1450,Theory age time who edge fast. Learn hope policy base positive.,16897,367,1
1451,Few factor foot machine. Training Congress water sister adult.,16898,688,1
1452,Gas throw go another. Within event group population tonight song.,16899,217,3
1453,Song trade discuss walk establish. Marriage store design when another final.,16900,87,1
1454,Skill seat board quite. Green star relate single. Wonder director anything.,16901,726,3
1455,By else go before. Name wonder reality change.,16902,349,4
1456,Why your war people same. Those what soon laugh painting future choose.,16903,505,1
1457,Decision trade executive would. Risk class court per building third throughout.,16904,615,3
1458,Society appear adult consider believe concern. Writer unit high enter.,16905,637,2
1459,Ten especially able represent rich.,16906,353,2
1460,Example maybe action quality share job forget. Short value blood go.,16907,395,4
1461,Left above last someone admit. Agree simply reason mention.,16908,78,3
1462,Somebody debate between million but act style.,16909,295,2
1463,Hundred business change keep. For traditional international ability above.,16910,630,3
1464,Soon take prepare worker current perhaps.,16911,630,1
1465,Despite total imagine decade. Child threat live start how arrive success.,16912,511,4
1466,Wall enter our. Himself sea charge above page few.,16913,353,2
1467,Might near trade walk language cut. Itself citizen team.,16914,429,1
1468,Indicate real science about soldier see. Back too science.,16915,568,1
1469,Scene my shoulder month woman. Marriage cold make open foreign minute stuff.,16916,561,1
1470,Four serious soldier interesting part million.,16917,640,1
1471,Former probably might American that many after herself.,16918,117,4
1472,Force say site remember. Pull I involve hospital should million.,16919,453,1
1473,Week floor such career for board alone.,16920,438,2
1474,Leave air difference imagine center. Guy on federal thought agent sit.,16921,701,4
1475,Ground want record hour company factor PM. Beautiful hot however.,16922,74,2
1476,Three dog treat instead tax anything fine. Success drop part vote sign bit why.,16923,292,3
1477,Difficult your charge Mr. Reflect just near.,16924,86,3
1478,Matter level hair stand. Gun tough with.,16925,23,1
1479,Not new sure. Watch area speak military.,16926,345,2
1480,Born develop stock able unit experience.,16927,714,2
1481,Little threat time suffer physical baby someone.,16928,213,2
1482,First computer smile including. Surface fine stuff stop hand interview live.,16929,642,4
1483,Eat begin bit position product enjoy. Range have its girl other main sign.,16930,491,3
1484,Get growth hair who environment green notice.,16931,700,4
1485,Property eye issue two. Manage news teacher peace week.,16932,350,2
1486,Store daughter after discuss too. End easy treatment usually paper note send.,16933,101,3
1487,Increase audience room politics its save movement interesting.,16934,362,2
1488,Us next task book piece window report. Great actually decade cost.,16935,442,4
1489,Visit son offer. Black human Democrat change.,16936,378,1
1490,College your since. North seek provide cell do.,16937,287,3
1491,Fast them white customer. City dream must offer.,16938,255,4
1492,Claim little large environmental ahead any I.,16939,322,4
1493,Specific woman purpose reality project hope box way.,16940,542,4
1494,Economic position head national. Always it ok parent program executive around.,16941,169,3
1495,Bar feeling chair month. Plan save family less.,16942,377,1
1496,Adult remain such local seven investment. Born man church administration heavy.,16943,323,1
1497,Good exactly to near station air. Street put play note.,16944,429,3
1498,Town father region. None if set begin attention nation current.,16945,113,2
1499,Interview material board with pass purpose various. Follow glass protect.,16946,785,2
1500,Miss account old less dog democratic. Firm gun machine by arrive.,16947,505,2
1501,Natural design threat few service century. Area various plan Democrat American.,16948,720,1
1502,Health positive blue behavior himself. Rock street exactly trip partner.,16949,264,3
1503,Career question call. Be themselves example above election.,16950,113,3
1504,Wide table research mention crime across could military.,16951,5,2
1505,Ahead rock teach test. Brother all four music then large number.,16952,506,4
1506,Commercial bit control safe interest you. Him eight oil plan from interesting.,16953,717,1
1507,Organization customer hotel imagine. Already father history.,16954,741,4
1508,Child every member forget add rise reason word. Prove a speak study.,16955,533,3
1509,Scene investment table along. Strategy try financial guy purpose account.,16956,209,2
1510,State race exactly even wear understand me general.,16957,300,4
1511,Population hand during sometimes agency country program one.,16958,148,2
1512,Employee than practice camera. Pull itself bag four forward.,16959,160,1
1513,In market call memory. Miss program serious family score majority.,16960,325,1
1514,Contain she a game. Again turn window official.,16961,785,4
1515,Bad ago share threat.,16962,225,2
1516,Require more seven training light full. Detail do citizen stand deep.,16963,533,4
1517,Investment smile test.,16964,142,2
1518,Report level remember. Inside make body stock put seek author.,16965,738,3
1519,Direction time shoulder experience keep many building.,16966,260,2
1520,Message down follow source enjoy eye. Join now feel gas role sell.,16967,463,4
1521,Religious especially key hot common control.,16968,708,4
1522,Break interest customer them admit practice evidence.,16969,715,2
1523,Chair everyone evening east take between.,16970,694,3
1524,Building baby us body final low themselves.,16971,614,2
1525,Town station article light old opportunity set.,16972,430,3
1526,So child oil executive certain city. Remain statement over reveal.,16973,193,2
1527,Occur but someone guy than. Show outside minute energy anything key miss wide.,16974,96,2
1528,Run notice throughout television never consumer land together.,16975,1,1
1529,Mission collection determine food put land.,16976,113,4
1530,Factor development begin. Throughout than other forward best win nothing fast.,16977,708,1
1531,Too grow administration well space various less. Arm social response most rock.,16978,537,1
1532,Word each test sense need. Color actually decide voice.,16979,289,1
1533,Might speak carry fine brother agree. Opportunity way allow half.,16980,395,3
1534,View new brother leader under world. Move reality free or. Top hundred time.,16981,196,1
1535,Best of ten memory. Against finally sort from already.,16982,318,4
1536,There large leg nearly catch. Half nice seem standard force.,16983,44,1
1537,Note agency nation lose present. Much authority now difference.,16984,326,4
1538,Have eight kitchen. Where above poor arm career.,16985,462,3
1539,Stand girl space under service. And company game economy miss.,16986,39,2
1540,Sport the floor whatever reality remain. Quite establish sing reveal indeed.,16987,106,4
1541,Deep six stock can detail herself. Involve like trial themselves.,16988,662,2
1542,Avoid reality camera heavy. Participant wall important study hotel black.,16989,110,3
1543,Across role which news five. Success statement me.,16990,530,4
1544,Public still be case near throw last. Brother president statement across party.,16991,395,4
1545,Radio north the she talk. Full beautiful laugh instead realize grow western.,16992,207,2
1546,Continue offer middle early interview deal argue onto.,16993,43,3
1547,Nearly fine throughout reason talk.,16994,550,2
1548,Television artist north art social with.,16995,553,1
1549,Somebody couple available skill finish traditional.,16996,723,2
1550,Democrat purpose Democrat perhaps. Art trial tend quality.,16997,246,2
1551,Room may capital senior. State old woman much story lose finally while.,16998,522,2
1552,Section range affect read item. Power north treatment majority western.,16999,146,1
1553,Cause blood usually nothing. If per stock agency such.,17000,344,1
1554,Writer need meet region say. Institution sound her. Others short system model.,17001,275,4
1555,Success sport no ability hard explain race.,17002,214,1
1556,Page nothing nor goal help individual compare drug.,17003,156,3
1557,American enter success establish everything trip enter name.,17004,184,4
1558,Others choice maintain field. Film whom effort democratic individual interview.,17005,663,2
1559,Baby nice increase wrong its free family. Up beat entire computer travel.,17006,757,1
1560,Five positive attention animal course make certainly describe.,17007,380,3
1561,Dog experience never future huge candidate perform.,17008,558,4
1562,Chance agree development pull someone. Offer she give career sit start.,17009,549,4
1563,Get morning agency entire nearly billion. Difference business during Mrs.,17010,655,4
1564,Report smile option central report son feeling guess.,17011,733,2
1565,Management yeah or special suggest yes shoulder. Various my spend.,17012,467,1
1566,Often seven citizen. Rate third fine father they customer.,17013,144,3
1567,Pass light they trip something. Usually sure them lawyer partner far single.,17014,517,4
1568,Other center business least. Us forget political.,17015,9,4
1569,Voice hold and between way. Eight room land.,17016,145,3
1570,Write effect you board which lay man. Commercial interview green plan.,17017,501,2
1571,Impact theory get drug lawyer. Piece wall and majority account.,17018,757,4
1572,Front magazine future how. Hope happen society stuff almost young fly.,17019,481,1
1573,Group opportunity pick beyond serious member. Physical officer wind professor.,17020,729,4
1574,Structure name wonder single. Sometimes all stay second what.,17021,647,4
1575,Seem focus national name across situation stock.,17022,445,3
1576,Necessary news something memory politics peace generation.,17023,417,3
1577,Game meeting table even store carry reach. Western company group and.,17024,387,2
1578,Little anyone talk fact author pressure. Purpose now activity.,17025,18,3
1579,Trial discussion enter around. Even care trip finally.,17026,289,2
1580,Contain movement kind involve arm along. Cultural next grow full bad think.,17027,201,4
1581,Son mean time feeling term science. Fall foreign evidence mention system.,17028,131,1
1582,Today natural trip agency still leg when region.,17029,639,1
1583,Our represent couple majority respond little south.,17030,490,2
1584,Manage answer true outside trip hair. Son challenge account key begin turn.,17031,505,1
1585,Support produce seat hundred. Fear per its even employee partner gas.,17032,764,1
1586,Very few general particular. Movie forget total.,17033,156,4
1587,Of not cell per over detail. Morning it know technology generation miss seek.,17034,411,3
1588,Page too data including road onto send.,17035,268,4
1589,Available imagine day out social. Into could up culture either state election.,17036,570,2
1590,Officer forward data step summer gun. Design seat either.,17037,731,2
1591,Boy police knowledge I. Source even research gas you economic arrive.,17038,192,1
1592,Sometimes claim message nation many this. Beyond home democratic concern.,17039,94,3
1593,Week gas benefit seat. Five son image more research current state leg.,17040,518,4
1594,Produce apply company energy though change entire.,17041,246,2
1595,Machine include now whole near. It make occur.,17042,507,2
1596,Quickly especially there thing us generation reach.,17043,150,2
1597,Field yard actually music production development director.,17044,607,2
1598,Style billion move someone writer room student.,17045,3,1
1599,Reach president out street hospital. Law hospital entire approach oil art.,17046,692,2
1600,Itself soon bed section top much. Challenge as property force herself court.,17047,89,3
1601,Food floor each letter radio oil. Author experience life.,17048,328,1
1602,Store treatment probably agreement action. Way day well couple relate fact.,17049,287,2
1603,Find consider country down. Away can wish interview issue statement seat.,17050,411,2
1604,Sound same role stay usually. Present real support improve now side no.,17051,743,2
1605,Appear discuss will exist. Budget soon listen side audience purpose.,17052,672,2
1606,Pull hour although Mrs. Trouble race most seven firm.,17053,206,1
1607,Skin option tree else. Despite tough property study she measure.,17054,39,1
1608,Thus moment six system then whose employee morning.,17055,68,4
1609,Another participant little near however toward rich.,17056,318,1
1610,Meet why others especially former.,17057,237,3
1611,Phone wear debate do too rather. Loss big ready whom forget.,17058,557,2
1612,Once report report item eye. Action claim tend education media.,17059,236,1
1613,Final already story summer court same. Meeting red each already together.,17060,455,4
1614,Financial south think myself certainly sign.,17061,404,2
1615,Suggest enough ago game process. South other artist style marriage.,17062,85,2
1616,Pull study dream sit partner. Case test crime technology serious.,17063,69,3
1617,Only control word under writer entire.,17064,311,4
1618,Alone imagine society baby senior where together.,17065,469,1
1619,Truth statement can structure class economic.,17066,76,1
1620,Number size others cover human thus black notice. College young community.,17067,218,2
1621,Leg line even yeah. Than floor country war show.,17068,208,4
1622,Recognize today such white represent.,17069,97,1
1623,Congress top start. Rise enjoy edge call. Fight serious foreign what own none.,17070,621,2
1624,Project example important while would seem religious range.,17071,365,1
1625,Rise economy coach statement fight. Different find knowledge minute.,17072,498,4
1626,Rich order wonder same. Others play brother voice age. Light school than.,17073,508,4
1627,Size then explain alone. Challenge follow company amount.,17074,544,2
1628,Tonight drug field present whom.,17075,539,3
1629,Buy point majority receive course. Trouble network shoulder fire their.,17076,795,2
1630,Probably dream effort coach stand third.,17077,163,2
1631,Agency class administration ok economy. Moment meet indeed specific.,17078,708,1
1632,Else indeed water health ever case. Mrs area entire support.,17079,660,4
1633,Country feeling nor possible rock job.,17080,333,2
1634,Happy serious let new he responsibility. Put these call.,17081,693,1
1635,Assume ten money language red relationship political.,17082,326,1
1636,Church improve effect soldier side miss. Toward learn important.,17083,492,4
1637,Which serious become affect. Former arrive happy kind say key nothing.,17084,508,4
1638,Expert stand reduce condition upon about.,17085,571,3
1639,Man statement shoulder person south. Crime number move or movie always.,17086,75,3
1640,Life building individual matter explain eye.,17087,800,4
1641,Hot fear other matter certain side.,17088,586,1
1642,Decade end people I sound moment. Growth address half.,17089,361,4
1643,Another expect either. Few happen consumer.,17090,452,1
1644,Rule loss board build security help.,17091,539,4
1645,Measure card amount pass. Civil professor amount role nature more.,17092,793,1
1646,Build decade process suddenly report yes marriage.,17093,277,2
1647,Radio detail other cause direction serve. Camera center kitchen.,17094,504,3
1648,Role change person senior front movement.,17095,239,1
1649,Against which near even economic.,17096,127,1
1650,Word father certain country. Water toward form share many conference agreement.,17097,14,1
1651,Likely professor policy employee. Run though list moment offer themselves.,17098,37,4
1652,Company necessary too particularly no care he.,17099,24,4
1653,Majority fill surface report give. Protect him itself many player.,17100,186,2
1654,Financial share when. Do Republican rate single nation state policy.,17101,216,1
1655,Four professional natural lose gas responsibility simply.,17102,43,1
1656,Current cell measure make case guy measure. Citizen song often fast class open.,17103,21,2
1657,Half assume machine happy share entire total.,17104,395,4
1658,Unit ok example test until citizen game entire.,17105,463,3
1659,Any me actually claim college. Last him church morning.,17106,651,3
1660,Thank rather her suffer claim audience pattern challenge.,17107,707,1
1661,Once imagine into compare scientist different should. Leg whatever ever job.,17108,401,3
1662,Movie word kitchen phone. Career start pattern successful common dog question.,17109,508,3
1663,Plan million happen. Time take art.,17110,505,2
1664,Process behavior wide until. Drive help particular maybe rate civil.,17111,382,2
1665,Nothing day wonder. Rather song matter himself.,17112,390,4
1666,Dream beyond yeah party type. Perform high project use common.,17113,429,3
1667,Voice think must push social rise how. Boy around remain style instead.,17114,766,3
1668,Military two cultural tough cell during manager cover. Science design society.,17115,760,2
1669,Suffer program exactly. With easy forward score information add stop national.,17116,561,4
1670,Possible behind agreement sound discover. Rise she subject who heart.,17117,507,2
1671,Good will of language house determine question. Such side who.,17118,531,3
1672,Box direction same station. Read leg method way moment peace.,17119,472,4
1673,Character ask sea special maybe.,17120,521,3
1674,May offer alone ago. Time something free already ten bad standard.,17121,419,2
1675,Time structure do election leader benefit easy.,17122,250,4
1676,Kind commercial program catch.,17123,33,3
1677,Foreign what body five professional.,17124,327,1
1678,Bed follow bad month explain else perform. Challenge baby large suggest any.,17125,180,3
1679,Future from accept night interesting manager.,17126,9,1
1680,Crime win probably consumer executive stand.,17127,777,2
1681,Ten she if end pay case. Even wrong reason add list.,17128,233,4
1682,Together rise data. Wide election story wind.,17129,323,3
1683,Where feel prepare message.,17130,644,1
1684,Way society dark campaign off surface.,17131,432,2
1685,Onto his rock instead. Order nearly dark production.,17132,363,1
1686,Military manager news across. Spring our ago much case after. Issue do strong.,17133,5,3
1687,Sea white partner know important. That our affect person others.,17134,576,1
1688,Put plan similar describe when whatever whom.,17135,67,2
1689,Heart become mention writer up. Early heavy wall language.,17136,701,2
1690,Road fear surface husband. Story as form range role since health.,17137,777,3
1691,Chair second finally management like. Include born that serve he.,17138,103,1
1692,Toward course continue range pressure color can election.,17139,30,3
1693,Fly hear scene want speech evening sport. Well sign heavy cost.,17140,472,3
1694,Yet store member receive white culture food. Cost see positive friend treat.,17141,390,2
1695,Note somebody minute board capital rest machine.,17142,53,3
1696,Team commercial change nice. Single how subject trip history yes interesting.,17143,733,3
1697,Like alone financial about time half likely.,17144,266,4
1698,Imagine level this local gun avoid gun. Ten safe else.,17145,641,1
1699,Ready race stage. Great student office maintain state probably police report.,17146,489,3
1700,Treatment enough administration instead nothing. But Congress participant.,17147,701,2
1701,Social seek much plant and.,17148,784,4
1702,Tv make blood plant team which lay. Conference sort gun including employee.,17149,111,4
1703,Let simple tree single perform prevent.,17150,395,1
1704,Social discussion speech goal. Pretty American gun lead billion seat.,17151,326,4
1705,Adult put party young baby community full. Anything fire attorney dinner.,17152,781,2
1706,Successful return increase. Maintain near audience several young arrive.,17153,178,4
1707,Return animal should as everyone pick.,17154,524,4
1708,Change court interesting speak. Four stuff arm entire street.,17155,61,4
1709,Both party difficult oil. Activity continue even create fish low.,17156,442,2
1710,Us in quickly sell eat against health look.,17157,634,3
1711,See successful way sign to. Bank somebody read relationship anything language.,17158,61,3
1712,Teacher message half right none. Fact religious either wrong.,17159,631,2
1713,Thousand group natural experience. Property culture authority just.,17160,721,4
1714,Author particularly trial represent really receive.,17161,178,2
1715,Score four box bill politics to hair. Cold she eye sport beyond court force.,17162,544,1
1716,Interesting sort feel or. Best mission reduce believe conference.,17163,93,3
1717,Stage sure discussion detail property. Respond cover test father at way.,17164,623,2
1718,Safe anyone explain step just. Experience learn three.,17165,696,2
1719,Hundred probably yet parent send summer clearly.,17166,110,2
1720,Billion education training mission.,17167,380,4
1721,Election little look office or pick article.,17168,66,1
1722,Item still any shoulder area relationship. Fight stand small whom skin peace.,17169,767,3
1723,Deal agency I return indeed upon forward.,17170,534,2
1724,Skill parent long easy room catch democratic.,17171,630,3
1725,Option affect really. Continue major argue by key fly financial.,17172,40,2
1726,Each face dog loss bank. Serve yes beautiful national.,17173,122,1
1727,True debate necessary nature. Difficult top cell child his teach local.,17174,599,1
1728,Upon cup Mr begin discover security TV.,17175,130,4
1729,Offer smile opportunity. Individual baby ask red federal soldier serious.,17176,66,4
1730,Over me one marriage kid. Happy none million executive.,17177,438,2
1731,Term outside no travel. Prepare go call boy business would everyone.,17178,749,4
1732,Quite home education indicate parent reflect something.,17179,101,2
1733,Rise bag your. Success decision whom field these.,17180,330,4
1734,Despite benefit area always rich. Final how rock.,17181,496,1
1735,Book exactly suddenly a. Challenge matter walk speak.,17182,527,4
1736,Four mission main meeting meet never find.,17183,355,1
1737,Possible couple sense describe mother pattern.,17184,281,3
1738,Economy since manage. Front off soldier live. Listen use time style forget.,17185,7,2
1739,Painting wide price. Boy measure because despite rule.,17186,534,2
1740,Impact baby word go lose factor. Technology power edge collection box usually.,17187,219,3
1741,Stuff dark lay response during tax main. Pay TV few career truth simple.,17188,609,3
1742,Front something reduce central Republican customer.,17189,49,2
1743,Home bed baby floor especially although. Science others claim half.,17190,620,2
1744,Son understand represent tell house student.,17191,696,3
1745,Interview quickly two we. Outside time above world.,17192,741,2
1746,Full car day history throw eat. Deep east free.,17193,99,1
1747,Discuss collection final try. Score boy quickly job air bill.,17194,681,2
1748,Material usually nation bad think. Between including start high science family.,17195,769,3
1749,Place hotel open where. Meeting soon factor again however mind myself.,17196,62,1
1750,Society look present we as. Admit even knowledge either your state.,17197,101,2
1751,Industry expert fight government best. Hour over put company about beyond.,17198,242,2
1752,Science talk war. Themselves both common little. Modern line fast.,17199,702,1
1753,Finish two food appear. Rule win assume be five animal.,17200,125,4
1754,Policy change tend easy foreign leader medical hour.,17201,551,1
1755,Debate within wide risk. Provide nature major ever tonight local sport above.,17202,252,4
1756,Fund every beyond store or most. Company side address affect week nature.,17203,607,3
1757,Order view party someone for beat.,17204,48,1
1758,Through play much game nor single. Do both impact professional.,17205,716,1
1759,Find fall quality city leave. Direction world gun.,17206,10,4
1760,Western recently bed by. Hard coach situation letter world cause factor.,17207,374,1
1761,Hour bring perform health. Election evening cold either.,17208,622,3
1762,Trial involve its sure. Energy provide her statement.,17209,542,3
1763,Number soon learn character result. Or stay plan charge.,17210,599,1
1764,Meeting sign fly class best. Lawyer avoid again walk live.,17211,371,3
1765,Unit street bank chair. And assume time after media.,17212,146,4
1766,Part worry thing pressure before time. World media peace answer public.,17213,615,2
1767,South eye check. Big will safe job. Only effect drop.,17214,450,4
1768,Network Democrat point more third brother.,17215,774,4
1769,Forget ground ten. Support operation none remain do general suffer.,17216,599,3
1770,Card give whom carry. List vote image senior security.,17217,784,4
1771,Form something conference final staff truth car leave.,17218,26,3
1772,Unit give fly their newspaper. Stand world ready first how. Adult represent no.,17219,201,4
1773,Professor operation growth world price.,17220,170,2
1774,Call baby out general assume despite who. Rise reality citizen set just.,17221,780,3
1775,Understand door TV company. Nothing ask artist memory enter modern blue.,17222,305,4
1776,Investment magazine hot writer defense happen black popular.,17223,210,2
1777,Rich degree list enough thank member only.,17224,74,4
1778,Myself south wide after toward. Three general staff late.,17225,179,1
1779,Performance foot page green plan. Involve sport study face.,17226,116,4
1780,Best PM clear new industry indeed. Physical beyond audience.,17227,426,3
1781,Make body pretty feeling far reason certainly.,17228,321,4
1782,Usually phone or painting trial hotel. Chair push high eat.,17229,523,4
1783,Face expect push loss hot maintain. Suddenly chance peace.,17230,573,2
1784,Protect size compare contain throughout commercial.,17231,499,2
1785,Ago north act note. Middle life interview positive its. Than adult teach those.,17232,81,3
1786,Face magazine ahead yard though economic.,17233,149,1
1787,Into alone create guy fall station Republican.,17234,60,4
1788,Plan try up feel card quite produce.,17235,45,3
1789,Party series not heart tree. Lose owner dream explain table color young.,17236,149,1
1790,Evening practice development eight either.,17237,526,2
1791,Little condition site our strong American life. Cold age method reality.,17238,21,1
1792,Event join reduce item question born no.,17239,792,4
1793,Floor quite leader per like pass. Herself accept career outside focus specific.,17240,343,4
1794,Candidate edge third about economy. Feel down allow economic player daughter.,17241,745,3
1795,Major hundred day especially baby baby. More consider if crime about.,17242,596,4
1796,School space some talk interest board growth.,17243,139,1
1797,Service send course age. Ok event only question body job.,17244,420,3
1798,Career lay east always truth late push.,17245,567,1
1799,Respond stock language project million scene particular team.,17246,79,4
1800,Drug herself marriage. Wide answer economy system network and center.,17247,724,3
1801,Fast it most even relationship he trip that.,17248,418,2
1802,Other remain pass smile. Story realize drop administration.,17249,376,3
1803,None employee while pass audience not run. Prove oil not before site by with.,17250,772,4
1804,Year turn miss up. Race small floor vote answer argue rate seek.,17251,421,2
1805,Forget him nice third animal write message nor. Wind baby sometimes stage.,17252,91,2
1806,Heart either environment huge. Discussion three sister later suggest model.,17253,664,1
1807,Paper myself sense say make shoulder. Him north deal off attack town party.,17254,715,1
1808,Pay entire pay life hotel simple. This list hope style conference.,17255,14,4
1809,Management onto college couple care. Bit low thus political for.,17256,194,2
1810,Movie case by over understand the yeah without.,17257,708,2
1811,Require realize must most back despite.,17258,248,1
1812,Political agent commercial above. Instead recent half record south set.,17259,275,1
1813,Recently official no identify woman quality. Above our consumer standard.,17260,617,1
1814,Thank provide seat. Value serve music many hope. Girl say yet card.,17261,366,3
1815,Standard enough main condition point ball share.,17262,231,3
1816,Class man ask blood stop third. Mr throw role herself scene quality trip.,17263,241,1
1817,Service window ever staff sort appear his. Garden seat anyone impact.,17264,751,2
1818,Computer day somebody player discover. Wrong notice behind trip.,17265,330,3
1819,Pick generation also catch business. Authority war court personal.,17266,615,2
1820,Same lot whole audience price think however this.,17267,645,3
1821,Father or kitchen study federal.,17268,184,1
1822,Card tree television early. Billion detail property including play picture.,17269,193,4
1823,Education far building. Into voice democratic impact beat.,17270,405,2
1824,Woman walk understand. Reflect watch huge at. Help size word several fly.,17271,101,2
1825,Task sense as. Magazine significant candidate computer board pressure.,17272,240,1
1826,Sit common player early. Understand language quality.,17273,618,2
1827,Want fill very yard matter sign. Space type member.,17274,613,4
1828,Section especially center leader paper which choice. Week happen very expert.,17275,637,1
1829,Behavior material discuss write place population ground their.,17276,314,3
1830,Such price car body affect drive same grow.,17277,139,3
1831,Guy trip information test born international it.,17278,768,2
1832,Model professional lay. Lead focus possible character.,17279,796,2
1833,Wear occur foot anything. Whose specific number.,17280,96,4
1834,Campaign program boy rich control black can. Major head around often prevent.,17281,212,2
1835,Specific star character easy. Per follow also explain.,17282,464,1
1836,Others affect town about argue unit guess.,17283,673,2
1837,Go pass early want father base. Rate measure participant stop.,17284,185,3
1838,My do test machine cause dog. Common hope stage computer.,17285,753,3
1839,Local of end strategy we. Whatever weight thus join century watch.,17286,740,2
1840,Bank charge pattern have source. Raise something easy try those source remain.,17287,252,2
1841,Activity manage happy artist bad financial always.,17288,15,1
1842,Class light popular follow hundred gun two.,17289,318,3
1843,Seek north word fly land minute situation.,17290,567,3
1844,Inside field lose argue. Board sort guess middle pay.,17291,162,3
1845,Last soldier traditional law.,17292,8,3
1846,Industry start imagine painting. Election sell doctor benefit take listen.,17293,94,1
1847,Operation mother company window improve officer.,17294,67,3
1848,Send three sound food return. Could business water American.,17295,590,3
1849,Call according wish wrong. Yes this Mrs. Line American four arm.,17296,636,1
1850,Sit manage condition hand president end choice loss. South challenge smile.,17297,319,2
1851,Memory thought area break local go forward.,17298,701,1
1852,Hand inside although nor likely result within.,17299,78,1
1853,Benefit too pull edge receive few.,17300,328,3
1854,Long student test account student good. Paper right relationship floor mind.,17301,180,1
1855,Suggest yourself list quality lose detail.,17302,392,4
1856,Fall southern bill successful here dream ask. Catch method too center.,17303,434,2
1857,Professional especially off car institution medical little.,17304,238,4
1858,Project music world environmental. Southern guess at consumer.,17305,67,2
1859,Perhaps war here tough lawyer rise left.,17306,237,3
1860,Leave discover employee huge common training bag room.,17307,153,3
1861,Must store of. History politics night building crime step.,17308,525,2
1862,Above final watch prevent term. Wide military notice.,17309,308,2
1863,How knowledge live available five. Painting difficult pull.,17310,105,4
1864,Point receive say size TV administration candidate.,17311,39,4
1865,Defense draw marriage part. Read election work now community total.,17312,180,3
1866,Discover new color above without remain. Part must early leave may little want.,17313,636,2
1867,Challenge finally sing likely.,17314,276,2
1868,Light rule week. Government that protect million.,17315,356,2
1869,Evening his dog debate more view war hope. Community single none live right.,17316,536,3
1870,Relate born over thousand nearly once be.,17317,492,1
1871,Dream front long exactly responsibility treatment.,17318,620,4
1872,Foreign data laugh bank poor.,17319,99,4
1873,When above million social peace program product.,17320,128,2
1874,Go lot machine. Something medical many. Cold maybe note.,17321,603,3
1875,Between add anything bill kind head. Collection other man expert.,17322,467,2
1876,Customer call actually. Wait man cost eye pick.,17323,748,4
1877,She particularly condition anyone manage. Head Mr western oil reveal what.,17324,441,4
1878,Event today debate arm project friend. Force us treatment sea.,17325,468,1
1879,System PM present miss able end. Two look rock job report image middle.,17326,658,1
1880,Condition treat certainly spend loss. Yourself kid or moment wrong rest.,17327,599,1
1881,Around rock kid agent despite. Minute trade knowledge hold worker threat those.,17328,85,1
1882,Carry take fight ahead meet yes until more.,17329,537,3
1883,Ready level though. Range because or probably why. There rich idea yourself.,17330,459,1
1884,Yourself same last could inside onto.,17331,429,4
1885,Behind bit tend month stay. In anyone section various plant mean ahead.,17332,79,4
1886,Reason center hand expert and debate speak easy. Against one news care happy.,17333,504,3
1887,Seat account yard sometimes car table may. Everything board there across.,17334,186,2
1888,Stand participant floor thousand. Development almost thus ask over probably.,17335,377,4
1889,His admit picture response man. Stage reason response top paper job laugh step.,17336,285,3
1890,Carry sing remain boy campaign. Near tonight Mrs fund.,17337,419,4
1891,Camera deal thought knowledge character growth.,17338,235,4
1892,Rich responsibility type lot. Herself west watch.,17339,730,3
1970,Me attack happy across none minute thing.,17340,266,2
1893,Rule Mrs former small spend dark wear. Door indicate draw able cold event act.,17341,74,4
1894,Degree indicate well. Me summer skin voice maintain peace.,17342,340,4
1895,North really night make son tax off send. Ball player officer list.,17343,134,3
1896,Pretty continue meet. Wrong tough election great.,17344,247,3
1897,Method check white. Such day happen according.,17345,763,2
1898,One family major toward. Form TV present behind once.,17346,527,1
1899,American establish movement own. White dinner contain policy.,17347,530,3
1900,Night first deep under evening. Office throw state small no.,17348,573,1
1901,War less serious bed.,17349,360,2
1902,Several society sell bring smile. Simply it young agency.,17350,789,1
1903,Across letter really before his site work pay. Step wind act defense.,17351,592,4
1904,Same how western make understand.,17352,626,2
1905,Available apply none idea. Only star firm officer.,17353,516,3
1906,Girl almost article tonight. Table skill out.,17354,502,4
1907,Idea detail world article. Learn agree picture heart short protect.,17355,50,2
1908,Note usually admit. Trade west support. Task course it course gun.,17356,199,4
1909,Case behavior full common ability media bar.,17357,217,3
1910,History door true true. Indeed wind good child positive treatment.,17358,766,2
1911,Age need should million. Now standard current interesting build record single.,17359,155,2
1912,Piece wall conference eat.,17360,91,4
1913,Official whether movement. The different yard development piece.,17361,460,2
1914,Staff lay view house unit star despite.,17362,287,3
1915,Movie identify team she forward future surface. Yet eat end live.,17363,692,4
1916,Price letter each why challenge. Behind company unit final important father.,17364,402,4
1917,Body nearly off usually. Probably many benefit note pick.,17365,629,4
1918,Wife state question specific change. Outside and radio serious.,17366,792,3
1919,Economy short high head analysis call staff. Glass allow upon situation.,17367,246,3
1920,Artist operation culture. Federal term risk meet too affect lose.,17368,602,3
1921,Young national federal day. Wish trial behind set case she race.,17369,260,1
1922,Compare attention certainly nothing feel join.,17370,477,4
1923,Develop glass difficult center would maybe. Tree morning lead bit second.,17371,154,1
1924,Occur doctor reality by data lay. Strong last capital smile.,17372,83,3
1925,Minute similar need former section year. Yeah defense show such.,17373,91,1
1926,Idea agree little baby rock pay new owner.,17374,668,2
1927,Science during administration admit present exist law.,17375,34,1
1928,Worker usually left never opportunity.,17376,419,3
1929,Human middle argue. Anyone treatment left win finish. Story expert admit write.,17377,248,3
1930,Too large job part coach. Present rest health politics. Whose image hour.,17378,342,4
1931,Difference sing once guy.,17379,206,2
1932,Final research remain while shake expect pull under.,17380,647,1
1933,Form perform eat concern pick figure. Everybody purpose care happen after bill.,17381,30,1
1934,Result arrive move discover feeling.,17382,316,3
1935,Key rather data store teach cause education. Draw both meeting area care.,17383,706,4
1936,Outside rise six chair. Decade coach all surface attack world rate.,17384,561,1
1937,Stock often whole body develop oil. Ok case start notice.,17385,767,4
1938,Generation product home wall. Probably may sister ability.,17386,79,3
1939,Style citizen beyond. Mention yes oil continue image camera way.,17387,96,4
1940,It much clear memory. Off somebody office station interest north.,17388,738,4
1941,Perhaps head after story expert. Baby become eat.,17389,667,4
1942,System training history approach. Station real just.,17390,17,3
1943,Various majority positive late. Economic rest total table real worry.,17391,615,3
1944,Away relate I bed. Student there seat meeting. Not court mention dog.,17392,283,2
1945,Factor cause though. Model phone participant article.,17393,748,2
1946,East agency dark nature resource. Large shoulder big network.,17394,293,1
1947,Put simple keep finally. Water over military yes player usually arm.,17395,248,4
1948,Surface fall that. Skin himself firm provide put evening.,17396,57,3
1949,Magazine side compare wind term do.,17397,398,4
1950,Only degree recognize. Later responsibility Democrat point share law nature.,17398,250,2
1951,Must woman such two. Now full can dream their individual. Admit wide mind.,17399,465,3
1952,Today part even leader avoid order well.,17400,310,2
1953,Whose increase most summer care smile me.,17401,289,1
1954,Kitchen whole end today want idea. Purpose hot author energy.,17402,689,2
1955,In eat window month fire school enjoy ever. Ability task same it often per.,17403,493,2
1956,Should figure reach trouble. Next nation just woman major hard force clearly.,17404,766,4
1957,Four enjoy less our ready determine.,17405,509,4
1958,Common free full board rate. Company wait instead marriage end find.,17406,209,3
1959,Voice inside institution talk. Writer let sit walk several either democratic.,17407,145,3
1960,Nice reason phone recognize institution establish.,17408,429,3
1961,Again many still her. Right series difficult travel. Nice task receive he.,17409,637,3
1962,Apply imagine real. Traditional later moment event general receive.,17410,564,3
1963,Me agree industry available claim scene rock. Three boy agency collection good.,17411,60,3
1964,President life focus onto tonight feeling hot event. Weight data institution.,17412,78,2
1965,Treatment voice quality address drop various.,17413,532,1
1966,Rock answer second also wonder pass chance.,17414,183,2
1967,Drug laugh party serious side heavy floor.,17415,602,2
1969,Candidate subject size money paper career step.,17417,546,1
1971,Field type carry strong wish. Public shake Congress official whole high see.,17418,320,2
1972,Plan must strong sit forget science.,17419,589,4
1973,Support subject trial determine think dark. Alone should stuff forward write.,17420,54,1
1974,Person change easy. Agency product fish leader. Marriage truth goal.,17421,484,2
1975,American assume look avoid threat thing card. Amount people cup eye.,17422,742,4
1976,This method partner lawyer bed. Name music add play huge against.,17423,657,3
1977,Hair perhaps scene crime although money.,17424,65,3
1978,Health school operation compare room information attack TV.,17425,315,3
1979,Politics name raise behavior challenge. Visit provide have threat respond.,17426,688,1
1980,Who kid finish assume keep. Herself season production tend test well.,17427,759,4
1981,Shoulder through itself. Son water always plan history quite.,17428,787,3
1982,Debate hold standard financial cost. Affect ago institution approach end.,17429,725,4
1983,Society suggest prove none state still. Section outside author.,17430,311,1
1984,Play TV term bad quality. Card third Congress compare natural she.,17431,612,1
1985,Hit likely learn well cost knowledge reflect.,17432,613,3
1986,Kind old reason parent your. Own free of large. Oil pick scientist.,17433,701,1
1987,Structure community pay family over fill anyone.,17434,106,1
1988,Behavior though eight oil cell. Look hotel government stage ever.,17435,767,4
1989,Season minute worry should particular executive current official.,17436,18,1
1990,Special cover administration detail product. Return term study because.,17437,720,2
1991,Cup board food. Son know political area seek. Become somebody real health when.,17438,758,1
1992,Course arm art many fear say. Even down note name write interesting can.,17439,516,2
1993,We within left week free. Ok speak discuss career old authority full staff.,17440,512,3
1994,Represent drop benefit report serve ability again pay.,17441,391,4
1995,Benefit air sometimes factor blue teacher control.,17442,278,4
1996,Big present off economy data leader carry.,17443,764,1
1997,Conference else different idea order citizen.,17444,678,3
1998,Son painting behind another.,17445,643,4
1999,Sing candidate product employee impact. Author maybe certain theory.,17446,32,1
2000,Themselves training large send. Seat question go rock.,17447,274,3
2001,State three election return church. Season open second serious.,17448,196,4
2002,Reality care improve and culture one now.,17449,91,3
2003,Material house scientist analysis professor. Network actually control.,17450,46,3
2004,Hundred care something approach between crime. Upon as affect out first remain.,17451,658,1
2005,Mean degree give space occur city imagine. Property sell you give.,17452,529,4
2006,Wife character take night policy plant other.,17453,566,1
2007,Citizen few about group option. Sort run whole every fine.,17454,269,1
2008,Least hear travel stock become manage. Finish exactly where north ask act.,17455,489,3
2009,Best marriage stop indicate a speech family. Light prepare company wish piece.,17456,622,3
2010,Professor color since first.,17457,86,3
2011,Might yes do. Experience give above cover ten.,17458,210,1
2012,The third change those. Clearly environmental represent statement determine.,17459,363,4
2013,Lead young throughout knowledge.,17460,504,4
2014,Away own poor research drug make speech. Radio leg about base let ago.,17461,714,2
2015,Mind wonder change participant everything. Discussion institution true make.,17462,54,4
2016,Attention might station weight. Change culture reveal here ball.,17463,606,1
2017,Relate environment speak weight project from gun.,17464,745,2
2018,Example whatever year recently discussion certainly.,17465,494,3
2019,Reveal about should hotel data. Include party reduce must face maintain.,17466,82,1
2020,Sell film follow. New TV record market street financial everyone Mr.,17467,125,3
2021,Art feeling college yourself six employee way.,17468,784,3
2022,Important seat camera well behind bit.,17469,736,3
2023,Wait hair guy trial thousand successful.,17470,125,3
2024,If stay raise director current though. Beyond school away garden.,17471,371,2
2025,Vote blood concern interview memory road.,17472,603,3
2026,Indeed either box light ten past natural. Cost take measure response.,17473,486,2
2027,Government attorney grow finish. Home particular live should.,17474,747,2
2028,Common building item same laugh. Forget pattern education form analysis.,17475,9,3
2029,Trial thus trip agree whatever present where assume.,17476,642,4
2030,Affect view truth three since. Either lot together the about tend dog former.,17477,677,2
2031,Decide city under brother gun laugh act treat. Past around those suffer.,17478,680,2
2032,Forward check appear. Until arrive table resource way.,17479,169,1
2033,Letter pattern arm. Professor billion leg author treatment impact.,17480,158,2
2034,About cost cut offer can walk more. Into history sense. Property home for term.,17481,523,3
2035,Gas wife half operation.,17482,433,4
2036,Despite may step investment education cause.,17483,19,4
2037,Its entire bar. Have lay after senior somebody already according society.,17484,492,3
2038,Red meeting law who book. Guess system former smile pay.,17485,589,4
2039,Material choice quality little our chance. Myself provide involve he me.,17486,652,2
2040,Fill the reach particularly read. Community ball chance financial.,17487,353,3
2041,Anything wait wife near analysis top environmental.,17488,717,4
2042,Age learn series thought anyone. Admit must name make window.,17489,284,1
2043,Song politics two once represent by six. Out college sort.,17490,540,4
2044,Involve deal war six until assume. Benefit star may walk.,17491,439,4
2045,Decade something check those whatever operation.,17492,668,1
2046,Unit media image class. Loss at program.,17493,264,3
2047,Heart around range company. Nice our reality focus budget wide.,17494,326,1
2048,Side method animal accept tough involve. Charge same sea certainly.,17495,319,1
2049,Indicate mean available least cause. Put vote simply soon watch voice cold.,17496,438,2
2050,Foot trade anyone help similar. Opportunity including not before.,17497,52,2
2051,Cover member field agent collection. Red grow military. Time mention help.,17498,63,1
2052,Physical speech personal down. Customer past identify same early reality.,17499,88,3
2053,Enjoy mind machine. Eye authority group he meeting interesting whom.,17500,177,3
2054,Claim social enter role information. Few project open generation two.,17501,555,2
2055,Take subject morning threat. Want dinner if tax usually.,17502,492,4
2056,Soldier little involve market impact us.,17503,533,3
2057,Whatever one market quickly investment me near weight.,17504,85,1
2058,Cost member off. Parent among first interview. He right policy decision.,17505,308,1
2060,Believe court nature serious. Key they consider.,17507,540,4
2061,Week your unit. These create staff agency up sometimes.,17508,355,3
2062,Upon painting instead develop. Likely morning teacher somebody.,17509,354,2
2063,Seat entire growth white nature. Third ball physical someone.,17510,630,4
2064,Often customer treatment prevent. Color information current wait old.,17511,413,2
2065,Between various along mean over.,17512,768,2
2066,Along go reveal. Race wide agent of half number. Adult teacher child green.,17513,307,1
2067,Across end station week morning many remember.,17514,544,3
2068,Cause consider action support minute.,17515,700,2
2069,Situation miss somebody order play size front.,17516,175,1
2070,Task he into sit let tough task. Person agent every every best.,17517,329,2
2071,Even they news military tough rest. My trip though later instead after factor.,17518,510,4
2072,Meet type wish meeting. Begin summer weight positive check.,17519,92,2
2073,Information adult sound nation radio address bring.,17520,622,3
2074,Nice husband develop production record space movement.,17521,296,4
2075,Cup land toward would hour assume. Partner point affect but stage live.,17522,23,4
2076,Hear moment present knowledge ago only happy rate.,17523,577,1
2077,Expect network understand hard close ten.,17524,384,3
2078,Rather city board high forget. Clear who he pick.,17525,284,3
2079,Operation black card enter support. House phone wear employee enter.,17526,170,3
2080,Marriage half give environmental discover audience.,17527,283,2
2081,Scene plant and meet. Already their civil interview.,17528,530,3
2082,Happy necessary main ever allow. Factor population any natural law nature.,17529,456,4
2083,Be recognize at specific. Suggest must tonight.,17530,38,4
2084,Necessary scene baby him beautiful myself. Run left price PM physical employee.,17531,628,3
2085,Hold professional wind no mission on indeed. Red half respond.,17532,314,2
2086,Save baby prove production begin. Push yet actually full purpose teacher.,17533,505,1
2087,Table author interesting market want probably.,17534,179,2
2088,Safe probably six direction. During accept over first girl political.,17535,787,1
2089,Early threat clearly could street TV. Economy attack hot than.,17536,247,3
2090,Water debate throw every professor black. Program time great.,17537,608,4
2091,Prepare somebody daughter house wrong price still.,17538,49,1
2092,Participant others simply reach effort trial.,17539,474,4
2093,Film compare down. All car table activity.,17540,270,2
2094,Give unit arm item interesting always. Say property its happy story would life.,17541,269,4
2095,Group health sign argue entire catch.,17542,480,3
2096,End fly anything dog effort discuss course. Effort attention him.,17543,277,4
2097,Age cut focus today. Box on charge put.,17544,665,3
2098,Our head plant decision free deal. Free determine letter tree serious consider.,17545,156,2
2099,Organization meet grow hour nor.,17546,382,3
2100,Two recognize price. View would ok remember simple better without.,17547,768,3
2101,Choose authority man industry seem. Control nation theory senior example.,17548,500,3
2102,South building serve. After night possible skin. Kitchen yourself several.,17549,413,1
2103,East consider always upon network myself carry.,17550,792,3
2104,Soon blue race effect. Paper executive its set century third.,17551,421,2
2105,Young high night. Well store institution show yeah.,17552,654,3
2106,Thought spring every outside pick if. Several apply bed behind alone affect.,17553,105,3
2107,Part issue recognize network space coach.,17554,456,1
2108,Person agree concern off fire.,17555,605,4
2109,Network bed join arm my since. Film near partner miss step.,17556,252,3
2110,Even stand ok young recognize if. Enter able you compare green box college.,17557,586,3
2111,Laugh put room position hair.,17558,291,3
2112,Factor indicate whose fill. Indeed and form military another.,17559,473,1
2113,Message door fish close analysis table.,17560,20,1
2114,Rest value hour prove. Next thing community party although.,17561,675,1
2115,Final car north cover painting. Reach too ground price become region.,17562,393,4
2116,Catch country whether city individual each.,17563,35,4
2117,If military each itself every them long somebody.,17564,542,3
2118,White opportunity raise none college even.,17565,721,2
2119,Especially they education rise hot story sport concern.,17566,800,2
2120,Yourself magazine play teacher last serve sport.,17567,600,4
2121,Discover act music personal every.,17568,203,4
2123,Themselves paper range police feel. Message life morning wide degree station.,17570,501,1
2124,Push woman list newspaper PM social generation.,17571,220,3
2125,Join now end trade health. She specific worker could professional.,17572,354,1
2126,Serve several performance area administration cultural.,17573,279,2
2127,Specific model reduce anyone him. Personal onto several.,17574,318,2
2128,Common recently system yard thank project. Also project some up.,17575,233,4
2129,Goal debate miss be fight certainly huge.,17576,322,4
2130,Best early girl student investment suddenly. Trouble film hear.,17577,453,1
2131,Stand dark once American moment. Trial agree central rich after.,17578,23,2
2132,Involve avoid hair suddenly attack. Word address thing situation.,17579,684,1
2133,Dinner century the light ready Mrs. Student official help current sit.,17580,739,2
2134,Three turn practice site plan early story.,17581,374,2
2135,Once who still phone you ten product energy. Blue future eye poor suddenly.,17582,351,2
2136,Tonight white information prove small for position road.,17583,747,4
2137,Return now across product true best.,17584,798,1
2138,Tv these within high himself style.,17585,536,4
2139,Old record wonder movement natural. Play trip discover economy smile what.,17586,130,2
2140,Note total even report decision white window couple.,17587,271,2
2141,Defense buy production up. Give realize fight wish long.,17588,85,1
2142,Decide daughter affect produce. Brother president Republican suggest staff.,17589,582,2
2143,Sit guy soldier president single.,17590,314,4
2144,Media themselves debate usually price who news.,17591,271,3
2145,Idea impact popular among set career learn again.,17592,186,3
2146,Firm voice choice almost family career effect.,17593,79,1
2147,Commercial million find near exactly. Popular able whether send.,17594,546,3
2148,Former wonder only really. How senior tree office score.,17595,193,1
2149,Bag marriage attention enough force.,17596,566,1
2150,Outside consider truth true record. Interview able party each southern us rate.,17597,740,4
2151,Beyond him treatment contain car. Keep lay rate answer stuff tough product sea.,17598,798,3
2152,Miss ten expert government. Sense trial region strong teach television report.,17599,392,2
2153,Against theory indicate citizen me management especially.,17600,678,2
2154,Up moment risk. Apply poor country measure. Which president deal specific.,17601,62,1
2155,Its magazine away phone life. Operation consumer generation meet different try.,17602,213,4
2156,Of save idea produce can single.,17603,797,4
2157,Treatment buy born drive social. Red choose himself.,17604,48,1
2158,Society color amount shoulder town particularly.,17605,112,2
2159,Public them court compare since. Here site before responsibility.,17606,619,3
2160,Mind still party fill. Attention attention can level worker magazine.,17607,706,1
2161,Democratic challenge artist market guess. According bag military think.,17608,511,2
2162,Cell box goal claim. Bring today great everybody will. I own free old.,17609,529,4
2163,Appear eat many purpose simple analysis. How message challenge nature.,17610,514,4
2164,Foreign probably wait out language much. Enough boy part prove Mrs certain.,17611,688,2
2165,Early against order. Office former benefit memory our soon firm.,17612,411,3
2166,Close contain one wife international.,17613,603,1
2167,Tv already certain though myself save character. Fund respond onto avoid put.,17614,702,2
2168,Discover every detail behind stop prevent really radio.,17615,257,1
2169,Identify meet cover daughter light interview.,17616,661,1
2170,Follow growth most last nor might rock. Tough pressure our enjoy condition.,17617,678,1
2171,Coach who form. Fast remain attorney serve.,17618,55,1
2172,Movement success certainly read avoid eat main. Culture boy choice.,17619,573,1
2173,Floor model type general inside dinner job. Vote way sign lot hair suffer.,17620,594,4
2174,Research because cut realize home officer.,17621,180,1
2175,Stock finally economy wear. Series campaign feel the guy remember up.,17622,255,4
2176,Now different reveal affect conference. Director near available fire.,17623,176,4
2177,Home receive role nor. Population leg camera stop turn really.,17624,434,1
2178,Race weight page industry guy dark skin particular.,17625,283,1
2179,Country around month main guy mission.,17626,238,2
2180,Pressure Mrs down join recognize join.,17627,775,3
2181,Hope house plan kitchen into out. Have him laugh across across.,17628,85,1
2182,Government send lawyer opportunity I Mrs produce.,17629,335,1
2183,Analysis information bad daughter or bring apply.,17630,387,2
2184,Whom organization outside writer such. Idea action idea enough.,17631,27,2
2185,Serious mind reveal recognize. Agent finally grow true behavior.,17632,784,1
2186,Second question draw. Day but beautiful society across player turn language.,17633,89,3
2187,Actually know high activity show account. By live six last.,17634,724,4
2188,Society foreign way like I. Score suddenly when. Suggest hit even in view.,17635,348,4
2189,During across indeed determine.,17636,498,1
2190,See customer what rich assume true candidate want. Guy chair fire some oil.,17637,463,1
2191,Hot may news phone. Event education similar final likely.,17638,260,4
2192,Station start fund role. Physical half boy Mrs ten prepare ready type.,17639,260,2
2193,Big wife whether each they daughter current.,17640,329,2
2194,Southern size line sea tree ability power wife.,17641,119,4
2195,Person shake these hot case natural inside her.,17642,684,4
2196,Make teacher whether key party Republican move.,17643,230,3
2197,Travel still modern. Shoulder throughout produce listen listen.,17644,732,4
2198,Financial natural car dream hospital. Travel discussion their exist.,17645,82,4
2199,Create add season someone people decade carry. Like keep natural way point.,17646,182,3
2200,Then rate exactly peace respond even.,17647,740,4
2201,Skill want guy end safe price experience. Arrive executive war certainly.,17648,271,3
2202,Class spend reveal drop. Real president movie his.,17649,288,1
2203,Whether ask course. Any sometimes wide us environmental.,17650,450,2
2204,Crime talk suggest sit hard various. Same pressure language.,17651,353,4
2205,Involve expert husband manager may no.,17652,167,4
2206,Chair area old us move list investment.,17653,598,3
2207,Discussion morning rather lose single professional.,17654,489,4
2208,Mind contain eye read quality campaign.,17655,496,4
2209,Country himself race interest young push. Before law deep success edge.,17656,297,3
2210,Hot wait black where hold their democratic. Mr up receive look blood.,17657,579,4
2211,Enough several them morning seek number test. Board their voice.,17658,216,3
2212,Then very scene us without myself parent. Result budget understand.,17659,697,1
2213,Which east hope wide indicate product.,17660,520,3
2214,Evening represent nature Mrs. So feel skill decide school.,17661,760,4
2215,Trip song firm seven reduce. Science recognize western chair.,17662,605,2
2216,Begin film project since every none among. Remember record white line.,17663,418,1
2217,Different product experience. Civil then still me model must idea.,17664,562,4
2218,Subject impact movement different.,17665,452,4
2219,Six top behind government move. Until born trouble son imagine doctor.,17666,776,2
2220,Seat adult different focus moment less store. Mean follow phone question.,17667,148,4
2221,Prove purpose drive tree any then. Collection source federal.,17668,764,4
2222,Term choice strong.,17669,449,2
2223,Affect behind because individual traditional.,17670,430,2
2224,Alone like group skill keep carry. Plant traditional business maybe.,17671,553,2
2225,Fine new generation speech. Couple face five increase material.,17672,701,2
2226,Interview weight card. Teach choose thing market finish institution between.,17673,604,2
2227,Lawyer region executive safe marriage middle like son.,17674,411,1
2228,Sea whole capital. Service tend must west thank season man foreign.,17675,580,3
2229,Less history can. Doctor high current likely show indicate stay rather.,17676,409,3
2230,Actually job player drop with meet. He voice space travel always.,17677,551,4
2231,Art positive whether fish partner mention real. Here administration hotel my.,17678,93,2
2232,Also common surface arm. Center environmental conference reason right north.,17679,50,1
2233,Can political collection purpose start word. Center small trial try brother.,17680,260,3
2234,Physical student lose them. Message loss or tend good.,17681,349,2
2235,Down quickly push develop.,17682,772,1
2236,Edge protect yeah. Turn call under rock. Question maybe any off.,17683,319,2
2237,Its itself activity summer our seem. Wear daughter be green.,17684,455,4
2238,Thousand pretty possible police put customer.,17685,374,3
2239,Then perform inside life. Research turn bit act true popular center.,17686,435,4
2240,Officer order political always effect no approach opportunity.,17687,44,2
2241,Respond none chance early. Individual choose treat purpose agent increase.,17688,126,2
2242,Couple visit chance understand better three play. Professional sell reason.,17689,96,3
2243,Challenge third sing point knowledge miss. As soldier policy audience.,17690,214,2
2244,Great be baby difficult. Read art determine area man far letter.,17691,796,4
2245,Young relate trouble administration senior same usually anything.,17692,208,1
2246,Her this wonder early meeting in. Natural pick seem phone letter out hospital.,17693,582,3
2247,Pattern population accept car theory learn seat. Law along answer.,17694,116,4
2248,History him friend plant side. Right radio current black body.,17695,308,1
2249,Grow professor industry community. Important resource firm.,17696,188,1
2250,Natural body may or participant. A amount may education.,17697,719,1
2251,Manager sound school at. Sort guess idea hope. Send upon yard never scene.,17698,702,1
2252,Campaign too night show TV.,17699,164,1
2253,Avoid city stock. Structure professional situation American size.,17700,305,3
2254,Least wrong nor behavior. Today type than summer.,17701,543,4
2255,Ready eye thought into this attorney. However finish human fish table child.,17702,70,1
2256,Wind push plant compare discussion let.,17703,135,4
2257,Own candidate popular reflect expect however cold.,17704,101,3
2258,Get recognize receive turn coach field.,17705,459,3
2259,Mouth who former baby majority window.,17706,739,4
2260,Forget face wonder response. Others great skin street.,17707,350,3
2261,Project western respond approach practice whether.,17708,194,2
2262,Beautiful catch seven region watch. Read work event away either begin travel.,17709,506,2
2263,Republican building across force. South pull other discover young they accept.,17710,408,1
2264,Hour relationship grow herself think upon. Word place husband exactly her.,17711,266,3
2265,Practice son at Mr significant eight. Late time so camera.,17712,138,4
2266,Attorney white rise real where recently accept.,17713,545,3
2267,Possible training kitchen. Strong not because new despite me.,17714,472,1
2268,Fish soldier claim area short. Although time economy nation.,17715,580,4
2269,Five former film box. Bank quite movie. Fine large walk much door he.,17716,495,2
2270,Enjoy issue suffer nothing wish writer increase.,17717,586,2
2271,Wrong blood audience glass bill go.,17718,563,3
2272,Physical spend floor or. Outside former green rest. Start create despite car.,17719,579,4
2273,Range them once charge. Ask protect read administration to.,17720,663,2
2274,Box woman foreign evidence certain police. Court ten him. Until best machine.,17721,166,1
2275,Long reveal increase whom. End tell four these try significant.,17722,381,3
2276,Brother give official accept your low. Various process according tonight know.,17723,217,4
2277,Particularly fast staff usually nice.,17724,20,4
2278,Police who their rather. Spring high stock nation hold case group.,17725,713,1
2279,Factor away red worry. Report us mouth fund customer seem.,17726,307,4
2280,Very prove perform west drug great significant. Base get unit year paper.,17727,395,2
2281,Ago receive industry really. Enjoy whom property.,17728,559,2
2282,Put actually front serious. Federal economy year well me land case claim.,17729,589,4
2283,Future here size themselves fact practice. Scene power the computer what wish.,17730,662,4
2284,Mouth word traditional sing.,17731,770,3
2285,Every project blood pick laugh office position. History contain business well.,17732,645,3
2286,Student now age bit list black find. Model research police challenge others.,17733,532,4
2287,Language plant water single throw.,17734,371,4
2288,Building necessary rule president develop.,17735,729,3
2289,Other nearly turn strategy discuss prevent yet rather.,17736,664,1
2290,Take require write stop. Opportunity get glass eye nearly pick.,17737,49,2
2291,Impact six maybe up perform audience. Get cause see her man grow data.,17738,657,3
2292,Unit point threat game be group. Heavy investment test watch.,17739,429,1
2293,Marriage after before final low seem.,17740,294,1
2294,Happen wear suddenly friend. Fight set turn accept during finally.,17741,495,2
2295,Make must best true lead resource.,17742,172,4
2296,Professor industry true create officer.,17743,142,2
2297,Charge organization sit improve attorney soldier whole.,17744,34,2
2298,Rather take kid democratic nothing.,17745,610,1
2299,Body either believe. Success imagine right support public.,17746,645,1
2300,Of generation sound century. Future begin beautiful cause.,17747,478,2
2301,Parent everybody write part road player as.,17748,472,2
2302,Guy then southern away set who understand.,17749,68,3
2303,Experience type guy work too picture sense act. Law including knowledge.,17750,586,1
2304,Place economy figure police. Standard goal reflect top include general.,17751,273,2
2305,Bar see finally catch picture us sister. Several sort operation not.,17752,338,3
2306,Mission interview speak white. Paper there too whatever month break miss.,17753,590,2
2307,Suddenly represent head style either. Other western nearly south.,17754,781,3
2308,Understand want prepare call thought building hard miss. Mrs end lead even.,17755,711,4
2309,White month information week. Others agreement argue draw measure whole plant.,17756,362,2
2310,Effort identify these rule certainly. Possible popular under walk state.,17757,171,4
2311,Not picture whom represent.,17758,477,2
2312,Success head game one. Near what crime require.,17759,208,2
2313,Dinner nor go decision stock worry close though. From something enjoy use.,17760,721,1
2314,Program who yes husband. Poor help whole politics local.,17761,70,3
2315,Three you state who. Similar school close walk. Ever key address put.,17762,256,3
2316,Yet clear entire scientist. Party without huge bed loss son either wall.,17763,732,3
2317,Particular quickly range. Visit own clear.,17764,635,4
2318,So near ask. Center something different. Lose report site issue.,17765,63,4
2319,Animal benefit its performance very statement million.,17766,275,2
2320,Himself need pick actually ahead mind fast. Order company seat computer.,17767,701,4
2321,Heavy try poor season. Because remember nice hundred forget.,17768,218,2
2322,Beautiful just clear role address budget.,17769,526,4
2323,Certainly interest body kind paper bank. Property let large game major machine.,17770,203,2
2324,Require parent difficult authority.,17771,227,2
2325,Son that maybe. Hospital second offer box.,17772,349,2
2326,Blue personal consider sing news modern. Throw student partner.,17773,52,2
2327,Especially life sure kid. Determine somebody anything nation truth.,17774,184,2
2328,Maybe price media perhaps. Stand per western campaign then exist.,17775,23,3
2329,Or wind financial whom task traditional.,17776,57,2
2330,Responsibility bed also set church analysis down. Avoid own teach.,17777,75,4
2331,Full believe decade plan wind do paper explain. Big market away family board.,17778,335,1
2332,Arm light also no will. Between choose interest executive century system.,17779,375,3
2333,Know believe onto court program approach.,17780,602,3
2334,Nice indeed local marriage response. Thus space head common human participant.,17781,156,2
2335,Without argue tell lot structure. Art study least smile rate main style.,17782,307,3
2336,Feel agreement animal future my but. Thought note defense figure.,17783,636,2
2337,Professor level very guy never practice. Improve fall pay north allow.,17784,135,3
2338,Instead include watch may growth full middle clearly.,17785,498,1
2339,Upon grow stay western. Or company edge member wind tell.,17786,751,3
2340,Method second training use bad sell garden.,17787,229,3
2341,System him worry long apply admit church.,17788,71,4
2342,Morning reality program phone. Your woman truth realize.,17789,775,3
2343,Present everybody room those year. First film health way.,17790,402,4
2344,With impact recent admit other. Game ball ready attention.,17791,647,2
2345,Who body sure score woman public program foot.,17792,441,1
2346,Care argue role risk go. Five never admit industry know hour entire.,17793,77,3
2347,Year environmental student. Sea somebody off owner wish.,17794,324,2
2348,Six budget fire unit discover study into. Security production parent.,17795,447,1
2349,Building major rise eat study firm. Break movie prevent can leave.,17796,322,4
2350,Necessary sport I enough imagine rich worry break. Which read response.,17797,431,4
2351,Plant start role attention sister present person.,17798,703,2
2352,Near it almost imagine. Experience recently ok note it.,17799,518,1
2353,Yes ok born. Drug to everyone avoid record participant great.,17800,46,1
2354,Wear play natural mother mouth after ability. Name these our better.,17801,751,1
2355,Open chair despite lose meeting individual. Would medical worry spring factor.,17802,153,4
2356,Expect society easy. Whose letter Republican film baby answer.,17803,101,2
2357,May improve great safe argue. Much population push reduce little.,17804,401,1
2358,Out building cold teacher edge leave quite. Education week network contain age.,17805,117,4
2359,Hot beat father term foreign. However region rock school.,17806,361,1
2360,South them Republican short box. Site off former seven imagine central success.,17807,431,1
2361,State home camera house still. Front number manager model.,17808,391,3
2362,Administration decide music step back not cold. Information focus deep back.,17809,165,4
2363,Call within itself wide guess. Carry value Democrat usually cut.,17810,491,2
2364,Tv information actually defense. Coach bank for rule real.,17811,742,1
2365,To station evidence believe. Artist space body field policy perhaps.,17812,459,2
2366,Small ten heavy quality read. How audience draw available tend minute grow.,17813,431,3
2367,Prove key against conference. Piece part fear begin.,17814,742,1
2368,Send its high. Network across everyone. Stuff until blue military alone serve.,17815,619,4
2369,Available different arm play read. Career general stock step glass war.,17816,644,3
2370,Along finally five data law story sport develop.,17817,291,2
2371,Defense control Republican them office dog see.,17818,397,4
2372,Show paper grow condition red. Seek character table fund.,17819,389,4
2373,Quality success write effect onto last. Yeah authority most week.,17820,346,4
2374,Commercial experience respond yet indicate father.,17821,363,4
2375,Political opportunity travel media claim short.,17822,375,4
2376,Tonight whether training ahead. Talk home form positive believe then everybody.,17823,769,1
2377,Color large authority indeed. Policy soon type nice someone scientist room.,17824,450,2
2378,Difference guess big learn apply financial.,17825,34,2
2379,Sort foreign produce either. Break side edge character.,17826,439,3
2380,Animal billion official great. Letter us present case someone.,17827,481,4
2381,Entire improve mean throw. Second pay director glass.,17828,205,1
2382,Fear professional research unit hotel fine. Half sound receive decision.,17829,111,2
2383,Future argue green. Lay fact peace year. Away there dinner design.,17830,561,4
2384,Issue goal manager suggest we hand study. Central once foot return very.,17831,148,3
2385,Similar indeed language unit change among.,17832,298,3
2386,Several spend thus easy challenge prevent. Sort them dinner.,17833,351,3
2387,Exist act nation person. Itself generation but star.,17834,763,1
2388,Issue light five them enjoy million candidate.,17835,214,4
2389,Move indicate amount ability contain. Whom knowledge serve issue among smile.,17836,523,4
2390,Trade star easy five hospital. Reason science then fall poor.,17837,220,1
2391,Trouble claim some data. Conference analysis week discover a.,17838,255,2
2392,Huge staff chance family. Believe identify compare fund eye grow.,17839,595,1
2393,Situation detail bag take light investment. Young authority glass recent.,17840,315,2
2394,Meeting work control tonight show dream despite.,17841,285,1
2395,Day population anyone necessary history accept.,17842,660,4
2396,Voice at central police big rich especially. Property sign land think all.,17843,397,2
2398,Possible your house say. Owner affect you field upon difficult mission.,17845,149,3
2399,History note star minute. Establish population rich get Mr job.,17846,414,1
2400,Great various similar four chair too join hospital.,17847,133,2
2401,Economy bring create. Travel fly morning add southern.,17848,392,4
2402,Threat defense indicate. Agree serve rest small important reality tell.,17849,105,2
2403,Want plan certain around.,17850,578,1
2404,Ago fish draw. Detail that class air. For movement him deep.,17851,645,2
2405,As your might fund six size. Most near exactly draw Congress.,17852,13,3
2406,Oil message value camera. Nearly try surface tell Congress open anything.,17853,727,1
2407,Life tax prove born measure meeting. Develop improve hour while.,17854,500,3
2408,Buy same over compare happen accept early. Class practice machine.,17855,35,4
2409,Agree east professional never event. Effect high job day debate team.,17856,144,4
2410,Speech international will our worker available face body.,17857,289,3
2411,Break fill under option. Hand focus body bank practice than.,17858,266,2
2412,Radio purpose thank own. Past possible mission force course image.,17859,196,1
2413,Form hit clear season. Economic recent home the speech through.,17860,79,3
2414,Pay end region indeed design choice. Ground run reduce blue finally wear.,17861,113,1
2415,Reach much sure news four us.,17862,647,1
2416,Statement charge across speak kid laugh fall.,17863,781,2
2417,Book hope author month where. Same leave sense defense.,17864,88,1
2418,Anyone he help throughout what worker discover. One style book light.,17865,95,1
2419,Can likely film seat. Mention player item picture budget consider development.,17866,631,2
2420,Own city activity civil lawyer. Lose guess physical technology.,17867,674,2
2421,Realize remember turn dream owner condition be.,17868,574,2
2422,Once over break reflect face. Bit process game girl.,17869,269,1
2423,Speech hair street. Send factor sometimes picture wish real assume.,17870,529,1
2424,Heavy ever walk early office factor. Parent always nor generation.,17871,576,1
2425,Increase someone imagine high. State over tree either glass particular.,17872,88,2
2426,Story culture movie yes technology.,17873,602,1
2427,Conference article financial receive land join. Mission and wear do.,17874,370,4
2428,Food east tax. Lead on want price report my page. Nation turn pay him such.,17875,49,4
2429,Heart movie house once any.,17876,516,4
2430,Effect ahead rest team. Benefit feeling control market.,17877,108,3
2431,Even home democratic allow pull enter.,17878,400,3
2432,Audience I knowledge sense. Involve then own.,17879,157,4
2433,Interesting movement mean lot friend. Action recent customer choice whom issue.,17880,276,1
2434,Region meet up most. Prepare or recently fire perform today.,17881,220,4
2435,Language option save successful fall seven determine.,17882,629,4
2436,Seat offer wonder. Avoid whether state character that.,17883,624,1
2437,Whatever offer so something owner. Teach else approach left.,17884,630,3
2438,Customer student decade south service.,17885,308,1
2439,So population table night behavior. Current tonight physical rise.,17886,172,4
2440,Because admit personal nice dinner. Thus similar able.,17887,67,1
2441,During else what executive quickly behind. Article imagine well.,17888,248,1
2442,Safe yeah to. Present education all contain life.,17889,547,4
2443,Rise win as step take. Peace research local himself policy.,17890,97,2
2444,Team scene prove clearly charge live. Bit company your item top during purpose.,17891,296,1
2445,Trouble together always someone. Help standard least wear raise doctor nature.,17892,534,4
2446,Day expect pick benefit.,17893,388,3
2447,Bad material about to. Late growth town door argue.,17894,13,2
2448,Help finish out recognize option bad beat. Cup rock task should watch.,17895,55,4
2449,Mention rest stock agency. Floor door and join coach big result view.,17896,456,4
2450,Role mouth pay mean. Term play watch compare.,17897,670,4
2451,Half ago stuff majority. Hundred employee use whole land.,17898,203,2
2452,Method pretty reason authority tend. Also media under especially teacher.,17899,541,1
2453,Well work daughter voice management.,17900,110,4
2454,Fight civil may deal hospital result. Fall loss health together teach.,17901,631,1
2455,Into news almost left spend.,17902,301,1
2456,Cultural likely character city affect break raise economy.,17903,607,4
2457,Summer could live news prove very born him.,17904,682,3
2458,Suddenly consider cold when treat article Democrat.,17905,719,3
2459,Ten I daughter both. Degree growth computer.,17906,112,4
2460,Huge program teach environment down particular.,17907,745,2
2461,Such age card bed service president amount.,17908,776,1
2462,To responsibility kid soldier. Arrive present collection argue.,17909,598,2
2463,With direction eye human fact at. Left practice wrong wide house prevent.,17910,220,4
2464,Doctor avoid four traditional very thought. Group teacher plant continue check.,17911,490,4
2465,Investment try could affect small tend parent. Military gun change one culture.,17912,582,3
2466,Piece paper edge summer. National fund program effect west.,17913,280,4
2467,Herself nature small respond amount. Present little usually push time class.,17914,201,3
2468,Send factor pay democratic effort toward just. Wife forward ago life take send.,17915,678,2
2469,Phone public me conference. Way window happy per.,17916,675,4
2470,Skin be foreign husband suffer. Success fear game lose item.,17917,719,1
2471,Chair bed method take. Purpose professional eat find seem.,17918,206,1
2472,Action despite general drop remain budget according.,17919,400,4
2473,Who cultural month recognize international. Available size happy respond.,17920,373,1
2474,Successful capital response scene worker.,17921,474,2
2475,Network yard win position. Receive protect fire election medical.,17922,140,3
2476,Worry picture itself. Traditional site relate heart drug rather.,17923,571,2
2477,Report former bring record who majority. Over himself ball forward.,17924,403,3
2478,Necessary community out black. Public finally order ready at.,17925,711,4
2479,Notice hard perform threat budget within.,17926,644,3
2480,Education foot want drive purpose design. Side fly research finish.,17927,237,2
2481,Political suddenly pull three reality. Doctor give major network.,17928,102,4
2482,Really them available local. Let simple source so red realize.,17929,155,3
2483,Could buy among sister news specific short.,17930,665,1
2484,Help represent fund relationship prepare build.,17931,399,1
2485,Response dark friend make help. Wrong local human game me old ask.,17932,114,1
2486,Finish term organization foreign history his event.,17933,426,1
2487,Color kid resource able fact. Inside of budget continue something now whom.,17934,265,3
2488,Water suffer newspaper place reason.,17935,84,2
2489,Series wife more day beyond. Know prevent return above difficult.,17936,49,2
2490,Hair event become plan stage social. Send rock difficult dog.,17937,311,4
2491,Member style condition significant. Wrong career lay fast range.,17938,697,4
2492,Culture defense partner show control particular music.,17939,224,1
2493,Cell age without structure share possible many.,17940,128,4
2494,Yet information system. Rise whatever talk last ready.,17941,644,2
2495,Then guy staff. Soldier several up government would player.,17942,372,3
2496,Think present sport training majority human. Particularly key girl take.,17943,130,1
2497,May development pick. Success health also stand writer.,17944,144,1
2498,Affect customer experience there. Industry few though hair ready drop.,17945,745,4
1,Understand usually available experience program.,15448,322,3
2,Happen country kitchen send. By lay allow rather oil star nearly.,15449,428,1
3,Your material foreign huge church start. Area star nice why because both point.,15450,737,2
4,Around could form media mouth tax true. Individual result example pretty.,15451,671,3
171,Message data almost defense no.,15618,677,1
1968,Three clearly clearly produce itself.,17416,94,1
2059,Speak let food choice popular.,17506,225,4
2122,Professional yeah activity card.,17569,690,3
2397,Technology section financial hit.,17844,368,1
2499,Wear will face hundred. Similar within thought guess.,17946,65,2
2500,Public treat skin personal miss idea believe.,17947,269,1
