id_complaint,description,status,complaint_sk,id_beneficiary,id_provider
2,Always success rest maintain. Model charge price pressure dinner firm increase.,open,49,2192,333
302,Sure perform raise over. Campaign at its your.,closed,350,3216,154
14,Interest yeah couple peace dream far source. Whose choose fly my.,closed,61,1776,292
542,Material doctor agreement same. Reach high capital.,closed,589,2128,377
619,Choice tree event.,closed,666,910,631
3,Somebody need own black act. Young quite prevent.,open,50,4492,481
25,Sing reason fine. Career budget interview along within writer sport.,closed,72,2674,739
1,Aucune description disponible,closed,1,3100,78
729,Offer future add six.,open,776,3453,303
26,Wonder institution story final approach. Pattern bar program because go.,closed,73,1384,767
851,Strategy bank partner certain.,closed,898,3352,94
15,Purpose conference know individual authority control drop government. Mrs radio open way.,closed,62,4580,385
986,Forward challenge popular former choice training.,open,1034,1427,703
27,Whole family watch budget its. Television class itself individual.,closed,74,15,116
1209,Stuff half reason letter.,open,1256,227,587
4,Project network article claim who else. Citizen down group wind. Level sure foreign draw network.,closed,51,3946,562
28,Today unit serve leave. Young answer television big college fall fight we. Seem scene agency.,closed,75,885,44
29,On show four record war. Radio dog culture board. Individual artist total family brother.,open,76,3719,208
1368,Class meet wide involve such. Begin else skin although throughout.,closed,1415,3631,30
1476,Who letter boy grow.,closed,1523,4868,108
5,Avoid national parent often evidence. Help certainly event apply.,open,52,3588,336
6,Rise official stuff must five. Hotel be forward after budget same manage chance.,open,53,3383,558
30,Water put stop do win as do. Fire lose nice might price still. Red game discussion history arrive.,open,77,398,786
7,Off here goal consumer war. When administration state forget.,open,54,3542,441
1764,Result deal sign want.,open,1812,3127,151
1790,Move free artist painting simple.,open,1838,2148,269
8,How reveal must pick hear feel. Strategy ahead treat Mr nation.,open,55,1709,490
31,According man discuss ground. Involve so nothing level loss pretty. Group painting commercial.,open,78,4546,404
17,North day either security. Rock rule impact possible whom statement our. Both loss ability.,closed,64,1144,230
18,Kid state thus. Son enter clear challenge media almost southern.,open,65,1847,174
19,Attorney range act sure.,closed,66,4879,576
20,Onto stay least there either. Rate perform teacher.,closed,67,512,372
32,Main minute mother during participant such work. Wear play fish under to else issue.,closed,79,996,47
2124,Establish sort just toward live off.,open,2171,3170,354
33,Magazine our body they finish center. Subject day city structure sister. Wear art become simple.,closed,80,2650,673
9,Hope paper response. Challenge will service necessary.,closed,56,76,616
10,Will learn fish rate artist. None though feeling.,open,57,1581,543
2386,Race human agent drug. Stay indeed already glass.,closed,2433,2093,773
11,"Others collection save. During mission near enter.
Middle main necessary campaign glass matter.",open,58,4902,652
12,Voice case response same. Agree claim special debate knowledge positive car.,open,59,3237,414
13,Final its listen he future sing. Have hit simple.,open,60,1340,17
21,Record admit argue finish hit how. Opportunity itself seem keep piece he.,open,68,3604,724
22,Tv test fish yard. Financial these enough knowledge pay.,closed,69,4108,349
23,Force newspaper throw have.,open,70,1421,511
24,Involve later upon forget style newspaper. Sea allow too religious economy without.,open,71,282,450
34,Third wonder group fast be spend us. Television ten become analysis present decide.,closed,81,2463,273
16,Accept ok tend wind require paper.,open,63,1144,609
35,Operation ability before management though inside. Use as heavy.,open,82,520,425
36,Any determine knowledge condition book without condition. Bring be sound hospital.,open,83,3510,761
37,Ever let smile radio report. Loss successful which weight. Question site news herself particularly.,closed,84,4034,366
38,Indeed cut away better perhaps recent condition. Out political feel firm.,open,85,372,324
39,Generation well theory through sea. Couple thus within its agent book.,open,86,1431,466
40,Collection leg practice memory three after station. Happen fear visit article hundred word figure.,open,87,1661,532
41,People wait light theory check campaign either once. Network economic view sometimes.,closed,88,3138,277
42,Future behavior nor. Certain everybody billion some expert.,closed,89,4778,766
43,The measure until back way control walk.,closed,90,3185,474
44,Perform great old fly outside around. Number environment blood street blood.,open,91,4131,402
45,Source me her image area law that. Nature growth record a opportunity.,open,92,4452,25
46,Newspaper store also member tax take. Form admit seek my. Professor along paper question.,closed,93,2,294
47,Plan before agency region bar heart action.,closed,94,406,95
48,Enter recent also generation. Significant court wall know activity specific.,open,95,2745,52
49,Despite Mrs career different tree because. Similar tax hot.,open,96,2274,765
50,Station choice keep entire. Body official reality throw win. Available she instead pay.,closed,97,1621,115
51,Hear than note. Case drop begin research benefit.,open,98,3031,348
52,Series red affect remain nor. Best three bank evening station Republican.,open,99,1488,282
53,Reason entire relationship. Area employee relate someone scene drop indicate.,closed,100,1047,15
54,None tonight make water great major we factor. Side significant weight amount.,closed,101,2503,331
55,Price six whose strategy special after. State final science.,open,102,1825,11
56,Protect affect energy strong he market painting.,open,103,4471,537
57,Town response put perform of. Add smile night thus. Seven subject support magazine from media foot.,closed,104,3997,398
58,Bad affect they hit six prove from. Have agreement receive court general.,open,105,689,645
59,Behind fund country piece word might. Technology north entire personal.,closed,106,3148,183
60,Rate far structure type pay foot reduce. Away third threat bed get real.,open,107,2632,763
61,Appear expect north local personal recently. Third writer thought close computer.,open,108,1302,704
62,Thousand history most item. Protect fly available report.,open,109,1283,206
63,"Hand wrong individual can. Put behind if character sing whatever try.
Hospital spring seven TV.",open,110,4011,127
64,East whatever leg science either laugh ready. History support data. Produce daughter truth.,closed,111,777,355
65,Need skin specific should. Pick new begin.,open,112,4519,502
66,As our response. Least experience which.,open,113,4231,688
67,Three space method customer Mrs future. Official room maybe manager spring.,open,114,1978,110
68,Game story however life. Few around safe four news.,open,115,1814,545
69,Enough special long law firm list. Add what think guess million address house.,closed,116,3257,362
70,Recently parent activity understand. Major word can speech unit draw official.,open,117,3391,580
71,Wrong difference beyond election. Hot send spend agree determine vote theory bed.,open,118,4427,126
72,Man election material. Laugh interview think smile where. Bring surface floor statement.,closed,119,4203,768
73,Newspaper design wait ready meet involve. Over occur education side ground.,open,120,342,742
74,Happen add pull. Gun couple force raise range scientist carry each.,closed,121,2057,613
75,Practice far until when group response individual. Special medical well.,closed,122,1323,630
76,Pass interest exactly water. Left left knowledge remain wife quality.,closed,123,578,741
77,Others part wait pay tough. Than bad no member other identify method. With message dog him brother.,open,124,2920,273
78,Pass three continue support quickly hand. Bring discover claim.,closed,125,4461,775
79,Newspaper idea nation. Option let effort hour as room.,open,126,3292,483
80,National history her. Agree generation subject.,open,127,1938,329
81,Know take goal. Nearly begin idea thing type. Son professional cost safe side.,closed,128,590,140
82,Cause often class evidence. Know wear these environmental well. Several exist human media.,open,129,4868,288
83,Even arm individual worker because. Artist her relate through worker. Agreement tough feeling.,closed,130,1820,630
84,Nature care watch game become. Remember serve involve. Station law protect although.,open,131,2583,180
85,Society kitchen investment rule. Admit floor special pressure attorney if against investment.,closed,132,313,231
86,Wind defense pattern arm hospital. Most war ball.,closed,133,1682,608
88,Stand early federal car make blood society. Enough alone campaign nearly citizen.,closed,135,1910,294
89,Training I fly month. Trial summer reason woman analysis attention product.,open,136,887,179
90,Skill she poor Republican beat. Cut skin lose social. Southern suddenly thousand I summer.,closed,137,564,618
91,Hear state machine situation director ten defense. Five continue answer rule dinner consumer bad.,open,138,4319,531
92,Its reflect letter military determine ground.,open,139,1487,667
93,Teacher cut face young front cell hotel. Exactly ahead question early meet.,open,140,3171,68
94,Any drug area. Eye collection season travel experience kid teacher the.,closed,141,4546,281
95,Media change be half month. Surface sea new. Nice major note of else natural once while.,open,142,2478,311
96,Be house animal main. Stage prove play reduce movement agreement.,open,143,485,323
97,People report contain deal baby able. Produce recognize history.,closed,144,1125,259
98,And five memory activity threat. Class event also cause nature.,open,145,4344,266
87,Hot Congress increase walk.,open,134,4547,580
99,Beat foot smile successful interest home not total. Firm cup only any.,open,146,3687,65
100,Talk effect nation radio there. Sister public onto challenge power life.,closed,147,2972,356
101,Maybe well contain far. Ground life leave reveal city worker southern.,closed,148,2534,625
102,Age keep citizen stage against. Nothing available have good federal music.,open,149,2178,445
103,Factor financial such community important.,closed,150,3974,325
104,Wait police population long room couple particular day.,closed,151,2810,321
105,"Look no beautiful physical.
Wait thus seat catch. Customer section care author mention.",closed,152,3533,194
106,Give require as as way understand.,closed,153,3144,77
107,School baby tree wonder seek ability realize. Message gun true toward process hold peace.,closed,154,2061,470
108,Base father end they never. Free ahead television bring. History chair program important social.,closed,155,1373,720
109,Wait attack city act single suggest.,closed,156,3698,229
110,Old defense fine design some bag long. Marriage money report determine.,open,157,2412,735
111,Think above trade instead without safe. Easy contain total you now late.,closed,158,2978,18
112,Spring laugh no identify similar. Feeling they lay early executive resource long.,open,159,561,108
113,Building task cup not staff fund ball even. Lot debate let experience ready project method discuss.,open,160,1089,232
114,Thousand tell moment provide tend defense. Billion young performance full our goal minute.,open,161,4665,603
115,Memory system firm country throughout in. Actually environmental trial.,open,162,1686,650
116,Section than kind center few chance. Risk big return guy or kind old. None most star or world care.,open,163,715,368
117,Identify work government lead service. Bag none remain much recognize since image.,open,164,1575,188
118,Never speak out personal realize truth computer. Effort still market act.,open,165,4715,657
119,Win learn live. Hard difference music site spend of cut. Detail difference person.,open,166,1676,499
120,Gas plan offer page true. Operation admit compare easy. Many collection prepare continue.,closed,167,3244,777
121,Treatment middle option politics teacher decision bad. Pay strong word among our size center.,open,168,2517,94
122,Smile another painting country customer. Operation network else listen prove happen network.,open,169,3505,80
123,Sister say thank each happy way. Ahead when this across. Poor method hit guy institution art most.,open,170,3683,301
124,"All president sit stay.
Set side work care behavior response task. Big section detail pretty.",closed,171,3465,68
125,Inside address military. Hand environment card figure force.,closed,172,1862,498
126,Professor option PM education middle college today left. West with large pay.,open,173,1213,509
127,Lot born goal. Stand on scientist fight position computer sure art.,closed,174,975,310
128,Require training pay company commercial few. Everything civil sea myself too five.,open,175,2881,612
129,Key letter I a sell behavior. Same space because yes. Cost power international attack drop various.,closed,176,436,613
130,Career personal although special score modern follow public. Offer that now identify.,closed,177,2919,764
131,Door card since around necessary. Decide available past suddenly only.,open,178,1343,614
132,Mean expect throw option.,open,179,4602,116
133,Dinner artist important design energy voice much. Current let tree everyone large method.,open,180,372,114
134,Morning line kitchen station cultural note require. Act cut rich artist little usually learn.,open,181,4335,774
135,Poor society century beautiful past day alone. Democrat necessary challenge sing.,closed,182,2382,270
136,Agent south sure paper.,open,183,2381,77
137,Newspaper finally read today child president. Include hope at standard.,closed,184,3607,138
138,Window create still pretty heart fish. Nothing chance memory similar yes occur.,open,185,2775,173
139,Success smile toward question decide. Our sign southern serve. Agency each event.,open,186,179,525
140,Few treatment police second box anything recognize. Tough rich technology total spring Democrat.,open,187,2286,766
141,Operation power would raise western. Source executive outside.,open,188,4462,116
142,Service partner air against long activity instead. Edge place light marriage.,open,189,1662,776
143,Test leg way unit. Science something attack training history these up.,open,190,2722,453
144,"Police who its computer.
Forget feel nearly. Somebody point simply. Weight development whom office.",closed,191,4175,436
145,Police data almost get cell. Fire whole media fine. Any write nature back father like four.,closed,192,270,285
146,Full stand pattern three minute. Instead fast former be.,closed,193,1391,678
147,Wall head already give learn challenge. Record interesting writer drive less.,closed,194,1789,760
149,About skin up part age. Today development similar mention accept window administration.,open,196,4489,2
150,Collection likely add. Address none fine box break. Perform expert themselves computer.,open,197,4600,283
151,Enjoy course resource administration card claim arm analysis. But stay role life product nice.,closed,198,4806,315
152,Act high establish everything season. Black concern they sell.,open,199,3910,787
153,Management walk family. Need behavior middle top. Me sea news civil room letter reduce.,open,200,39,30
154,Issue pretty evidence. Measure great some election else establish statement. Hold send away.,closed,201,837,769
155,But city could quality. Between then green plan responsibility role.,open,202,762,276
156,Interest official build best attack range. Affect product executive job rule.,closed,203,4706,635
157,Past ahead camera student. Structure put decision card foreign my.,closed,204,4104,528
158,Create finally then door approach.,closed,205,1591,656
159,Else artist what as. Stuff strategy research.,open,206,4705,260
160,Agreement cold best check. For nothing bag imagine point season easy.,open,207,3255,160
148,Face here why network.,open,195,2648,347
161,Else staff end game study along. Professor then mean light.,closed,208,1781,672
162,Yourself include claim blue half hand. Inside mind stuff cell player guy remain however.,open,209,1964,341
163,She responsibility your anything. Add successful government son region reveal believe.,open,210,2220,699
164,Song security change analysis.,open,211,333,117
165,Create level prepare whatever letter whatever point. Need develop opportunity training family if.,open,212,3918,116
166,Goal make kid risk form full. Argue operation call herself five.,open,213,4036,621
167,Camera face high guy health. Send old food set economic class.,open,214,1918,701
168,Past suggest church practice break gas happen. Director story face.,closed,215,2301,101
169,History next Mrs man. Hundred drive across forget challenge. Pattern sport us see spend government.,closed,216,3554,341
170,Final child single serious reality listen plant. Bill continue born put anything week.,open,217,421,420
171,Despite church continue deep more security. Test build realize at task control.,closed,218,3663,407
172,Party perform place floor so.,closed,219,4080,102
173,Seek PM check range. Nature option wall. Task local leg really gun us.,closed,220,1473,523
174,To treat decide expert could least. Establish method cold me cut.,open,221,4463,688
175,Middle from challenge buy. Foot trip without. Wrong discover and entire.,closed,222,3957,99
176,Computer main next. Soon dark thank argue. Different him field agency thus.,closed,223,1155,107
177,Owner chance into Democrat price prevent. Notice door score list.,open,224,4456,759
178,Man bank certainly later.,open,225,1077,686
179,Effect song those feel education. Effort hundred defense may.,closed,226,828,671
180,High feel per main throughout. Pressure challenge we hear me still piece.,open,227,3342,287
181,Think line daughter a culture door. Seem agreement notice. Reduce might feel.,closed,228,217,16
182,Particular range accept rather success yes. Thing pick now improve just picture enough program.,open,229,1065,422
183,Example subject no fill agreement whatever radio. Ten chair science you.,closed,230,3161,21
184,Laugh try mind girl. Reality know series. Would reach sit then line.,closed,231,1475,493
185,There long those seat according challenge newspaper. Property close stuff sometimes.,open,232,4052,97
186,Well section federal force relationship star. Class upon important leg.,open,233,3055,173
187,Fill evening inside least dream already. Investment half paper four certainly own total.,closed,234,3951,596
188,Sort old able air small. Prepare somebody agency only. Yeah card choice course country.,open,235,933,638
189,Act team himself. Again movement quite. Mission economy item community eat can own.,open,236,1579,509
190,Ball bad crime he assume western. Step administration imagine card.,closed,237,2220,10
191,Turn practice agree why interest wall. Happy born appear believe. Senior rather beautiful.,closed,238,1229,96
192,"Fund safe take provide responsibility.
Dream TV who thank. Instead tell return page stock mind.",closed,239,4698,390
193,Perform focus new that.,open,240,2591,137
194,Hard remember successful cultural. Owner policy town.,closed,241,809,577
195,Daughter career unit reach education produce rich again.,closed,242,1380,507
196,Democrat them role. Campaign benefit character weight table.,open,243,2863,539
197,Either under range lose it. Top now why. Gas including research thank believe laugh training.,open,244,981,475
198,"Organization create human because.
Policy television just now majority.",open,245,4203,391
199,Half develop industry wish if. Detail hope weight music discuss remain.,open,246,1657,40
468,Hair thus property standard story.,closed,247,3593,116
200,Out total painting article natural never other coach. Pull politics box price price.,closed,248,1840,468
201,Southern when someone impact indeed. Trouble war bit.,open,249,391,605
202,Cup staff drug. Move answer heart produce create.,open,250,2173,496
203,A ahead hit it media weight factor. Among wrong many various. Down deal people benefit.,closed,251,3603,562
204,With tell civil public modern. Hotel upon little court husband.,open,252,4055,679
206,Fire person model perhaps share. Trial audience development pay.,closed,254,1975,676
207,So professional my already treat.,closed,255,373,37
208,Answer southern when thing. Maybe fund drop short.,open,256,2375,432
209,Hold likely dark gun official goal.,open,257,156,481
210,"Little add law structure. Wait how right head close case.
Give fill nature.",open,258,3800,294
211,Admit play hope must high discussion care. Year ok vote conference. Arm argue smile produce cup.,closed,259,3784,578
212,Stage bank cause eye heart. Scene everything society candidate language with. Situation I offer we.,open,260,343,8
213,Share agency similar. Figure hair small over. International large everyone today of book.,closed,261,4438,321
214,Loss participant thing. Congress my role and several. Knowledge event environment common toward.,closed,262,2115,17
216,Page full board per summer. Case a government work future decide just. Front really raise however.,open,264,2946,497
217,Front trip thus summer play fund. Democrat now pretty all person finally group.,open,265,1799,459
218,Explain plant our set office environment. Represent assume charge option question garden.,open,266,202,474
219,Decision wall sound tax. Who establish picture every.,closed,267,3371,179
220,Chair organization idea series inside better. Affect budget personal accept over.,closed,268,3055,752
221,Official avoid exactly worry present. Writer return and nor.,open,269,340,303
222,Respond issue analysis company large play.,open,270,237,381
223,Final me simple check power. Resource skill age key.,closed,271,1601,788
224,Color question at head. Place pressure reveal myself ready key form.,closed,272,4052,428
205,Main well serious election but. Source watch five paper.,closed,253,1787,305
215,These despite citizen sign per. Consider will magazine outside fine.,closed,263,3681,2
225,"Practice east writer growth. Treat recent blood six.
Model follow tell people. Do art building.",closed,273,2404,600
226,Look table hospital language against. Worry region few fear line. Ahead organization blue dinner.,closed,274,4044,688
227,Partner resource personal many human. Memory goal civil common. Land room since determine.,open,275,2987,211
228,Name maybe thought method. Outside body different great window.,open,276,4125,730
229,Hotel choice decide sense across federal. Tend visit program girl life important central appear.,closed,277,4066,262
230,Exist land appear drop smile show improve. Throughout throughout almost. Ready use around skill.,open,278,1445,307
231,Everything sport image majority than buy series land. Visit cup again right physical executive my.,closed,279,3380,472
232,Source such mean fund gun strategy pretty. Specific fish expect account benefit.,open,280,1084,676
233,Themselves conference career lay age reality everybody trial.,open,281,29,137
234,Growth one talk to factor rest into. Arm full hand never.,closed,282,1293,701
235,Model agency because fine. Painting field full or plan list operation herself.,open,283,3836,464
236,Black avoid oil. Effect expert month article article risk.,closed,284,190,522
237,Shoulder fly control break stage yeah movie. Sense American before.,closed,285,32,139
238,South fall over budget site just never. Social late show financial policy food until.,open,286,783,62
239,Whole poor court though agent. Firm stay task edge even activity young.,closed,287,4795,629
240,West spend into near. Surface phone thus doctor once piece season treatment.,open,288,2381,131
241,Cover vote church might. Respond against wait. None either box suggest go another.,open,289,3821,696
242,Make approach national main but. Physical song source create here moment.,closed,290,3204,100
243,Imagine mean spring rather common stay peace.,open,291,4673,326
244,Against citizen off cultural old worry. Far often property man popular.,closed,292,332,694
245,Prepare establish everybody area station town partner. Agree land action fish half where.,open,293,3832,727
246,"Food live hold fund.
Success even military help he. Democratic gun hope every attorney far.",open,294,4383,583
247,Season compare force show determine as. Thus go why owner stop idea pattern.,closed,295,1443,250
248,Bad daughter foreign TV determine. Store bag both measure ground.,closed,296,1639,498
249,Trade interesting little miss. Drug bed interesting final yourself system.,open,297,3076,708
250,Result responsibility paper. Strategy close style water sense.,closed,298,2615,753
251,Option finally over right become wind. Different gun explain western probably.,open,299,3001,117
252,Action drive new simple.,open,300,3826,246
253,Language end evening bring force help. Best enough final protect close.,open,301,892,187
254,Animal whether various than have begin everybody. Air receive wide dog popular under course.,closed,302,1013,220
255,Happen staff man enjoy.,open,303,213,752
256,Reduce my that. Food thing simply education deal. Quality occur power.,closed,304,271,27
257,"Fall record state pressure health let.
Off reach network.",open,305,635,58
258,Half recently cup school push. Half democratic voice way.,closed,306,1382,764
259,Congress may certainly responsibility. Town party college west investment.,closed,307,4929,260
260,Space against mission other oil floor nation.,closed,308,3888,214
261,Event two energy history set product only. Number bed theory trouble national.,closed,309,4926,758
262,Major level organization late. Scene sell fine.,open,310,3101,175
263,Here field along understand. Deal recently professional beat policy activity.,closed,311,3818,626
264,Expect study us. Guy day brother character maintain. Month day measure teach nearly trip sea.,closed,312,1029,454
265,Sister time human whole under smile.,closed,313,1735,491
266,Size teach coach suddenly woman teach. Professional himself push situation reason citizen.,open,314,2489,184
267,Wife know economy TV medical them race. Minute why into happy form five staff.,open,315,1625,656
268,Many carry land main room. Significant someone author. Will wish process.,closed,316,1662,689
269,About particularly structure program national shake. Minute deal they example kitchen head.,closed,317,4428,619
270,Discussion fight news former election pay age. Back administration assume.,open,318,2184,537
271,"Born fight little agent show. Watch rock opportunity toward.
View care big store find kid somebody.",open,319,4654,775
272,Ask arrive could school drive majority.,open,320,1899,168
273,Public ball almost. Garden person have perform exist send option.,open,321,4061,509
274,Affect different before. Follow claim behavior beyond hotel.,open,322,3461,542
275,Arm your ok many rate provide operation impact. Decide our majority clearly.,closed,323,584,793
276,Protect young word fall just. Under everybody face couple message.,open,324,2578,608
277,Teach decision realize answer. Skin natural cost. Result live attorney bit.,closed,325,3637,792
278,This avoid water at prove. Year well thought send.,closed,326,3039,134
279,Drive through red white.,closed,327,2106,593
280,Town grow measure. Down technology happy law them.,open,328,139,427
281,Front by movement mission result employee music every. Player set effect when anything.,open,329,668,164
282,"Class yeah one.
Life south very similar. Word body station. Establish either source interest all.",closed,330,3151,568
283,Before message couple memory. Hold lawyer operation able. Door maybe four three herself.,open,331,335,713
284,Force name mention individual three. Enough movement citizen which.,open,332,805,172
285,Town environment road on nice me page. Give strategy PM energy painting bed.,closed,333,1170,740
286,Necessary writer question seem sister. Daughter set assume want budget player.,open,334,2847,322
287,Church subject writer into book before. Available among many develop idea career true.,closed,335,3689,477
288,Red fish before within point skill live. Mother significant forward focus size.,closed,336,3263,51
289,Activity themselves law operation meeting. Effort answer begin follow.,closed,337,4133,424
290,Response wrong break together onto serious capital. Quite star upon special.,closed,338,3787,540
291,Memory machine before ground. Enough program read.,closed,339,172,654
292,Finally return quite couple member order would. Sort space town.,closed,340,4687,218
293,Too fill quality today while. Project college eight bed interesting price news.,closed,341,3849,68
294,Or arrive subject across under if face. Large staff anything under some reach role.,closed,342,378,50
295,Guess between agent herself. Often one least letter back right. Be around generation fill about.,open,343,2048,60
296,"Despite enjoy include people put west.
Soon likely reveal.
Close voice amount reveal.",open,344,2151,313
297,Senior with seek far. Fall offer father say. People class act speak.,open,345,4477,550
298,Military order heavy style. Report name herself stage professional war.,closed,346,3777,519
299,Third participant PM air. Voice according drop building despite age unit.,open,347,2252,21
300,Believe wish talk process. Decision ever commercial place. Reflect or meeting.,open,348,2914,10
301,Amount crime art prepare. Remember area race former democratic bring.,open,349,4128,7
303,Consider professor turn appear read stage money.,open,351,3179,371
304,Weight between relationship south north. Wait eat data explain week.,open,352,2094,652
305,Establish lead example culture business. Technology book ball film person cell other.,closed,353,1063,100
306,Key age traditional safe put during. Almost four true those material school.,closed,354,854,459
307,Certainly decision character stay. Already blood protect watch.,closed,355,2668,555
308,Data fast door behavior enter believe effect. Act soon successful. They worry amount work federal.,open,356,2224,535
309,Class girl difficult.,open,357,3198,243
310,Case home any. Instead billion former whether fly stay either.,closed,358,2740,495
311,"Place current specific miss hear almost.
Tell although mean full idea.",closed,359,2520,84
312,"Standard ten four think. From into service main.
Care suddenly environment financial window.",closed,360,4267,94
313,Old help member move attention form. Push president question. Audience buy child.,closed,361,2889,597
1407,New list knowledge animal.,closed,1454,1046,252
314,Artist new remember little poor offer. Account discussion long decision.,closed,362,3094,13
315,Surface town your style.,open,363,2879,22
316,Case new discuss wonder. Project civil week.,open,364,602,238
317,Sense company true lawyer what prepare policy. School any public miss wall capital Republican.,closed,365,994,84
318,Determine about across party research indeed your. World agency special some light.,closed,366,1146,796
319,No me parent difference yes. Already despite fear at production in. Gun high us work.,closed,367,1320,759
320,Quickly rate walk help. Almost child late break usually democratic sing.,open,368,4828,315
321,Girl task ok then mission. Moment president amount claim ready.,open,369,2565,373
322,Sometimes teach here school. Either baby change your list. Degree image movie author partner a dog.,closed,370,1012,256
323,Toward rise some after dog popular executive. Long recent season. Remain often get feeling.,open,371,4876,155
324,Hour include evening. Garden entire boy.,open,372,1521,247
325,Think professor follow nothing. Order radio let her far.,open,373,370,619
326,Report soldier international still indeed make mouth method.,open,374,4361,523
327,Enter skin able admit nothing performance. Expert meeting news quality budget.,open,375,3344,263
328,Eye structure relate song. Program respond key information good force.,open,376,2463,440
329,Owner measure class government. Would test answer. Practice since first new.,closed,377,2137,624
330,Occur art product without. Issue decade really upon suddenly sense box.,open,378,3793,182
331,Eight approach civil work. Too quite state discover look pressure must. Place enjoy simple.,closed,379,3699,688
332,Four own around detail design. Clear travel may least nearly.,open,380,1498,750
333,Human drug maybe begin anything any none. Easy full throughout soon. Bed hand us him.,open,381,4,515
334,Per measure why director experience finish. Set leave but.,open,382,173,178
335,"Travel know writer.
State ago dream lay change. Blue against resource. Plan allow about soldier.",closed,383,1,146
336,Entire alone situation minute. Help end put school read. Detail mother city within list need.,closed,384,753,465
337,Important they sit control four door decision. Whose open trade clear.,closed,385,3751,15
338,While senior though ground forget goal fast. Dream hear family. Reach add course.,closed,386,711,139
339,Would industry beautiful always plant. Month laugh raise treat manage.,closed,387,577,630
340,View end happy he.,closed,388,3006,152
341,Participant church let interview nor painting.,closed,389,1298,46
342,Size available outside wonder always author.,open,390,770,762
343,May much program old citizen hand. Behind report from daughter write wife method.,open,391,1980,190
344,Into six ever side also. Form your form standard girl. Fund field word way in.,open,392,335,589
345,Live soon late because. Official fight character somebody serious enjoy total. Popular art million.,open,393,357,277
346,Lead certainly past south. Yourself quality but or into. Day give ago item home or set.,open,394,1031,512
347,Enter Congress out moment above voice successful. Seem attention painting central weight then.,closed,395,1030,50
348,Bag include car surface member find national. Keep response however partner teacher.,open,396,755,715
349,Community your language mind exactly movement. Site culture eye pick buy.,closed,397,4072,400
350,Manage tough authority question economy same argue. Only around bed sound where onto he.,open,398,785,668
351,Beautiful left report ok. Name focus for.,closed,399,1646,144
352,Prove prove detail draw.,closed,400,111,51
353,Watch especially visit politics. Budget left instead the. Air ahead expert risk hit never.,closed,401,3125,542
354,Once question follow before upon chair report later. Human service side born pretty.,open,402,2539,267
355,Chance family full pass husband hand crime. Yeah support nation various character pay.,open,403,4324,5
356,"Speech mission chance.
Her politics arm very property TV produce. Dream activity ball consider.",closed,404,2793,486
357,Rest some deep all article. Meeting foreign financial should run.,closed,405,1228,204
358,Put still firm key word from. What bank choose those live. Daughter story drug on.,closed,406,3258,155
359,Simple let among small marriage. Small charge in upon.,open,407,1569,706
360,Quickly project modern seem floor.,open,408,4796,386
361,Research continue fly manage. About type down detail quite work.,closed,409,532,356
362,Wrong both type deep direction mission red. Watch moment rate born exactly look.,open,410,3031,635
363,Development present medical safe. Experience citizen various time. Action me son series.,closed,411,3209,106
364,Sell more stuff hot base chair own. Summer suddenly third five. Center artist hit her.,open,412,1114,162
365,Month meeting believe have.,closed,413,2369,119
366,Republican chair mention investment. Machine head sure see tax sound window.,open,414,4101,143
367,Kind picture maintain source. Campaign institution late.,open,415,4947,109
368,People success personal. Within six open use.,open,416,137,605
369,Quality choice someone herself painting. Him forward share.,open,417,1820,183
370,Soon edge among. Prove professor beautiful more. Dinner whole reason fund than.,open,418,1105,320
371,Order imagine information him arm. Idea beat now throughout product.,open,419,112,459
372,Mouth think necessary country system model arm. Carry then book area finally policy.,closed,420,4971,716
373,If cold brother prevent.,open,421,4685,603
374,Successful energy third trial coach. Find gun security natural.,closed,422,2887,328
375,Plan strategy I decade fast front whole.,open,423,4671,227
376,Positive policy start information reduce much society. Human behind sport finally step million.,closed,424,4835,672
377,"Bring fear church scientist size agent.
Thank foot budget treat.",closed,425,768,391
378,Almost likely only wish offer time. Fast special finally degree surface claim soon young.,closed,426,4326,778
379,Sing girl TV get work six mouth. Level follow thousand structure together growth.,closed,427,1678,328
380,North four less serious role. Fall world gas store have phone.,open,428,1631,671
381,Work wife available last follow fire area over. Safe series study see situation prove.,closed,429,1796,120
382,Way course draw rule. Little already action worker beyond major note.,open,430,2798,180
383,Inside player director build score. Success operation stock school out.,open,431,4717,438
384,Without blood action large. Impact relate option. Few out certainly theory high activity.,open,432,3273,346
385,Be oil short economic. Style benefit building suddenly.,open,433,659,686
386,Region sell but western. Them service feel race positive.,open,434,2341,166
387,Long who blood bill family watch company. Machine voice raise. Outside present very figure cost.,open,435,323,776
388,Law do many power. Professional effort top represent pull song.,open,436,3689,773
389,Industry off since rest upon. Rise kid car break compare off suffer.,open,437,587,423
390,Reach feeling number should court test.,open,438,379,550
391,Newspaper wrong arrive choice. Five series catch help Congress mother property.,open,439,1874,311
392,Human politics daughter turn purpose spend rest. Place with as tend.,closed,440,2436,754
393,Bad at hair teach understand argue peace. Rock begin win left improve or.,open,441,2908,76
394,A group employee task. School expect her effort teacher general.,open,442,1310,800
395,Eight sea town capital. She others see base side.,open,443,638,397
396,Last hold close. Week together third cover yes common history. After citizen bit whose price.,closed,444,1818,110
397,Remember discuss agency necessary. Technology evening father. Woman appear they treatment unit.,closed,445,4875,659
398,For cut teacher agency. Scientist do husband impact. Significant think life serious once big small.,open,446,1156,43
399,Above quickly man treatment. Present majority decide one American plan.,open,447,4286,440
400,Member be deep treatment another. Matter room medical poor easy class. His ability three its down.,closed,448,3836,490
401,School individual your model sit. Skill character rather this. Traditional country town employee.,closed,449,80,249
402,"Size actually food else. Newspaper former long care bill.
Voice some cost during yet.",open,450,3167,566
403,Half painting street focus become rather. Above here factor where. Hotel animal time.,open,451,917,18
404,Production evening never occur close feel current. Edge forget truth policy leg southern drive.,closed,452,4371,622
405,"Customer read tree piece of.
Marriage evidence interview mention nice project.",open,453,4861,196
406,Into sense Mr less herself but mouth. Line born young six picture.,closed,454,3379,206
407,Push attorney floor own whose. Important several news.,closed,455,669,133
408,Chair tax certainly interesting. Ok sense good direction.,open,456,4064,664
409,Still smile home long.,open,457,3357,746
410,Training off physical until. Church its view worker central. Smile yard mean a often inside figure.,open,458,4265,10
411,However degree occur herself community.,open,459,4460,775
412,Cold material bar inside name put card. Theory clearly trade paper bill nature.,closed,460,2102,799
413,Herself page relate city until. Size game fear generation parent.,open,461,2938,259
414,Quickly build and. End debate can plant.,open,462,2102,426
415,Site budget girl establish official what. Crime event always still budget.,open,463,3537,72
416,Interesting imagine Congress chair son. Audience message knowledge soon next part.,open,464,1599,702
417,Power box nor. Party scene mind guess sing raise. Civil however leg.,open,465,1623,491
418,Official can pressure arrive carry. Week bring worry low official manager story.,open,466,453,266
419,House apply and after grow.,open,467,4787,429
420,South between wide body chair may free share. Past stop guess important reduce.,closed,468,2005,402
421,"Above increase draw research camera work.
Rate road place.",closed,469,856,568
422,Federal mean one. Thousand compare edge poor. Finally difficult western.,open,470,1646,667
423,Concern throw these at stop soon. Physical help source relationship magazine surface.,open,471,2826,726
424,Collection financial human picture. Art owner serious theory region chance lawyer.,closed,472,1983,305
425,Water along heart toward.,open,473,1237,715
426,Establish seem sport gas shake road. Newspaper fact onto main.,open,474,4549,314
427,Your plan grow always. Different buy tough cause language even. Take down adult especially future.,closed,475,1190,447
428,Subject home senior support night. Country deal even social crime stage start.,closed,476,227,683
429,General rich fire free cover world fear. Education development central.,closed,477,3135,564
430,My growth responsibility close trouble. Character able enter firm.,closed,478,3501,309
431,Ability structure water only. Marriage while treatment.,open,479,4250,707
432,Machine election back memory. Cell into court can. Research sure call us never Democrat.,open,480,2949,157
433,Everybody resource tell later property letter. Military cultural number.,open,481,3437,779
434,National drug standard name while. Assume father sea practice through wind court.,closed,482,2888,190
435,Positive main factor somebody whether save expect. Nearly quickly rule already by wrong when.,open,483,4479,411
436,Remain manage catch order face reveal style. So table member their.,closed,484,4163,64
437,Wish success offer party theory effort. Painting type together clearly bank half management.,open,485,4432,122
438,Drug over author big least. Hold open today sport buy. Interview avoid even job shoulder.,open,486,622,398
439,Section just citizen hour prevent. Bar employee nice professional.,closed,487,1215,331
440,Difference responsibility television necessary front born. Claim dog four west treatment food.,closed,488,374,797
441,Standard event stand. Officer especially leg strong site clearly.,open,489,3497,99
442,First become something behind follow.,closed,490,4113,57
443,Large model same only pull. Voice section season know.,open,491,2302,620
444,Source bank foot decision fly million discuss. Carry American perform bank dark.,open,492,2575,555
445,One point always animal art develop pattern.,open,493,475,190
446,Half scene view city sort view scene. Leave girl list health stock population in safe.,open,494,3759,262
447,Rather prepare degree. Build not water.,closed,495,4213,33
448,Debate star issue kitchen particular. Your truth recently large election.,open,496,1530,619
449,"Knowledge hand whether event will personal.
Boy eye song. Respond western hard guy million.",closed,497,1899,306
450,Assume describe she mention stock. Around ten east college up those start.,closed,498,3172,756
451,Usually daughter conference seem.,open,499,68,443
452,"Bed take too. Wife management court.
Material right nice card.",closed,500,1843,129
453,"Argue follow rise. Happen own civil society strategy.
Idea table movement per conference minute.",closed,501,2001,386
454,International day dinner realize. Movement health national hit the respond.,closed,502,1755,15
455,Determine market state born themselves also. Idea analysis represent anyone.,open,503,4642,69
456,Rule shoulder fire team sit. Far your laugh among. Occur structure whose half indeed national.,closed,504,4585,547
457,However game during nothing involve everybody stage. Role above study focus good as.,closed,505,24,708
458,Employee respond push gun before according security. Student seek opportunity necessary.,closed,506,4453,432
459,More use ok happen station summer. No vote new serve.,open,507,4323,409
460,Want involve occur. Statement whole include. Deal lot and person soldier.,closed,508,4735,548
461,Piece as finish exactly material nation a.,open,509,3894,773
462,Make mean begin quite. Toward a also medical. Suddenly will tax ready city whatever.,closed,510,3546,709
463,Family gas produce during local serve. Ever people month half arm feel degree.,open,511,1645,776
464,May offer school within power wonder public. Media heavy no pretty appear activity.,closed,512,2989,112
465,It half himself western throughout management in these. Improve red like investment.,open,513,952,707
466,Whatever away policy traditional for receive safe. Body question very enjoy.,closed,514,3705,623
467,"Already modern business western five.
Receive administration avoid crime special.",open,515,2238,160
469,Beyond evidence discover. Same cell sign where color parent a long.,closed,516,747,784
470,Note allow ten face. Like order southern single without.,open,517,2153,269
472,Maybe rule drive reason million. Spring two million not. Today last lawyer outside.,open,519,632,243
473,Type case choose would best even.,closed,520,3099,671
474,For spring difficult expert participant during agreement. Fly together main long Democrat.,closed,521,4254,24
475,Music environmental coach very bill level heart. Administration then pick by according us.,closed,522,2206,96
476,Or teacher professional form. Shake federal return. Heart program the.,closed,523,2294,743
477,"Hear yet another head figure purpose. For use south house but.
Section every grow teach hot really.",closed,524,729,348
478,Keep indicate despite. Our beyond happy present.,open,525,281,541
479,Still college rise customer trouble and major. Protect either serious TV when add performance.,open,526,3172,288
480,Table season hair throughout.,closed,527,917,256
481,Traditional relate meeting fish side modern. As present reason ten think own.,open,528,4803,788
482,Sometimes so war like score little itself. Debate set police.,open,529,3403,325
471,Decide tree son. Company drive either run.,open,518,1266,23
483,"Keep boy raise even. Character issue feel their shake market.
Tough visit however.",open,530,4725,652
484,Likely hair defense far be several much. Enough wear yourself quite.,open,531,4994,376
485,"Next same this set must.
Between specific simply early.",open,532,4980,288
486,Develop audience marriage impact responsibility old. Prepare want newspaper possible civil easy.,closed,533,4646,304
487,Ahead world since successful operation blue model. Protect mission choice she top she.,open,534,2084,100
488,East beautiful arrive sometimes.,open,535,4143,713
489,"Customer sit tonight budget. Admit treatment serious heart may keep.
Able grow will middle help.",open,536,4874,518
490,Prevent hundred exactly plan throw sell. Body reduce reach hundred. Wish yet can animal benefit.,closed,537,4098,436
491,Attorney result positive side somebody side.,closed,538,2692,713
492,His green yourself heavy miss option five.,closed,539,4487,231
493,Car kind laugh although anything. Thousand detail million environment list.,closed,540,891,201
494,"Traditional alone discover attack pattern. Report herself for around.
West movement miss purpose.",open,541,3433,677
495,Back create friend step. Standard there else care cause defense as rest. Price reach nearly we.,open,542,4249,36
496,Here blue improve how bill sister admit eye.,open,543,2865,9
497,Minute teacher choose city add own man clear. Painting group month decide computer evening.,closed,544,602,627
498,Bill along space even child. Piece thus south develop.,closed,545,2508,349
499,Dark now culture bad break check whether last. Crime his need test.,open,546,26,192
500,Agent teach spring with accept everyone. Dark cause onto speech up all final.,open,547,1089,350
501,Take day green seven foot treatment drug important. Five past oil indicate course cultural.,open,548,2178,700
502,Fly strong imagine own. Feeling small member sometimes out.,closed,549,1599,490
503,Save station consumer support life huge. How minute court fact along throw.,closed,550,1619,195
504,Picture subject important true bed job trade outside. She break pass.,closed,551,2165,298
505,Sometimes reveal yeah wait according especially. Social draw I possible time third market.,open,552,3301,292
506,For open material blue if much team. Page wife bring race herself.,closed,553,2566,450
507,"Send even garden animal break.
Medical receive within figure. Notice tonight get street.",open,554,1696,142
508,Already article east should need read free even. Individual sign customer despite watch vote.,closed,555,1191,104
509,Event world relationship be. Type may team large leg boy campaign house.,open,556,1789,438
510,If our together identify piece man box consumer. Situation along half what much.,closed,557,3259,490
511,Lot than measure decide rise exist water. Play dark as. Forward them special of seat site American.,open,558,1274,164
512,Property sister thank line worry determine sign. Church address young some. System blood music.,open,559,4475,759
513,Range white player cover. Fall name hard share suggest citizen design.,open,560,1472,717
514,Focus couple coach job hear. North shake success goal perhaps. Yes history family put catch.,open,561,150,714
515,Two act relationship statement subject west. Movement respond age structure Mr.,closed,562,2213,743
516,Concern accept nearly line provide seat executive. Early Democrat politics might strategy.,closed,563,619,404
517,Begin paper ready student play commercial country. Book mean child meeting stay wife which.,closed,564,2553,702
518,Discussion much before yourself become born. Maybe country window defense.,open,565,2449,106
519,Vote perform sort author without. Three professor forward strategy.,open,566,445,15
520,Your maybe good quality. Stay education want read. Yard across consumer image avoid send.,open,567,4462,95
521,Result baby rather new. And brother my special. Financial present its something talk.,closed,568,4879,309
522,Learn north allow board throw. Like low these fly year.,closed,569,2185,760
523,Process together know maintain person data born. Public moment you risk know surface west.,open,570,3458,720
524,Their story challenge find style decade evening if. Contain address final loss.,open,571,3050,89
525,Reveal very only pull born rest fine oil. Begin main available official learn.,closed,572,4521,524
526,Scientist oil lawyer sea.,closed,573,1647,760
527,Building rock never tree. Low add serious.,open,574,2463,765
528,Sister then bill debate maybe any kitchen. As scene concern part process dream born.,open,575,3675,261
529,Others interesting life authority situation. Agree whether world alone debate matter which feel.,closed,576,2369,675
530,Major condition goal water charge space. On hair nothing apply.,open,577,2609,64
531,Apply similar that glass total eye among budget. Upon fire project the.,open,578,929,187
532,Federal mention entire threat. Investment nor course just such sort marriage. Want send mind fine.,closed,579,3896,370
533,Inside point which. Represent everyone police involve music kid.,open,580,3023,448
534,Much share ok remember general identify knowledge. Feeling buy order animal happen describe.,open,581,3380,500
536,Value commercial next particularly then. Property movie between machine.,open,583,1458,506
537,Matter individual movement dinner our. Thing kid go save. Public the skin send.,closed,584,11,102
538,Others teach management Mrs no. Stage Mr ball. Exist can follow skin.,open,585,2339,795
539,Game word particularly their save such. Simply control sport site.,open,586,4405,105
540,Year knowledge water thousand. Term theory treatment exactly inside.,open,587,1184,594
541,Despite my check agency discussion half. Song office clear job. Service sort investment book.,closed,588,1817,4
543,Challenge word white their act hear. Trial dinner after against.,open,590,2649,336
544,News time century shake me. We many strategy place simple growth. Carry degree two job hot yard.,open,591,2292,370
545,Third church Republican throw. Wife create according hotel quality message American.,closed,592,194,461
535,However especially stuff successful on. Both identify receive.,closed,582,2349,299
546,Follow big throughout especially eight level imagine image. North decide model specific together.,open,593,630,565
547,Everything room term maintain explain morning benefit. Organization evening floor wide surface.,closed,594,1548,634
548,Data top create visit resource put Republican marriage. Enough strategy question significant than.,open,595,757,32
549,Investment deal couple break lose. Stand fight even artist lose century.,closed,596,3754,296
550,Foot play better different way any. Several piece once. Dream able issue parent.,open,597,3242,423
551,Open when card by. High none production argue. Financial expect capital town only former.,open,598,2558,754
552,Only ago us skin describe live.,closed,599,702,521
553,"Fact visit player. But represent situation table.
Hospital explain network then point goal.",open,600,587,724
554,Change actually suddenly job film single. Improve sometimes worry.,open,601,4872,52
555,Energy fire music sell gun recently bed away. For practice something health no.,closed,602,1980,661
556,Forget church ahead who position adult life. Statement than game possible.,closed,603,4912,653
557,Hold best her inside. Network drop financial discuss. Senior idea down nation mission mission.,open,604,3279,568
558,Everybody degree impact result. Father generation radio how involve heavy.,open,605,4993,641
559,Note hair forget film class treatment control.,open,606,3394,410
560,Just appear choice along travel. Message blood reality.,open,607,2913,272
561,Stage any project detail party day forget. Fill amount family moment exactly seek.,closed,608,1072,180
562,Kid image within chair prove which event. Contain against guess idea surface lose.,closed,609,3507,338
563,Population left PM ever. Option can help concern. Others effect nice major piece.,open,610,898,665
564,Edge firm according case well spring I. Happy only network you item admit around.,closed,611,4894,372
565,Past way husband toward. Nearly source develop dream.,open,612,1036,15
566,West arrive notice card. Wonder idea similar party scene also. Position bill campaign.,closed,613,4613,436
567,Decide more coach each bad. Agency third huge room tell support.,closed,614,1889,174
568,Cost raise dream hair east thank. Power best begin class. Game still deep might standard but.,open,615,3506,120
569,President air face gas stay attention treat. Child her garden begin.,closed,616,176,612
570,Employee occur economic tell. Fish agreement turn political your know read.,closed,617,3811,632
571,True low anything size international very onto camera. Movement choice then back election word Mrs.,open,618,306,105
572,"Indicate explain conference evening.
Late lot choose majority success need enter certain.",open,619,4817,236
573,Approach create religious notice. Bad sort make move guess.,closed,620,88,139
574,Office consumer show suggest person husband weight.,closed,621,4742,572
575,Investment this maybe late see executive. Must couple investment apply source eat.,open,622,470,6
576,Into threat other indicate new discuss reality. Lead identify media she high audience practice.,closed,623,3392,59
577,Matter would professional case service child sit. Training nor majority threat.,closed,624,1026,182
578,Year join then game kitchen wife. Pattern every mouth build. Pull which right full owner.,open,625,468,104
579,Involve yes social. Tree network work song system together. Keep development capital.,closed,626,677,693
580,Audience audience safe must view important. Enjoy important cost with.,closed,627,1392,675
581,Court many turn individual finish half I. Federal give college beyond service quite line.,closed,628,4306,674
582,Interest better part plant decision well among. Hot total lead site design every.,open,629,2042,377
583,According statement economy. Brother along much group affect under. Concern agent trial family.,closed,630,1456,514
584,Side race stuff start.,open,631,692,304
585,Officer company seem own eye imagine. Pull blue bill scientist catch around. Individual fish to.,open,632,3164,303
586,Feel create clear notice experience writer. Goal something between wall pay.,open,633,1586,205
587,Public never school discussion worry. Movie walk play ago.,closed,634,397,595
588,Thousand lawyer condition mind measure bag still. Follow nature medical claim moment about test.,open,635,4733,582
589,Safe care third radio career raise nation. Carry along be conference.,closed,636,1646,363
590,Focus our someone near along. To nearly water.,closed,637,1057,326
591,Hit class culture edge. Wide reflect religious seven inside source.,open,638,4366,220
592,Couple process term live hit. Certain action loss forget big.,open,639,4833,327
593,Crime yard new team candidate. Wrong which help whose court wide hand.,closed,640,2432,642
594,Study above discuss know. Another audience second computer. Much enjoy response know would energy.,closed,641,1988,652
595,Sense artist that about sure school.,open,642,2993,174
596,Issue just mean dream. Small state space early moment.,open,643,3107,624
597,Break country must do a suffer new whether. Light message already condition include which.,closed,644,2873,691
598,Degree break role. In sound firm market onto. Sure Mr last.,closed,645,907,408
599,Animal plant treatment lead high admit low. Window wait usually research quickly.,closed,646,3027,631
600,Be so clearly indicate question. People campaign garden fish.,closed,647,1319,571
601,Eight a international southern him yet physical. Range management site radio everything let.,open,648,1077,51
602,I after course test. Chance become sign card away. Sit suggest act smile main south.,open,649,1477,730
603,Success our political author indeed actually which. Everyone simply doctor consumer.,open,650,3240,469
604,Wonder despite themselves choice. City majority behavior black hot wonder people.,closed,651,4502,40
605,From keep only now choice. Fall religious accept charge professional. Enjoy manager moment.,open,652,412,367
606,Nice total director rate whom. Seem require trip scene class.,open,653,2904,545
607,Plan watch pick example. Finally almost walk find beyond century beyond by.,open,654,1479,639
608,Son bag their claim. Sometimes ago lead officer election within skill. Ago mother my example.,open,655,3988,77
609,Early face material. Place chair age never top thought course. Office say long apply off.,closed,656,3115,342
610,Great eight sit war seat. Administration reduce carry floor easy.,open,657,2910,247
611,Since tree fly company now similar. Former kind see else head.,closed,658,230,704
612,Somebody myself region commercial discover. Set financial collection man.,open,659,725,570
613,Agency chance hand nature. Job pressure ready boy have know civil. Impact computer those finally.,open,660,4517,133
614,Return political tell doctor social challenge. Interview evening stuff everything commercial with.,closed,661,3514,183
615,Kid leader himself home study owner claim. System later head similar nature within.,closed,662,2296,279
616,"Future let red any financial. Get answer chair science.
Scene continue anyone home.",open,663,306,666
617,Program I where clear event type age to. Baby body long. Add foreign factor.,closed,664,2738,62
618,Next car social themselves size region. On debate exist night buy will.,open,665,1061,415
620,Front follow long dog second college expert enjoy. Job skin scene. They Congress character brother.,closed,667,1312,158
621,"Thus letter large stand develop.
Not community account dream.",open,668,1699,329
622,Nearly term suddenly effect town since. Amount war necessary increase rise phone.,open,669,2630,163
623,Late professional realize throughout.,open,670,1532,771
624,Officer hear positive life. Budget factor factor open question traditional much.,closed,671,1683,545
625,Wait especially doctor seem another school energy. Not win mention here suggest million century.,closed,672,3062,581
626,Spend field production available. Establish focus development out tonight.,closed,673,2708,353
627,Experience onto statement weight cell view interview. Black term best court.,open,674,275,139
628,Effect take cover blood heavy. Eight student politics think budget. Law sing would those.,open,675,2409,500
629,Fill reach kid adult box act while wide. Force daughter parent that. Style wall next.,open,676,2957,579
630,Line lay rather ok. Thing despite security pattern possible authority.,open,677,1713,445
631,Difference rest teacher inside born page notice could. Board score apply.,open,678,3944,780
632,Federal surface expect miss. Up body every. Summer security official.,closed,679,2924,51
633,Exist federal visit try. Want charge reveal camera part hold city.,open,680,4447,484
634,Citizen foot cup but region lot would similar. Technology a institution society fund.,closed,681,1791,759
635,Central improve response film night begin news. Camera stock guess trip.,closed,682,1236,488
636,Task our want bring reduce worker my. Much attorney none four note above.,open,683,2469,421
637,Perhaps say entire. Home author star give. Born share drop.,closed,684,1539,493
638,Term draw simple argue song when. Right college check magazine large.,closed,685,2906,643
639,Outside call meet. Before why if hot building miss raise traditional.,open,686,1207,234
640,Structure major even. Attorney sign white according cause for. Book worry both.,closed,687,365,506
641,Cause accept know particularly scientist. Purpose may analysis page. Get crime meet become.,open,688,2578,689
642,Budget decide yard will conference step.,closed,689,53,157
643,Whole without would resource place common factor. Off event size quality local woman.,closed,690,2616,461
644,Court always history bank against support. Pick production finally ready however box wrong.,open,691,1539,690
645,Everything factor society state mean industry then official. Hot decade act nothing fire.,open,692,3645,71
647,Reason medical travel know debate lawyer again close. Blood TV end how season court.,closed,694,4788,574
648,Everybody will bed talk. Health than mean.,closed,695,213,735
649,Fine lawyer question course. Radio cup arm recognize over help.,closed,696,4438,418
650,Power feeling company nice rule a. Size perhaps then hot certainly. Official report put real Mr.,open,697,4430,286
651,Young almost laugh this itself. Ready choose natural main home eat half.,closed,698,4951,593
652,What realize know bag move they stop. Fly win statement travel conference help.,open,699,1747,265
653,Mrs consumer like. Market against police attorney city certainly court. National Mrs suffer event.,closed,700,4333,700
654,Music it fish job here owner.,open,701,3905,541
655,Wrong hard down hand civil. Middle former fly model measure. Foot fact assume job.,closed,702,680,359
657,Black dog personal capital. Hard by dinner short.,open,704,324,619
658,Growth heavy smile market artist reach method.,open,705,2218,525
659,Standard until in those soldier million. Off well view free for by movement.,open,706,3288,771
660,Political result some start.,open,707,477,639
661,Professional leave behind phone. Seem computer bill learn good loss.,closed,708,3158,703
662,East wrong example. Edge despite wife age tree action. Her which executive politics my.,open,709,195,16
663,Yourself material price. His design compare voice seven turn should.,closed,710,605,191
664,Understand third Mrs record. Onto study whose blood respond option.,open,711,1033,164
665,Visit by ready type everyone.,closed,712,4748,145
666,Let paper little food method forward degree memory. Item I environmental administration.,closed,713,810,355
667,Mother environment hand least house. Bad century should look provide. Enough best like.,open,714,3757,757
668,Single market care win. Citizen plan however job couple guess official.,open,715,1874,385
669,Full scene certainly age deal debate simple. Brother mission television when listen.,open,716,140,752
670,Gas professional owner five on sign. Throughout job choice yard. Degree each tend this movement.,closed,717,1366,299
671,Three majority economy management system discover town. Age financial claim.,open,718,412,266
672,Sometimes budget stop success high push. Cultural treatment home safe figure.,closed,719,1833,111
646,Ok positive international. Show bad develop reach citizen operation.,open,693,3912,756
656,Son mission its those I room. Western person leader red something.,open,703,2012,241
673,Why by control even put gas rule less. Energy staff firm. Everybody boy cultural cell any.,open,720,200,661
674,Recent dinner good. Thing represent police other prepare.,closed,721,3650,132
675,Board sit partner Congress different believe. Address exactly crime out enough cell set.,closed,722,1333,396
676,Major training cell second late TV. Trouble edge serve have author. Work season money interesting.,closed,723,3212,482
677,Special top next. With life test statement watch. Offer television hotel way.,closed,724,494,710
678,His next scene until around huge machine. Common blue central test upon property have.,closed,725,2536,772
679,Style film study. Data they happy fly surface final benefit.,open,726,3107,345
680,Age word suddenly hot new. Up exactly you compare.,open,727,1281,679
681,Officer building born gun. Appear on have manager firm move.,closed,728,4852,297
682,Feel worry stuff trouble company. Public law if spend here member artist. Capital serve would bar.,open,729,957,730
683,Herself structure environmental suggest. Get season book help.,open,730,2716,238
684,In interview age film us.,closed,731,3177,653
685,Concern response huge available various career wrong.,closed,732,399,314
686,Win baby middle yard argue oil less. Seven action mother move pressure couple.,open,733,2374,406
687,Audience star security growth red. Continue whatever budget hope building small.,open,734,2708,444
688,By reason watch cup beautiful above off. Bar choose still thus himself evening everything.,closed,735,4007,115
689,Detail man director everything price. Unit talk sure than poor near end.,closed,736,2747,63
690,"Car trip machine cultural study. Consumer perform arrive under wish gun.
Purpose real consumer way.",closed,737,3101,309
691,Military fast experience prevent mission. Same provide animal term respond moment wife.,open,738,4691,716
692,Member difficult others week husband. Full guess level although place.,open,739,709,3
693,Everybody moment member through ahead Democrat shake. Case everybody people hour after life sure.,open,740,3527,789
694,Meet move walk forward debate expect. Weight conference couple cover dog throw trade.,closed,741,547,25
695,Character serve former common pick. As true left.,open,742,4490,549
696,Series lose two occur. Three film own determine and when step. Easy which forget.,closed,743,4760,412
697,Within already let what discussion same. Edge front color either. Notice language true result.,closed,744,3811,610
698,"Meet direction Mrs.
Future need budget approach best boy. Say especially law thank.",open,745,4846,663
699,Know only song financial eat add million. Structure cover friend play attorney economic.,closed,746,1102,317
700,Special road rest miss finally. Month laugh kitchen finish hear third.,open,747,2807,255
701,Simply of activity window. Personal story statement year.,closed,748,758,727
702,Significant notice vote four role. Structure thank big hold keep student.,closed,749,4292,650
703,Operation see will every add hit statement. Have if fund scientist one resource.,open,750,4786,147
704,News arm the still somebody. Add team anyone dog.,closed,751,170,104
705,"Ask deal international. Democrat series address begin.
Child entire administration probably.",closed,752,3900,405
706,From finish but box hold. Race leave different prevent investment laugh.,open,753,144,357
707,Source soldier everything ok through as. Plant become say century. Management read office.,closed,754,182,14
708,Group another trial hotel crime. But carry here beat. Company if gas least social.,closed,755,585,619
709,Partner peace threat town way year. Investment win surface young. Set fine or class if.,open,756,1990,468
710,Kitchen more traditional up reality. Soon meet per one issue.,open,757,3440,661
711,Wind enough scene other. Indicate again example later wife.,open,758,440,791
712,I old until season million local glass. Enough fire behind prove line.,open,759,2709,348
713,Actually page offer style. So cover kitchen reduce view degree claim.,closed,760,2981,531
714,Than pay style history service artist. College range current.,closed,761,2410,362
715,Loss organization effect process next big check market. Artist impact challenge whom a.,open,762,3161,177
716,Safe during large system. West TV month budget tend reality stock cold. Almost theory Mrs.,closed,763,4142,597
717,Mouth final throw her either nature. Here unit hospital kitchen treatment until at. Page us any.,closed,764,2029,527
718,Full argue trouble safe writer like use. Gas small parent seven power.,closed,765,896,639
719,Little until interest fly. Usually reduce sometimes line as rest region.,closed,766,4629,222
720,Cold mean statement year different near too four. School activity four management.,open,767,937,743
722,"Final of even arrive. Environmental analysis what style.
Training report could much.",open,769,2673,657
723,Weight send thank second seven success author. Population skill tree be plan court moment.,closed,770,708,298
724,Decision carry often. Risk pattern age hit big. Within already enjoy however notice help buy.,closed,771,3036,245
725,Resource step receive one health. Time grow me between big all vote.,closed,772,450,550
726,Million face film man. Field expert according including value.,open,773,3488,441
727,Low yeah listen simple kind special vote. Letter mean plant force store.,open,774,3278,784
728,Recent development because wish provide drop. Executive back administration.,closed,775,1682,145
730,Evidence population claim century type candidate hundred. Physical president door face.,open,777,1307,479
731,Especially fine stand smile capital from simple admit. Boy sign whole position seek out send.,closed,778,1974,223
732,Head behavior hand American card. Tend program who. Soon carry argue cause American.,closed,779,2024,454
721,Republican happy remain scientist old someone.,closed,768,2883,758
733,Us if read eye. Protect push arm me network recognize. Although often increase single.,closed,780,1699,285
734,"Cultural close next go. Score him Democrat.
Find show method.",open,781,3142,325
735,May table field. Southern others maintain why.,closed,782,2276,732
736,Allow land threat world now. Director themselves middle memory sound seven onto.,closed,783,4076,673
737,Turn entire describe black product hear. Detail would with.,closed,784,853,145
738,Source single anyone scene design entire. Rule station bed benefit law. Yet PM direction.,open,785,831,83
739,Little land group maybe form another. Door claim pretty player suggest material strong.,closed,786,201,541
740,Language main something. Sea son hour along start attention.,closed,787,4680,361
741,Run anything trial contain. Future range nice between admit recently actually.,closed,788,1113,375
742,Century fine door. Question pull medical may paper.,closed,789,2025,255
743,Past risk bring also. Serious us physical.,closed,790,554,716
744,Start role wear. Right that health happy eight another.,open,791,4557,459
745,Employee economic pull career I tonight. National tax whose democratic.,open,792,928,489
746,Show finish past customer bed right within.,open,793,2553,98
747,Agency their at always trade seek. Receive concern carry his hear whom.,closed,794,460,791
748,Himself toward bill easy meet TV able. Least debate north citizen.,closed,795,1610,797
749,Forget event leader choice environmental. Push film natural service. Method fear doctor feeling.,closed,796,1886,309
750,Knowledge blue debate compare south eat. Beautiful camera because career too crime.,open,797,581,231
751,Claim seek team lay speech. Deal social thank drop. Action between manager leg control father.,closed,798,1532,251
752,Democrat hard standard stop send impact. Treat PM well by.,open,799,4955,288
753,Again office if. Executive commercial blood throw mouth while. Whom could walk car which.,closed,800,1622,688
754,Note step western miss. Every check early trial. Information method production increase.,open,801,1194,401
755,Same catch court term yes. Main whose during reduce his much.,closed,802,1342,344
756,Pattern sister tough. Kind citizen election line. Improve include recognize man.,closed,803,1509,553
757,Near rather letter under along say. Several believe money social you themselves decide increase.,open,804,4671,609
758,But everything however agency set public. Explain style arrive house win same.,closed,805,1985,598
759,Suffer perhaps order subject give way although. Mean ahead example rock hot.,closed,806,4991,70
760,Impact heavy five newspaper the. Address office since rather character would.,open,807,3928,648
761,There right player almost moment evening. Cover short political discussion serve newspaper.,closed,808,1329,443
762,Drug fine instead what. Just million model want.,closed,809,933,245
763,As run so yeah drop.,open,810,2174,562
764,Miss eye information interesting huge. Inside skill campaign tax sister.,closed,811,3060,441
765,Change fine able arrive job where. His already protect teacher ground daughter.,closed,812,120,678
766,Focus example respond theory. Station arrive my. Raise college morning high billion prevent senior.,open,813,3973,511
767,Suggest matter building particularly. Responsibility final law. Turn clear plant customer.,closed,814,356,357
768,"Coach until rock heart. And action Democrat ready ball.
Green remember sell beautiful agree.",closed,815,411,782
769,Hard possible live stop pull on. Far at near director scene state range thing.,closed,816,1830,532
770,Tv main recognize appear institution wear. Large produce argue woman.,open,817,1461,137
771,Company writer if to future game color. Entire their size apply power anyone practice.,closed,818,3928,436
772,Heart subject example commercial firm. Challenge value record government none.,open,819,4043,451
773,Election traditional carry memory important town. Painting officer recognize perhaps thing deep.,closed,820,1917,559
774,Late affect month walk least late. Choose subject thought knowledge myself go west.,open,821,793,418
775,Teach there attorney house benefit. Save outside third also above type before.,closed,822,21,398
776,Carry attack since key alone. Final reflect next enter attention.,open,823,798,499
777,"Group former wall drug popular cup.
Claim unit heart one treatment.",open,824,4626,401
778,My plan imagine international. Various difference fall war. But state management shake certainly.,closed,825,4875,42
779,Model summer hotel employee wife. Work member whole available various.,closed,826,3016,379
780,Soldier thank movement rich cut game must. Message nor south sure collection political.,open,827,317,175
781,Rate second by born. People image base course those soon budget.,open,828,4181,354
782,Save decision heavy movie hospital company turn good.,open,829,1142,463
783,Industry we improve talk she son huge. Save try room until down ready total.,open,830,4516,98
784,Lot evidence too treatment can per. Pick rise bank service them create thank.,open,831,474,736
785,Five radio among medical continue. Wear when space strong south.,open,832,2986,210
787,Happen idea increase their speech mother. Common artist product understand art.,open,834,2354,124
788,Why how somebody. Develop no four whatever performance.,closed,835,3926,693
789,Happy arrive quickly go often happy travel. Until none before around performance.,open,836,3626,605
790,Seat they present popular. Career song voice friend car list. Create director should section.,closed,837,1346,781
791,Field investment security job suddenly attorney when. Reach edge while able. Because join already.,closed,838,1240,668
792,Concern current or try deep. Character make read them onto.,closed,839,3438,482
793,General myself behavior. Production attack develop part. Power lawyer four explain forget.,closed,840,2211,130
794,Democratic live somebody total cover. Catch environment prevent shoulder coach.,open,841,1690,750
786,A miss together decide. Order follow well agreement.,closed,833,4405,96
795,Especially security amount ask along national both.,open,842,4154,281
796,Experience around similar letter process Mr. About method close.,open,843,1086,169
797,Why animal move than five list each. Two simple high shoulder reason size since.,closed,844,3816,465
798,Place reduce air interview. Out general only two finish star lay.,closed,845,2649,646
799,Analysis maintain either thing him themselves smile. Second conference turn fast story sit set.,open,846,1675,355
800,Only most behavior trade thought. Grow carry professional Congress blue.,closed,847,2750,668
801,Hand not who accept rock beyond another. Piece attorney test simply poor happen media.,closed,848,4203,67
802,Not financial agreement deal member chair. During right kid reflect wish point air.,open,849,3324,693
803,Protect those each view life. Effect goal task against democratic animal.,closed,850,1919,69
804,Thought assume and record look course half. Hope last training deal from significant show.,closed,851,29,465
805,Compare claim prevent rich accept reveal. Find dog Republican green full speak participant.,open,852,1313,715
806,Follow pattern writer million pressure. Already involve increase yes.,closed,853,1363,539
807,Employee including Republican position compare fast picture. If bit reduce well offer degree.,closed,854,47,189
808,Article call fire agreement fly. Parent five voice who tell.,closed,855,1139,791
809,Part purpose then suggest partner resource. Station commercial start act attention.,open,856,4018,138
810,Party apply us anything on too. Various remain though certain national brother offer inside.,closed,857,3234,731
811,"Pull nearly sometimes scene past.
To year affect feel many police entire several.",open,858,911,598
812,Seven instead test no.,closed,859,4883,49
813,Vote notice chance. Across actually question finish new. Market whatever various member character.,closed,860,2933,608
814,"Skill plan will record theory.
With fast house.",closed,861,2369,317
815,Police sing range state. Form everyone me walk public word cup. Yes girl perform.,open,862,888,293
816,Child concern decide activity no music. Create education very lay case late impact.,closed,863,3723,89
817,Recognize as card moment data detail. Listen today so.,closed,864,2535,742
818,Might politics hour cut case just. Camera type country boy get tend.,open,865,1245,595
819,Read final thing order knowledge remember behind. New social produce raise gas call forget.,open,866,517,147
820,Eight forget watch decision situation present. Allow concern poor most her program impact.,closed,867,556,720
821,Yes head old structure. Media sign parent final.,open,868,2995,217
822,Alone agent case choose room purpose. Rise foreign hit describe thank.,closed,869,4021,688
823,Husband generation call he blue.,open,870,1982,271
824,Green foot toward card simple herself. Upon trip long. A chair television customer.,closed,871,2443,299
825,Summer bad fine operation available almost. Day director fire voice themselves.,closed,872,1380,510
826,Though point manager visit nor beat matter. See analysis happen result.,closed,873,132,243
827,Generation technology cover race today kitchen person will.,open,874,3661,195
828,Grow life news purpose. Car magazine however shake ten against. Water middle event when.,open,875,1156,764
829,Society leave card. Teach single though however. Wonder more quality hospital leader.,closed,876,2434,567
830,Sea number now daughter cell soon contain. Box open contain.,open,877,3516,781
831,Serve support item describe enjoy nothing quite. Respond option ground sure well product picture.,open,878,765,10
832,Drop despite floor make myself operation.,open,879,4181,668
833,Actually success several west. Brother similar executive interest responsibility blood collection.,open,880,3143,184
834,Election pressure worry notice. Establish agree four.,open,881,1886,29
835,Expert agreement purpose area. Debate show they each admit idea anything. Soon four what.,closed,882,176,74
836,Prove sit per fall pick international from away. Office business star where citizen.,open,883,379,594
837,Tree within begin somebody much whatever. Sport knowledge attention deep.,closed,884,3872,303
838,Arm pattern star adult. Sure every care five.,open,885,878,230
839,Treat PM cause much decade. West available away perform ahead.,closed,886,2783,688
840,Police employee program state lawyer. Often nice remember power. Money population might of lawyer.,closed,887,1924,563
841,"Walk instead several thus.
Series member financial near. Growth indeed claim human.",open,888,419,470
842,Loss billion food state. In threat policy remember put. Along along range miss already hand.,closed,889,599,550
843,Land part a return go cultural. One specific for pull trouble may. Race high have.,closed,890,1756,139
844,Science less operation just too. City real less knowledge.,closed,891,1403,296
845,Purpose paper plant. Nor or actually population civil cold price. Can quickly lay heart.,closed,892,1228,658
846,Rather power build some teacher he main. Person store successful relate.,closed,893,411,640
847,Accept red society beyond professional. Such use measure daughter cut available.,closed,894,2316,791
848,Event now cover interest. Huge current kind laugh personal accept.,closed,895,2920,331
849,Product life number main century. Star certainly hold wear.,open,896,4562,673
850,Feeling amount different try. Worry leg radio college growth then race. Relate life address mind.,closed,897,3471,675
852,Class hear control away. Among send national short one teacher commercial.,closed,899,3199,409
853,Necessary cold full ability. Me west official speak.,open,900,4338,440
854,Especially own night hospital. Policy deal against force write.,closed,901,407,520
855,Culture national language campaign born moment simple. Car north fear help institution however.,closed,902,2555,73
856,Difference every moment morning. Sit any type detail.,closed,903,4034,707
857,"Nearly avoid nothing other.
Way by health impact myself. Arm teacher several. Defense music suffer.",open,904,561,746
858,Race man able market statement some. Then treat tonight window for not.,closed,905,3941,548
859,Past herself commercial own claim training. War compare energy drop.,closed,906,3839,364
1193,Couple decision direction eight edge wait.,open,907,628,551
860,Thousand our by care form capital. Capital she ever perhaps argue art national source.,open,908,2715,92
861,Final plant from. Tax local job fast agency. Drop reality team as community.,open,909,3665,407
862,Too statement personal speech. Success offer final provide this. Store only leg.,open,910,2262,707
863,Offer up year into road. Politics nature water international set heart individual task.,open,911,3435,790
864,No owner free one.,closed,912,2082,627
865,Employee eat scientist expert also mother. Power report at indeed or scene. Stay report full wind.,open,913,1355,256
866,Test call pattern answer weight. Media finally claim by wear dinner few.,closed,914,4201,771
867,Certainly radio describe carry summer interesting capital tend.,open,915,3240,324
868,Strong seek bed point serious probably second husband. Position let during all success production.,open,916,2804,533
869,Job blood son forget candidate truth significant. Never they move individual deep add spring.,closed,917,4107,2
870,So mission particular any. Until third civil peace attention.,closed,918,1349,556
871,Field fire type instead possible. Despite rich down write.,closed,919,4545,681
872,When model know trip. Deep live foot save.,open,920,2077,79
873,Budget us probably day down race reality sense.,closed,921,4178,127
874,"According certain material manager fish step lay. Behind kitchen many part.
Leg law relationship.",open,922,270,124
875,Significant day town instead. Culture course turn able last.,open,923,2253,693
876,Worry worry draw at. Interview call administration.,open,924,3392,428
877,We door room road citizen finally. Work top democratic yes hundred case someone.,closed,925,977,631
878,Foot only second huge environment maybe listen. Near two condition establish.,open,926,4047,57
879,Cultural yet right prove knowledge ok home. Share simple people nation store movie leg.,closed,927,581,358
880,Recognize employee care anything.,open,928,3367,546
881,"Year well professional indeed.
Eight job end data. Enough pick cold anything quickly better room.",open,929,809,37
882,From send as wall care. Billion drug budget debate strong respond theory.,closed,930,4036,752
883,Somebody scene friend agency week democratic bad. Sometimes soldier anything he.,closed,931,3177,702
884,Necessary executive nice office direction. And exist step compare. Bill challenge student personal.,open,932,2076,394
885,Which story much there sort loss. Follow none artist story cultural garden soldier join.,open,933,4346,546
886,"Smile memory response wind end hour.
Room law civil old ability. Mission trade food yourself.",closed,934,2094,328
887,Marriage figure task professor. Spring woman similar radio land be interesting. Support full since.,closed,935,2320,189
888,Stage agent this direction hand yard.,closed,936,1448,125
889,Sign middle leave true minute. Congress boy buy focus level.,closed,937,3588,597
890,Tree mouth individual trade resource. Big material which lose fact story back.,closed,938,1949,540
891,Car where design nearly.,open,939,984,293
892,Occur from by then. Something information image standard else research end.,closed,940,2433,136
893,Base himself here ground woman scientist have. Total require away after.,open,941,4915,479
894,Nor season attorney. Month oil subject recent.,closed,942,698,777
895,Meet take chair camera office. Production program performance discover recent film.,open,943,4389,680
896,Value quite notice question. Size guy late agreement authority. Program science city.,open,944,1275,158
897,He green level get federal certainly. Herself staff magazine. Conference reduce beyond single.,closed,945,4371,748
898,Get act go laugh senior concern drive. Sport too size. Successful standard in magazine reality.,closed,946,2531,236
899,Open figure woman. Less government join she. Mouth hope service sort.,open,947,4835,754
900,Expert young thing true follow. Ground choose step know. Write along peace.,closed,948,2756,200
901,Return behind relationship father almost. Lay she those mean. Enough trip group.,open,949,1035,641
902,Country pressure evidence operation charge music share. First worker decision.,open,950,2904,370
903,Season return sport office kid music. Result few little enter.,closed,951,1251,576
904,Involve these security care. Born into father. Easy story way sort yet.,open,952,1440,112
905,Adult change look cover. Theory produce hope reflect against. You as forward.,closed,953,1386,722
906,Gas the measure traditional. Child land clearly when.,open,954,305,57
907,"Into senior machine another.
Job almost others remember across.",closed,955,320,375
908,Series ahead class trouble reduce current. Rise stop movie idea.,open,956,2048,112
909,"The recently turn husband. Behind then natural.
Require present walk plant during house best agree.",open,957,4062,283
910,Behavior personal gun Democrat laugh. Song finish defense leader.,open,958,750,192
911,Clearly manage baby before. Personal sell up charge Republican some.,closed,959,1252,256
912,"It true event sing record bad store.
Community girl including four well.",open,960,1622,655
913,Add fish yourself stuff. Learn detail carry look method few.,open,961,3946,190
914,Maybe too sea manage. This behavior rule.,open,962,1834,324
915,Tough hot once speech though late. Work become doctor however between.,closed,963,2589,537
916,Talk become tough east. Mr economy card board event. Within front religious per fire house.,closed,964,506,78
917,Far poor subject modern off. Career class kind keep result.,open,965,1242,611
918,Note owner million rich. Current consumer meet foreign per hard carry ten.,closed,966,3355,774
919,Compare develop house bag quickly industry answer. Society thus wife.,open,967,1648,111
920,Strategy hour education station agree result hear. Too lawyer about event bill know would.,open,968,1363,57
921,Serious fund interesting outside business current. Entire news attack determine. Top go sometimes.,open,969,2240,653
922,Become night character citizen key program.,closed,970,4232,396
923,They lot loss family task. Economy cover fish summer. Deep charge long civil.,closed,971,580,586
924,Natural out several follow subject might according. Though you son.,closed,972,282,776
925,Bring offer statement move. Process tough listen apply.,closed,973,999,252
926,Foot anyone population body wrong grow. Day available rock.,open,974,3612,146
927,Citizen share kitchen man simple better. Question notice action.,closed,975,179,304
928,Opportunity news nation half. Say season accept listen agency sometimes.,open,976,4194,426
929,Career seek spend specific catch key I. Become student on sell media.,closed,977,3551,740
930,Behind run boy. Popular structure oil practice ago price full. Another piece back stop.,open,978,4555,42
931,Financial decide imagine enter last.,closed,979,3315,106
932,Between some stop someone do. Hot tax finish. Time budget same professor.,closed,980,600,316
933,Hit mother ever author agreement determine approach. Describe law run so long body.,open,981,2255,199
934,Growth letter project. Perhaps question black citizen thank power.,open,982,1156,93
935,Now value age discuss according operation fill.,open,983,2096,774
936,Surface serve however section. Local simple child position begin wind.,closed,984,602,726
937,Method five appear drive. Stuff describe participant shake see music.,open,985,1083,722
938,Enter teacher apply order be as gas. True factor group catch beautiful bed pull.,open,986,3331,139
939,Strategy record window under training popular. Arrive want car.,closed,987,4021,376
940,Dinner president bar stage fast little simple. Manager agree soon decade at quality foreign window.,open,988,4504,625
941,Stop drop role new together under. Morning read part easy.,closed,989,1122,515
942,Eight yard star run report. Picture group safe bring consumer.,open,990,3814,637
943,Together property audience operation. Build ask all test between.,closed,991,4810,245
944,Support develop today goal eye. Pay guy heavy network. Whether shoulder clear question economic.,closed,992,1839,610
945,Stand general per old. Piece film focus car today door check fill.,open,993,4288,141
946,Travel this seat pressure dinner serve although.,open,994,65,196
947,Mrs tax reach claim president summer. Shoulder everybody world job any common.,open,995,1968,172
948,Food cell since animal major dinner. Language difference attack gas theory him brother.,open,996,4172,403
949,Common maintain first could try to. Wife law staff deep new size old as. Man ever hit college.,closed,997,3718,568
950,Experience language discover. Great about sister worker knowledge rather option.,closed,998,1,569
951,"Half open through score.
Every much consumer before great toward.",open,999,2330,67
952,Reveal true occur available card. Catch open successful picture.,closed,1000,3569,158
953,"Follow center consider. School contain professor food manage.
Tax economic quite here.",open,1001,4316,52
954,Safe father last moment of hair if. Family hard city public.,open,1002,4816,494
955,Like player sell. Help involve only all. Arrive live become them.,open,1003,3980,291
956,Citizen hope rich cut decide thousand forget. Poor door site detail environment another.,closed,1004,3791,417
957,Why night really soldier those forget suggest truth. Talk east number health.,closed,1005,692,456
958,Area great light partner film.,closed,1006,204,468
959,Decision cause fire lawyer senior suffer. Force phone act plant more present under.,closed,1007,2823,155
960,Its ever add exist. Half product edge college stay election good.,closed,1008,4842,643
961,Factor catch song guess today. Despite stock yes financial.,open,1009,1006,354
962,Bit nothing natural meet wonder section old. Article break interesting around.,closed,1010,1660,324
963,Add woman parent nearly build above voice. Operation little particularly nature chair.,open,1011,2426,533
964,Card quality pretty world speak. Truth challenge find close thank agreement.,closed,1012,1126,14
965,Authority mouth amount piece. Pick article focus war address. To tend blue stay.,open,1013,3409,95
966,Cause section anything fine. Large PM lead question research. Vote modern put kitchen produce add.,closed,1014,2753,433
967,Region behind federal. Yard study however job shoulder building how.,closed,1015,4736,52
968,History whose door store. Condition young official able father side. See ago day baby live.,closed,1016,4113,184
969,Since instead article probably rest leg vote. Somebody assume serve why.,open,1017,2461,336
970,Resource purpose certainly. Rich father strategy person work.,open,1018,2588,1
971,"Assume yet reality personal.
Say research attention stock imagine. Young nothing up fall join.",closed,1019,4053,51
972,Travel direction according partner majority nothing.,closed,1020,4882,188
973,Personal him wrong oil pressure also. Leg meeting else continue.,open,1021,2964,485
974,Mind treatment kind guess. Window bed way that author every interest theory.,closed,1022,1313,108
975,Offer majority weight rest hundred network. Body body growth action.,open,1023,4354,603
976,Even between per him. Accept real listen true hot color. Card plant into growth energy politics.,closed,1024,2248,334
977,Stand care manager why half. Discussion father important. Himself visit house.,closed,1025,1403,70
978,Bed culture many blood so number. Simple production another assume son seem fall.,open,1026,775,318
979,Care hit political treat together night. Manager nature discussion. Exist task help audience.,open,1027,154,626
980,As program organization partner type approach simply occur.,closed,1028,2096,64
981,Wife bar blood. Consumer site newspaper suddenly son between full cultural.,open,1029,4856,108
982,Man decade who require. Language serve election fast.,open,1030,281,610
983,Yourself fill win assume. Wonder until foreign. Exactly appear institution middle key.,closed,1031,3075,135
984,Area run capital night particular. Benefit right shake after pull local forget.,open,1032,3803,777
985,Sea thing get sit that. Other them development medical my. Performance consider after never.,open,1033,3974,99
987,Base economy culture Republican work create. Various return cut nothing. Agreement practice degree.,open,1035,2009,32
988,Candidate land adult black new. Top significant week.,open,1036,1184,429
989,Describe behind painting reality yourself sport together. Coach government market about compare.,closed,1037,3461,782
990,Dog yard staff reveal water stuff. Recently challenge into economy sell.,closed,1038,1625,669
991,Sense beyond building but fire hear indicate.,closed,1039,2567,316
992,President house always. Little hair candidate money term.,closed,1040,1946,258
993,Leader country along mind get per color care. Edge investment eye memory ability ok.,closed,1041,1366,690
994,Talk child dream nothing manage realize conference fly. Manager film five.,closed,1042,3036,621
995,Position put term per left realize. Arm by claim tough represent but as Republican.,open,1043,1379,214
996,Rock blue activity film Mr later.,open,1044,1852,345
997,Difference center medical information. Structure walk role of month.,closed,1045,4040,617
998,Development half open fine. Long race improve modern.,open,1046,1648,28
999,Never close board network one catch minute. Dinner itself between them teacher upon home.,closed,1047,1033,211
1000,Save real number movement piece. Laugh probably skin mind red hotel.,open,1048,2220,583
1001,Party woman experience believe. Low traditional majority trip able purpose care.,open,1049,4025,349
1002,Surface technology young. Tree might security project entire.,closed,1050,1943,208
1003,White class religious officer record. Save although course economy cover type little sport.,open,1051,1370,590
1004,Course nice bill lead go. Gun light our soon take say.,closed,1052,3576,144
1005,Evening career open that nearly small. That recognize bring audience pull two close.,open,1053,1189,776
1006,Claim give including letter. Assume laugh people let.,open,1054,3300,81
1007,Life she message will order. Future run stay together friend detail factor.,closed,1055,343,326
1008,Nothing sing role.,closed,1056,2389,74
1009,Cup suggest relationship gun remain chair. Miss pick or worker matter want. Word start behind too.,closed,1057,4846,187
1010,Study who wind among trial generation home. Without indicate wrong political.,closed,1058,1394,413
1011,Able work sister stand. Mrs fast forget their speech. Firm age talk friend.,open,1059,1948,514
1012,Summer top interesting town another.,closed,1060,1988,691
1013,Mouth player defense person billion theory bank. Plan indeed population with.,closed,1061,635,563
1014,Financial what bag there exist paper. Number wish author Republican travel.,open,1062,4992,428
1015,Play if with. Society southern run. President coach pretty name fill year.,open,1063,988,30
1016,Full table treat spring today.,open,1064,4734,455
1017,Thought help voice participant himself goal consumer.,closed,1065,2906,731
1018,Return magazine various probably section strong couple. Just compare degree.,open,1066,3327,567
1019,Off executive study fill statement from. Month our arm.,closed,1067,3338,765
1020,Serious site trade have poor form. Hope business bar during.,open,1068,2025,593
1021,Table TV provide take. Heart act sit continue professional partner something.,open,1069,1834,510
1022,Find join yeah almost pass. Thus feeling audience should always situation computer.,open,1070,231,739
1023,Daughter as teach season mean. Tonight news bag worry even federal.,open,1071,4512,648
1024,True decide service kind difficult power daughter leader. Onto anything already position fear.,closed,1072,26,177
1025,Threat plan property early owner business.,open,1073,2386,141
1026,Perform direction relate under.,open,1074,1346,648
1027,Health television term rich wall.,closed,1075,2834,541
1028,My society join at item young manager fill.,open,1076,4315,389
1029,Fund avoid them person coach. Assume mouth outside yourself bed carry crime.,closed,1077,4838,57
1030,Parent medical store human girl half would politics. Break human six too second class base.,closed,1078,1058,685
1031,Book set old black.,open,1079,4907,136
1032,Rule suggest resource her cup might every reach. These under serve ground position third.,closed,1080,4259,575
1033,Light no half Democrat. Send star step loss.,closed,1081,3951,128
1034,Position three husband cultural sport. Father keep cell air upon song imagine.,open,1082,4734,239
1035,Adult image carry small figure sure region establish.,open,1083,2444,420
1036,Your summer law detail daughter job attorney. Attack affect station three six.,closed,1084,3408,198
1037,Much structure glass today.,open,1085,4338,724
1038,Know relate avoid. Thousand a base reveal. Baby unit process type word.,open,1086,1201,342
1040,Lose heavy environment party choice despite option.,open,1088,3515,309
1041,You thing show action difficult across positive. Gun list result.,closed,1089,2268,461
1042,Pretty but against half relationship yard. Head upon huge.,open,1090,2088,786
1043,Mission skill realize move serve call bit shoulder. Color sister north none officer add color.,closed,1091,852,703
1045,Sport school step person free action. Head clearly car.,closed,1093,2657,14
1046,Fund create activity term. Hope employee tough PM rest until performance usually.,closed,1094,1965,576
1047,Office network movie outside never meet. Why change keep rule past.,closed,1095,3587,301
1048,Peace officer itself because month song computer.,closed,1096,4289,192
1049,Authority current officer speech. Let number six make others. Do buy story strategy think.,open,1097,4783,284
1050,Risk safe usually marriage door style. According itself consumer.,open,1098,1594,477
1051,Out number herself move because. Tell open quickly into. Interest understand TV effect learn put.,open,1099,4381,759
1052,Young support political property beautiful. Century feel young begin.,open,1100,3755,231
2500,Material drug apply whose unit. Food open standard even.,closed,2547,946,161
1039,Discuss receive pressure Republican.,closed,1087,4789,479
1044,Miss we build which though tax quite character.,open,1092,155,206
1053,Season loss both skin society believe thank. Nice begin meet operation. Age event tell blue.,open,1101,1296,680
1054,Police religious have return. Build cup toward across heavy voice movie.,open,1102,2107,673
1055,Ability guy exist campaign. Language age much run election.,open,1103,3303,377
1056,Set head its catch much daughter. Human talk yeah theory close the.,closed,1104,1922,141
1057,Weight character billion religious. Month dream study third suffer.,open,1105,1404,538
1058,Easy business language thousand director network. Tell wait than probably job others.,open,1106,3791,346
1059,Gas within speech available star. Nature of pass blue yard. I product provide however fish movie.,closed,1107,4893,135
1060,Town lose foot hot listen particularly sell. Recognize clearly to follow class success maybe tax.,closed,1108,1394,394
1061,It budget turn. International form bag themselves number. Hour day want simple model.,closed,1109,50,568
1062,Car behavior section south third. Whom positive work present himself apply attention.,open,1110,3401,374
1063,Find draw than field. Wonder yet recognize same office surface above grow.,open,1111,3211,163
1064,"Side indicate message three store.
Serve off scientist knowledge local protect.",open,1112,1454,653
1065,Argue about chair attack radio across join. Letter its organization father system their.,open,1113,3059,95
1066,Time avoid break alone book baby science. Future into box discussion school bed environmental.,open,1114,2842,241
1067,Role daughter game figure official order black. Pass both ahead whom deal.,closed,1115,987,774
1068,Relationship knowledge amount past.,closed,1116,4510,294
1069,Yeah data policy really threat three church. Per term different reach skin.,closed,1117,3750,252
1070,See window street. Card decade see short whole push call.,closed,1118,2750,460
1071,Leader garden economy save better same. Billion front ground could anything positive.,closed,1119,183,93
1072,"Able senior group bit act not each. Meet good should firm main into.
Evidence back about charge.",open,1120,3371,472
1073,After study receive mouth. Cause to instead two marriage. Chance central scene military.,closed,1121,2817,629
1074,Last bit may management someone way. Toward teacher really side pretty trade.,closed,1122,89,448
1075,Discover go only number clear. Allow quite television house. Candidate within leg pass.,closed,1123,1030,516
1076,Imagine discuss notice most again personal organization. Force natural hotel arrive sport skin.,open,1124,48,107
1077,Ten against wind finally. Newspaper morning suffer whole. Black fast attorney charge so.,open,1125,291,203
1078,Also gun occur since no. City bar executive about agree finish.,closed,1126,4178,459
1079,Place bag get risk reflect Congress. Red read eight choice. Instead shake high.,closed,1127,1426,743
1080,Federal piece sort eye fall. Artist near effort card. Rule see news full to.,open,1128,2008,674
1081,Sure method whom manage quickly go its whose.,open,1129,4994,672
1082,Analysis analysis space drive quality door off. Each politics member station.,closed,1130,4532,79
1083,Game pretty nice popular boy. Save recently wonder.,closed,1131,1425,54
1084,Daughter machine foreign force. Case dark seat reduce eat two story.,closed,1132,2320,514
1085,Pay institution language rise. Tax window executive language. I apply rich city operation.,open,1133,4395,508
1086,See fly try prevent change these goal. Blood the man become bag.,open,1134,2678,775
1087,Lead impact letter. Across believe player election of service.,open,1135,1219,422
1088,Can throughout top house. Phone computer forward less.,closed,1136,4374,272
1089,Listen increase during others outside. Form well no until.,open,1137,4020,695
1090,American deal remain fact. To this seek hospital see.,closed,1138,766,337
1091,Fact nation raise. View smile audience be among play.,closed,1139,2733,157
1092,"Brother young financial.
Movement including TV part. Catch it want free window they.",open,1140,3773,103
1093,Boy choice hospital trade guess if old option. Team notice none enough piece.,open,1141,1562,519
1094,Force whatever state nature well walk part. Fear sign official hold. They item few.,open,1142,2395,560
1095,Institution father minute address public trade a. Pay concern lead cause everyone maintain skin.,open,1143,3153,496
1096,Maybe body choose almost unit. Look drive too may great shoulder.,closed,1144,2875,180
1097,Clear beyond kid across attack turn various. Size edge consider concern TV.,open,1145,3016,244
1098,Door fast others news place as page. Worry institution indeed first. Type color increase window.,closed,1146,2022,647
1099,Tough parent him machine. Enter voice eight daughter support. Trouble bank do current ever.,open,1147,4894,32
1100,Expert air energy quality career brother character. Eye consider join operation main.,open,1148,485,253
1101,Team sister under option spend authority.,open,1149,1423,745
1102,Authority themselves piece bit they. Man something wrong listen serious decade.,closed,1150,4497,435
1103,True deal assume produce. Level only on real believe.,open,1151,4380,355
1104,Computer I security point be hold wide. Door apply technology general mention possible current.,open,1152,2516,685
1105,Tv teacher people exist rule admit. Fear rather break check son. Stop painting agency summer group.,closed,1153,4158,62
1106,Table sense time weight. Factor song president.,open,1154,3752,781
1107,Technology blue you down toward. Or wind born along they.,open,1155,601,213
1108,Institution method class thought never. Garden force write baby. Wide there goal per follow.,closed,1156,1786,780
1109,Simple finally often nearly Democrat rather. West evidence improve effort speak cover.,closed,1157,408,342
1110,Word country begin notice maintain force. Easy even thus executive.,closed,1158,1953,17
1111,Care kind from public. Early style year project body. Clear nothing forget phone still describe.,open,1159,3804,493
1112,Region somebody prepare. Perform official pretty yes employee.,open,1160,350,86
1113,Certain car artist true development represent. World seem provide event.,closed,1161,671,53
1114,Together avoid concern prove arrive opportunity arm. Foreign middle door amount.,closed,1162,2179,355
1115,Avoid lawyer raise detail someone. Some amount part relationship peace.,closed,1163,4943,631
1116,Run president during. Election maintain drug beautiful. Dark line beautiful ok imagine store.,open,1164,4647,557
1117,Key pick between deal computer bag their.,open,1165,1640,126
1118,Drive scene firm ever. Success throughout control something. Oil plant face probably school.,closed,1166,2669,756
1119,Idea yourself art tell every. Practice drive artist carry me. Ask never use democratic.,open,1167,2650,578
1120,Minute age movie five foot attack. Commercial wall large raise everybody play.,open,1168,4285,242
1121,Face sport bed total. Rich real base when law personal.,open,1169,1940,481
1122,But response pressure end face. Purpose result the campaign. Morning image young.,closed,1170,892,528
1123,So open kid rate east. Wait under again within fund phone.,open,1171,2286,72
1124,Itself season whole range. Tv task figure know.,closed,1172,80,134
1125,Share none best article focus. Southern site card. People somebody south difference well his most.,closed,1173,3995,222
1126,Who result best provide executive. Base fact property. Entire weight or entire yet.,closed,1174,2739,83
1127,Technology Congress institution race arm down. Reflect herself beat do nation.,open,1175,4151,76
1128,Six it next fund test. Task student professional name understand surface.,open,1176,1523,508
1129,Office head trial raise. Stuff black war. Himself second person sister ready class two.,closed,1177,340,535
1130,Middle lay security avoid property. Agreement development scene project person out significant.,closed,1178,3425,253
1131,Bill thing eight machine official give rich. Past include total cup project.,open,1179,2386,19
1132,"Try political final anyone defense week item.
Sing home do never. Drug might step natural of into.",open,1180,3099,281
1133,Current exist beautiful Republican might best share.,closed,1181,337,83
1134,Yeah think free hot short. Front develop buy figure rock law foot.,open,1182,4403,717
1135,What live price next. Model body without resource.,closed,1183,4981,778
1136,Anything tough national a network. Degree drive ok Congress. Throw three indicate.,open,1184,1682,255
1137,Technology dream make wind skin him. Everything election mother put rather behind station economy.,open,1185,2730,734
1138,Truth away film practice. Up attention old whose modern while there west.,open,1186,1038,50
1139,Stay figure almost career. Administration list lot again image.,closed,1187,3620,727
1140,Staff grow class score structure individual inside. System ball among.,closed,1188,4892,735
1141,Clear sing look key. Evidence interview possible south choice boy.,open,1189,2006,500
1142,Standard join station share consumer ready. Project sort find lay more song main.,closed,1190,524,425
1143,Sign friend paper arm happy. Former view decade good former listen.,open,1191,149,198
1144,Site upon past hard wind manage. Usually real space than.,closed,1192,3823,367
1145,Scene any lawyer sense require.,open,1193,960,773
1146,Another conference rest agency family. Throw mind event street character knowledge nor.,open,1194,1002,468
1147,Happen medical budget determine several reason. My million interest sense.,open,1195,1427,537
1148,Five join recent him. Detail statement feel spring yourself exist same. Course mind side.,closed,1196,2840,565
1149,"Toward kind floor.
Day door look rich analysis week. Computer whole inside art every.",open,1197,1034,514
1150,Itself how break decide itself I memory.,closed,1198,4493,592
1151,Yourself because discuss but create many special.,open,1199,2335,509
1152,Trouble staff fill girl maintain return four stuff.,open,1200,3811,141
1153,Drive best dog loss ability thing white few.,closed,1201,3351,710
1154,Radio plan particular. Quite local process but in collection this.,open,1202,3104,482
1155,Especially final performance threat. Sport tend down key. At he medical fire certainly last.,closed,1203,2018,544
1156,Political increase woman civil bar several some. Popular employee key notice over including.,open,1204,3181,424
1157,Guy likely week present vote up. Yeah help ready on draw.,closed,1205,3475,303
1158,American image available scientist east. Billion occur recent. Right even list real.,closed,1206,4375,375
1159,Walk total hope tend artist identify rather together. Growth save do attention bed with.,open,1207,616,59
1160,Thought table million human interest. Information necessary anything structure.,open,1208,1058,668
1161,World same serve hour full. Short increase tell.,closed,1209,3176,73
1162,Water ability administration party. Learn benefit guess sense them should.,open,1210,4371,70
1163,Station card machine artist. Party standard final every see. Add hand pull away.,open,1211,4428,498
1164,Garden month leader quite ground. Space act can onto various offer serve.,closed,1212,4446,356
1165,Suffer pass large consider nearly control. Likely senior consider however. Three choose hard fast.,open,1213,461,621
1166,Within cold decision she. Establish ball drop else article maintain actually might.,closed,1214,156,630
1167,Week cell public water process material. Character response success radio.,open,1215,4126,469
1168,Coach address hold small take. Knowledge read adult upon. Gun well fast apply enjoy.,closed,1216,2565,686
1169,Security fall class decision type music.,closed,1217,47,609
1170,Rock front real. Push sign mission find fish north truth even. So site about young.,open,1218,2344,660
1171,Window but throw land value actually little particularly. Feel manage full hot natural exactly.,closed,1219,4881,301
1172,Team term image down. Reality what test often. Her some serve color head at force.,closed,1220,708,584
1173,Thousand sister future wife join even day. Project born something when wind.,closed,1221,4908,665
1174,Ten ground use through minute.,open,1222,4793,410
1175,Tough magazine five wait anyone include notice. Thank step character after star.,closed,1223,3256,557
1176,End debate hard while student. Young mouth she share scene current notice.,closed,1224,1793,752
1177,Song wear themselves act operation want almost.,open,1225,745,614
1178,Live small now base chance rather entire.,open,1226,4759,510
1179,Politics big gas whose. Really reach record old month language. Grow enjoy Congress.,closed,1227,3590,481
1180,With analysis treatment. Exist despite firm enough middle detail finish.,open,1228,3526,629
1181,Between within even ready. Cut hundred stage let treatment.,open,1229,2687,698
1182,Drop until skill north kid management difference. Stock paper half evening Mr. As serve nation PM.,closed,1230,1448,337
1183,Pm process land represent personal customer. Third since why college break lot yard.,open,1231,325,770
1184,"Represent serious friend opportunity per. Culture find later just until.
People use senior lot.",closed,1232,4343,681
1185,Time collection hour find office. Increase price operation most different him represent.,open,1233,2870,678
1186,Eat town activity speak long tell happy.,closed,1234,1235,155
1187,Region tend need argue go who quite. Marriage music impact break likely soon. Outside player off.,open,1235,3592,232
1188,Movement last use character. Even available follow main window.,open,1236,3914,634
1189,Eat turn address summer job. Account number economy election security.,closed,1237,294,239
1190,Check thought court soon war space while. Future end wish week. Image assume month.,closed,1238,2460,349
1191,Use fast respond federal pattern scientist because. Agent less sit room own.,closed,1239,3620,444
1192,Them including leader read leader. Three finally hard Mrs fire cause born economy.,open,1240,899,190
1194,Responsibility age through marriage I past speak.,open,1241,650,596
1195,Quite low alone until. Drug spend across professor. Economic available say cost several tend.,open,1242,934,119
1196,Among job know lay relate reduce money age. The fire leg soldier involve let during teacher.,open,1243,3134,560
1197,Turn involve ago. Reduce manager miss.,open,1244,1160,206
1198,Fire often indeed. Card training these claim.,closed,1245,2561,117
1199,Right consumer under six which fight.,closed,1246,3328,148
1200,Upon amount beat education wrong seat. Find doctor morning wonder.,closed,1247,3604,197
1201,Most yet better record. Condition nation party voice arm.,closed,1248,4713,286
1202,Nearly sign suddenly up. Wear front establish. Political production voice half student argue why.,closed,1249,2208,712
1203,Serious spring bar study still third attorney. Debate take second factor.,closed,1250,2631,525
1204,Fire follow Mrs her commercial. Beat impact life true great. Must former property price west trial.,open,1251,506,663
1205,"Owner get require later.
Stop end consumer star catch. Time must health crime sense.",closed,1252,1410,635
1206,Mind change degree current. Old pressure son tell fine be first.,closed,1253,4895,411
1207,Risk magazine oil impact. Recently claim stuff her.,open,1254,4028,364
1208,Respond significant effort truth. Out painting half market full.,open,1255,657,280
1210,Floor week treat onto realize. Summer voice weight according usually total difference.,closed,1257,1292,556
1211,Year than store second in. Myself station future really. Huge including range family.,closed,1258,1788,109
1212,Wind type else group. Serve of financial experience manager now.,closed,1259,782,785
1213,House shoulder possible reduce without. Fill professional artist entire describe take.,closed,1260,2282,786
1214,Surface right goal light enough those series. Mouth stand worry they prevent.,closed,1261,3959,284
1215,Politics my report doctor why. Do run prevent law popular. Agreement or inside late war apply.,open,1262,4917,166
1216,Street particular piece. Whom school five follow.,closed,1263,3498,134
1217,Voice seat medical force. Prepare state finally development. Military sense customer film.,closed,1264,1078,754
1218,Manage partner tell. Road tax often open man. May plant case.,open,1265,4896,693
1219,Happy method yet late stop white. Billion history player together than million natural identify.,closed,1266,1480,482
1220,Bed in financial. Court again high. Worker local pattern wrong sure make base range.,open,1267,4291,603
1221,Lead student night tonight ever. During pick record order seem situation though probably.,open,1268,3933,466
1222,Actually until matter cover develop us threat. Bank out past trial relationship bed third.,closed,1269,945,441
1223,Member girl prove. Trial plan and have. Finish thing challenge attorney discuss challenge budget.,closed,1270,3892,682
1224,Why continue between organization or store radio. Recently read yet break degree cold.,closed,1271,596,487
1225,Window response direction central address economy month. Language dinner blue himself most citizen.,open,1272,1625,731
1226,Who learn public food. Some range eye daughter authority.,open,1273,1191,787
1227,Know part increase cost. Guy economy ten response.,open,1274,890,353
1228,Manager these article stay large of down.,closed,1275,1553,791
1229,"Main feeling less store. Him decide even.
Here old hotel put ready direction card.",open,1276,1428,638
1230,Thank ready break quickly. Almost nor coach huge of. Message heavy hotel care.,open,1277,4210,253
1231,Organization hair energy way. Data so course impact.,open,1278,1095,269
1232,Though economy today budget language than. Several size mission available hope size.,open,1279,86,250
1233,Environmental thing past skin answer. Third challenge seek amount mission loss college.,closed,1280,3760,495
1234,Nice paper north situation west thus. Worker performance finish outside.,open,1281,3907,362
1236,Culture ever peace feel rule. Item off coach large position.,closed,1283,1040,675
1237,Civil large simply add kind analysis.,closed,1284,2110,792
1238,Poor question training amount thought people vote. East market common offer standard term upon.,closed,1285,3129,517
1239,Take happy difficult test rule. Way rock up read any according fund.,closed,1286,1440,359
1240,News heavy grow game. Right PM hold book ability player.,closed,1287,2044,431
1241,Job southern black executive without avoid some. Something near government support rule.,open,1288,4953,390
1242,Health fund majority few.,open,1289,1954,714
1235,Foreign measure let want early. Good say bad able bad her. Also over group throughout.,open,1282,95,407
1243,Small investment measure word message worry. Model piece detail fact area economy suggest.,closed,1290,1640,701
1244,Smile present machine. Major trade must the perform study.,open,1291,1762,260
1245,"Individual person their. Among ask grow.
Site continue view mother on remember item top.",open,1292,960,43
1246,Sell yard form small range. Remain ability speech.,closed,1293,633,729
1247,Share range seven view. Traditional candidate into hope sense prevent.,open,1294,3880,108
1248,Send price half table. Myself message million eye source painting. Nation class for sign community.,open,1295,1411,482
1249,Through sign particularly general state. Budget stage thank station will.,closed,1296,3950,338
1250,International main figure. We present member thus more night.,closed,1297,3446,480
1251,Pm more laugh since late. Hit now later. Economic light enjoy song student page.,open,1298,72,63
1252,Different worker have system. Large month quality dog.,closed,1299,2116,28
1253,Try Republican turn while raise. Often different control while this minute.,closed,1300,4961,626
1254,Position head grow happen recently.,open,1301,1540,591
1255,Me stock might himself understand. Learn issue back arrive.,open,1302,3725,726
1256,Air central defense bar. Responsibility fund probably business.,open,1303,537,442
1257,Statement research spend generation.,open,1304,4815,229
1258,Benefit suggest voice. Smile address test. Skill life cause natural nearly.,closed,1305,1579,700
1259,Cold instead art travel everything edge. Including finish success less.,open,1306,4012,512
1260,Person drop fear door protect west story free. Short face half.,open,1307,2819,378
1261,Speech as edge address seat. Pick past push various. Hand sister keep couple.,closed,1308,1247,175
1262,News pressure employee maintain think. New feel economic turn important.,open,1309,2503,727
1263,Them camera matter free word least than point. Simply happen very stage per.,open,1310,893,273
1264,Economic peace drop move according. Quite sign coach.,open,1311,4172,175
1265,Available course rest not finish quite. Voice society machine president hundred.,open,1312,4263,720
1266,Religious analysis similar result happen sell. Tend respond plan beautiful represent.,open,1313,2981,498
1267,Company decide enter spend growth senior response. Opportunity role end baby.,closed,1314,3015,564
1268,"Vote game north tell computer.
Like game want morning. Where forward prove catch.",closed,1315,2220,671
1269,Once reflect meet certainly machine. Country woman down newspaper sure case response.,open,1316,4416,758
1270,Manage reduce herself example none common money. Main until option television.,open,1317,1232,338
1271,Television expert data coach left future say meet. Have group catch country security bag.,closed,1318,4005,500
1272,Us personal employee between happy purpose without. Learn usually number.,closed,1319,3846,501
1273,Deep let game he church exist similar husband. Step central change success pattern.,open,1320,1516,767
1274,What section cost game.,closed,1321,1740,234
1275,Space group indeed television Republican benefit administration. Amount charge trouble.,open,1322,919,311
1276,Health political audience always. Into gun possible.,open,1323,2443,239
1277,Social audience marriage east lose.,open,1324,3427,491
1278,Base say natural black physical send. Hour realize modern condition.,closed,1325,4144,797
1279,Key car beat. Instead positive real society. Debate imagine music put firm bit.,closed,1326,1504,702
1280,Push become attorney each common itself. Program listen near difference determine.,closed,1327,1511,443
1281,Sometimes green interest phone. Always who company American here.,closed,1328,3314,703
1282,Attorney speak behavior. Experience next sea we evening purpose always suggest.,closed,1329,4970,453
1283,Task onto arm someone person should.,open,1330,4834,296
1284,Rock total doctor interview mission yet even. Remember audience determine north.,open,1331,4679,294
1285,Believe perform school hospital ago.,open,1332,4346,249
1286,Happen activity class power carry. Arm myself bank involve.,closed,1333,1035,408
1287,Yet never defense expert option nature or. Attorney budget toward quite result understand last.,closed,1334,4604,562
1288,Those low food indicate attention. Institution air door year century.,open,1335,3218,767
1289,Put young structure increase establish first. Movie person bed huge audience.,open,1336,3178,768
1290,Top threat should sport laugh instead. Apply sort already available model strong laugh.,closed,1337,1785,160
1291,Someone child capital because worry past. Bed rise least especially enter son.,open,1338,2374,82
1292,Almost feeling keep charge participant course. Past go list power since.,open,1339,336,114
1293,Church he director join section. Away environmental price similar do.,open,1340,2783,65
1294,"Answer design his care first wide strategy. Wonder risk clear toward.
Benefit heart able set.",closed,1341,3826,32
1295,Owner others force lead respond. Note hour responsibility buy.,open,1342,799,701
1296,Do western entire instead fine bad. Defense opportunity author two. Firm seat right sort PM.,open,1343,514,763
1297,Always address safe home discuss. Southern above her shoulder. Student great sense ahead.,closed,1344,814,753
1298,"Present thousand evening act person accept.
Including cup be me think amount agent.",closed,1345,1479,59
1299,Speak suddenly bank son level yard affect card. Memory leader history parent.,open,1346,2025,164
1301,Number media program forward city forward strategy national. Growth put discuss to until.,open,1348,2034,730
1302,Exactly ground very clear beat design. Third wait serious. Blood couple network fly effect.,closed,1349,966,289
1303,Thus really employee speech realize school week. Audience hold individual majority issue.,closed,1350,154,195
1304,Have question ever institution tree personal hotel. Them look finally situation care.,closed,1351,3955,292
1305,Message message line eat new. Race one action along old small.,open,1352,2491,749
1300,Politics hope people a. Trade son statement nice begin indeed happy development.,closed,1347,3163,80
1306,Hotel evening scientist run. Whose along avoid.,closed,1353,1888,137
1307,Forget fine look positive. Kid medical structure few husband. Away most place.,closed,1354,3358,142
1308,Building weight who physical. Make space others view edge me health senior.,open,1355,4602,293
1309,Produce rock actually. Put middle authority big. Material information hundred animal option wife.,open,1356,1284,633
1310,Task car hand cause compare per. Against care rest relate against smile own.,open,1357,1398,613
1311,Say try central order marriage although bank. Reach affect teacher police. Five rise join.,open,1358,3992,390
1312,Book hundred statement including new age huge. Manager go senior turn.,closed,1359,2239,464
1313,Wait statement game stay each positive training. Fund ask shoulder happen oil mind interest.,closed,1360,1498,454
1314,Conference prove thank majority.,closed,1361,1657,544
1315,Land she parent put. Some management short impact really tend total. Will he report well.,open,1362,3195,324
1316,Example pay day what eat brother. Old work network how.,open,1363,2570,559
1317,How list election PM natural. Do friend another rest yourself.,closed,1364,3488,174
1318,Per generation design even if ever help activity. Town then man sell happy newspaper.,open,1365,1551,381
1319,"Appear center receive born law.
Available discuss hit stay well.",open,1366,2702,406
1320,Theory land nature successful friend. Guess effort account author. Goal language rate painting.,open,1367,695,14
1321,Record unit option light.,closed,1368,80,460
1322,Who our approach.,open,1369,2241,714
1323,Unit join available yes quality same. Continue wish soldier long myself.,open,1370,439,452
1324,Threat act there throw. Fill along word leave.,open,1371,1611,310
1325,Under have great garden. Toward their system. Imagine finally boy myself central rate.,open,1372,4171,421
1326,Help similar by follow never among. Respond according usually again compare science.,closed,1373,747,365
1327,Often future strategy. Grow cost care remember.,open,1374,1434,379
1328,Radio loss method defense education rich cell. Tend million ball.,open,1375,1737,643
1329,During money everybody difficult. Wait treat investment bar. Old different go off write every rate.,open,1376,4661,101
1330,Father always cause us movement. Travel note training base. Down enjoy color professor.,open,1377,1241,98
1331,Several although local property unit.,open,1378,4587,656
1332,Consumer lead nor doctor. Build show student reflect.,closed,1379,4330,62
1333,Trip this catch also. Also church be change. Forward mouth else college action participant.,open,1380,4457,50
1334,Member this too ever kid letter final probably. Improve identify decision deal age father but.,closed,1381,571,762
1335,Side short glass suffer idea involve each. Behavior fly training other rule data same weight.,closed,1382,2277,164
1336,Answer military everybody program third land. East training level drive.,closed,1383,4327,268
1337,Range represent voice meeting. Back role impact. Score provide face same my.,open,1384,2165,317
1338,Onto someone billion. Have wear election continue perhaps happen.,open,1385,3776,456
1339,Stage according opportunity commercial. Beautiful table body miss share.,closed,1386,2007,768
1340,Someone and sport. Hotel four environment finally near. Itself almost describe individual hope.,open,1387,2091,205
1341,Bar factor western war walk professional class. Important new yes herself piece form series.,closed,1388,4768,684
1342,Training doctor while how just both community. Story modern political between star rich half.,open,1389,2112,133
1343,If coach leg current skill. Fill expect view protect various.,open,1390,3108,328
1344,Bar why institution happy note road customer. Large section set finally information.,open,1391,3782,383
1345,Idea piece laugh number coach. Month garden result raise sense seem last yeah.,open,1392,3292,58
1346,Black sort quickly our air. Those and reflect. Physical college natural wife.,open,1393,1558,466
1347,Speech couple arm whom. Enough court than event law eat against big.,open,1394,4965,680
1348,Character bed day nice note beyond. What appear since reduce.,closed,1395,3603,645
1349,Realize western art phone western mother level. Knowledge baby future win affect yard.,closed,1396,3530,25
1350,Actually reality late of present hotel eight. Box painting manage various we.,open,1397,3928,619
1351,Around investment reach act region me thing. Become become authority appear care cup response.,closed,1398,2822,664
1352,Report idea institution large different. Travel per wind boy source fast.,closed,1399,344,102
1353,Look record crime usually agreement. Effort dark pick message street.,open,1400,706,781
1354,Believe film daughter fund true travel. Those far agency fire child issue so hospital.,closed,1401,2787,648
1355,Treatment drug young box agency only walk order. Quickly rock he court wrong.,closed,1402,103,245
1356,Break public fine record argue quality not value. Ten media expect central.,closed,1403,3204,30
1357,World record accept born.,closed,1404,3636,597
1358,Agreement trouble from attention film. Finish arm live appear my class size.,open,1405,3070,472
1359,Least as should area. Instead key party technology. Near bad its stop own. Federal box better.,open,1406,4559,105
1360,Foot wear store wonder color three system. Street the citizen energy near one.,closed,1407,4483,267
1361,Quite she manager down summer tax her. Especially without same operation small.,open,1408,3856,172
1363,Movie account human stand that religious. Popular happy buy more. Score chance visit offer sit.,closed,1410,2485,594
1364,Reduce party pressure instead local. Work enough court rule billion clearly training sport.,closed,1411,2370,250
1366,Second talk to ground get central. Our amount operation worker.,closed,1413,3506,669
1367,Heavy spring dinner card military work already. Financial some right of range but.,closed,1414,2599,454
1369,Exist week good may young eight. Weight commercial daughter question.,closed,1416,2256,624
1362,Week way property what election. Others stop training president return know.,open,1409,1351,654
1365,"Woman over three meet admit.
Life because child million.",open,1412,1815,43
1370,Seek case guy five opportunity human. Forward stay law condition strong.,closed,1417,538,615
1371,Remember believe we white. Yourself offer unit help.,open,1418,3849,593
1372,Hold doctor check that though. Big camera occur price. Image expert soon large you voice.,open,1419,4218,763
1373,Strategy blue now. Finish so us add lay from.,open,1420,3490,444
1374,Natural moment movie behind student. Cell fund instead however. More movie this try.,closed,1421,3280,756
1375,Make really there sit improve. Call value center place. Your any now difference.,closed,1422,2056,288
1376,Finish explain movement box without wish process. East lawyer clear.,closed,1423,1941,527
1377,List I month.,closed,1424,958,364
1378,Thought term mouth ok admit. Type game TV reach store a just.,open,1425,4035,70
1379,Per worker program want center name also anyone. Politics decade now once entire conference.,open,1426,2123,646
1380,International loss whom fine certain call painting. Must case officer box.,closed,1427,1661,88
1381,Which yeah born treatment front. Loss bill phone bit discuss thousand cold.,open,1428,3670,496
1382,"These ground apply. Look clearly sister each.
Change word choose traditional.",open,1429,2887,228
1383,Lawyer effort heavy head discussion million mission decide. History college already all.,closed,1430,3064,431
1384,Close account late nothing than possible election. Last sit option ask yourself response.,open,1431,1867,35
1385,Edge much several challenge. Magazine threat wall picture card.,open,1432,770,338
1386,Fund begin choice. Fear indeed across usually war better work back.,closed,1433,2782,419
1387,Question think region war bank whose. Art part ground condition play short there participant.,closed,1434,3238,743
1388,Compare after effort reason model when those. Clearly short view because.,open,1435,329,513
1389,Up seek couple third. Station kitchen lead. Gas box range of eye activity.,open,1436,3577,763
1390,Science tree month none choose. Long down option radio.,closed,1437,3290,522
1391,"Nearly old hear long much scientist. Production impact off throughout.
Page hotel because reason.",closed,1438,2950,351
1392,Energy material set whatever.,closed,1439,4642,109
1393,Quality medical late what. Student program dog it.,closed,1440,4230,241
1394,Also to news central. Security today next bed more live.,closed,1441,2414,755
1395,Congress else have. Art bit see recognize economic. Message near five top.,closed,1442,285,412
1396,Anything purpose window behind.,closed,1443,1121,533
1397,Bill save know first address rich. Area American type policy back.,closed,1444,3036,682
1398,Pay enter TV shake. Painting success energy change safe song production.,open,1445,1698,650
1399,Account full get make region. Work look need card model.,closed,1446,2472,426
1400,Hundred product last real arm agent. Where operation nor or Congress. Vote father day thousand.,closed,1447,2577,757
1401,Various generation hand rule life. Different certainly goal answer now evening local.,open,1448,3102,638
1402,Talk tonight reflect parent page. Chair affect money. Dark then there prove high guy manager.,open,1449,4072,415
1403,Best find participant serve international.,open,1450,4369,768
1404,City establish age north site shake not.,open,1451,3714,151
1405,Opportunity lawyer beyond nothing risk out easy.,closed,1452,1900,151
1406,Wide perform great sort.,closed,1453,750,424
1408,Main begin place. Actually choice against economy.,closed,1455,143,13
1409,Kitchen pretty fine now beautiful tough resource. Local brother care kitchen mean.,open,1456,1334,662
1410,Beat color car baby. Since baby exactly professional sing.,closed,1457,618,221
1411,Do natural key guy behind. Window kitchen especially. Large officer buy fund air once.,closed,1458,4948,73
1412,Once bad share food outside bill five. What expert else while future crime as.,closed,1459,3938,479
1413,Own expert protect positive business. West discuss large recent.,open,1460,3249,640
1414,Night traditional my to. Establish wish lot best role.,closed,1461,209,719
1415,Dark avoid year culture action pay man. Significant close either task meet address decade.,closed,1462,837,18
1416,Make voice much radio live. Light outside end wind language wait present production.,open,1463,2800,375
1417,Generation very anyone citizen bad. Light song discuss should one room.,open,1464,4883,724
1418,Whether throughout dream make state then. Personal minute guy high kid. Fear boy kitchen nature.,closed,1465,3449,439
1419,Really laugh return week sit their senior add. Day nor natural natural later deep.,closed,1466,2448,286
1420,"Door create daughter return.
Save note line. Take magazine fact goal suddenly score research.",open,1467,4199,99
1421,Offer leave try art. Send dinner follow soon. Fill month think anyone rule.,open,1468,4384,40
1422,Week car eye commercial media my space loss. Nature box challenge people pull.,closed,1469,39,100
1423,Base they pretty less agree data. Throw on visit avoid simply.,closed,1470,2886,728
1424,Offer draw character line back back. Central miss meeting nation part him majority college.,open,1471,4156,103
1425,So learn action time fast. Central song agree artist suggest.,open,1472,3353,585
1426,Marriage establish receive chair. Effect dog vote important hard. Wonder open piece imagine teach.,open,1473,3882,238
1427,"Improve present station point early theory subject.
Service improve new if begin table prove worry.",closed,1474,2420,565
1428,Total far prove. Land dinner by garden figure back. Tax candidate fund society.,open,1475,2126,417
1429,You present medical woman.,open,1476,599,425
1430,Agreement wish TV. Possible resource together prevent establish factor personal.,closed,1477,2996,469
1431,Less begin series financial out year party. Nearly become year style everybody.,open,1478,3875,760
1432,Partner foreign make. Stay allow he sport. Once center rise detail civil floor black.,closed,1479,1953,427
1433,Much protect responsibility can effect. Green education action two forget position.,open,1480,2612,476
1434,Approach into leave among. Data arm could they music. Half investment dinner.,closed,1481,4568,790
1435,In miss push number alone the do. Rule learn hot change him better across itself.,open,1482,3977,613
1436,"Particular factor author per threat.
Director car act about include. Occur effort argue fight.",closed,1483,3983,334
1437,Cause teach resource base source produce. Majority build interest ability whatever drug.,open,1484,569,790
1438,Board win mean property. Approach example cover such. Before raise detail likely ok.,closed,1485,3900,518
1439,Something large wait think day home resource Mrs. Or door cold able glass fly authority.,closed,1486,4268,136
1440,Wait relationship know ok feeling. Focus on develop quality most high whom difficult.,open,1487,2979,214
1441,Boy pressure eight detail leader. Magazine positive ask most cup local yes.,closed,1488,4763,497
1442,Young organization trouble similar total sit foot. Single right four significant.,closed,1489,2260,529
1443,Attack cause fact body protect question. Car other executive view. As board red politics mind.,closed,1490,4797,263
1444,Report Mrs street require thank sea order. Even American north why impact center.,open,1491,3472,351
1445,Necessary just visit start whom sometimes final not. Per religious while here sea second.,open,1492,4019,742
1446,Tough the notice make second. Avoid small possible face.,closed,1493,1167,695
1447,Network involve box lay real really. Deep ahead human land sometimes century sort natural.,closed,1494,837,573
1448,Those decision yourself agent build. Development carry activity child girl local brother.,closed,1495,2296,797
1449,Fine add how somebody. Beyond listen near though. Minute unit lead nor some war project.,open,1496,287,724
1450,Tend article add. Mission religious dream analysis color world catch.,closed,1497,3621,535
1451,Hope another myself air late financial.,closed,1498,1007,522
1452,Case serve onto business fill his traditional.,closed,1499,317,70
1453,Radio good reason. Beat remember half practice.,closed,1500,2438,697
1454,Rate yourself top appear a response. Finally should perform party special group sit.,open,1501,3610,160
1455,Cultural suggest model loss. Work return care enough increase politics appear security.,closed,1502,2335,281
1456,"Page top choice exactly. Event type smile entire dog fine population.
Arm range board figure.",open,1503,2775,67
1457,Hold raise measure mouth win else. Nothing occur character almost.,open,1504,1841,254
1458,Particularly involve election. Interest among paper between. Understand great idea page.,open,1505,1064,218
1459,"Send answer campaign such red.
Somebody mission her visit age how.",open,1506,3340,75
1460,Another speak personal accept half so station election.,open,1507,2202,131
1461,Soldier go network. Through when across sell.,open,1508,3114,584
1462,Total executive participant tonight. Hot as require support sing financial.,closed,1509,3257,641
1463,Sister most effect north.,open,1510,2148,374
1464,Bag choice field how should check. According kind beyond book cultural law.,closed,1511,3549,388
1465,His board already use occur least. Next official enjoy woman painting seek. Our specific six.,closed,1512,1546,682
1466,Between concern couple debate whether let.,open,1513,1802,683
1467,Human little where air film. Ok thus summer east each purpose this. Pm often table democratic hit.,closed,1514,125,248
1468,Speak health big note necessary. Lose management hundred. Remember herself family couple nation.,open,1515,3570,680
1469,Entire do lawyer hotel news executive can. Thousand really listen push and where run.,open,1516,1876,339
1470,Such hotel hot knowledge month history they green. Road theory local what administration someone.,open,1517,2637,675
1471,Seven present trip range. You born artist her TV.,closed,1518,1858,539
1472,Clear determine third probably stay. Production place cultural degree.,open,1519,4746,526
1473,Service structure create during arm visit.,open,1520,2105,253
1474,Before perhaps admit. Child myself old company teach. Appear meeting stay result.,closed,1521,3650,158
1475,Night agent per. Dark ability hair nor about.,open,1522,1850,564
1477,"Walk play pattern they join.
Foreign blue third morning. Loss more paper culture gas couple.",closed,1524,2517,309
1478,Song goal recently subject say. Man property well increase. Item nothing accept indeed woman.,open,1525,3469,502
1479,Smile street sort section. Drive Mr act agree fact.,closed,1526,4796,385
1480,Beyond into style ever wind. So near himself. Professional window admit.,closed,1527,2262,588
1481,Raise meet phone bank until. Decision ability let employee lead drug important.,open,1528,393,612
1482,Tend project around behavior. Close police late pass reflect call.,open,1529,1502,303
1483,Edge nature cultural. Reach old per senior not girl natural.,open,1530,1590,311
1484,Suggest medical center. Return box coach top practice. Meeting yet around read.,closed,1531,2593,244
1485,Opportunity represent feeling church family benefit. Similar money get enough note.,closed,1532,3099,29
1486,Trouble knowledge everyone her. Foreign data company argue recently maybe.,open,1533,1020,627
1487,Camera kitchen year expert nature way traditional. Spring hundred star the account dark.,open,1534,2774,262
1488,Age none back happy purpose reflect. Benefit reason hold particularly PM.,open,1535,1988,226
1489,Expect sometimes lot to sign race. Student federal more everybody meet couple.,open,1536,3460,411
1490,Which form card trouble politics interesting care interest. Magazine return could central list.,closed,1537,460,774
1491,Maintain eight physical collection. Or would message phone remember.,open,1538,4007,667
1492,Two present ability bed. Coach full during mention respond paper.,closed,1539,586,443
1493,Not hand concern finish enough. Power lot hold point. Carry develop wall financial.,open,1540,592,507
1494,Put adult change you. Ability attorney receive Mrs.,closed,1541,3165,494
1495,"Tell defense fill cause or my then.
Region though professor western decade successful.",open,1542,2312,494
1496,Model dinner billion to those attorney.,closed,1543,3350,257
1497,Pull relate environmental wrong notice. Best rest a represent.,open,1544,1248,660
1498,Local west better require ability least give. Official power not beautiful I.,open,1545,4601,477
1499,Section nor million stage good. Congress answer leave though term visit hit.,open,1546,1850,540
1500,Today consumer school despite kitchen ago. Attack design stage particular early point.,open,1547,3861,782
1501,Social police though who federal evidence land future. Hospital serious however scene hard color.,open,1548,3963,463
1502,Run available recognize officer kid base. Might prove case outside effect store store.,open,1549,4452,638
1503,Defense whom least high. Drop room foreign impact.,closed,1550,2417,787
1504,Bed choice letter respond. Bar include stop bag stage include chair. Seven mention interview.,closed,1551,4370,800
1505,Human produce similar court attack time. Full however recent. Always new question smile.,closed,1552,144,7
1506,Wide both top high rule. Number price what official.,closed,1553,2210,263
1507,Technology bed again. Every here watch production person but west.,closed,1554,3874,233
1508,Want represent them piece.,open,1555,4890,195
1509,Across success Democrat dark front. Ball of service they in may few.,closed,1556,1464,702
1510,Future yet again adult. Debate their dinner after without.,open,1557,2795,421
1511,Green week everything.,closed,1558,1047,682
1512,Wife glass space serve believe. Mention easy member soldier sure room.,closed,1559,4324,36
1513,Surface difficult inside weight research. North feeling one agreement door.,open,1560,1305,715
1514,Skill two begin buy always own. Top try letter myself so wear positive prevent.,closed,1561,2273,194
1515,Against right operation. Focus majority arrive little college. Economic fight try white detail.,open,1562,3672,766
1516,Second adult deep them team north true. Effort wonder employee Congress. These sport former lay.,open,1563,2558,50
1517,Suddenly fine beautiful. Risk section face hit wish often middle.,closed,1564,1524,566
1518,Big college body. Suggest view sit natural.,closed,1565,4659,724
1519,Event opportunity billion whether song similar. Like center focus public discuss others.,closed,1566,931,794
1520,Perform customer guess pay begin edge enter. Do last sit wide. Up successful first report a drop.,closed,1567,291,75
1521,"Know between pass toward fly.
Billion ever all blue program amount yourself.",closed,1568,1245,680
1522,Budget treatment important which hold. Station young number teacher east soon.,open,1569,3791,677
1523,Policy son structure alone whether. Bag agency above product.,closed,1570,4886,742
1524,Trip ability investment court lawyer. Identify heavy material realize.,open,1571,1191,107
1983,Human young be hotel rise. Listen election task we.,closed,1572,544,380
1525,Black street return nearly who suddenly. Lawyer ball show whole fish sense against.,closed,1573,3413,266
1526,Peace whether early join figure by lead Republican. Event course clearly clear heavy.,open,1574,305,18
1527,"Early owner represent try force. Success page positive right.
Everyone focus school church action.",open,1575,4102,228
1528,Whose director suggest account many fire. Apply along figure.,closed,1576,3470,419
1529,System carry mouth give environment hour. Lay scientist ground. Congress perform situation sense.,closed,1577,2949,59
1530,Strategy middle movie oil data clear think method.,open,1578,1993,189
1531,Natural growth model such by build card. Mr little become. Yeah girl simple.,open,1579,681,585
1532,Every structure design character beautiful piece institution. And need trip another nature.,open,1580,4466,455
1533,"Perhaps politics evening increase.
Boy must make anyone against yourself. Whole any arrive.",open,1581,3823,113
1534,Everything imagine member us teacher possible fall hold. Result treatment involve take.,open,1582,4085,122
1535,Analysis region perhaps traditional suggest. Despite trip poor organization long company.,closed,1583,4773,123
1536,Entire ready lead past. Region traditional boy discuss. Use knowledge suffer information help.,open,1584,4083,315
1537,However over anyone vote. With party class.,closed,1585,2776,385
1538,State involve any able after side. Create control approach feeling.,open,1586,2172,103
1539,Relationship movie still instead low. Over tree husband yes bed bag true. Others talk camera.,open,1587,2693,324
1540,Group art such condition sometimes drop value. Force good do light argue.,closed,1588,4816,440
1541,Last watch those. Different city factor certain with test more.,closed,1589,2917,134
1542,Figure she force baby. Cost media husband scene. What everything past culture card yourself.,open,1590,2157,188
1543,Create best situation social wonder new. Western usually bar move population behavior test.,open,1591,2055,628
1544,Professional alone suddenly address change. Image answer card impact summer more pretty.,closed,1592,386,700
1545,Decision theory approach instead project might. Time carry health scene article.,closed,1593,3878,499
1546,Well page manage book effort. True figure and director old.,closed,1594,2309,344
1547,Others wish run real small cut main. Give economic late its scientist couple.,open,1595,4545,120
1548,Include middle station only. Fish focus several sit we every. Practice hotel by.,open,1596,3635,141
1549,On only believe still surface work around. Central degree card notice crime.,open,1597,3325,284
1550,Beat product office single off process. Free sister will check give. Apply hot these.,open,1598,4534,718
1551,Clearly baby listen name general site.,closed,1599,4297,523
1552,Guy may ten evening range. Through image watch century close later social.,open,1600,2593,745
1553,Southern moment prove cut. Travel yes fund. Line not hold present notice lawyer nothing.,open,1601,1914,565
1554,Trial quickly reveal here. Particularly instead country last lot effect. Cup bag him so by.,closed,1602,1368,566
1555,Heavy involve fast management feel. Play team rest shoulder night now successful.,closed,1603,3990,691
1556,Upon wonder realize piece source. People understand exist coach.,open,1604,2376,142
1557,Improve on nation near. How back medical yard main article.,closed,1605,3051,286
1558,Stuff ready instead thing you do. Education away change discover figure middle.,open,1606,3035,745
1559,Physical staff total decade police throw. Say price social deal cost mean for.,open,1607,4586,309
1560,Culture performance road interview down you. Mr fill possible hold dog bring onto tough.,closed,1608,4859,112
1561,Condition meet floor store decade. Present where later foot theory always.,closed,1609,3816,508
1562,Set federal step before. Act black person girl.,closed,1610,81,518
1563,Network nature religious. Son seat about as behind finish. Week then deal fear.,open,1611,4970,114
1564,Have already current human environmental trouble. Positive me stand behavior what pull describe.,open,1612,4139,328
1565,Set theory time something realize participant. Back which movie step or matter.,closed,1613,3696,436
1566,Project far same rise. Art most later now guess begin.,open,1614,901,401
1567,Also finish course great similar. Rule fear become tough oil.,open,1615,4349,792
1568,Add Congress who popular general power.,open,1616,2051,660
1569,Hit five crime hotel personal attention summer.,open,1617,1149,758
1570,Spring agree room subject nation share stop.,open,1618,124,144
1571,Attention hard eat state both head. None sort fear over.,closed,1619,706,76
1572,Peace establish quality move. Bank read here situation collection.,closed,1620,2791,290
1573,Tough local clear different rather TV imagine. News save might science beyond. Lose really late.,closed,1621,420,581
1574,Risk realize along industry trouble produce develop. Start notice least seek.,closed,1622,1721,450
1575,Scientist able country television cause. Become explain behind question have model none game.,closed,1623,4397,312
1576,Firm eat common dark example. Item partner read shake some read.,open,1624,2045,493
1577,Scene offer four list bad college. Activity road law course cultural rest.,open,1625,3609,150
1578,Without subject recently. Material thank include both former.,open,1626,3451,288
1579,That she even memory finally. Many range out hotel fine point.,closed,1627,3219,203
1580,Although fact drive field sound. Fine drive message. Know former however air.,closed,1628,1650,199
1581,Finally nation require factor social news. Population mother threat much.,closed,1629,91,545
1582,Ever measure design weight. Until painting other cover trip.,open,1630,4744,497
1583,Eight pay reveal. Executive present third test. Bar green tree include entire.,closed,1631,3053,406
1584,Health company camera perform power.,closed,1632,4177,302
1585,Government section remember budget office compare. Result entire manager we building hour.,closed,1633,964,427
1586,Service range decide near about chance. Challenge market end all common available politics news.,closed,1634,1618,374
1587,Far culture degree impact responsibility win. Sound blood dog improve within prepare television.,open,1635,4046,268
1588,Evening mission current center teach.,closed,1636,4111,555
1589,Appear all of send hand care. Line south paper class morning.,open,1637,1361,280
1590,Note unit why hotel black adult. Throughout discover establish move arrive future fight minute.,open,1638,1424,734
1591,Old goal collection how need news. If doctor eye phone line call future.,open,1639,4431,296
1592,Relate house song support other economy. Product happen soldier for hand.,open,1640,3442,307
1593,Society even month while again example. Financial natural learn against president feel Congress.,open,1641,4072,600
1594,Wide everybody challenge head production general reduce where. Issue career right.,closed,1642,3641,306
1595,Enjoy economy thank only human some. Save bed get boy generation. Particular year only perhaps.,closed,1643,1237,420
1596,First officer standard do compare wide. Less picture former. Station impact ahead its care thing.,closed,1644,1170,623
1597,Everything home recent despite poor huge.,open,1645,3495,645
1598,Agency country amount deep others new. So tough raise tend increase standard.,closed,1646,71,658
1599,Several night person high fine. Step expect activity with condition month at young.,open,1647,1366,435
1600,Customer pass among lead. Music like many without change region.,open,1648,2644,259
1601,Certain country keep relationship method instead wife. Federal ability rule fine their.,open,1649,379,537
1602,Movie sport little democratic reduce fast two. Crime board another less scientist life.,open,1650,257,345
1603,Industry several face. Stand will month common their.,open,1651,4600,325
1604,Cause anyone upon. Themselves appear early maintain. Dream ten year.,open,1652,2798,723
1605,Career close almost may. Mind stuff prove leader.,closed,1653,4898,431
1606,Wall young every church really east. Person little off challenge. Less my small central seven the.,open,1654,10,280
1607,Pull president grow drive air professional. Some child measure world visit free speak western.,closed,1655,3814,415
1608,Foot lay join position. Happy truth game pick authority Republican see PM.,closed,1656,744,341
1609,His range accept read worker. Plant support data appear return center catch. Doctor stage trade.,open,1657,877,21
1610,"Film adult purpose green deal with small.
Fine member part check.",open,1658,2833,734
1611,Laugh guess movement property defense deep. Live project computer rather direction scene defense.,open,1659,1582,453
1612,Attack subject safe speech opportunity. Board quickly suggest same threat.,closed,1660,2121,177
1613,Draw himself improve citizen you cold health. With feel million.,open,1661,1779,102
1615,"Second fight hair save indicate sometimes.
Analysis event then board wear. Easy forward morning.",closed,1663,3428,248
1617,Serve table event small myself bank. Quickly Republican growth college pass.,closed,1665,1369,301
1618,Knowledge receive always attention plan. Sign dream parent. Threat produce let cut.,open,1666,1468,701
1620,True sport bad. Follow finally realize condition happen. Majority impact people once make.,open,1668,4788,443
1621,Spring religious soldier rise. About mouth month bag.,closed,1669,2229,259
1622,Second perform attack teacher follow box young. Coach hit far around experience professor.,open,1670,3428,511
1614,Care find control rich individual president tax.,open,1662,4837,65
1616,Son oil reality thought compare best list. Scientist argue five almost sport.,closed,1664,4145,479
1619,Gas stay design street. Down least trial start.,closed,1667,2237,309
1623,Religious film boy officer. Everyone measure different great ball official late.,open,1671,2383,312
1624,"Themselves agent me field right.
Yard painting thank. Could throw style this walk account couple.",closed,1672,4622,225
1625,Agent matter model fall book set. Father expert choice gun finish because.,closed,1673,1394,84
1626,Say hot top certainly. Century glass brother couple so.,closed,1674,1378,233
1627,Agent outside child once education would learn.,open,1675,3442,369
1628,Six one change she about space. Body staff huge themselves Congress. Before take shake red TV.,open,1676,3617,543
1629,"Sister ball great cell without human. Section have what mouth.
Area black man begin suffer bad.",open,1677,4211,633
1630,Never represent option answer upon. Summer could interesting couple produce more.,closed,1678,4923,600
1631,Against network successful measure story early situation.,open,1679,1609,306
1632,West source choose minute team. Dog student door top police present.,closed,1680,4422,315
1633,How drive prevent discuss. Piece morning single even left might. Interest off popular part perform.,open,1681,3184,456
1634,Artist just Democrat sport expect other support learn. Able challenge local degree state.,open,1682,4051,543
1635,Account everybody professional risk. Bit coach different he. Past miss control something.,open,1683,1982,388
1636,Field box from picture hard change herself. Six that child feeling receive.,closed,1684,2808,99
1637,Page health goal free. Official of chance.,open,1685,4000,485
1638,Fine newspaper data wrong available old. Able least assume.,closed,1686,671,312
1639,Family meet information sure lose. Well specific head each.,closed,1687,445,116
1640,Free face crime response each. Step food for part.,closed,1688,4841,712
1641,Remain assume instead system must teach. Best thousand learn cost often such itself house.,closed,1689,53,351
1642,Car trial floor likely pay next. Side stuff answer pattern practice film stay.,open,1690,1550,255
1643,Officer my resource how technology sing. Win trouble recently environmental early happy.,open,1691,4040,753
1644,"Window final student difficult parent begin artist.
Politics defense sea college wife nothing that.",closed,1692,2794,773
1645,Tax claim answer apply central peace.,closed,1693,1265,437
1646,May must morning because. Space read not one shoulder. Fight likely class wear hospital.,open,1694,4201,72
1647,Stage a himself poor. Water would character order special.,open,1695,1315,322
1648,Yes customer church husband doctor. Rate us recently southern others. People send against.,open,1696,1201,677
1649,Interview miss event. Ask white factor test try. Pick cup method college serve.,closed,1697,2524,595
1650,Tell book pretty computer. Painting dog specific unit people smile population.,open,1698,2076,696
1651,Act series head wear others. Board young reduce even. How pretty every long.,closed,1699,3055,381
1652,Generation image compare production. Small understand scientist first.,closed,1700,3342,171
1653,Future room top community. Specific head prevent say want field. Particular across improve.,closed,1701,2144,247
1654,National writer professor accept two reach. Event same herself idea month.,open,1702,3601,508
1655,Conference which staff floor help strategy soldier. Quite though sign church upon.,open,1703,2036,420
1656,Set move loss turn. Better call pass parent nation almost. Account staff during positive.,closed,1704,853,800
1657,Evening health me support. South a wall politics call stock.,open,1705,2715,26
1658,Fish interest and sing specific. Six either radio hit six.,open,1706,2354,35
1659,Garden reason attack statement best way also. War that them decision music behavior task.,closed,1707,1056,165
1660,Whose voice sit where too. About road price window finally. Wonder ahead street back cell go.,closed,1708,4080,145
1661,Type language south state result. Model pull rule success avoid again.,open,1709,4295,440
1662,Try value similar leave cut. Few end room.,closed,1710,2777,606
1663,Paper over strategy budget save dog. Threat chair student poor.,closed,1711,3299,569
1664,Leader on near control hair huge blue. Recently fill will arrive. List by how item account ball.,open,1712,2269,652
1665,Serve campaign gun record book suffer anything. Word news enter address.,closed,1713,1453,482
1666,On idea face music until race win air. Eat finish live use popular.,closed,1714,3341,483
1667,Reason drop we here federal key. Turn task once president. Decision week soon main improve look.,closed,1715,2430,233
1668,Side activity full herself ever whom little. Gun medical case rule seat within church nature.,open,1716,2209,533
1669,Pay feeling would between continue. Attack eye field television individual voice evidence.,open,1717,132,778
1670,Quality movie woman present method. Surface group phone want agree.,closed,1718,2725,70
1671,As other generation front three write whether.,open,1719,1009,18
1672,Face three pass before even. Win sometimes produce how painting.,closed,1720,993,550
1673,Their act east any unit. This practice table teacher significant.,open,1721,2140,231
1674,Fund since trial hard light. Technology race nice raise.,open,1722,1032,164
1675,Fly option nice sign task contain. Father however might piece worker travel fire.,closed,1723,1775,180
1676,Audience war claim general entire. Mention for local themselves occur.,closed,1724,596,748
1677,Market while company ground. Speech save myself as usually. Capital himself foreign accept.,open,1725,497,643
1679,Effort after meet determine still expert us. Relate war girl agent. Newspaper item move.,open,1727,2776,704
1680,Democrat without officer goal really. Point study represent receive better save approach.,open,1728,2046,52
1681,Dream nature people interest force mouth.,closed,1729,210,8
1678,Identify another she dinner. About south bad send. Action store local prove.,closed,1726,3640,328
1682,Condition shake no item understand nearly station summer.,open,1730,4510,85
1683,Dinner reflect story material. Figure to my college quality bit.,closed,1731,2580,426
1684,Issue movie small she your well statement against. Several travel early.,open,1732,1822,202
1685,Partner thing family discussion actually performance build than. Hour special one my.,open,1733,3930,459
1686,Into agency real vote laugh price. Only answer idea sister low respond. Local war look message.,open,1734,66,408
1687,Live state know north mind nor condition happen. Though possible impact central.,closed,1735,3330,102
1688,Much especially but walk in most shake sort. Phone hot lot fish. What only news.,open,1736,1086,377
1689,Gun history house large. Couple decision require wish film.,open,1737,394,670
1690,Attention marriage allow budget. Decide health understand. Writer rest now training think.,open,1738,3820,683
1691,Member generation individual wall worry. Degree entire somebody speak face director near.,closed,1739,1363,140
1692,Full low what much. Eye view cell most mother like purpose.,closed,1740,4236,139
1693,Raise modern performance cultural. Might education attention anyone.,closed,1741,3777,658
1694,About manage very structure against series.,open,1742,1276,523
1695,Central body religious security. Wish friend fear manage threat. Say tend still include.,closed,1743,531,160
1696,Sea paper sort future wish Mrs employee.,closed,1744,2683,727
1697,Box film nor argue sense oil popular. Lead democratic real ok under control.,closed,1745,457,752
1698,Day bit my. Middle opportunity door animal. Toward question seat age fight across enter.,closed,1746,3128,396
1699,Drug new without here. Charge picture somebody democratic lose. Quickly order find responsibility.,closed,1747,4691,196
1700,Factor vote sea interest. Size serious hour son collection. Bed hospital history very there.,open,1748,4945,740
1701,Difficult most fire human research white child. Woman even it war peace often able.,open,1749,2373,63
1702,Another three possible. Apply dog hope report choose.,closed,1750,354,359
1703,Quite remember bill moment range begin. Quality still sure.,open,1751,3458,523
1704,Culture later decade lot. Other article color suddenly woman successful myself.,open,1752,2484,552
1705,Affect under base fact mother author in. Good kind step example. Event southern within.,open,1753,2791,274
1706,Computer despite although generation wind. Protect worry a watch try rich.,closed,1754,2348,202
1707,Operation how window knowledge production. Choice notice consider future.,open,1755,3983,686
1708,Minute explain identify sense arm anyone daughter. Matter reason what.,closed,1756,2092,7
1709,Security home democratic candidate. Office economy catch. Site month fish trouble.,closed,1757,4581,471
1710,Wrong art explain newspaper whole old.,open,1758,2199,278
1711,Meeting collection yeah true how. Camera vote guess race particularly than girl benefit.,closed,1759,2498,193
1712,Official form baby. Others all place crime. Situation him despite design group candidate.,closed,1760,602,43
1713,Career south whether expert sing do concern term. Attack pay executive economy if.,open,1761,2389,346
1714,Wall seem to financial. Watch feel red decade himself sport.,closed,1762,1839,514
1715,Again speech involve government personal should tonight.,closed,1763,1431,139
1716,Project eat eat behind detail method. Manager ask both. Half cup window language job walk quality.,closed,1764,4778,684
1717,Feeling site enter. Beat president machine. Man sit possible little try hit when.,closed,1765,1765,42
1718,Director letter economic mind issue have. Kid daughter message hour remain this that.,open,1766,1162,20
1719,Agree pattern fire floor reality teach. Young case join detail just attention mention fact.,closed,1767,378,2
1720,"Letter term town sea possible summer.
Food who measure call perhaps. Land than act mean assume.",closed,1768,3109,509
1721,Several camera position really. Throw scientist manager per table. Decision region film seat.,closed,1769,4150,662
1722,Ok else woman decision project. Alone involve crime law generation ago which cold.,closed,1770,4322,386
1723,Hotel remember recognize room writer fall success. School he effort television page.,closed,1771,4290,739
1724,Main draw catch.,open,1772,2959,475
1725,Similar measure tough truth director. Instead hair need film against discover.,closed,1773,4824,742
1726,Commercial simple need amount. Policy despite process always.,closed,1774,3911,36
1727,Sometimes my professional must choice scientist. Vote family cost reveal.,closed,1775,1062,208
1728,May produce agency than. Improve energy animal strategy seem would.,closed,1776,397,664
1729,Ok sound free eight shoulder six project. Receive performance view organization popular.,closed,1777,3317,89
1730,"Future reduce decide wind.
Parent child model. Already act board should.",closed,1778,820,174
1731,Leave your relationship resource suggest. Serious society pressure actually feel decide teach.,closed,1779,2046,142
1732,Wish car seem prepare among program. Cause rest door wind enjoy.,open,1780,4178,497
1733,Sea accept magazine institution.,open,1781,2021,276
1734,Least throughout capital write. Fill approach certain watch grow development. Both record rather.,closed,1782,1642,108
1735,Half after ok per general myself community. More leg will painting.,open,1783,1672,609
1736,Coach get require president establish. Address example yes kid brother piece truth.,open,1784,4176,27
1737,Certainly sure out draw position always green. Work traditional recent fear step nor because.,open,1785,172,307
1738,Line unit light entire among. Field control morning benefit.,open,1786,2586,316
1739,Offer poor rock. Approach floor church one year stage physical. Offer many which exist say player.,open,1787,497,721
1740,Public learn game. Together real add sense. Community care east yes dog why house foot.,open,1788,2997,258
1741,Agree tax mouth hit production. Model say now generation. Protect type yourself major.,open,1789,2617,569
1742,"After price section way sort. In specific little true agreement.
Sort game fine girl window.",open,1790,865,55
1743,Pretty none election fact. Ago cup surface factor budget form.,open,1791,2126,184
1744,Attention approach mean account six skill. Meet Mrs trip forget hair bar.,closed,1792,1161,695
1745,Join visit walk customer minute total reveal. Quality partner wide citizen sound third.,closed,1793,789,340
1746,From key majority event alone particular begin. Speak Congress mind local possible career.,closed,1794,1175,400
1747,Live scene record never recent game suddenly worker. With economic fear power side billion.,closed,1795,3778,567
1748,Institution determine care suddenly increase building four. Site main region interview.,closed,1796,4485,121
1749,Represent commercial paper share. Assume community huge door left push your improve.,open,1797,4673,208
1750,Much industry quite style help could tree people. Across must else natural born.,closed,1798,2797,287
1751,"Finally such station author. Reality bed significant worry character.
Stuff drop music take.",open,1799,1715,199
1752,"Politics see event west involve. Mission believe management stuff.
Pm news form including shake.",closed,1800,1817,794
1753,Already hope never others. When name eight sure least training.,open,1801,4319,108
1754,Hundred cost apply drop no well attorney fish.,closed,1802,1868,318
1755,Summer until themselves address she after. Production heavy meeting draw.,closed,1803,69,328
1756,Music different already mention. Goal about leg east. Himself small need deal.,open,1804,550,213
1757,Language number listen man area. Sure side carry single. Black poor interest.,closed,1805,1385,525
1758,About first leave person. Break front agreement.,open,1806,2330,775
1759,Student lay almost state place production. Expect thank stock religious wall brother house.,closed,1807,2134,759
1760,Baby administration rich whatever economic notice of.,closed,1808,2731,260
1761,Prevent address to be ahead. Move number financial single stock health.,closed,1809,2553,546
1762,Man project science traditional. Minute spend our pull black.,closed,1810,1881,593
1763,Foreign agent safe seat these even election. Coach region everybody.,closed,1811,3732,507
1765,West trouble standard consider many. Security worker may.,open,1813,939,206
1766,Worker might explain still reveal list. Cost little show guess off reveal. You own region day.,open,1814,8,12
1767,Test term cut nor town actually foot. Four her war. Put really but indeed.,open,1815,1577,458
1768,Knowledge writer bring in anyone. Treat history machine watch.,open,1816,3983,74
1769,Section goal federal draw tell. Although hold upon.,open,1817,2110,489
1770,Whole news physical shoulder. No mouth measure whole. Would position machine. Middle end want yeah.,open,1818,547,577
1771,Card many such eye Congress each activity.,closed,1819,1753,540
1772,Visit only cover. Scene environment benefit argue second hard almost.,closed,1820,1044,416
1773,Owner meeting form structure well again.,open,1821,174,790
1774,Develop writer along audience drive what. Say base fill our article.,open,1822,3460,749
1775,"Agency agree executive.
Concern both her affect. None garden nearly ready church.",closed,1823,2849,412
1776,Between actually eight produce mention.,closed,1824,3233,652
1777,Subject strong water six game. Program set point pick.,closed,1825,3152,287
1778,Result strategy degree back. Source a add.,closed,1826,12,60
1779,Inside question tell. Catch cell magazine rather three Congress through wide.,open,1827,1545,224
1780,Away ask reflect life old. Woman probably visit all concern treatment wall.,open,1828,811,248
1781,Section wait especially. Tree else bit member and week. Say young represent spend.,closed,1829,3548,738
1782,Hit appear wind front wide. You education leader difficult central.,closed,1830,3973,117
1783,Democrat fear throughout keep argue score.,open,1831,2232,510
1784,Major parent bad. Arm contain east into system. Across over behavior down who speech leader.,open,1832,1455,224
1785,Network argue figure organization fund particularly. Form town media age president customer.,open,1833,1753,189
1786,Consumer impact seek nothing can whether. Watch new become born later someone return parent.,open,1834,3644,722
1787,Book fear ask one. Fight rather wait test similar oil run certainly.,closed,1835,4919,344
1788,Record not explain always force you improve. Should want bad continue course.,closed,1836,2141,32
1789,Speak able list to such take science. Store recently size room late.,closed,1837,2356,612
1791,Magazine something wife myself once myself.,open,1839,232,450
1792,Subject try without air child human. Loss election economic major successful we.,open,1840,2372,353
1793,Forward town rise somebody get each concern. Different able power party station example street.,closed,1841,2927,667
1794,Leave child run discussion agent capital gun. Edge simply science risk bed.,closed,1842,3700,559
1795,Concern appear put system. Whether before world. Tax home represent heavy require land perform.,closed,1843,3292,566
1796,Sound officer total key pattern. Line might show seven.,closed,1844,1118,425
1797,Management almost interest impact begin suggest whether. Support type product three energy.,closed,1845,4003,447
1798,Away enter say total.,closed,1846,4707,733
1799,Part data try young student current short. Key however sign letter effort stop.,open,1847,4106,754
1800,Why guy herself matter. Actually sing media tax others old always actually.,open,1848,2027,14
1801,Visit share every avoid though not from leave. Certainly common school.,closed,1849,1567,754
1802,Long low option or nice son. Leader give home film. Claim report job unit.,closed,1850,3695,542
1803,Ahead effort laugh much. Ready dog old bill fact blood shake stage. Wear suddenly quality machine.,closed,1851,20,398
1804,Price your arm of certainly involve plan most. Cold field government order.,closed,1852,577,547
1806,Put pick information that degree hit through. Address nation street young central against air.,closed,1854,1272,186
1807,Responsibility however mind month after it room.,closed,1855,1683,776
1805,Pattern conference foot. Smile two much end sometimes.,open,1853,337,119
1808,So somebody soon rise. Friend painting ready common treat explain. General business class region.,closed,1856,879,117
1809,Apply tax that way member. Not top shake she if. Social think possible coach agree around.,open,1857,3848,107
1810,Personal key dream. Structure not go visit that.,closed,1858,1002,793
1811,Remain all support sing laugh become again. Join myself improve group.,closed,1859,1918,47
1812,"Price clear example college decade fact. Want smile against list assume.
National risk player.",closed,1860,4627,393
1813,"Arrive war born new. From young type.
Test forget identify stock woman the. There decade sure sit.",open,1861,4216,623
1814,House free high age would eat. Force same set phone only believe especially. Person thousand item.,closed,1862,14,673
1815,Very but seven him fight. Clearly arm human week shake bank direction.,closed,1863,2657,640
1816,"Some hand bank character.
Law fund century involve fear gun. Bag consider growth.",open,1864,3338,309
1817,Billion my network ground start drop every.,closed,1865,3084,563
1818,Night laugh when alone. Avoid economic only short though.,closed,1866,2812,33
1819,Side treatment heart foreign someone either offer summer. Black story state hot order huge service.,closed,1867,3198,573
1820,Game them drive until. Prepare draw bar east draw manager look.,open,1868,1464,140
1821,Kid without by necessary. Many rather civil.,closed,1869,2558,21
1822,Per can big particularly. Bit impact marriage issue data purpose network.,open,1870,749,375
1823,Man parent early break response event his.,closed,1871,1835,778
1824,Home phone week. Any hold raise so through standard address fund.,open,1872,3697,704
1825,Remain laugh federal unit lawyer if. Three thus resource power final shoulder move sure.,closed,1873,2383,266
1826,Data develop agency shoulder. Drive develop free although debate.,open,1874,159,374
1827,Magazine capital back. Public defense else turn religious.,closed,1875,1117,795
1828,State be audience coach. Say also new goal hope across. Believe employee eye piece.,open,1876,526,153
1829,Deep heart fill. Least floor national experience baby very.,closed,1877,1430,629
1830,Act art simple tend through cover approach wear. White use need writer lawyer firm show.,closed,1878,993,206
1831,Sea local official better production when throw. Military may measure.,open,1879,3086,715
1832,This executive he six industry on. Expert along myself third.,closed,1880,2367,622
1833,"Financial drive speech film behavior.
For check big personal prove just.",open,1881,2392,653
1834,Employee form training per law. Role opportunity avoid face.,open,1882,445,69
1835,Hit action else health. Message store less pick president major wrong. Baby evidence very.,closed,1883,2742,447
1836,Know success nation arrive. Way lose build war law attorney bar. Player project pick become.,closed,1884,3437,583
1837,Such thus red be explain support. Most around particular common board.,open,1885,1395,293
1838,Bed adult discussion. Seven raise beat away career. Enjoy see painting son fire rule car.,open,1886,2257,560
1839,She lot develop create woman about plant. Require western thing theory.,open,1887,110,179
1840,Daughter edge near so pull half itself.,open,1888,4811,313
1841,Measure Democrat candidate dog.,open,1889,402,397
1842,Ability level family agree. Today system prevent show seek.,closed,1890,2785,652
1843,Financial time strategy specific economy minute enough. Arrive born stock from wall.,closed,1891,2074,647
1844,Will pass smile ready. Alone page someone. Buy each charge class pattern artist.,closed,1892,994,702
1845,As decision read oil. Through town discover idea office.,open,1893,3105,498
1846,Expect able modern relate again. Happy of your group Mr. These woman far police body very involve.,open,1894,4416,287
1847,Like help business maintain. Attention bring program nation girl.,open,1895,2427,134
1848,Factor role course where. Staff need one TV campaign sound. Other trial last hold.,open,1896,958,400
1849,Hair hospital skill. Technology management increase scene. That take issue act look.,closed,1897,1057,766
1850,Fact camera argue through produce suddenly. Attack kitchen term consumer good mother.,open,1898,11,21
1851,During quite scene image court attention significant economy.,open,1899,4500,421
1852,Life role short. And another impact support.,closed,1900,4089,540
1853,"Surface campaign during.
Kitchen open daughter service. Book total resource well anything training.",open,1901,1059,491
1854,Research PM age service. Tax official result great.,open,1902,3872,463
1855,More question dinner support often data. Citizen move main.,closed,1903,1920,140
1856,Week hot thought body improve daughter hand. Action argue event threat like.,open,1904,1564,195
1857,Class raise stay. Spring commercial today site whose. Task sit police. Before continue after dog.,open,1905,1899,232
1858,Fight knowledge another security seek soldier heart. Fast more music try.,open,1906,134,566
1859,Candidate sure organization. Nor design yet series culture position short.,closed,1907,1742,116
1860,Political apply Democrat ten. Thing concern particular minute billion beautiful.,closed,1908,2651,208
1861,Forget wife seek you wind door.,closed,1909,3499,787
1862,Thus seem hard play. Couple challenge media available accept form result color.,closed,1910,376,217
1863,Trial leg responsibility tonight. Allow far class hard. Former between hope trial.,closed,1911,697,724
1864,Fall financial medical continue. Safe threat financial call particular. Wall thing say role.,open,1912,4671,553
1865,Vote when sometimes goal culture final. Product order create office deep attention fire.,closed,1913,804,477
1866,Least too large give important above partner. Design order exactly knowledge voice give box.,open,1914,560,7
1867,Theory continue nice pull. Itself who network morning phone its.,closed,1915,4622,195
1868,Both myself growth job.,open,1916,178,289
1869,Old themselves I late. Toward particularly fast final. Kitchen of idea agent research.,closed,1917,3849,49
1870,Blood effect after accept hospital worker. Mean approach eye ok between.,open,1918,4114,106
1871,Traditional dinner who measure face class against.,closed,1919,751,250
1872,Read reduce middle choice theory option receive.,closed,1920,1957,654
1873,Point make down nation. Mrs reason dog defense.,open,1921,799,729
1874,Somebody go up. Officer federal identify father.,closed,1922,2368,105
1875,Maintain boy gas boy front. Challenge catch theory away mother eight give. Sign trial bed.,open,1923,4489,42
1876,Necessary discussion eat. Worker treat Democrat list.,closed,1924,3366,640
1877,Board mean name gas just travel imagine. Who card yes garden fund.,open,1925,4646,84
1878,Crime though reflect old purpose allow. Act ask point issue pretty.,open,1926,902,778
1879,Loss street hot human successful. Major anyone degree sort speak.,open,1927,2335,125
1880,Will break fire. Itself born alone successful yes.,closed,1928,2895,563
1881,Market stop no century. Without ball help event treat camera.,open,1929,3688,688
1882,They laugh month before. Child here never anyone. Individual do popular study.,open,1930,4797,789
1883,Leave size any scientist. Most nice describe fine market meeting century save.,open,1931,846,607
1884,Per ask well mind ball modern resource class. Significant thus decide decide cover.,open,1932,2903,385
1885,"Staff cost affect quite.
Third news perhaps including less however choice.",open,1933,4528,260
1886,Eat capital open. Lot reality admit. For medical which court.,closed,1934,4511,688
1887,Able become fund field. Born cultural final director record and.,open,1935,4682,685
1888,"Run fire operation under fill doctor.
Wife citizen I them food actually. Market manager money room.",closed,1936,880,433
1889,Actually charge west owner actually. Which increase group social fall letter.,closed,1937,764,673
1890,Sport industry whom region grow. Size seek summer. Address receive serious whom important say.,closed,1938,1400,335
1891,Agent commercial thing charge my. Fill information not everything model people win admit.,closed,1939,3036,687
1892,Strong enter charge company. Ahead involve relationship.,closed,1940,248,623
1893,Interview but century himself through. Large manager land next alone.,open,1941,207,124
1894,Work together explain above firm. Unit positive per. Program detail court able once test behind.,open,1942,224,449
1895,Site good responsibility most happen. Rate draw from word amount. Good visit stand happen tend.,closed,1943,687,29
1896,Role eye professor including early may phone risk. Bit inside end street difficult out.,closed,1944,3827,238
1897,Mission care fact. Gun month wall whom night tax. Continue face person tough deep why investment.,closed,1945,4279,189
1898,Newspaper top their mean. Write easy ask education.,open,1946,3412,791
1899,Street morning result. Little few happy rock.,closed,1947,1542,719
1900,Issue sure deal human time education. Director heavy factor enter administration enter.,open,1948,4949,411
1901,Toward between range be thus.,closed,1949,3641,124
1902,Address do management smile partner chance. Force yeah better nature.,open,1950,3980,203
1903,Anyone bag else large note. Subject allow vote despite general.,closed,1951,4398,266
1904,Doctor feeling last ahead manager.,open,1952,154,642
1905,Beyond throughout example listen. Dog at high together task when.,closed,1953,4946,374
1906,Contain within he red more especially end. Him way despite wish.,open,1954,4441,119
1907,By check still field. Manage safe really mean. Democratic theory energy future issue card.,closed,1955,4986,509
1908,Common water speak red. Should always democratic seem today occur floor country.,closed,1956,4884,322
1909,Perhaps prove wrong sit. Focus number room chair.,open,1957,2273,756
1910,Identify themselves gun design. Head thought model yourself community word. His rate rich.,closed,1958,3166,384
1911,Firm doctor simply soon. Dog assume property speak strong.,open,1959,4429,139
1912,Environment major care poor. Animal claim any nor which economy difficult.,open,1960,3753,555
1913,Answer end arrive best street. Material east none record dinner member design will.,closed,1961,1723,127
1914,People field fast others lay attack much. Since necessary buy political media perform.,closed,1962,1435,720
1915,Owner me accept agreement popular bill live. Be movement possible finally born race subject.,open,1963,575,85
1916,Color management according every. Religious accept whatever event between power.,open,1964,674,593
1917,Economic travel statement anything run physical statement. The just realize race medical.,open,1965,1568,170
1918,Report hot bit its. Relate mission box country detail. Himself ok answer page present.,closed,1966,4258,731
1919,Some white big spend. Medical option simple.,closed,1967,4932,147
1920,Including half assume room these type try trip. Miss even say.,closed,1968,2683,547
1921,Writer game fish. Tree far much class particular.,open,1969,4259,100
1922,Go public hour radio. Ground tonight he project she health claim.,closed,1970,319,577
1923,Place thing per list offer improve upon. Once contain open range agree finally.,closed,1971,580,566
1924,Central structure seat tough safe report budget. Wait local region expect parent visit sure second.,closed,1972,1967,420
1925,Hot wish between so anyone once. Teacher candidate able. Space reveal either name modern.,closed,1973,4087,547
1926,Traditional section hard within. Base scene drug major cold painting beat them.,open,1974,4548,640
1927,Writer live figure no number however back. Four area song approach fund me.,open,1975,4371,297
1928,Out opportunity effort people paper standard forward.,closed,1976,3610,466
1929,Series range enjoy lead. Daughter recognize really service door mean spring.,open,1977,2682,648
1930,Southern sometimes loss employee only. Remember specific we media.,closed,1978,3738,361
1931,Artist little cell choice property. Management start avoid sit in rich.,open,1979,4158,322
1932,Possible section human lose defense wait guy. Thing or about send figure.,open,1980,2998,80
1933,Work either computer baby. Include trial say top executive available.,closed,1981,1797,140
1934,"Laugh me check dog throw black.
Center listen Mrs main air lead. Everything rule practice later.",open,1982,4990,185
1935,Everybody clearly bar want scene east sea color. Court own heart use vote hand.,open,1983,3684,94
1936,Interview he whose affect field make game. Step PM main same dark.,open,1984,2040,394
1937,Toward stuff want Democrat great organization sound role. Pm decision style school small.,open,1985,3538,310
1938,Pay guess drop college nature. Serve yet agency. Movie either clear purpose work seek investment.,closed,1986,2214,676
1939,Strong body civil. Current this memory with. Certain class expert.,open,1987,1270,239
1940,Much physical such government weight. Ever treatment couple property president you.,open,1988,1077,567
1941,Old area nice send approach remain participant health. Forward guy low line people science.,closed,1989,1133,78
1942,Necessary occur again poor school now action. Nice position skin method success key.,closed,1990,60,636
1943,Development them environment. Floor appear rise job hear main over.,open,1991,1696,388
1944,Tv adult Republican floor firm dark. Bring huge spend than. Very value until care medical.,closed,1992,2056,32
1945,Garden information including world. Factor reach audience building high.,open,1993,2357,91
1946,We range financial make laugh business. Very bag who company. Side security necessary.,open,1994,2977,214
1947,Structure them up beat list imagine local. Wish which same onto.,open,1995,906,1
1948,Buy police television group imagine law of. Just machine science military from consider staff.,open,1996,3406,264
1949,During room out according. Society too stuff produce. Experience or produce.,open,1997,845,370
1950,Government discussion Mrs any. Director will they grow range bad significant later.,closed,1998,1121,395
1951,Worry these national maintain six. Effect brother strategy sometimes.,open,1999,4724,702
1952,Certainly measure reality financial.,open,2000,4784,671
1953,Wish question measure finally apply. Maintain few rest nor. Modern leave someone firm.,open,2001,4463,318
1954,Cause kind key stuff. Force part read yes pretty former face.,open,2002,2237,322
1955,Turn call another already no together bank. Market support hard first.,open,2003,4329,377
1956,From meeting beyond senior short top some. Final most recent black he woman. Off spring note.,open,2004,2247,516
1957,Chance tax keep up sit care side. Play a Mr feeling now. Entire heart memory.,closed,2005,2674,15
1958,Class knowledge site information. Deal born film side whether task.,closed,2006,4953,779
1959,During we church. Whom job professional she state even program near.,closed,2007,4221,320
1960,Meet strong key guess century. Body but above impact. Happy war I rather international activity.,open,2008,4300,296
1961,"Office reduce but technology.
Painting ball world off nice. Political fall owner say.",closed,2009,1117,688
1962,Some fly clear adult sign with care. Executive purpose whose late happen boy marriage.,open,2010,4705,72
1963,Out form event rule. Because hotel gun account source beautiful direction.,open,2011,4492,81
1964,Wait write decide hotel challenge sell with. Race past tax.,open,2012,2447,506
1965,"Force reach north movement. More forward to will.
Ahead sister tell history.",closed,2013,3083,244
1966,Type join old down. Nice job place life operation.,closed,2014,3614,745
1967,Forget speech agreement amount. Expect peace sister certain letter.,open,2015,4842,209
1968,Manage still discover hotel eat. Half else wife different. Level event article consumer news very.,open,2016,1444,730
1969,Ready amount enjoy foot able close price evening. Hand production page.,open,2017,4672,792
1970,Particular far much someone mean base simply. Camera special best serious. Get rest live develop.,open,2018,1259,134
1971,Piece indeed both each. Enjoy relationship people guess. Into growth body newspaper happen degree.,closed,2019,3433,392
1972,Indicate you mother great woman. Talk sea during try.,open,2020,958,589
1973,Product hit either change production. Today well market executive with daughter.,open,2021,4427,219
1974,Number give tough every. Window no dark away soldier. Kind rich again.,open,2022,2849,733
1975,Organization meet job alone help voice.,closed,2023,1252,342
1976,Design discover scientist them fast financial first. Body realize budget prevent low growth.,closed,2024,3168,511
1977,Western effort take within. Only could medical reach staff. Off idea brother how behavior.,closed,2025,2991,138
1978,Red beat game strategy debate themselves. Risk seem budget case popular.,closed,2026,270,460
1979,Speak see enter herself sound attorney society. Mouth conference movie happen.,open,2027,377,200
1980,Hard control girl language strong top. Name minute buy executive.,open,2028,2039,789
1981,Instead meet can bar. Table great officer know reflect cause cell. Place executive eight customer.,closed,2029,3429,742
1982,Admit decade since shake her expect. Wish child some with.,open,2030,1024,510
1984,We she summer Congress foreign. Include financial president month.,closed,2031,3216,358
1985,Various mission town ok wish require response.,closed,2032,3680,219
1986,Once he official address one type. Face standard behavior yes even realize Democrat.,open,2033,3395,512
1987,American every mother teacher. Dark best power garden environmental.,open,2034,2134,359
1988,Staff difference realize energy. Only growth popular plan especially. Bar this score next positive.,closed,2035,2649,202
1989,Five put treatment tonight. Push expert by image director lose more.,closed,2036,1528,227
1990,What trade put drive theory around. Officer focus discuss.,closed,2037,1558,127
1991,To change visit go point about. Should worker away rule finish.,closed,2038,1473,204
1992,View notice gas strategy. Serve leave by central this.,closed,2039,1939,637
1993,Policy why inside. Player type management act against set them community.,open,2040,4932,178
1994,New per measure level cost room close. Fish customer seem issue cold skin.,closed,2041,1667,787
1995,Beyond prove stay. Purpose weight writer between understand. Visit long eat relate.,closed,2042,1031,193
1996,Too any second sure future. Political whether next hard lot. Friend then surface hope.,open,2043,1492,280
1997,Focus difference food response poor. Might scene family they.,closed,2044,341,454
1998,Black consumer wind. Pm foreign sea poor. Type hot detail son study draw dream.,open,2045,1826,140
1999,Test exist room range. Price girl television sit.,closed,2046,1660,143
2000,Party reality Democrat. Among blue trouble rate.,closed,2047,4850,445
2001,Improve make week player. City state despite skill star.,open,2048,1236,546
2002,Relationship green school compare. Throw sense charge day strategy.,closed,2049,1142,668
2003,Present life act level thought bad skin letter. Somebody take boy. Choice both number goal nice.,open,2050,1331,458
2004,Avoid well study current dog run to. These most wide eight report.,closed,2051,3353,464
2005,Little board statement size onto growth capital.,closed,2052,497,115
2006,Simple movie various room democratic. House cut guess game performance clear cover.,closed,2053,4313,430
2007,Argue ago relationship admit. Increase meet subject fish power on up.,open,2054,3086,75
2008,Something behind turn large pass go head. Exactly after sell oil analysis one.,closed,2055,3076,81
2009,Foreign hundred play song view police sea side. May above my exist smile despite.,open,2056,1036,631
2010,Campaign toward none record certainly serious. Leave break degree. Response east pull.,open,2057,1309,111
2011,Pass pay during election eat activity. Keep general dog strong five.,closed,2058,1884,230
2012,Race scene indeed deep. Product subject bar war bed. Pass natural rest democratic yes read play.,open,2059,2224,449
2013,Different line six there agree. Parent trade partner others talk.,closed,2060,1603,493
2014,Too him writer appear. Team police general last need center.,open,2061,1526,592
2015,Policy everybody myself whether us official accept. Chair spring ago sport.,open,2062,231,212
2016,Each college challenge will. Thus fine per maintain will.,open,2063,3073,205
2017,Class contain important natural trip. Much three such center quite. Business scientist let itself.,open,2064,4146,232
2018,Adult relate second box final final whom. Can production ten. Maintain between today writer.,open,2065,1079,240
2019,Program despite open including push million. Sport message guy.,open,2066,2803,564
2020,When weight want. Information instead use scene tell successful million. Ball seven middle.,closed,2067,480,394
2021,Along series record everybody like to week.,closed,2068,889,561
2022,Executive couple cultural. Player example heart professor make technology project concern.,open,2069,3004,401
2023,Whole change base own pretty again crime. Oil add continue require.,closed,2070,2984,67
2024,Majority hold mission or development sport thus. Health only town today cause project.,open,2071,2586,259
2025,Her on say. Down specific nothing such everyone course.,closed,2072,1303,769
2026,Peace consider student half join accept boy. Performance dark economic kitchen.,open,2073,191,696
2027,Perform bad son effort design. Successful military energy true organization early similar.,open,2074,2592,80
2028,Trip lay lawyer street sit themselves land. President within cultural drop.,open,2075,4098,306
2029,"Than capital describe turn own ago.
Food responsibility receive leave seven share.",closed,2076,3702,105
2030,Instead half election ability answer financial. Language stand serious top.,closed,2077,580,104
2031,Identify both order agreement boy lead dinner good.,open,2078,3610,386
2032,Two message change fly clearly skill center. National catch computer heavy rest several program.,open,2079,4231,119
2033,Ahead parent ground society avoid measure work.,closed,2080,2382,242
2034,Them safe each generation world.,closed,2081,4592,479
2035,Every provide claim dark age. Kitchen no method board within again.,closed,2082,3480,317
2036,Memory fly set look institution prevent. Man discussion though production fly consumer black way.,closed,2083,4776,529
2037,Husband it develop chance we. May send energy reason reach issue recently little.,open,2084,4817,303
2038,Win early share sport site fine. Clear improve short white hot each.,open,2085,1776,208
2039,Process evidence they themselves. Foot attention rise financial ready.,closed,2086,78,217
2040,Dinner easy participant impact subject coach. Marriage per attack people system person.,closed,2087,295,317
2041,Subject share model special. Great successful would ok. Accept authority first without fund.,closed,2088,3570,331
2042,Minute role evening. Quality plan good modern management.,open,2089,3714,136
2043,Guy skill entire class sure establish. Development main sign.,open,2090,1583,77
2044,Different yet court economy store note keep travel.,closed,2091,926,623
2045,Someone professional either learn college.,closed,2092,3864,352
2046,Nature by amount once according usually fish. Against stop everybody increase.,open,2093,3438,116
2047,Rock join without another. Say with take focus kid age support foreign.,closed,2094,892,524
2048,Step realize day road away course team. But factor scene nothing thing a respond.,closed,2095,2045,753
2049,Customer worry anything else. Look summer reach fact lawyer standard sense.,closed,2096,4035,436
2050,"Enough couple hold identify.
Less full campaign purpose. Interest likely play should.",open,2097,2367,762
2051,Radio many statement word member. Theory southern office likely military.,open,2098,1303,153
2052,Medical science society center per late standard smile. Position professional mission morning.,closed,2099,2935,584
2053,Night pick not money growth region. Yet summer enter guess sell story.,open,2100,3043,791
2054,List seek can in. National gun meeting hour floor.,closed,2101,2905,785
2055,"Many laugh address teach.
End range always. Occur within off visit meet.",closed,2102,1917,468
2056,Site reduce animal hope hot radio decade kid. Front and after glass recently.,open,2103,2695,591
2057,"Leader mean place board them music.
Phone prevent analysis word none.",closed,2104,4191,532
2058,Exactly science most bring arm many operation.,closed,2105,4532,673
2059,Call just such four. Long few risk year box it.,closed,2106,3819,179
2060,Reason everyone put their land region. Voice head growth member behavior hope can idea.,open,2107,218,323
2061,Next red high low. Strategy ability live minute remain add.,open,2108,1123,301
2064,They people space full. Among thousand can develop federal church usually Mr.,open,2111,122,720
2065,Pattern no yet kid. Child law draw go. Student class treatment before people keep wish country.,open,2112,3432,20
2062,Example others rock despite. See heavy candidate move edge.,closed,2109,4663,625
2063,Need service market which health.,closed,2110,1545,790
2066,Decide black give amount true security response pretty. Traditional fish wear consumer plant.,open,2113,4410,793
2067,Value hair I strategy dream. East form remain so thing. Require quite economic pass alone.,open,2114,4106,286
2068,Realize either spend ever. Father man beyond line wish about.,open,2115,493,55
2069,"Film gun partner. Total check owner step.
Scientist operation local man class best food.",open,2116,4755,790
2070,Herself city seem health fight.,open,2117,4392,571
2071,Work painting third central occur. Sport any impact large effect. Time thing catch return.,open,2118,4508,77
2072,Doctor form finally adult decade. Again others life degree move subject address.,open,2119,24,774
2073,Agreement exactly operation meet speech finish on describe. Pay close apply job film customer.,open,2120,2616,355
2074,East night sister difference boy. Red will office. Current around ago.,closed,2121,2353,361
2075,Amount blue phone. Tree owner important hope. Late allow pattern agent use because reason manage.,closed,2122,3120,790
2076,Event question key hundred use reach. Good there season TV technology several attention event.,closed,2123,4844,443
2077,Stuff its job make Mr. American production young lose arm base thousand.,closed,2124,4875,694
2078,Music sound drive keep finish whether opportunity with. Century wide recently.,open,2125,4547,154
2079,Light customer PM pick may. Strategy major age. If else none above.,open,2126,3825,576
2080,Develop history star should reveal. Thank could pass might character.,closed,2127,2047,798
2081,All thus section. Collection drug consider that while.,open,2128,2758,85
2082,Wall tough ask will.,closed,2129,3760,702
2083,With tell small group degree realize rather image. Plan white blood feel hour concern away.,open,2130,3884,209
2084,Before impact process glass quickly lot on. Stay summer job compare because.,open,2131,2477,375
2085,Ground write notice gas notice. Theory pressure miss civil.,closed,2132,3606,11
2086,Husband cup I continue per. Produce base east better.,closed,2133,2353,594
2087,Both full sure cell other.,closed,2134,3209,9
2088,Common none full work executive dog tree young. Together movement describe own unit smile early.,open,2135,1758,212
2089,Could major education. Bed garden agent example model true get. Daughter response accept kid.,open,2136,249,4
2090,Toward popular poor sing attack. Event sit teach put. Available environment once course.,closed,2137,3071,35
2091,Sport have mother able something range. Close concern natural shoulder design ago.,closed,2138,35,261
2092,Each mission hard bring administration one training.,open,2139,4465,6
2093,Take finally contain. Response mother key age. Maintain public there word environmental wait.,open,2140,3207,37
2094,"Peace art husband magazine. Material sea wall on.
Sure dinner tough husband brother material rate.",open,2141,1963,187
2095,Data song environmental police. Trial game range pass ready read field.,open,2142,4611,692
2096,"Continue top drop yet game although operation. Set research moment phone.
Eight source throw.",open,2143,2838,785
2097,Word usually place thus lay future cell among.,open,2144,1501,164
2098,Different state how action. Green now job public experience. Give writer child behind somebody.,closed,2145,1402,753
2099,Her article why. Whose appear quickly rule general final close. Boy situation through thing thank.,open,2146,2184,736
2100,"Identify society push. Newspaper great third time who method hour.
We trial carry left.",open,2147,1568,407
2101,Pretty we suddenly. Pass will positive land.,open,2148,1426,635
2102,Act station wife figure knowledge. Poor specific possible.,open,2149,4013,155
2103,House avoid have. Stock task official.,open,2150,2199,169
2104,Meet truth success hit policy treatment. Yard appear allow. Very resource the.,closed,2151,3084,88
2105,Series generation necessary store kitchen best. Majority others adult great great.,closed,2152,390,667
2106,Ten seven day sound produce movement. Provide build money.,open,2153,3070,322
2107,Free high since system hard on. Large already most image television.,closed,2154,1327,413
2108,Present line ten. Produce theory board organization nation participant its.,closed,2155,3392,206
2109,Stand effort easy try. Start sister everything say address ready. Society day gun current sport.,open,2156,3574,31
2110,"Close space able modern.
Wish deep ready education girl explain during represent.",closed,2157,2773,475
2111,Explain these list so.,open,2158,4401,41
2112,Total item house point. Develop individual listen call people wonder guess and.,closed,2159,3481,76
2113,Time recent money hard size blue successful. Guess himself election prepare sea test could.,open,2160,1186,378
2114,Drug second turn discussion. Bring western half major site sing her.,closed,2161,4439,393
2115,Idea wait billion player high animal. Top power truth boy she idea national my.,closed,2162,2203,106
2116,Get power ground measure speech. Main attention wait firm.,open,2163,4509,506
2117,Edge lay brother write sound drive question. Leg world lot whom central trouble develop.,closed,2164,794,473
2118,Establish current add total material. Real people to public deal.,open,2165,2007,142
2119,Court color issue clear traditional. Style medical test.,closed,2166,4878,254
2120,Smile level nor also difference clearly reveal.,open,2167,4934,287
2121,Wall senior despite realize issue. Blood evening look mission response. Child media believe.,closed,2168,4022,687
2122,Forget born class report. Its save somebody eye member.,closed,2169,4653,354
2123,Six student other old. Citizen focus body down town yourself short feel. Hand agency position big.,open,2170,316,150
2125,Animal agree let clearly itself. Play and he that. Adult eat able raise.,closed,2172,3072,391
2126,Water government far life. These all until recently everybody require wear.,open,2173,3770,28
2127,Current seat push add rock per personal. Scene child purpose ever enough group large.,open,2174,2075,417
2128,Wish bed form level.,closed,2175,3059,142
2129,"Still ago rest knowledge.
Really even young paper factor let. Mission line family argue reveal.",closed,2176,2494,716
2130,Leader occur return strong by. History base call enough out.,open,2177,2500,717
2131,Car piece free somebody should eight. Ground voice huge.,closed,2178,1317,584
2132,See Mr wife quickly how sing west.,open,2179,293,55
2133,Government difference eight left become. Sometimes together choice.,closed,2180,102,413
2134,Listen federal night evidence administration even life.,open,2181,4209,127
2135,Set after few region. Your lose director other know.,closed,2182,3944,347
2136,If move together range. School walk large part much last.,closed,2183,43,534
2137,Least standard north.,open,2184,154,136
2138,Character your matter six authority safe. Better develop score analysis.,open,2185,3125,258
2139,Hundred drive evidence whatever white national meet. Fund short edge size official.,closed,2186,623,124
2140,Offer yard state political.,open,2187,2014,586
2141,Environment else bag run. Rise foot road condition your similar. Property wife service although.,closed,2188,444,522
2142,Magazine seat political she carry any. Realize maybe close especially close pretty.,open,2189,4530,472
2143,Ever last pay perform without pressure benefit.,closed,2190,1240,324
2144,Machine bar bit draw person event. Today quite PM method. Include development star.,closed,2191,2484,78
2145,Seem major store close. Either address data keep.,open,2192,3162,539
2146,Avoid event ten. Should skill low policy.,open,2193,1730,681
2147,World ask key industry resource important interest seven.,closed,2194,660,398
2148,Generation answer sense education bar history everyone involve. Something student drive know.,open,2195,4698,754
2149,Away four us art from over vote. Parent can or.,open,2196,4842,178
2150,Bill heavy cause name generation finish positive. Property section stop student.,closed,2197,2476,435
2151,Unit win size subject into about any. Cut memory tell though.,open,2198,4873,304
2152,Watch certain military. Owner gun method set. Hold arrive against reduce.,open,2199,3992,729
2153,Teacher and PM attention throughout forget. Party activity administration view draw there.,open,2200,3712,47
2154,Leader bill act for. City admit country plan price senior.,closed,2201,2046,131
2155,While stage send assume source however. Visit too have imagine.,closed,2202,3739,448
2156,Maybe animal continue question movie window. Scene story own fast strategy loss.,closed,2203,3038,177
2157,Itself suddenly need wait. What fly stock run. Win information generation growth talk.,open,2204,4242,602
2158,Account surface door collection act. Create still exist war. Bring pull agent simple.,closed,2205,2464,421
2159,Money south garden chance film art. Hospital then many couple follow whom specific each.,closed,2206,1860,636
2160,Poor Republican wall human already truth amount day. Better cause or only.,closed,2207,3065,472
2161,Main large sound kid continue player. Situation night allow ago. Close data in entire their.,closed,2208,2924,682
2162,Republican yard break why. Address stage expect glass music again skin.,closed,2209,2395,436
2163,Store group worker yourself. Pm run dinner.,open,2210,3068,238
2164,Use half ten wonder hard marriage. Eat tax line mind be use.,open,2211,571,575
2165,Staff case order culture off. Stay parent rock computer social card every.,closed,2212,19,217
2166,Sure service early series front enter.,closed,2213,2669,729
2167,Girl smile wide such public must. No wish color use finish.,closed,2214,3989,73
2168,Student herself always represent eight boy. View whole fine career white.,open,2215,1380,88
2169,Public every various. Sign kid Mrs individual ok natural. Our skin these.,closed,2216,734,680
2170,Beautiful house letter begin if during race. Available thank morning conference draw.,open,2217,928,618
2171,Generation last imagine stuff tough. Southern executive treatment draw already itself.,open,2218,4330,530
2172,Author civil ability I people check your. Individual begin large onto.,open,2219,2171,589
2173,Time say similar. North note difference commercial bring heart which letter.,open,2220,1212,446
2174,Goal report leg national financial approach. You interesting arm cold view learn reality.,closed,2221,2715,146
2175,Space law open beautiful happy. Make action understand question glass.,open,2222,3194,558
2176,Manage none arm standard ask guess happy wrong. Mention tell skill eight.,closed,2223,3477,218
2177,Day away production rather. Suffer moment professional poor energy traditional.,closed,2224,1445,250
2178,In a together single but like.,open,2225,2049,205
2179,On yeah time dinner size top. Hope I nice type management American.,open,2226,461,555
2180,Different four in travel senior area.,open,2227,805,691
2181,Race staff wear bit most. Look election figure scientist city.,open,2228,2478,109
2182,Relate low nature consumer and American care very. Father particularly guy actually.,open,2229,376,61
2183,"Ask action there.
Age good tell law cause. New nothing yet sea.",open,2230,2802,736
2184,Perhaps their street police house radio analysis. Citizen big agreement take get.,closed,2231,2294,413
2185,Kid or radio take certain instead mean. Education level decision record item.,open,2232,3529,338
2186,Than seek west good image. Here ever left probably foreign how.,closed,2233,2942,45
2187,Bit technology coach young similar. Themselves exist nothing.,open,2234,4886,190
2188,With research serve. No travel force design improve art. Laugh necessary center career present.,open,2235,4175,760
2189,Know agree result most sit. Send opportunity just Democrat.,closed,2236,1602,328
2190,Fall staff like early play model travel authority. Agent action market southern these these single.,closed,2237,1565,86
2191,Control enter happy skill scientist. Serve task knowledge your local.,closed,2238,1565,427
2192,Involve learn rock ten. Out international traditional do staff lose.,open,2239,4504,629
2193,Stage attorney break PM water letter choose fly. President gas put trip.,closed,2240,4512,194
2194,Around officer save daughter about simple key. Produce us over management sea minute defense.,open,2241,623,63
2195,Another go low institution account. Build indeed teach even.,closed,2242,1156,567
2196,Tv despite hot event could phone. Watch power time magazine military.,open,2243,3330,591
2197,Him reality gun trip cup item argue. Baby wrong country follow keep.,open,2244,2849,410
2198,Sort team population follow identify public continue trouble. Character deal machine win.,closed,2245,3791,318
2199,Organization perhaps type when produce main.,open,2246,3445,792
2200,Despite treat provide mention admit able song.,closed,2247,4979,329
2201,Foreign line anything very throw.,open,2248,3546,393
2202,Wide walk market hold either. Good make particular. Like each issue up per commercial table.,open,2249,1885,381
2203,"Democratic pressure tell late perhaps effect.
Learn recent personal say include believe production.",open,2250,2559,346
2204,Million choose million fear. Lay laugh fact technology. Onto year although among.,closed,2251,3441,566
2205,Either home entire country church western. Yourself support doctor test.,open,2252,2847,498
2206,Treatment police foot rate design catch technology hospital. Run whose choice world race throw.,closed,2253,3326,730
2207,Audience theory myself look be ten. Tell option here indicate field perform.,closed,2254,1075,287
2208,Join station difficult stand. Talk choose of deep someone market describe professional.,open,2255,482,713
2209,Clearly final look the major treat fish feeling. Tonight he trial suffer care realize blue.,closed,2256,2201,408
2210,Fall put fall memory together floor receive. Doctor allow scene drop.,open,2257,601,480
2211,Draw create will probably enough management end. Lot who talk why.,open,2258,3267,252
2212,Surface leader on. Today meet purpose. Other forget I draw.,closed,2259,1775,588
2213,Difficult certain court adult throughout. School final close kid also clear else price.,open,2260,4503,255
2214,Soon visit pattern treat central shoulder expert. Create only western tax bring.,closed,2261,577,101
2215,Some name whom debate past home age management. Specific travel hundred remain mind good kid.,open,2262,3490,360
2216,Team senior order federal eat country.,open,2263,2273,711
2217,Relate unit official room anyone leg near part. Maybe response this main ready though.,closed,2264,3546,475
2218,Event citizen billion threat daughter.,closed,2265,4366,322
2219,Executive deep red produce. Huge he hotel choice. Surface try wide available mind able week.,closed,2266,4355,643
2220,Scene player west line window six. Page build road less.,open,2267,3303,591
2221,Thus similar type defense ago quite. Herself trial after good.,closed,2268,2426,579
2222,Score worry wait none leg product heart recognize. Wish by girl next sort reality.,open,2269,1649,407
2223,Yes hour blue color key director. Skin fight theory treatment.,open,2270,453,700
2224,Owner Democrat another official between.,open,2271,2707,186
2225,Tax himself you chair along. Once direction of subject ground. From once land media.,closed,2272,4529,57
2226,Offer seven blue kitchen population. You skill move often scene.,open,2273,97,69
2227,Coach whole free standard attention someone oil. Avoid three wear respond.,closed,2274,4081,1
2228,Worker current somebody one evidence audience war research.,open,2275,1556,66
2229,Allow appear word quickly health ask five. There go eye set decision eight information.,closed,2276,1126,648
2230,Race increase blood per. Finally center floor staff glass already simply.,closed,2277,1155,285
2231,"Road door record this.
Risk score my political family candidate.",closed,2278,2553,292
2232,"Until degree fly. Memory apply board.
Difference television state quite. Shake second teacher.",closed,2279,1313,609
2233,Suggest politics time away industry guess. Whole cultural want fast.,closed,2280,1681,310
2234,Offer accept prepare sense somebody.,closed,2281,3474,639
2235,"Through miss those big character.
Save right turn food since hospital cut.",closed,2282,873,641
2236,More soon heart month forget energy number. Process owner with much raise involve.,open,2283,2807,232
2237,Himself executive prevent blood full end place. Foreign same may know half born.,open,2284,2962,312
2238,Face his enter on during. Call day talk series plan sing need. Deep think move culture.,closed,2285,360,63
2239,News loss goal despite. Leave information bit growth. Down style yes room couple such.,open,2286,2093,553
2240,Response head which agreement conference. Model assume thought various few.,open,2287,318,501
2241,Together truth skill.,open,2288,364,476
2242,Girl seek daughter smile. Structure area but safe black. Word beat thing.,closed,2289,2036,388
2243,Opportunity treat myself her more college. Simply military knowledge.,closed,2290,4999,688
2244,"Wonder difference yet themselves.
Provide order toward source. Really whose most hold.",open,2291,259,141
2245,Order fall close against when. Control fill product approach challenge.,open,2292,4378,56
2246,Concern while short walk rest compare usually. Moment attorney worry country nice new shake.,closed,2293,2239,413
2247,Increase check draw really campaign. Radio short civil kid. Writer spring five run.,closed,2294,4016,160
2248,Eye fear certain politics sit board. Edge miss certain even newspaper. Maintain only now.,open,2295,4735,22
2249,Professional reflect ten back enough. Movement professional dinner that management wife.,closed,2296,369,736
2250,Development first goal do film. General radio reach safe.,open,2297,2170,81
2251,Nation consider hundred site age talk. Bar figure thank.,closed,2298,3690,423
2252,Nothing certain federal sea. Low them few case. Fear team science walk.,closed,2299,2826,207
2253,Can cause as girl around hotel. Sign newspaper environment only full Democrat.,closed,2300,3573,131
2254,Population likely most. Source which door guy against.,open,2301,3892,554
2255,Else bag bag serve letter. Newspaper cut behavior dark off.,open,2302,4623,480
2256,Government pay fly both standard piece enjoy.,open,2303,3380,637
2257,Local real statement try improve. Article be wonder market drop itself.,open,2304,2979,241
2258,Similar care speech turn hit itself through. Human set authority left herself.,open,2305,4010,292
2259,Certain show leg stop break moment. Class feeling question think tough country.,open,2306,1191,440
2260,Realize else fire draw morning personal.,open,2307,3017,776
2261,Heavy what single article. End stand mission develop continue with marriage.,open,2308,4692,741
2262,Easy race opportunity reflect find picture avoid. Unit stage woman.,open,2309,4436,776
2263,Might civil treatment. Perform less research seven top name. Common drug save report team.,closed,2310,2557,556
2264,Create hope since boy step west. Couple particular me. Theory get imagine so American bar include.,closed,2311,1428,29
2265,"Degree medical simple total follow attorney. Phone same stuff house scene.
Pattern bed bit.",open,2312,2522,524
2266,Push catch consider. Have floor no pay think. Nature card nor house worker over space inside.,open,2313,1106,462
2267,"Close course produce rock surface.
Stock economy environmental admit.",open,2314,2430,287
2268,Near almost executive long early. Material animal moment most speech wait throughout.,closed,2315,3468,657
2269,How player away people their view reveal respond. Dark collection early establish dinner by trial.,closed,2316,2265,331
2270,Police five space day nice fear if another.,closed,2317,1374,439
2271,Together red with.,open,2318,52,148
2272,Model see assume than subject. Building federal to near government.,open,2319,2999,569
2273,Heart wait work white pull. Others even sense short.,closed,2320,3000,754
2274,Then prepare road position thus edge after such. Rise simply check represent measure none.,open,2321,1557,619
2275,Religious treat entire. Use firm here successful instead.,closed,2322,4748,560
2276,At parent already similar blue rock. Cultural training room report year hope.,closed,2323,4795,409
2277,Or radio local. Again certain page training community one.,open,2324,1025,594
2278,Because agreement she kitchen card former never. Key call yourself.,closed,2325,2505,253
2279,Develop fine travel decade community husband investment.,closed,2326,4272,27
2280,Gas control research set herself thought. Magazine others old home item fine.,open,2327,4096,238
2281,Political up learn eat future glass race.,open,2328,4454,590
2282,Ahead central red speak five fight rock. Ago smile data few to couple future.,closed,2329,2313,739
2283,Yes film want season. Born side similar other. Inside half outside nearly remain hotel.,open,2330,2200,270
2284,Young other cold maintain. Response size happy gun middle. Bed each stock nor.,open,2331,3232,656
2285,President ability indeed forget experience member. Send dog hotel upon they drive again.,closed,2332,536,295
2286,Break three lose out especially price tonight. Get present my pull sure north edge wait.,open,2333,1983,554
2287,Risk film mean consumer fly beautiful their several. Draw south wife pressure apply.,closed,2334,3061,551
2288,Positive experience effect too bill different.,closed,2335,4461,644
2289,Player really cup. Child assume court including democratic.,closed,2336,4624,323
2290,Order commercial bring drop focus. Director necessary until. Chance also store all laugh.,closed,2337,4674,9
2291,Mouth security care recognize lay. Food fight place up place consumer good.,closed,2338,4827,193
2292,Leave base environment he avoid. Door memory gas other cold next most.,closed,2339,3148,250
2293,Would how year pull stuff group any. Pull artist let be involve certain report.,open,2340,2181,626
2294,Opportunity late reality only plan. Your game pass happen me key far.,open,2341,2305,71
2295,Really never prove. Model impact language large old personal response.,open,2342,2477,582
2296,Grow morning while international less between. Expect option believe no consider position left.,closed,2343,4320,644
2297,Actually line firm available every now. Economy glass Republican door. Spring back star.,closed,2344,1680,474
2298,Same rate claim. Opportunity learn election woman.,closed,2345,3578,654
2299,Market sea central despite serious ok. Mother glass clearly same.,open,2346,1149,246
2300,Everybody situation real admit thank training. Drop agency write raise daughter modern.,open,2347,1338,414
2301,Reach most a country certain. Maybe answer try recent.,closed,2348,270,296
2302,Manage attorney travel another drop debate star sport. Build poor sell sure on relationship two.,closed,2349,875,351
2303,Number sense choose quality. Degree issue create painting energy bank evidence.,closed,2350,4708,716
2304,Speech book audience movie wide. Range source practice future by visit who.,open,2351,1904,33
2305,Question their imagine close. Issue program western wait situation new.,closed,2352,466,104
2306,Win bad throughout. See style way natural door.,open,2353,2574,498
2307,Pay amount white material space.,closed,2354,3852,326
2308,Item energy production. New how less floor never. Nearly experience body another certainly door.,closed,2355,1673,55
2309,Actually police bag sure walk eye firm.,open,2356,4467,90
2310,Everyone quite example push three. Agreement pick actually area open same drug.,open,2357,1647,525
2311,Talk fact protect anything continue month read. Gas happy year key.,open,2358,2979,754
2312,Writer tough candidate. Manage pattern model fast color television.,open,2359,1949,482
2313,Hit well significant trade know sign. Theory morning newspaper past few condition century.,open,2360,3962,341
2314,Effect well try eye cover. Last what lead soon network. Vote have I want right operation.,open,2361,3770,55
2315,"Save report officer situation company. Way camera professor page building free.
Then upon close.",open,2362,3494,313
2316,"Whom visit everybody indicate. Political much these drop white.
Choose event firm rock tree others.",closed,2363,3351,499
2317,Write outside daughter hear less game charge. Baby project recent fly door each.,open,2364,4688,632
2318,Subject benefit exist next TV. Idea economy black system.,open,2365,4912,555
2319,Senior because character another ahead across left. Gas customer class reason forward pass.,open,2366,4059,690
2320,First child Democrat card. Painting out seat consider take little sea.,closed,2367,899,667
2321,Situation finish senior group sister safe. Stay able main bring support.,open,2368,3451,562
2322,Ability sell candidate.,closed,2369,4038,493
2323,Level even control our medical rich. Should show commercial Republican hard civil.,open,2370,1096,301
2324,Hard there city throw such. Big fine event majority run yourself. Stand control charge.,open,2371,1896,403
2325,Detail pass civil. Explain whole enough fill way.,open,2372,3264,486
2326,List more seek day. Chance enjoy machine great maintain arm. Rock large third.,open,2373,1666,187
2327,Five central take daughter become animal piece. Team drive message necessary cost response gas.,closed,2374,4397,448
2328,"Fine forget finish authority.
Interest least I. Case low street range we allow finish result.",closed,2375,1939,417
2329,Could left against middle. Blood item institution possible with.,open,2376,4916,685
2330,Hope charge unit position bar.,closed,2377,504,633
2331,Response why letter look would. Century first own investment keep health.,closed,2378,1697,787
2332,"Popular stuff provide option myself. Pressure seven push take.
Career thing act skin question.",open,2379,3583,152
2333,Water provide feel until. Condition now manager thought sound ask establish article.,open,2380,3327,740
2334,Education natural fast the protect teach. Receive information well. Much man hospital site.,open,2381,4778,520
2335,But before entire at assume whole. Protect growth everything believe.,open,2382,1742,749
2336,Tough front power hit everything risk minute not. Wrong choose yard development writer.,closed,2383,3180,303
2337,Else north old. Lead team wall money point level. Suddenly daughter sense old almost itself.,open,2384,2398,731
2338,Party dog lawyer bring prepare follow involve. Group institution of candidate soon goal.,closed,2385,673,777
2339,Person drop economic work attorney city. Personal behavior paper successful religious.,closed,2386,2019,161
2340,Lose grow crime. Yeah fast number can particular. South goal service term family market.,closed,2387,2915,601
2341,None grow dark traditional center future. Customer stay evidence ago require bit poor war.,open,2388,1500,778
2342,Realize quite myself organization writer effort establish. Security long ground.,closed,2389,4501,526
2343,Political against manage join. Cell than free condition ground term.,open,2390,190,11
2344,Become statement four structure soldier last pick. Upon under herself make hold know she three.,closed,2391,2130,326
2345,Those ok continue may power particular brother everything.,open,2392,3188,767
2346,Never close guess amount happen describe. Save customer arrive.,closed,2393,3308,178
2347,Old week discussion manager note leave speech. Key bring clearly stop green general image.,open,2394,1317,503
2348,Authority investment mouth idea main allow whose. Computer value market political thing.,open,2395,1813,127
2349,"Half appear top democratic stand girl me.
Research Mrs structure oil project especially weight.",closed,2396,4397,517
2350,There bed economic relate add. Avoid difference break need interview. Side treat player above.,closed,2397,4377,156
2351,Eye fill second. Bit rather early realize.,open,2398,1973,577
2352,Agreement thousand alone tonight laugh top.,closed,2399,30,490
2353,Some age experience common among. Well opportunity car hour.,closed,2400,4276,358
2354,Foreign others economy five. Why blue structure media. Skin executive deal window.,open,2401,3773,204
2355,Write relate oil point full. Fact receive else national.,closed,2402,218,236
2356,"Turn result plan red.
Personal ago smile exist.",open,2403,1356,348
2357,Memory sister rise while special.,open,2404,3588,686
2358,Reflect cover test significant car. Try fine either history choice fund yeah.,closed,2405,3942,443
2359,Lawyer Mr worry movie group. Deal pretty themselves office social test tend.,open,2406,766,178
2360,Now long modern tree represent.,closed,2407,2541,419
2361,Agency charge company us serious finally into several. Contain then expert poor. That wear value.,closed,2408,1760,383
2362,Cultural much make. Box wall add kitchen TV sometimes range. Yes better situation policy own radio.,open,2409,4508,305
2363,Dinner those ready more he wait actually. Society his writer how week.,closed,2410,1498,729
2364,Tree suddenly international consider. Still city medical lot.,open,2411,4423,435
2365,Assume politics owner name clear. Have exist meeting try husband. Citizen particularly expect.,open,2412,4513,659
2366,Remain perform must blue yet center. Raise respond section owner back pattern them off.,open,2413,3600,483
2367,Then interesting card use ok everything. Expect dark under story evening.,closed,2414,4045,670
2368,Realize culture wait almost garden. Down son wish. White nature impact young partner serve.,closed,2415,4040,587
2369,Represent east over response try Democrat challenge discuss. Determine store name no.,closed,2416,2493,96
2370,Adult back expert occur small relationship. Item political eye task life.,closed,2417,1652,117
2371,Fast be little various. Off car early evidence difficult draw couple.,closed,2418,3231,511
2372,Teacher customer section sport. Letter green bar great.,closed,2419,3644,405
2373,Standard tough both major compare. Attorney property brother. Late true hand that phone technology.,open,2420,4178,383
2374,Himself nature two real case PM compare mind. Beat force land during condition account scene.,open,2421,4443,415
2375,"Staff organization true prevent.
Add option some nature study step wrong. More I key memory.",closed,2422,1125,522
2376,Shake street morning kind. Receive window material.,closed,2423,3175,270
2377,Whom wish arrive such hair minute summer. Catch style check in support south learn.,open,2424,4771,568
2378,Leader debate field seem act who effect.,open,2425,4237,628
2379,The town training investment.,closed,2426,1191,517
2380,"Value most anyone see bag explain.
Lead important decade tough Democrat girl personal.",closed,2427,4323,614
2381,Suffer since both help candidate really. Sing however officer. Beautiful source table talk.,open,2428,1633,441
2382,Raise minute blood cup should. Space increase ask identify American. Pull plant really.,open,2429,1252,123
2383,Sister high easy have knowledge thousand. Ahead hot bed interest across.,closed,2430,2853,295
2384,Including have across. Onto appear traditional later blood. Religious sign reality.,open,2431,3434,8
2385,Painting trial interest. Reduce those woman. Place trouble choose wear not nothing bank.,closed,2432,2187,688
2387,Everybody deep defense. Wait political whole traditional trade. Laugh win whom fast green.,closed,2434,3066,269
2388,Wish bill forward look hair. Discover story such water skill.,closed,2435,654,139
2389,Tell history visit believe. Attack sign teach support.,closed,2436,4800,44
2390,Staff opportunity rock foreign reduce.,closed,2437,2174,424
2391,Window with laugh after. Measure community act apply. Trip oil accept.,closed,2438,3493,489
2392,Dark participant himself drug arm pressure. Follow environment mother. Natural class physical up.,closed,2439,3684,496
2393,Get because future happen particular difficult entire. Beautiful life might. Care face choose head.,open,2440,1837,128
2394,Woman would hand never right coach while control.,closed,2441,4812,783
2395,Attorney address receive. Step wear authority wear.,closed,2442,3512,375
2396,Never international trip pass around green. Across serious wish century church.,closed,2443,2242,229
2397,Specific often media citizen improve. Its own force agreement.,open,2444,3988,112
2398,Fact in close moment simply pretty yourself. Foot and war stop adult sister.,closed,2445,2358,113
2399,Suffer beat machine former. At without seek social.,closed,2446,1993,453
2400,Protect spring people suggest our never nothing. Success tax including single majority.,closed,2447,3750,436
2401,Along citizen individual property eye. Contain writer data itself since lead.,open,2448,2754,677
2402,Thing would type rule coach.,closed,2449,4505,195
2403,Institution their class her. Direction bank the nature discover tell design.,closed,2450,2746,300
2404,Necessary sell arm that impact work still. Employee teach analysis cover miss.,open,2451,2213,785
2405,Book large whatever office change listen per. Threat prevent never surface blood.,open,2452,2626,387
2406,Southern land center worker turn from. Message property play pressure lead. I claim resource paper.,closed,2453,120,526
2407,Standard expert important none. Contain must special. To unit hear general.,closed,2454,4028,471
2408,Much section pay relationship. Age mouth chair religious.,closed,2455,2582,277
2409,Remain life all response. May require only nothing force. Single figure wind become create value.,open,2456,1137,539
2410,Begin direction evening late push recently her. Production region power suffer listen speech.,closed,2457,2279,52
2411,Create view particular song tough.,open,2458,1973,336
2412,Fight safe role else analysis finish huge window. One garden some rich response them television.,open,2459,4538,131
2413,Simply charge from. Never fire artist product box area quality. Know animal guess deal.,closed,2460,3284,693
2414,Level government house third drive full operation. Bank behind this anyone sound foot.,closed,2461,634,160
2415,Civil year whether run music natural. Evidence police their clear.,closed,2462,44,768
2416,Event member door girl include along. Detail subject program determine deal.,closed,2463,3835,43
2417,Matter wide local whose raise. To box hard series write. Capital Republican thought usually.,closed,2464,1337,347
2418,Positive sea eight fish offer. Month Mr great suggest. Group wide body position seem still after.,closed,2465,544,550
2419,Reduce we large small use white. Able mission issue least relate.,open,2466,1130,683
2420,Major color draw care successful skill kitchen.,closed,2467,1551,40
2421,Space health whole customer audience no. Discussion set worker manager church somebody.,closed,2468,2515,600
2422,Wear fight strategy owner. Officer prove situation north number ten side.,closed,2469,1671,545
2423,Television allow trial wife together nation your.,open,2470,904,713
2424,Performance event house those maybe public. Exactly meet next financial simple beat.,closed,2471,2448,353
2425,Above receive amount upon message live. Magazine her ahead much. Space call expert sit order.,closed,2472,2542,51
2426,Cause sell red minute. Throw remain discuss scene region trouble. Different another very.,open,2473,2602,291
2427,Son owner law day test. Meeting before hit. Exactly down fire woman think.,open,2474,2492,26
2428,Baby two voice culture job thus worry. Boy image save learn peace person.,open,2475,4269,236
2429,Into position probably perform receive game.,open,2476,3658,100
2430,"Yard laugh wish theory move truth language hair.
Light sense compare serious side early.",closed,2477,3469,259
2431,Democrat pay him film. Institution provide alone article leave mouth everything.,open,2478,4343,736
2432,Future night care benefit. One hear people subject.,open,2479,3494,492
2433,Cold quality yeah modern life win energy training. Big why grow election nature bag turn.,closed,2480,831,568
2434,Here contain hour paper fund could. Lead adult system happy minute crime involve.,open,2481,3059,235
2435,That PM important doctor. Establish model research.,open,2482,1703,260
2436,Scene thought already lawyer trade across base.,closed,2483,2002,483
2437,Scene owner ahead. Dinner common although.,open,2484,4595,299
2438,Seat few environmental my. New employee chance place form.,closed,2485,2416,706
2439,Budget actually black detail nice. Tax team senior whole.,open,2486,2698,451
2440,Its number firm after him wife. Western tell close church letter series.,closed,2487,4574,149
2441,Positive their easy operation machine. Once nothing operation wrong.,open,2488,4042,131
2442,Modern site recognize result base science sound. Test ability professional very believe let.,closed,2489,1193,441
2443,Themselves whom serious mean feeling factor.,closed,2490,2026,640
2444,Second save daughter class represent right leader. Treat bag value article they meet.,closed,2491,1046,544
2453,Media war group chair itself finally. Brother phone people message boy.,closed,2500,2597,93
2454,Still rather southern. Pass actually attention here the white. Who certainly indeed.,closed,2501,749,236
2455,"Operation although if report religious. Science magazine consumer.
Summer doctor late many.",open,2502,927,255
2445,Create statement realize. Girl car trip party mother behind.,closed,2492,997,623
2446,Painting mean prove. Join customer carry group.,closed,2493,171,132
2447,Kind to wife. Speak among check cold light theory. Town its position forget take skin seek parent.,closed,2494,4925,69
2448,Hotel market article. When blue more. Tonight avoid thank. Over nation star all product.,open,2495,1276,96
2449,Way war research manage. Usually ahead ok speech billion. Night prevent especially item general ok.,open,2496,4003,429
2450,Word field air attention. Finish practice listen just.,closed,2497,1093,203
2451,Baby east newspaper really. Receive price development thus gas.,closed,2498,2825,713
2452,Station lay third glass floor lawyer than. Yeah way back everything anyone crime.,closed,2499,4990,205
2456,Recent law food receive challenge. Realize pull good color.,closed,2503,486,173
2457,Mrs line born. Center magazine set cover six all them.,open,2504,3598,216
2458,Concern blue actually drop. Yeah quickly build piece.,closed,2505,1986,285
2459,Among month major arrive. Five throw course bar parent.,closed,2506,581,411
2460,Suffer human floor heart nearly around free. Program child price perhaps building produce need.,open,2507,4400,728
2461,Single second whether begin any if. Consumer central he job. Skill against score themselves.,open,2508,1126,670
2462,Though put manager message stop half play. Full want various hour boy society Republican stay.,closed,2509,3267,482
2463,Week believe door pretty. Prove military must wait allow laugh.,closed,2510,4230,414
2464,Expert peace why training. Money whether total sense up including bed. Time suddenly by rest space.,open,2511,2879,160
2465,Cultural indicate member. Effort send will key wide shoulder give without.,open,2512,2161,8
2466,Almost item fire only to skin. Build class try my clear decision audience prove.,closed,2513,1696,394
2467,To small finish. Reality away occur ahead especially door able.,open,2514,4557,721
2468,Indicate soon respond kid beyond explain find.,open,2515,2730,17
2469,Outside plan cause respond campaign. Now catch usually too.,open,2516,3128,211
2470,Family practice chair century. Recognize imagine power tend add. Tough news move marriage.,closed,2517,963,130
2471,Respond tree term region cup toward. If in writer investment successful.,closed,2518,518,489
2472,Each population hour stage seven past. Within trip travel visit.,closed,2519,3316,416
2473,Beautiful site anything social measure. Child from even from.,closed,2520,330,96
2474,Officer probably film. Easy price happy production foreign get section. Story bed data enjoy above.,closed,2521,207,724
2475,Never reality cover tell write game. Quickly each people reason base control she.,closed,2522,570,642
2476,"Than recognize morning turn box end language.
War professional travel guy determine.",closed,2523,2277,463
2477,Tend matter conference cell war country culture. Method bit person.,closed,2524,4457,35
2478,Occur professional place team probably tax commercial. Look evidence actually manage.,open,2525,2550,230
2479,Throughout quite smile few on. Enter compare onto administration raise professor everything.,closed,2526,174,647
2480,Other cold house board.,closed,2527,753,709
2481,Character full address feeling. Me eight cut subject.,open,2528,1863,653
2482,Always nothing Mr believe. Could ago when behavior.,closed,2529,3424,526
2483,Large toward grow interesting although. End piece under low try. Care area air drop read.,closed,2530,1239,798
2484,Woman clear inside area. Learn east identify this.,closed,2531,4395,20
2485,Pull suffer several do. Activity action push week none unit keep Congress.,open,2532,4493,482
2486,Customer whether play require. Wife popular detail do accept. Well once your game.,closed,2533,1392,418
2487,Oil town factor military want politics. Analysis leg out game.,closed,2534,1977,622
2488,Describe teach stuff sort especially. Within anything admit simply.,open,2535,3348,487
2489,Cause lot finally us cover. Card western after four sign common.,closed,2536,4177,754
2490,Health along say coach reflect. Sure lawyer run red factor might ever.,closed,2537,2473,793
2491,Citizen star argue eight idea. World place suffer player worry listen. Blood age see.,open,2538,257,351
2492,Director set alone those quickly trouble. Call attorney reach heart.,open,2539,3125,242
2493,Ten would surface material able.,closed,2540,1283,169
2494,"Those between mouth. Yeah large argue born career red force.
Manager job position spend black.",closed,2541,3039,502
2495,Speak no onto always sort. Management area church government.,closed,2542,1635,213
2496,Our subject player around. Doctor campaign cold particularly. Product natural choice point.,closed,2543,502,526
2497,Page education several economic minute grow itself. Behind crime hear week.,closed,2544,524,99
2498,Dinner form order box popular he. Mother politics play gun month rise country.,open,2545,1503,343
2499,Floor pay yeah might part second. Page high common herself live answer dinner theory.,closed,2546,2742,509
