date_sk,date_pk,full_date,year,quarter,month,month_name,day,day_of_year,week_of_year,day_of_week,day_name,is_weekend
1,20220101,2022-01-01,2022,1,1,janvier,1,1,52,6,samedi,t
2,20220102,2022-01-02,2022,1,1,janvier,2,2,52,7,dimanche,t
3,20220103,2022-01-03,2022,1,1,janvier,3,3,1,1,lundi,f
4,20220104,2022-01-04,2022,1,1,janvier,4,4,1,2,mardi,f
5,20220105,2022-01-05,2022,1,1,janvier,5,5,1,3,mercredi,f
6,20220106,2022-01-06,2022,1,1,janvier,6,6,1,4,jeudi,f
7,20220107,2022-01-07,2022,1,1,janvier,7,7,1,5,vendredi,f
8,20220108,2022-01-08,2022,1,1,janvier,8,8,1,6,samedi,t
9,20220109,2022-01-09,2022,1,1,janvier,9,9,1,7,dimanche,t
10,20220110,2022-01-10,2022,1,1,janvier,10,10,2,1,lundi,f
11,20220111,2022-01-11,2022,1,1,janvier,11,11,2,2,mardi,f
12,20220112,2022-01-12,2022,1,1,janvier,12,12,2,3,mercredi,f
13,20220113,2022-01-13,2022,1,1,janvier,13,13,2,4,jeudi,f
14,20220114,2022-01-14,2022,1,1,janvier,14,14,2,5,vendredi,f
15,20220115,2022-01-15,2022,1,1,janvier,15,15,2,6,samedi,t
16,20220116,2022-01-16,2022,1,1,janvier,16,16,2,7,dimanche,t
17,20220117,2022-01-17,2022,1,1,janvier,17,17,3,1,lundi,f
18,20220118,2022-01-18,2022,1,1,janvier,18,18,3,2,mardi,f
19,20220119,2022-01-19,2022,1,1,janvier,19,19,3,3,mercredi,f
20,20220120,2022-01-20,2022,1,1,janvier,20,20,3,4,jeudi,f
21,20220121,2022-01-21,2022,1,1,janvier,21,21,3,5,vendredi,f
22,20220122,2022-01-22,2022,1,1,janvier,22,22,3,6,samedi,t
23,20220123,2022-01-23,2022,1,1,janvier,23,23,3,7,dimanche,t
24,20220124,2022-01-24,2022,1,1,janvier,24,24,4,1,lundi,f
25,20220125,2022-01-25,2022,1,1,janvier,25,25,4,2,mardi,f
26,20220126,2022-01-26,2022,1,1,janvier,26,26,4,3,mercredi,f
27,20220127,2022-01-27,2022,1,1,janvier,27,27,4,4,jeudi,f
28,20220128,2022-01-28,2022,1,1,janvier,28,28,4,5,vendredi,f
29,20220129,2022-01-29,2022,1,1,janvier,29,29,4,6,samedi,t
30,20220130,2022-01-30,2022,1,1,janvier,30,30,4,7,dimanche,t
31,20220131,2022-01-31,2022,1,1,janvier,31,31,5,1,lundi,f
32,20220201,2022-02-01,2022,1,2,février,1,32,5,2,mardi,f
33,20220202,2022-02-02,2022,1,2,février,2,33,5,3,mercredi,f
34,20220203,2022-02-03,2022,1,2,février,3,34,5,4,jeudi,f
35,20220204,2022-02-04,2022,1,2,février,4,35,5,5,vendredi,f
36,20220205,2022-02-05,2022,1,2,février,5,36,5,6,samedi,t
37,20220206,2022-02-06,2022,1,2,février,6,37,5,7,dimanche,t
38,20220207,2022-02-07,2022,1,2,février,7,38,6,1,lundi,f
39,20220208,2022-02-08,2022,1,2,février,8,39,6,2,mardi,f
40,20220209,2022-02-09,2022,1,2,février,9,40,6,3,mercredi,f
41,20220210,2022-02-10,2022,1,2,février,10,41,6,4,jeudi,f
42,20220211,2022-02-11,2022,1,2,février,11,42,6,5,vendredi,f
43,20220212,2022-02-12,2022,1,2,février,12,43,6,6,samedi,t
44,20220213,2022-02-13,2022,1,2,février,13,44,6,7,dimanche,t
45,20220214,2022-02-14,2022,1,2,février,14,45,7,1,lundi,f
46,20220215,2022-02-15,2022,1,2,février,15,46,7,2,mardi,f
47,20220216,2022-02-16,2022,1,2,février,16,47,7,3,mercredi,f
48,20220217,2022-02-17,2022,1,2,février,17,48,7,4,jeudi,f
49,20220218,2022-02-18,2022,1,2,février,18,49,7,5,vendredi,f
50,20220219,2022-02-19,2022,1,2,février,19,50,7,6,samedi,t
51,20220220,2022-02-20,2022,1,2,février,20,51,7,7,dimanche,t
52,20220221,2022-02-21,2022,1,2,février,21,52,8,1,lundi,f
53,20220222,2022-02-22,2022,1,2,février,22,53,8,2,mardi,f
54,20220223,2022-02-23,2022,1,2,février,23,54,8,3,mercredi,f
55,20220224,2022-02-24,2022,1,2,février,24,55,8,4,jeudi,f
56,20220225,2022-02-25,2022,1,2,février,25,56,8,5,vendredi,f
57,20220226,2022-02-26,2022,1,2,février,26,57,8,6,samedi,t
58,20220227,2022-02-27,2022,1,2,février,27,58,8,7,dimanche,t
59,20220228,2022-02-28,2022,1,2,février,28,59,9,1,lundi,f
60,20220301,2022-03-01,2022,1,3,mars,1,60,9,2,mardi,f
61,20220302,2022-03-02,2022,1,3,mars,2,61,9,3,mercredi,f
62,20220303,2022-03-03,2022,1,3,mars,3,62,9,4,jeudi,f
63,20220304,2022-03-04,2022,1,3,mars,4,63,9,5,vendredi,f
64,20220305,2022-03-05,2022,1,3,mars,5,64,9,6,samedi,t
65,20220306,2022-03-06,2022,1,3,mars,6,65,9,7,dimanche,t
66,20220307,2022-03-07,2022,1,3,mars,7,66,10,1,lundi,f
67,20220308,2022-03-08,2022,1,3,mars,8,67,10,2,mardi,f
68,20220309,2022-03-09,2022,1,3,mars,9,68,10,3,mercredi,f
69,20220310,2022-03-10,2022,1,3,mars,10,69,10,4,jeudi,f
70,20220311,2022-03-11,2022,1,3,mars,11,70,10,5,vendredi,f
71,20220312,2022-03-12,2022,1,3,mars,12,71,10,6,samedi,t
72,20220313,2022-03-13,2022,1,3,mars,13,72,10,7,dimanche,t
73,20220314,2022-03-14,2022,1,3,mars,14,73,11,1,lundi,f
74,20220315,2022-03-15,2022,1,3,mars,15,74,11,2,mardi,f
75,20220316,2022-03-16,2022,1,3,mars,16,75,11,3,mercredi,f
76,20220317,2022-03-17,2022,1,3,mars,17,76,11,4,jeudi,f
77,20220318,2022-03-18,2022,1,3,mars,18,77,11,5,vendredi,f
78,20220319,2022-03-19,2022,1,3,mars,19,78,11,6,samedi,t
79,20220320,2022-03-20,2022,1,3,mars,20,79,11,7,dimanche,t
80,20220321,2022-03-21,2022,1,3,mars,21,80,12,1,lundi,f
81,20220322,2022-03-22,2022,1,3,mars,22,81,12,2,mardi,f
82,20220323,2022-03-23,2022,1,3,mars,23,82,12,3,mercredi,f
83,20220324,2022-03-24,2022,1,3,mars,24,83,12,4,jeudi,f
84,20220325,2022-03-25,2022,1,3,mars,25,84,12,5,vendredi,f
85,20220326,2022-03-26,2022,1,3,mars,26,85,12,6,samedi,t
86,20220327,2022-03-27,2022,1,3,mars,27,86,12,7,dimanche,t
87,20220328,2022-03-28,2022,1,3,mars,28,87,13,1,lundi,f
88,20220329,2022-03-29,2022,1,3,mars,29,88,13,2,mardi,f
89,20220330,2022-03-30,2022,1,3,mars,30,89,13,3,mercredi,f
90,20220331,2022-03-31,2022,1,3,mars,31,90,13,4,jeudi,f
91,20220401,2022-04-01,2022,2,4,avril,1,91,13,5,vendredi,f
92,20220402,2022-04-02,2022,2,4,avril,2,92,13,6,samedi,t
93,20220403,2022-04-03,2022,2,4,avril,3,93,13,7,dimanche,t
94,20220404,2022-04-04,2022,2,4,avril,4,94,14,1,lundi,f
95,20220405,2022-04-05,2022,2,4,avril,5,95,14,2,mardi,f
96,20220406,2022-04-06,2022,2,4,avril,6,96,14,3,mercredi,f
97,20220407,2022-04-07,2022,2,4,avril,7,97,14,4,jeudi,f
98,20220408,2022-04-08,2022,2,4,avril,8,98,14,5,vendredi,f
99,20220409,2022-04-09,2022,2,4,avril,9,99,14,6,samedi,t
100,20220410,2022-04-10,2022,2,4,avril,10,100,14,7,dimanche,t
20220411,20220411,2022-04-11,2022,2,4,April    ,11,101,15,1,Monday   ,f
20220412,20220412,2022-04-12,2022,2,4,April    ,12,102,15,2,Tuesday  ,f
20220413,20220413,2022-04-13,2022,2,4,April    ,13,103,15,3,Wednesday,f
20220414,20220414,2022-04-14,2022,2,4,April    ,14,104,15,4,Thursday ,f
20220415,20220415,2022-04-15,2022,2,4,April    ,15,105,15,5,Friday   ,f
20220416,20220416,2022-04-16,2022,2,4,April    ,16,106,15,6,Saturday ,t
20220417,20220417,2022-04-17,2022,2,4,April    ,17,107,15,7,Sunday   ,t
20220418,20220418,2022-04-18,2022,2,4,April    ,18,108,16,1,Monday   ,f
20220419,20220419,2022-04-19,2022,2,4,April    ,19,109,16,2,Tuesday  ,f
20220420,20220420,2022-04-20,2022,2,4,April    ,20,110,16,3,Wednesday,f
20220421,20220421,2022-04-21,2022,2,4,April    ,21,111,16,4,Thursday ,f
20220422,20220422,2022-04-22,2022,2,4,April    ,22,112,16,5,Friday   ,f
20220423,20220423,2022-04-23,2022,2,4,April    ,23,113,16,6,Saturday ,t
20220424,20220424,2022-04-24,2022,2,4,April    ,24,114,16,7,Sunday   ,t
20220425,20220425,2022-04-25,2022,2,4,April    ,25,115,17,1,Monday   ,f
20220426,20220426,2022-04-26,2022,2,4,April    ,26,116,17,2,Tuesday  ,f
20220427,20220427,2022-04-27,2022,2,4,April    ,27,117,17,3,Wednesday,f
20220428,20220428,2022-04-28,2022,2,4,April    ,28,118,17,4,Thursday ,f
20220429,20220429,2022-04-29,2022,2,4,April    ,29,119,17,5,Friday   ,f
20220430,20220430,2022-04-30,2022,2,4,April    ,30,120,17,6,Saturday ,t
20220501,20220501,2022-05-01,2022,2,5,May      ,1,121,17,7,Sunday   ,t
20220502,20220502,2022-05-02,2022,2,5,May      ,2,122,18,1,Monday   ,f
20220503,20220503,2022-05-03,2022,2,5,May      ,3,123,18,2,Tuesday  ,f
20220504,20220504,2022-05-04,2022,2,5,May      ,4,124,18,3,Wednesday,f
20220505,20220505,2022-05-05,2022,2,5,May      ,5,125,18,4,Thursday ,f
20220506,20220506,2022-05-06,2022,2,5,May      ,6,126,18,5,Friday   ,f
20220507,20220507,2022-05-07,2022,2,5,May      ,7,127,18,6,Saturday ,t
20220508,20220508,2022-05-08,2022,2,5,May      ,8,128,18,7,Sunday   ,t
20220509,20220509,2022-05-09,2022,2,5,May      ,9,129,19,1,Monday   ,f
20220510,20220510,2022-05-10,2022,2,5,May      ,10,130,19,2,Tuesday  ,f
20220511,20220511,2022-05-11,2022,2,5,May      ,11,131,19,3,Wednesday,f
20220512,20220512,2022-05-12,2022,2,5,May      ,12,132,19,4,Thursday ,f
20220513,20220513,2022-05-13,2022,2,5,May      ,13,133,19,5,Friday   ,f
20220514,20220514,2022-05-14,2022,2,5,May      ,14,134,19,6,Saturday ,t
20220515,20220515,2022-05-15,2022,2,5,May      ,15,135,19,7,Sunday   ,t
20220516,20220516,2022-05-16,2022,2,5,May      ,16,136,20,1,Monday   ,f
20220517,20220517,2022-05-17,2022,2,5,May      ,17,137,20,2,Tuesday  ,f
20220518,20220518,2022-05-18,2022,2,5,May      ,18,138,20,3,Wednesday,f
20220519,20220519,2022-05-19,2022,2,5,May      ,19,139,20,4,Thursday ,f
20220520,20220520,2022-05-20,2022,2,5,May      ,20,140,20,5,Friday   ,f
20220521,20220521,2022-05-21,2022,2,5,May      ,21,141,20,6,Saturday ,t
20220522,20220522,2022-05-22,2022,2,5,May      ,22,142,20,7,Sunday   ,t
20220523,20220523,2022-05-23,2022,2,5,May      ,23,143,21,1,Monday   ,f
20220524,20220524,2022-05-24,2022,2,5,May      ,24,144,21,2,Tuesday  ,f
20220525,20220525,2022-05-25,2022,2,5,May      ,25,145,21,3,Wednesday,f
20220526,20220526,2022-05-26,2022,2,5,May      ,26,146,21,4,Thursday ,f
20220527,20220527,2022-05-27,2022,2,5,May      ,27,147,21,5,Friday   ,f
20220528,20220528,2022-05-28,2022,2,5,May      ,28,148,21,6,Saturday ,t
20220529,20220529,2022-05-29,2022,2,5,May      ,29,149,21,7,Sunday   ,t
20220530,20220530,2022-05-30,2022,2,5,May      ,30,150,22,1,Monday   ,f
20220531,20220531,2022-05-31,2022,2,5,May      ,31,151,22,2,Tuesday  ,f
20220601,20220601,2022-06-01,2022,2,6,June     ,1,152,22,3,Wednesday,f
20220602,20220602,2022-06-02,2022,2,6,June     ,2,153,22,4,Thursday ,f
20220603,20220603,2022-06-03,2022,2,6,June     ,3,154,22,5,Friday   ,f
20220604,20220604,2022-06-04,2022,2,6,June     ,4,155,22,6,Saturday ,t
20220605,20220605,2022-06-05,2022,2,6,June     ,5,156,22,7,Sunday   ,t
20220606,20220606,2022-06-06,2022,2,6,June     ,6,157,23,1,Monday   ,f
20220607,20220607,2022-06-07,2022,2,6,June     ,7,158,23,2,Tuesday  ,f
20220608,20220608,2022-06-08,2022,2,6,June     ,8,159,23,3,Wednesday,f
20220609,20220609,2022-06-09,2022,2,6,June     ,9,160,23,4,Thursday ,f
20220610,20220610,2022-06-10,2022,2,6,June     ,10,161,23,5,Friday   ,f
20220611,20220611,2022-06-11,2022,2,6,June     ,11,162,23,6,Saturday ,t
20220612,20220612,2022-06-12,2022,2,6,June     ,12,163,23,7,Sunday   ,t
20220613,20220613,2022-06-13,2022,2,6,June     ,13,164,24,1,Monday   ,f
20220614,20220614,2022-06-14,2022,2,6,June     ,14,165,24,2,Tuesday  ,f
20220615,20220615,2022-06-15,2022,2,6,June     ,15,166,24,3,Wednesday,f
20220616,20220616,2022-06-16,2022,2,6,June     ,16,167,24,4,Thursday ,f
20220617,20220617,2022-06-17,2022,2,6,June     ,17,168,24,5,Friday   ,f
20220618,20220618,2022-06-18,2022,2,6,June     ,18,169,24,6,Saturday ,t
20220619,20220619,2022-06-19,2022,2,6,June     ,19,170,24,7,Sunday   ,t
20220620,20220620,2022-06-20,2022,2,6,June     ,20,171,25,1,Monday   ,f
20220621,20220621,2022-06-21,2022,2,6,June     ,21,172,25,2,Tuesday  ,f
20220622,20220622,2022-06-22,2022,2,6,June     ,22,173,25,3,Wednesday,f
20220623,20220623,2022-06-23,2022,2,6,June     ,23,174,25,4,Thursday ,f
20220624,20220624,2022-06-24,2022,2,6,June     ,24,175,25,5,Friday   ,f
20220625,20220625,2022-06-25,2022,2,6,June     ,25,176,25,6,Saturday ,t
20220626,20220626,2022-06-26,2022,2,6,June     ,26,177,25,7,Sunday   ,t
20220627,20220627,2022-06-27,2022,2,6,June     ,27,178,26,1,Monday   ,f
20220628,20220628,2022-06-28,2022,2,6,June     ,28,179,26,2,Tuesday  ,f
20220629,20220629,2022-06-29,2022,2,6,June     ,29,180,26,3,Wednesday,f
20220630,20220630,2022-06-30,2022,2,6,June     ,30,181,26,4,Thursday ,f
20220701,20220701,2022-07-01,2022,3,7,July     ,1,182,26,5,Friday   ,f
20220702,20220702,2022-07-02,2022,3,7,July     ,2,183,26,6,Saturday ,t
20220703,20220703,2022-07-03,2022,3,7,July     ,3,184,26,7,Sunday   ,t
20220704,20220704,2022-07-04,2022,3,7,July     ,4,185,27,1,Monday   ,f
20220705,20220705,2022-07-05,2022,3,7,July     ,5,186,27,2,Tuesday  ,f
20220706,20220706,2022-07-06,2022,3,7,July     ,6,187,27,3,Wednesday,f
20220707,20220707,2022-07-07,2022,3,7,July     ,7,188,27,4,Thursday ,f
20220708,20220708,2022-07-08,2022,3,7,July     ,8,189,27,5,Friday   ,f
20220709,20220709,2022-07-09,2022,3,7,July     ,9,190,27,6,Saturday ,t
20220710,20220710,2022-07-10,2022,3,7,July     ,10,191,27,7,Sunday   ,t
20220711,20220711,2022-07-11,2022,3,7,July     ,11,192,28,1,Monday   ,f
20220712,20220712,2022-07-12,2022,3,7,July     ,12,193,28,2,Tuesday  ,f
20220713,20220713,2022-07-13,2022,3,7,July     ,13,194,28,3,Wednesday,f
20220714,20220714,2022-07-14,2022,3,7,July     ,14,195,28,4,Thursday ,f
20220715,20220715,2022-07-15,2022,3,7,July     ,15,196,28,5,Friday   ,f
20220716,20220716,2022-07-16,2022,3,7,July     ,16,197,28,6,Saturday ,t
20220717,20220717,2022-07-17,2022,3,7,July     ,17,198,28,7,Sunday   ,t
20220718,20220718,2022-07-18,2022,3,7,July     ,18,199,29,1,Monday   ,f
20220719,20220719,2022-07-19,2022,3,7,July     ,19,200,29,2,Tuesday  ,f
20220720,20220720,2022-07-20,2022,3,7,July     ,20,201,29,3,Wednesday,f
20220721,20220721,2022-07-21,2022,3,7,July     ,21,202,29,4,Thursday ,f
20220722,20220722,2022-07-22,2022,3,7,July     ,22,203,29,5,Friday   ,f
20220723,20220723,2022-07-23,2022,3,7,July     ,23,204,29,6,Saturday ,t
20220724,20220724,2022-07-24,2022,3,7,July     ,24,205,29,7,Sunday   ,t
20220725,20220725,2022-07-25,2022,3,7,July     ,25,206,30,1,Monday   ,f
20220726,20220726,2022-07-26,2022,3,7,July     ,26,207,30,2,Tuesday  ,f
20220727,20220727,2022-07-27,2022,3,7,July     ,27,208,30,3,Wednesday,f
20220728,20220728,2022-07-28,2022,3,7,July     ,28,209,30,4,Thursday ,f
20220729,20220729,2022-07-29,2022,3,7,July     ,29,210,30,5,Friday   ,f
20220730,20220730,2022-07-30,2022,3,7,July     ,30,211,30,6,Saturday ,t
20220731,20220731,2022-07-31,2022,3,7,July     ,31,212,30,7,Sunday   ,t
20220801,20220801,2022-08-01,2022,3,8,August   ,1,213,31,1,Monday   ,f
20220802,20220802,2022-08-02,2022,3,8,August   ,2,214,31,2,Tuesday  ,f
20220803,20220803,2022-08-03,2022,3,8,August   ,3,215,31,3,Wednesday,f
20220804,20220804,2022-08-04,2022,3,8,August   ,4,216,31,4,Thursday ,f
20220805,20220805,2022-08-05,2022,3,8,August   ,5,217,31,5,Friday   ,f
20220806,20220806,2022-08-06,2022,3,8,August   ,6,218,31,6,Saturday ,t
20220807,20220807,2022-08-07,2022,3,8,August   ,7,219,31,7,Sunday   ,t
20220808,20220808,2022-08-08,2022,3,8,August   ,8,220,32,1,Monday   ,f
20220809,20220809,2022-08-09,2022,3,8,August   ,9,221,32,2,Tuesday  ,f
20220810,20220810,2022-08-10,2022,3,8,August   ,10,222,32,3,Wednesday,f
20220811,20220811,2022-08-11,2022,3,8,August   ,11,223,32,4,Thursday ,f
20220812,20220812,2022-08-12,2022,3,8,August   ,12,224,32,5,Friday   ,f
20220813,20220813,2022-08-13,2022,3,8,August   ,13,225,32,6,Saturday ,t
20220814,20220814,2022-08-14,2022,3,8,August   ,14,226,32,7,Sunday   ,t
20220815,20220815,2022-08-15,2022,3,8,August   ,15,227,33,1,Monday   ,f
20220816,20220816,2022-08-16,2022,3,8,August   ,16,228,33,2,Tuesday  ,f
20220817,20220817,2022-08-17,2022,3,8,August   ,17,229,33,3,Wednesday,f
20220818,20220818,2022-08-18,2022,3,8,August   ,18,230,33,4,Thursday ,f
20220819,20220819,2022-08-19,2022,3,8,August   ,19,231,33,5,Friday   ,f
20220820,20220820,2022-08-20,2022,3,8,August   ,20,232,33,6,Saturday ,t
20220821,20220821,2022-08-21,2022,3,8,August   ,21,233,33,7,Sunday   ,t
20220822,20220822,2022-08-22,2022,3,8,August   ,22,234,34,1,Monday   ,f
20220823,20220823,2022-08-23,2022,3,8,August   ,23,235,34,2,Tuesday  ,f
20220824,20220824,2022-08-24,2022,3,8,August   ,24,236,34,3,Wednesday,f
20220825,20220825,2022-08-25,2022,3,8,August   ,25,237,34,4,Thursday ,f
20220826,20220826,2022-08-26,2022,3,8,August   ,26,238,34,5,Friday   ,f
20220827,20220827,2022-08-27,2022,3,8,August   ,27,239,34,6,Saturday ,t
20220828,20220828,2022-08-28,2022,3,8,August   ,28,240,34,7,Sunday   ,t
20220829,20220829,2022-08-29,2022,3,8,August   ,29,241,35,1,Monday   ,f
20220830,20220830,2022-08-30,2022,3,8,August   ,30,242,35,2,Tuesday  ,f
20220831,20220831,2022-08-31,2022,3,8,August   ,31,243,35,3,Wednesday,f
20220901,20220901,2022-09-01,2022,3,9,September,1,244,35,4,Thursday ,f
20220902,20220902,2022-09-02,2022,3,9,September,2,245,35,5,Friday   ,f
20220903,20220903,2022-09-03,2022,3,9,September,3,246,35,6,Saturday ,t
20220904,20220904,2022-09-04,2022,3,9,September,4,247,35,7,Sunday   ,t
20220905,20220905,2022-09-05,2022,3,9,September,5,248,36,1,Monday   ,f
20220906,20220906,2022-09-06,2022,3,9,September,6,249,36,2,Tuesday  ,f
20220907,20220907,2022-09-07,2022,3,9,September,7,250,36,3,Wednesday,f
20220908,20220908,2022-09-08,2022,3,9,September,8,251,36,4,Thursday ,f
20220909,20220909,2022-09-09,2022,3,9,September,9,252,36,5,Friday   ,f
20220910,20220910,2022-09-10,2022,3,9,September,10,253,36,6,Saturday ,t
20220911,20220911,2022-09-11,2022,3,9,September,11,254,36,7,Sunday   ,t
20220912,20220912,2022-09-12,2022,3,9,September,12,255,37,1,Monday   ,f
20220913,20220913,2022-09-13,2022,3,9,September,13,256,37,2,Tuesday  ,f
20220914,20220914,2022-09-14,2022,3,9,September,14,257,37,3,Wednesday,f
20220915,20220915,2022-09-15,2022,3,9,September,15,258,37,4,Thursday ,f
20220916,20220916,2022-09-16,2022,3,9,September,16,259,37,5,Friday   ,f
20220917,20220917,2022-09-17,2022,3,9,September,17,260,37,6,Saturday ,t
20220918,20220918,2022-09-18,2022,3,9,September,18,261,37,7,Sunday   ,t
20220919,20220919,2022-09-19,2022,3,9,September,19,262,38,1,Monday   ,f
20220920,20220920,2022-09-20,2022,3,9,September,20,263,38,2,Tuesday  ,f
20220921,20220921,2022-09-21,2022,3,9,September,21,264,38,3,Wednesday,f
20220922,20220922,2022-09-22,2022,3,9,September,22,265,38,4,Thursday ,f
20220923,20220923,2022-09-23,2022,3,9,September,23,266,38,5,Friday   ,f
20220924,20220924,2022-09-24,2022,3,9,September,24,267,38,6,Saturday ,t
20220925,20220925,2022-09-25,2022,3,9,September,25,268,38,7,Sunday   ,t
20220926,20220926,2022-09-26,2022,3,9,September,26,269,39,1,Monday   ,f
20220927,20220927,2022-09-27,2022,3,9,September,27,270,39,2,Tuesday  ,f
20220928,20220928,2022-09-28,2022,3,9,September,28,271,39,3,Wednesday,f
20220929,20220929,2022-09-29,2022,3,9,September,29,272,39,4,Thursday ,f
20220930,20220930,2022-09-30,2022,3,9,September,30,273,39,5,Friday   ,f
20221001,20221001,2022-10-01,2022,4,10,October  ,1,274,39,6,Saturday ,t
20221002,20221002,2022-10-02,2022,4,10,October  ,2,275,39,7,Sunday   ,t
20221003,20221003,2022-10-03,2022,4,10,October  ,3,276,40,1,Monday   ,f
20221004,20221004,2022-10-04,2022,4,10,October  ,4,277,40,2,Tuesday  ,f
20221005,20221005,2022-10-05,2022,4,10,October  ,5,278,40,3,Wednesday,f
20221006,20221006,2022-10-06,2022,4,10,October  ,6,279,40,4,Thursday ,f
20221007,20221007,2022-10-07,2022,4,10,October  ,7,280,40,5,Friday   ,f
20221008,20221008,2022-10-08,2022,4,10,October  ,8,281,40,6,Saturday ,t
20221009,20221009,2022-10-09,2022,4,10,October  ,9,282,40,7,Sunday   ,t
20221010,20221010,2022-10-10,2022,4,10,October  ,10,283,41,1,Monday   ,f
20221011,20221011,2022-10-11,2022,4,10,October  ,11,284,41,2,Tuesday  ,f
20221012,20221012,2022-10-12,2022,4,10,October  ,12,285,41,3,Wednesday,f
20221013,20221013,2022-10-13,2022,4,10,October  ,13,286,41,4,Thursday ,f
20221014,20221014,2022-10-14,2022,4,10,October  ,14,287,41,5,Friday   ,f
20221015,20221015,2022-10-15,2022,4,10,October  ,15,288,41,6,Saturday ,t
20221016,20221016,2022-10-16,2022,4,10,October  ,16,289,41,7,Sunday   ,t
20221017,20221017,2022-10-17,2022,4,10,October  ,17,290,42,1,Monday   ,f
20221018,20221018,2022-10-18,2022,4,10,October  ,18,291,42,2,Tuesday  ,f
20221019,20221019,2022-10-19,2022,4,10,October  ,19,292,42,3,Wednesday,f
20221020,20221020,2022-10-20,2022,4,10,October  ,20,293,42,4,Thursday ,f
20221021,20221021,2022-10-21,2022,4,10,October  ,21,294,42,5,Friday   ,f
20221022,20221022,2022-10-22,2022,4,10,October  ,22,295,42,6,Saturday ,t
20221023,20221023,2022-10-23,2022,4,10,October  ,23,296,42,7,Sunday   ,t
20221024,20221024,2022-10-24,2022,4,10,October  ,24,297,43,1,Monday   ,f
20221025,20221025,2022-10-25,2022,4,10,October  ,25,298,43,2,Tuesday  ,f
20221026,20221026,2022-10-26,2022,4,10,October  ,26,299,43,3,Wednesday,f
20221027,20221027,2022-10-27,2022,4,10,October  ,27,300,43,4,Thursday ,f
20221028,20221028,2022-10-28,2022,4,10,October  ,28,301,43,5,Friday   ,f
20221029,20221029,2022-10-29,2022,4,10,October  ,29,302,43,6,Saturday ,t
20221030,20221030,2022-10-30,2022,4,10,October  ,30,303,43,7,Sunday   ,t
20221031,20221031,2022-10-31,2022,4,10,October  ,31,304,44,1,Monday   ,f
20221101,20221101,2022-11-01,2022,4,11,November ,1,305,44,2,Tuesday  ,f
20221102,20221102,2022-11-02,2022,4,11,November ,2,306,44,3,Wednesday,f
20221103,20221103,2022-11-03,2022,4,11,November ,3,307,44,4,Thursday ,f
20221104,20221104,2022-11-04,2022,4,11,November ,4,308,44,5,Friday   ,f
20221105,20221105,2022-11-05,2022,4,11,November ,5,309,44,6,Saturday ,t
20221106,20221106,2022-11-06,2022,4,11,November ,6,310,44,7,Sunday   ,t
20221107,20221107,2022-11-07,2022,4,11,November ,7,311,45,1,Monday   ,f
20221108,20221108,2022-11-08,2022,4,11,November ,8,312,45,2,Tuesday  ,f
20221109,20221109,2022-11-09,2022,4,11,November ,9,313,45,3,Wednesday,f
20221110,20221110,2022-11-10,2022,4,11,November ,10,314,45,4,Thursday ,f
20221111,20221111,2022-11-11,2022,4,11,November ,11,315,45,5,Friday   ,f
20221112,20221112,2022-11-12,2022,4,11,November ,12,316,45,6,Saturday ,t
20221113,20221113,2022-11-13,2022,4,11,November ,13,317,45,7,Sunday   ,t
20221114,20221114,2022-11-14,2022,4,11,November ,14,318,46,1,Monday   ,f
20221115,20221115,2022-11-15,2022,4,11,November ,15,319,46,2,Tuesday  ,f
20221116,20221116,2022-11-16,2022,4,11,November ,16,320,46,3,Wednesday,f
20221117,20221117,2022-11-17,2022,4,11,November ,17,321,46,4,Thursday ,f
20221118,20221118,2022-11-18,2022,4,11,November ,18,322,46,5,Friday   ,f
20221119,20221119,2022-11-19,2022,4,11,November ,19,323,46,6,Saturday ,t
20221120,20221120,2022-11-20,2022,4,11,November ,20,324,46,7,Sunday   ,t
20221121,20221121,2022-11-21,2022,4,11,November ,21,325,47,1,Monday   ,f
20221122,20221122,2022-11-22,2022,4,11,November ,22,326,47,2,Tuesday  ,f
20221123,20221123,2022-11-23,2022,4,11,November ,23,327,47,3,Wednesday,f
20221124,20221124,2022-11-24,2022,4,11,November ,24,328,47,4,Thursday ,f
20221125,20221125,2022-11-25,2022,4,11,November ,25,329,47,5,Friday   ,f
20221126,20221126,2022-11-26,2022,4,11,November ,26,330,47,6,Saturday ,t
20221127,20221127,2022-11-27,2022,4,11,November ,27,331,47,7,Sunday   ,t
20221128,20221128,2022-11-28,2022,4,11,November ,28,332,48,1,Monday   ,f
20221129,20221129,2022-11-29,2022,4,11,November ,29,333,48,2,Tuesday  ,f
20221130,20221130,2022-11-30,2022,4,11,November ,30,334,48,3,Wednesday,f
20221201,20221201,2022-12-01,2022,4,12,December ,1,335,48,4,Thursday ,f
20221202,20221202,2022-12-02,2022,4,12,December ,2,336,48,5,Friday   ,f
20221203,20221203,2022-12-03,2022,4,12,December ,3,337,48,6,Saturday ,t
20221204,20221204,2022-12-04,2022,4,12,December ,4,338,48,7,Sunday   ,t
20221205,20221205,2022-12-05,2022,4,12,December ,5,339,49,1,Monday   ,f
20221206,20221206,2022-12-06,2022,4,12,December ,6,340,49,2,Tuesday  ,f
20221207,20221207,2022-12-07,2022,4,12,December ,7,341,49,3,Wednesday,f
20221208,20221208,2022-12-08,2022,4,12,December ,8,342,49,4,Thursday ,f
20221209,20221209,2022-12-09,2022,4,12,December ,9,343,49,5,Friday   ,f
20221210,20221210,2022-12-10,2022,4,12,December ,10,344,49,6,Saturday ,t
20221211,20221211,2022-12-11,2022,4,12,December ,11,345,49,7,Sunday   ,t
20221212,20221212,2022-12-12,2022,4,12,December ,12,346,50,1,Monday   ,f
20221213,20221213,2022-12-13,2022,4,12,December ,13,347,50,2,Tuesday  ,f
20221214,20221214,2022-12-14,2022,4,12,December ,14,348,50,3,Wednesday,f
20221215,20221215,2022-12-15,2022,4,12,December ,15,349,50,4,Thursday ,f
20221216,20221216,2022-12-16,2022,4,12,December ,16,350,50,5,Friday   ,f
20221217,20221217,2022-12-17,2022,4,12,December ,17,351,50,6,Saturday ,t
20221218,20221218,2022-12-18,2022,4,12,December ,18,352,50,7,Sunday   ,t
20221219,20221219,2022-12-19,2022,4,12,December ,19,353,51,1,Monday   ,f
20221220,20221220,2022-12-20,2022,4,12,December ,20,354,51,2,Tuesday  ,f
20221221,20221221,2022-12-21,2022,4,12,December ,21,355,51,3,Wednesday,f
20221222,20221222,2022-12-22,2022,4,12,December ,22,356,51,4,Thursday ,f
20221223,20221223,2022-12-23,2022,4,12,December ,23,357,51,5,Friday   ,f
20221224,20221224,2022-12-24,2022,4,12,December ,24,358,51,6,Saturday ,t
20221225,20221225,2022-12-25,2022,4,12,December ,25,359,51,7,Sunday   ,t
20221226,20221226,2022-12-26,2022,4,12,December ,26,360,52,1,Monday   ,f
20221227,20221227,2022-12-27,2022,4,12,December ,27,361,52,2,Tuesday  ,f
20221228,20221228,2022-12-28,2022,4,12,December ,28,362,52,3,Wednesday,f
20221229,20221229,2022-12-29,2022,4,12,December ,29,363,52,4,Thursday ,f
20221230,20221230,2022-12-30,2022,4,12,December ,30,364,52,5,Friday   ,f
20221231,20221231,2022-12-31,2022,4,12,December ,31,365,52,6,Saturday ,t
20230101,20230101,2023-01-01,2023,1,1,January  ,1,1,52,7,Sunday   ,t
20230102,20230102,2023-01-02,2023,1,1,January  ,2,2,1,1,Monday   ,f
20230103,20230103,2023-01-03,2023,1,1,January  ,3,3,1,2,Tuesday  ,f
20230104,20230104,2023-01-04,2023,1,1,January  ,4,4,1,3,Wednesday,f
20230105,20230105,2023-01-05,2023,1,1,January  ,5,5,1,4,Thursday ,f
20230106,20230106,2023-01-06,2023,1,1,January  ,6,6,1,5,Friday   ,f
20230107,20230107,2023-01-07,2023,1,1,January  ,7,7,1,6,Saturday ,t
20230108,20230108,2023-01-08,2023,1,1,January  ,8,8,1,7,Sunday   ,t
20230109,20230109,2023-01-09,2023,1,1,January  ,9,9,2,1,Monday   ,f
20230110,20230110,2023-01-10,2023,1,1,January  ,10,10,2,2,Tuesday  ,f
20230111,20230111,2023-01-11,2023,1,1,January  ,11,11,2,3,Wednesday,f
20230112,20230112,2023-01-12,2023,1,1,January  ,12,12,2,4,Thursday ,f
20230113,20230113,2023-01-13,2023,1,1,January  ,13,13,2,5,Friday   ,f
20230114,20230114,2023-01-14,2023,1,1,January  ,14,14,2,6,Saturday ,t
20230115,20230115,2023-01-15,2023,1,1,January  ,15,15,2,7,Sunday   ,t
20230116,20230116,2023-01-16,2023,1,1,January  ,16,16,3,1,Monday   ,f
20230117,20230117,2023-01-17,2023,1,1,January  ,17,17,3,2,Tuesday  ,f
20230118,20230118,2023-01-18,2023,1,1,January  ,18,18,3,3,Wednesday,f
20230119,20230119,2023-01-19,2023,1,1,January  ,19,19,3,4,Thursday ,f
20230120,20230120,2023-01-20,2023,1,1,January  ,20,20,3,5,Friday   ,f
20230121,20230121,2023-01-21,2023,1,1,January  ,21,21,3,6,Saturday ,t
20230122,20230122,2023-01-22,2023,1,1,January  ,22,22,3,7,Sunday   ,t
20230123,20230123,2023-01-23,2023,1,1,January  ,23,23,4,1,Monday   ,f
20230124,20230124,2023-01-24,2023,1,1,January  ,24,24,4,2,Tuesday  ,f
20230125,20230125,2023-01-25,2023,1,1,January  ,25,25,4,3,Wednesday,f
20230126,20230126,2023-01-26,2023,1,1,January  ,26,26,4,4,Thursday ,f
20230127,20230127,2023-01-27,2023,1,1,January  ,27,27,4,5,Friday   ,f
20230128,20230128,2023-01-28,2023,1,1,January  ,28,28,4,6,Saturday ,t
20230129,20230129,2023-01-29,2023,1,1,January  ,29,29,4,7,Sunday   ,t
20230130,20230130,2023-01-30,2023,1,1,January  ,30,30,5,1,Monday   ,f
20230131,20230131,2023-01-31,2023,1,1,January  ,31,31,5,2,Tuesday  ,f
20230201,20230201,2023-02-01,2023,1,2,February ,1,32,5,3,Wednesday,f
20230202,20230202,2023-02-02,2023,1,2,February ,2,33,5,4,Thursday ,f
20230203,20230203,2023-02-03,2023,1,2,February ,3,34,5,5,Friday   ,f
20230204,20230204,2023-02-04,2023,1,2,February ,4,35,5,6,Saturday ,t
20230205,20230205,2023-02-05,2023,1,2,February ,5,36,5,7,Sunday   ,t
20230206,20230206,2023-02-06,2023,1,2,February ,6,37,6,1,Monday   ,f
20230207,20230207,2023-02-07,2023,1,2,February ,7,38,6,2,Tuesday  ,f
20230208,20230208,2023-02-08,2023,1,2,February ,8,39,6,3,Wednesday,f
20230209,20230209,2023-02-09,2023,1,2,February ,9,40,6,4,Thursday ,f
20230210,20230210,2023-02-10,2023,1,2,February ,10,41,6,5,Friday   ,f
20230211,20230211,2023-02-11,2023,1,2,February ,11,42,6,6,Saturday ,t
20230212,20230212,2023-02-12,2023,1,2,February ,12,43,6,7,Sunday   ,t
20230213,20230213,2023-02-13,2023,1,2,February ,13,44,7,1,Monday   ,f
20230214,20230214,2023-02-14,2023,1,2,February ,14,45,7,2,Tuesday  ,f
20230215,20230215,2023-02-15,2023,1,2,February ,15,46,7,3,Wednesday,f
20230216,20230216,2023-02-16,2023,1,2,February ,16,47,7,4,Thursday ,f
20230217,20230217,2023-02-17,2023,1,2,February ,17,48,7,5,Friday   ,f
20230218,20230218,2023-02-18,2023,1,2,February ,18,49,7,6,Saturday ,t
20230219,20230219,2023-02-19,2023,1,2,February ,19,50,7,7,Sunday   ,t
20230220,20230220,2023-02-20,2023,1,2,February ,20,51,8,1,Monday   ,f
20230221,20230221,2023-02-21,2023,1,2,February ,21,52,8,2,Tuesday  ,f
20230222,20230222,2023-02-22,2023,1,2,February ,22,53,8,3,Wednesday,f
20230223,20230223,2023-02-23,2023,1,2,February ,23,54,8,4,Thursday ,f
20230224,20230224,2023-02-24,2023,1,2,February ,24,55,8,5,Friday   ,f
20230225,20230225,2023-02-25,2023,1,2,February ,25,56,8,6,Saturday ,t
20230226,20230226,2023-02-26,2023,1,2,February ,26,57,8,7,Sunday   ,t
20230227,20230227,2023-02-27,2023,1,2,February ,27,58,9,1,Monday   ,f
20230228,20230228,2023-02-28,2023,1,2,February ,28,59,9,2,Tuesday  ,f
20230301,20230301,2023-03-01,2023,1,3,March    ,1,60,9,3,Wednesday,f
20230302,20230302,2023-03-02,2023,1,3,March    ,2,61,9,4,Thursday ,f
20230303,20230303,2023-03-03,2023,1,3,March    ,3,62,9,5,Friday   ,f
20230304,20230304,2023-03-04,2023,1,3,March    ,4,63,9,6,Saturday ,t
20230305,20230305,2023-03-05,2023,1,3,March    ,5,64,9,7,Sunday   ,t
20230306,20230306,2023-03-06,2023,1,3,March    ,6,65,10,1,Monday   ,f
20230307,20230307,2023-03-07,2023,1,3,March    ,7,66,10,2,Tuesday  ,f
20230308,20230308,2023-03-08,2023,1,3,March    ,8,67,10,3,Wednesday,f
20230309,20230309,2023-03-09,2023,1,3,March    ,9,68,10,4,Thursday ,f
20230310,20230310,2023-03-10,2023,1,3,March    ,10,69,10,5,Friday   ,f
20230311,20230311,2023-03-11,2023,1,3,March    ,11,70,10,6,Saturday ,t
20230312,20230312,2023-03-12,2023,1,3,March    ,12,71,10,7,Sunday   ,t
20230313,20230313,2023-03-13,2023,1,3,March    ,13,72,11,1,Monday   ,f
20230314,20230314,2023-03-14,2023,1,3,March    ,14,73,11,2,Tuesday  ,f
20230315,20230315,2023-03-15,2023,1,3,March    ,15,74,11,3,Wednesday,f
20230316,20230316,2023-03-16,2023,1,3,March    ,16,75,11,4,Thursday ,f
20230317,20230317,2023-03-17,2023,1,3,March    ,17,76,11,5,Friday   ,f
20230318,20230318,2023-03-18,2023,1,3,March    ,18,77,11,6,Saturday ,t
20230319,20230319,2023-03-19,2023,1,3,March    ,19,78,11,7,Sunday   ,t
20230320,20230320,2023-03-20,2023,1,3,March    ,20,79,12,1,Monday   ,f
20230321,20230321,2023-03-21,2023,1,3,March    ,21,80,12,2,Tuesday  ,f
20230322,20230322,2023-03-22,2023,1,3,March    ,22,81,12,3,Wednesday,f
20230323,20230323,2023-03-23,2023,1,3,March    ,23,82,12,4,Thursday ,f
20230324,20230324,2023-03-24,2023,1,3,March    ,24,83,12,5,Friday   ,f
20230325,20230325,2023-03-25,2023,1,3,March    ,25,84,12,6,Saturday ,t
20230326,20230326,2023-03-26,2023,1,3,March    ,26,85,12,7,Sunday   ,t
20230327,20230327,2023-03-27,2023,1,3,March    ,27,86,13,1,Monday   ,f
20230328,20230328,2023-03-28,2023,1,3,March    ,28,87,13,2,Tuesday  ,f
20230329,20230329,2023-03-29,2023,1,3,March    ,29,88,13,3,Wednesday,f
20230330,20230330,2023-03-30,2023,1,3,March    ,30,89,13,4,Thursday ,f
20230331,20230331,2023-03-31,2023,1,3,March    ,31,90,13,5,Friday   ,f
20230401,20230401,2023-04-01,2023,2,4,April    ,1,91,13,6,Saturday ,t
20230402,20230402,2023-04-02,2023,2,4,April    ,2,92,13,7,Sunday   ,t
20230403,20230403,2023-04-03,2023,2,4,April    ,3,93,14,1,Monday   ,f
20230404,20230404,2023-04-04,2023,2,4,April    ,4,94,14,2,Tuesday  ,f
20230405,20230405,2023-04-05,2023,2,4,April    ,5,95,14,3,Wednesday,f
20230406,20230406,2023-04-06,2023,2,4,April    ,6,96,14,4,Thursday ,f
20230407,20230407,2023-04-07,2023,2,4,April    ,7,97,14,5,Friday   ,f
20230408,20230408,2023-04-08,2023,2,4,April    ,8,98,14,6,Saturday ,t
20230409,20230409,2023-04-09,2023,2,4,April    ,9,99,14,7,Sunday   ,t
20230410,20230410,2023-04-10,2023,2,4,April    ,10,100,15,1,Monday   ,f
20230411,20230411,2023-04-11,2023,2,4,April    ,11,101,15,2,Tuesday  ,f
20230412,20230412,2023-04-12,2023,2,4,April    ,12,102,15,3,Wednesday,f
20230413,20230413,2023-04-13,2023,2,4,April    ,13,103,15,4,Thursday ,f
20230414,20230414,2023-04-14,2023,2,4,April    ,14,104,15,5,Friday   ,f
20230415,20230415,2023-04-15,2023,2,4,April    ,15,105,15,6,Saturday ,t
20230416,20230416,2023-04-16,2023,2,4,April    ,16,106,15,7,Sunday   ,t
20230417,20230417,2023-04-17,2023,2,4,April    ,17,107,16,1,Monday   ,f
20230418,20230418,2023-04-18,2023,2,4,April    ,18,108,16,2,Tuesday  ,f
20230419,20230419,2023-04-19,2023,2,4,April    ,19,109,16,3,Wednesday,f
20230420,20230420,2023-04-20,2023,2,4,April    ,20,110,16,4,Thursday ,f
20230421,20230421,2023-04-21,2023,2,4,April    ,21,111,16,5,Friday   ,f
20230422,20230422,2023-04-22,2023,2,4,April    ,22,112,16,6,Saturday ,t
20230423,20230423,2023-04-23,2023,2,4,April    ,23,113,16,7,Sunday   ,t
20230424,20230424,2023-04-24,2023,2,4,April    ,24,114,17,1,Monday   ,f
20230425,20230425,2023-04-25,2023,2,4,April    ,25,115,17,2,Tuesday  ,f
20230426,20230426,2023-04-26,2023,2,4,April    ,26,116,17,3,Wednesday,f
20230427,20230427,2023-04-27,2023,2,4,April    ,27,117,17,4,Thursday ,f
20230428,20230428,2023-04-28,2023,2,4,April    ,28,118,17,5,Friday   ,f
20230429,20230429,2023-04-29,2023,2,4,April    ,29,119,17,6,Saturday ,t
20230430,20230430,2023-04-30,2023,2,4,April    ,30,120,17,7,Sunday   ,t
20230501,20230501,2023-05-01,2023,2,5,May      ,1,121,18,1,Monday   ,f
20230502,20230502,2023-05-02,2023,2,5,May      ,2,122,18,2,Tuesday  ,f
20230503,20230503,2023-05-03,2023,2,5,May      ,3,123,18,3,Wednesday,f
20230504,20230504,2023-05-04,2023,2,5,May      ,4,124,18,4,Thursday ,f
20230505,20230505,2023-05-05,2023,2,5,May      ,5,125,18,5,Friday   ,f
20230506,20230506,2023-05-06,2023,2,5,May      ,6,126,18,6,Saturday ,t
20230507,20230507,2023-05-07,2023,2,5,May      ,7,127,18,7,Sunday   ,t
20230508,20230508,2023-05-08,2023,2,5,May      ,8,128,19,1,Monday   ,f
20230509,20230509,2023-05-09,2023,2,5,May      ,9,129,19,2,Tuesday  ,f
20230510,20230510,2023-05-10,2023,2,5,May      ,10,130,19,3,Wednesday,f
20230511,20230511,2023-05-11,2023,2,5,May      ,11,131,19,4,Thursday ,f
20230512,20230512,2023-05-12,2023,2,5,May      ,12,132,19,5,Friday   ,f
20230513,20230513,2023-05-13,2023,2,5,May      ,13,133,19,6,Saturday ,t
20230514,20230514,2023-05-14,2023,2,5,May      ,14,134,19,7,Sunday   ,t
20230515,20230515,2023-05-15,2023,2,5,May      ,15,135,20,1,Monday   ,f
20230516,20230516,2023-05-16,2023,2,5,May      ,16,136,20,2,Tuesday  ,f
20230517,20230517,2023-05-17,2023,2,5,May      ,17,137,20,3,Wednesday,f
20230518,20230518,2023-05-18,2023,2,5,May      ,18,138,20,4,Thursday ,f
20230519,20230519,2023-05-19,2023,2,5,May      ,19,139,20,5,Friday   ,f
20230520,20230520,2023-05-20,2023,2,5,May      ,20,140,20,6,Saturday ,t
20230521,20230521,2023-05-21,2023,2,5,May      ,21,141,20,7,Sunday   ,t
20230522,20230522,2023-05-22,2023,2,5,May      ,22,142,21,1,Monday   ,f
20230523,20230523,2023-05-23,2023,2,5,May      ,23,143,21,2,Tuesday  ,f
20230524,20230524,2023-05-24,2023,2,5,May      ,24,144,21,3,Wednesday,f
20230525,20230525,2023-05-25,2023,2,5,May      ,25,145,21,4,Thursday ,f
20230526,20230526,2023-05-26,2023,2,5,May      ,26,146,21,5,Friday   ,f
20230527,20230527,2023-05-27,2023,2,5,May      ,27,147,21,6,Saturday ,t
20230528,20230528,2023-05-28,2023,2,5,May      ,28,148,21,7,Sunday   ,t
20230529,20230529,2023-05-29,2023,2,5,May      ,29,149,22,1,Monday   ,f
20230530,20230530,2023-05-30,2023,2,5,May      ,30,150,22,2,Tuesday  ,f
20230531,20230531,2023-05-31,2023,2,5,May      ,31,151,22,3,Wednesday,f
20230601,20230601,2023-06-01,2023,2,6,June     ,1,152,22,4,Thursday ,f
20230602,20230602,2023-06-02,2023,2,6,June     ,2,153,22,5,Friday   ,f
20230603,20230603,2023-06-03,2023,2,6,June     ,3,154,22,6,Saturday ,t
20230604,20230604,2023-06-04,2023,2,6,June     ,4,155,22,7,Sunday   ,t
20230605,20230605,2023-06-05,2023,2,6,June     ,5,156,23,1,Monday   ,f
20230606,20230606,2023-06-06,2023,2,6,June     ,6,157,23,2,Tuesday  ,f
20230607,20230607,2023-06-07,2023,2,6,June     ,7,158,23,3,Wednesday,f
20230608,20230608,2023-06-08,2023,2,6,June     ,8,159,23,4,Thursday ,f
20230609,20230609,2023-06-09,2023,2,6,June     ,9,160,23,5,Friday   ,f
20230610,20230610,2023-06-10,2023,2,6,June     ,10,161,23,6,Saturday ,t
20230611,20230611,2023-06-11,2023,2,6,June     ,11,162,23,7,Sunday   ,t
20230612,20230612,2023-06-12,2023,2,6,June     ,12,163,24,1,Monday   ,f
20230613,20230613,2023-06-13,2023,2,6,June     ,13,164,24,2,Tuesday  ,f
20230614,20230614,2023-06-14,2023,2,6,June     ,14,165,24,3,Wednesday,f
20230615,20230615,2023-06-15,2023,2,6,June     ,15,166,24,4,Thursday ,f
20230616,20230616,2023-06-16,2023,2,6,June     ,16,167,24,5,Friday   ,f
20230617,20230617,2023-06-17,2023,2,6,June     ,17,168,24,6,Saturday ,t
20230618,20230618,2023-06-18,2023,2,6,June     ,18,169,24,7,Sunday   ,t
20230619,20230619,2023-06-19,2023,2,6,June     ,19,170,25,1,Monday   ,f
20230620,20230620,2023-06-20,2023,2,6,June     ,20,171,25,2,Tuesday  ,f
20230621,20230621,2023-06-21,2023,2,6,June     ,21,172,25,3,Wednesday,f
20230622,20230622,2023-06-22,2023,2,6,June     ,22,173,25,4,Thursday ,f
20230623,20230623,2023-06-23,2023,2,6,June     ,23,174,25,5,Friday   ,f
20230624,20230624,2023-06-24,2023,2,6,June     ,24,175,25,6,Saturday ,t
20230625,20230625,2023-06-25,2023,2,6,June     ,25,176,25,7,Sunday   ,t
20230626,20230626,2023-06-26,2023,2,6,June     ,26,177,26,1,Monday   ,f
20230627,20230627,2023-06-27,2023,2,6,June     ,27,178,26,2,Tuesday  ,f
20230628,20230628,2023-06-28,2023,2,6,June     ,28,179,26,3,Wednesday,f
20230629,20230629,2023-06-29,2023,2,6,June     ,29,180,26,4,Thursday ,f
20230630,20230630,2023-06-30,2023,2,6,June     ,30,181,26,5,Friday   ,f
20230701,20230701,2023-07-01,2023,3,7,July     ,1,182,26,6,Saturday ,t
20230702,20230702,2023-07-02,2023,3,7,July     ,2,183,26,7,Sunday   ,t
20230703,20230703,2023-07-03,2023,3,7,July     ,3,184,27,1,Monday   ,f
20230704,20230704,2023-07-04,2023,3,7,July     ,4,185,27,2,Tuesday  ,f
20230705,20230705,2023-07-05,2023,3,7,July     ,5,186,27,3,Wednesday,f
20230706,20230706,2023-07-06,2023,3,7,July     ,6,187,27,4,Thursday ,f
20230707,20230707,2023-07-07,2023,3,7,July     ,7,188,27,5,Friday   ,f
20230708,20230708,2023-07-08,2023,3,7,July     ,8,189,27,6,Saturday ,t
20230709,20230709,2023-07-09,2023,3,7,July     ,9,190,27,7,Sunday   ,t
20230710,20230710,2023-07-10,2023,3,7,July     ,10,191,28,1,Monday   ,f
20230711,20230711,2023-07-11,2023,3,7,July     ,11,192,28,2,Tuesday  ,f
20230712,20230712,2023-07-12,2023,3,7,July     ,12,193,28,3,Wednesday,f
20230713,20230713,2023-07-13,2023,3,7,July     ,13,194,28,4,Thursday ,f
20230714,20230714,2023-07-14,2023,3,7,July     ,14,195,28,5,Friday   ,f
20230715,20230715,2023-07-15,2023,3,7,July     ,15,196,28,6,Saturday ,t
20230716,20230716,2023-07-16,2023,3,7,July     ,16,197,28,7,Sunday   ,t
20230717,20230717,2023-07-17,2023,3,7,July     ,17,198,29,1,Monday   ,f
20230718,20230718,2023-07-18,2023,3,7,July     ,18,199,29,2,Tuesday  ,f
20230719,20230719,2023-07-19,2023,3,7,July     ,19,200,29,3,Wednesday,f
20230720,20230720,2023-07-20,2023,3,7,July     ,20,201,29,4,Thursday ,f
20230721,20230721,2023-07-21,2023,3,7,July     ,21,202,29,5,Friday   ,f
20230722,20230722,2023-07-22,2023,3,7,July     ,22,203,29,6,Saturday ,t
20230723,20230723,2023-07-23,2023,3,7,July     ,23,204,29,7,Sunday   ,t
20230724,20230724,2023-07-24,2023,3,7,July     ,24,205,30,1,Monday   ,f
20230725,20230725,2023-07-25,2023,3,7,July     ,25,206,30,2,Tuesday  ,f
20230726,20230726,2023-07-26,2023,3,7,July     ,26,207,30,3,Wednesday,f
20230727,20230727,2023-07-27,2023,3,7,July     ,27,208,30,4,Thursday ,f
20230728,20230728,2023-07-28,2023,3,7,July     ,28,209,30,5,Friday   ,f
20230729,20230729,2023-07-29,2023,3,7,July     ,29,210,30,6,Saturday ,t
20230730,20230730,2023-07-30,2023,3,7,July     ,30,211,30,7,Sunday   ,t
20230731,20230731,2023-07-31,2023,3,7,July     ,31,212,31,1,Monday   ,f
20230801,20230801,2023-08-01,2023,3,8,August   ,1,213,31,2,Tuesday  ,f
20230802,20230802,2023-08-02,2023,3,8,August   ,2,214,31,3,Wednesday,f
20230803,20230803,2023-08-03,2023,3,8,August   ,3,215,31,4,Thursday ,f
20230804,20230804,2023-08-04,2023,3,8,August   ,4,216,31,5,Friday   ,f
20230805,20230805,2023-08-05,2023,3,8,August   ,5,217,31,6,Saturday ,t
20230806,20230806,2023-08-06,2023,3,8,August   ,6,218,31,7,Sunday   ,t
20230807,20230807,2023-08-07,2023,3,8,August   ,7,219,32,1,Monday   ,f
20230808,20230808,2023-08-08,2023,3,8,August   ,8,220,32,2,Tuesday  ,f
20230809,20230809,2023-08-09,2023,3,8,August   ,9,221,32,3,Wednesday,f
20230810,20230810,2023-08-10,2023,3,8,August   ,10,222,32,4,Thursday ,f
20230811,20230811,2023-08-11,2023,3,8,August   ,11,223,32,5,Friday   ,f
20230812,20230812,2023-08-12,2023,3,8,August   ,12,224,32,6,Saturday ,t
20230813,20230813,2023-08-13,2023,3,8,August   ,13,225,32,7,Sunday   ,t
20230814,20230814,2023-08-14,2023,3,8,August   ,14,226,33,1,Monday   ,f
20230815,20230815,2023-08-15,2023,3,8,August   ,15,227,33,2,Tuesday  ,f
20230816,20230816,2023-08-16,2023,3,8,August   ,16,228,33,3,Wednesday,f
20230817,20230817,2023-08-17,2023,3,8,August   ,17,229,33,4,Thursday ,f
20230818,20230818,2023-08-18,2023,3,8,August   ,18,230,33,5,Friday   ,f
20230819,20230819,2023-08-19,2023,3,8,August   ,19,231,33,6,Saturday ,t
20230820,20230820,2023-08-20,2023,3,8,August   ,20,232,33,7,Sunday   ,t
20230821,20230821,2023-08-21,2023,3,8,August   ,21,233,34,1,Monday   ,f
20230822,20230822,2023-08-22,2023,3,8,August   ,22,234,34,2,Tuesday  ,f
20230823,20230823,2023-08-23,2023,3,8,August   ,23,235,34,3,Wednesday,f
20230824,20230824,2023-08-24,2023,3,8,August   ,24,236,34,4,Thursday ,f
20230825,20230825,2023-08-25,2023,3,8,August   ,25,237,34,5,Friday   ,f
20230826,20230826,2023-08-26,2023,3,8,August   ,26,238,34,6,Saturday ,t
20230827,20230827,2023-08-27,2023,3,8,August   ,27,239,34,7,Sunday   ,t
20230828,20230828,2023-08-28,2023,3,8,August   ,28,240,35,1,Monday   ,f
20230829,20230829,2023-08-29,2023,3,8,August   ,29,241,35,2,Tuesday  ,f
20230830,20230830,2023-08-30,2023,3,8,August   ,30,242,35,3,Wednesday,f
20230831,20230831,2023-08-31,2023,3,8,August   ,31,243,35,4,Thursday ,f
20230901,20230901,2023-09-01,2023,3,9,September,1,244,35,5,Friday   ,f
20230902,20230902,2023-09-02,2023,3,9,September,2,245,35,6,Saturday ,t
20230903,20230903,2023-09-03,2023,3,9,September,3,246,35,7,Sunday   ,t
20230904,20230904,2023-09-04,2023,3,9,September,4,247,36,1,Monday   ,f
20230905,20230905,2023-09-05,2023,3,9,September,5,248,36,2,Tuesday  ,f
20230906,20230906,2023-09-06,2023,3,9,September,6,249,36,3,Wednesday,f
20230907,20230907,2023-09-07,2023,3,9,September,7,250,36,4,Thursday ,f
20230908,20230908,2023-09-08,2023,3,9,September,8,251,36,5,Friday   ,f
20230909,20230909,2023-09-09,2023,3,9,September,9,252,36,6,Saturday ,t
20230910,20230910,2023-09-10,2023,3,9,September,10,253,36,7,Sunday   ,t
20230911,20230911,2023-09-11,2023,3,9,September,11,254,37,1,Monday   ,f
20230912,20230912,2023-09-12,2023,3,9,September,12,255,37,2,Tuesday  ,f
20230913,20230913,2023-09-13,2023,3,9,September,13,256,37,3,Wednesday,f
20230914,20230914,2023-09-14,2023,3,9,September,14,257,37,4,Thursday ,f
20230915,20230915,2023-09-15,2023,3,9,September,15,258,37,5,Friday   ,f
20230916,20230916,2023-09-16,2023,3,9,September,16,259,37,6,Saturday ,t
20230917,20230917,2023-09-17,2023,3,9,September,17,260,37,7,Sunday   ,t
20230918,20230918,2023-09-18,2023,3,9,September,18,261,38,1,Monday   ,f
20230919,20230919,2023-09-19,2023,3,9,September,19,262,38,2,Tuesday  ,f
20230920,20230920,2023-09-20,2023,3,9,September,20,263,38,3,Wednesday,f
20230921,20230921,2023-09-21,2023,3,9,September,21,264,38,4,Thursday ,f
20230922,20230922,2023-09-22,2023,3,9,September,22,265,38,5,Friday   ,f
20230923,20230923,2023-09-23,2023,3,9,September,23,266,38,6,Saturday ,t
20230924,20230924,2023-09-24,2023,3,9,September,24,267,38,7,Sunday   ,t
20230925,20230925,2023-09-25,2023,3,9,September,25,268,39,1,Monday   ,f
20230926,20230926,2023-09-26,2023,3,9,September,26,269,39,2,Tuesday  ,f
20230927,20230927,2023-09-27,2023,3,9,September,27,270,39,3,Wednesday,f
20230928,20230928,2023-09-28,2023,3,9,September,28,271,39,4,Thursday ,f
20230929,20230929,2023-09-29,2023,3,9,September,29,272,39,5,Friday   ,f
20230930,20230930,2023-09-30,2023,3,9,September,30,273,39,6,Saturday ,t
20231001,20231001,2023-10-01,2023,4,10,October  ,1,274,39,7,Sunday   ,t
20231002,20231002,2023-10-02,2023,4,10,October  ,2,275,40,1,Monday   ,f
20231003,20231003,2023-10-03,2023,4,10,October  ,3,276,40,2,Tuesday  ,f
20231004,20231004,2023-10-04,2023,4,10,October  ,4,277,40,3,Wednesday,f
20231005,20231005,2023-10-05,2023,4,10,October  ,5,278,40,4,Thursday ,f
20231006,20231006,2023-10-06,2023,4,10,October  ,6,279,40,5,Friday   ,f
20231007,20231007,2023-10-07,2023,4,10,October  ,7,280,40,6,Saturday ,t
20231008,20231008,2023-10-08,2023,4,10,October  ,8,281,40,7,Sunday   ,t
20231009,20231009,2023-10-09,2023,4,10,October  ,9,282,41,1,Monday   ,f
20231010,20231010,2023-10-10,2023,4,10,October  ,10,283,41,2,Tuesday  ,f
20231011,20231011,2023-10-11,2023,4,10,October  ,11,284,41,3,Wednesday,f
20231012,20231012,2023-10-12,2023,4,10,October  ,12,285,41,4,Thursday ,f
20231013,20231013,2023-10-13,2023,4,10,October  ,13,286,41,5,Friday   ,f
20231014,20231014,2023-10-14,2023,4,10,October  ,14,287,41,6,Saturday ,t
20231015,20231015,2023-10-15,2023,4,10,October  ,15,288,41,7,Sunday   ,t
20231016,20231016,2023-10-16,2023,4,10,October  ,16,289,42,1,Monday   ,f
20231017,20231017,2023-10-17,2023,4,10,October  ,17,290,42,2,Tuesday  ,f
20231018,20231018,2023-10-18,2023,4,10,October  ,18,291,42,3,Wednesday,f
20231019,20231019,2023-10-19,2023,4,10,October  ,19,292,42,4,Thursday ,f
20231020,20231020,2023-10-20,2023,4,10,October  ,20,293,42,5,Friday   ,f
20231021,20231021,2023-10-21,2023,4,10,October  ,21,294,42,6,Saturday ,t
20231022,20231022,2023-10-22,2023,4,10,October  ,22,295,42,7,Sunday   ,t
20231023,20231023,2023-10-23,2023,4,10,October  ,23,296,43,1,Monday   ,f
20231024,20231024,2023-10-24,2023,4,10,October  ,24,297,43,2,Tuesday  ,f
20231025,20231025,2023-10-25,2023,4,10,October  ,25,298,43,3,Wednesday,f
20231026,20231026,2023-10-26,2023,4,10,October  ,26,299,43,4,Thursday ,f
20231027,20231027,2023-10-27,2023,4,10,October  ,27,300,43,5,Friday   ,f
20231028,20231028,2023-10-28,2023,4,10,October  ,28,301,43,6,Saturday ,t
20231029,20231029,2023-10-29,2023,4,10,October  ,29,302,43,7,Sunday   ,t
20231030,20231030,2023-10-30,2023,4,10,October  ,30,303,44,1,Monday   ,f
20231031,20231031,2023-10-31,2023,4,10,October  ,31,304,44,2,Tuesday  ,f
20231101,20231101,2023-11-01,2023,4,11,November ,1,305,44,3,Wednesday,f
20231102,20231102,2023-11-02,2023,4,11,November ,2,306,44,4,Thursday ,f
20231103,20231103,2023-11-03,2023,4,11,November ,3,307,44,5,Friday   ,f
20231104,20231104,2023-11-04,2023,4,11,November ,4,308,44,6,Saturday ,t
20231105,20231105,2023-11-05,2023,4,11,November ,5,309,44,7,Sunday   ,t
20231106,20231106,2023-11-06,2023,4,11,November ,6,310,45,1,Monday   ,f
20231107,20231107,2023-11-07,2023,4,11,November ,7,311,45,2,Tuesday  ,f
20231108,20231108,2023-11-08,2023,4,11,November ,8,312,45,3,Wednesday,f
20231109,20231109,2023-11-09,2023,4,11,November ,9,313,45,4,Thursday ,f
20231110,20231110,2023-11-10,2023,4,11,November ,10,314,45,5,Friday   ,f
20231111,20231111,2023-11-11,2023,4,11,November ,11,315,45,6,Saturday ,t
20231112,20231112,2023-11-12,2023,4,11,November ,12,316,45,7,Sunday   ,t
20231113,20231113,2023-11-13,2023,4,11,November ,13,317,46,1,Monday   ,f
20231114,20231114,2023-11-14,2023,4,11,November ,14,318,46,2,Tuesday  ,f
20231115,20231115,2023-11-15,2023,4,11,November ,15,319,46,3,Wednesday,f
20231116,20231116,2023-11-16,2023,4,11,November ,16,320,46,4,Thursday ,f
20231117,20231117,2023-11-17,2023,4,11,November ,17,321,46,5,Friday   ,f
20231118,20231118,2023-11-18,2023,4,11,November ,18,322,46,6,Saturday ,t
20231119,20231119,2023-11-19,2023,4,11,November ,19,323,46,7,Sunday   ,t
20231120,20231120,2023-11-20,2023,4,11,November ,20,324,47,1,Monday   ,f
20231121,20231121,2023-11-21,2023,4,11,November ,21,325,47,2,Tuesday  ,f
20231122,20231122,2023-11-22,2023,4,11,November ,22,326,47,3,Wednesday,f
20231123,20231123,2023-11-23,2023,4,11,November ,23,327,47,4,Thursday ,f
20231124,20231124,2023-11-24,2023,4,11,November ,24,328,47,5,Friday   ,f
20231125,20231125,2023-11-25,2023,4,11,November ,25,329,47,6,Saturday ,t
20231126,20231126,2023-11-26,2023,4,11,November ,26,330,47,7,Sunday   ,t
20231127,20231127,2023-11-27,2023,4,11,November ,27,331,48,1,Monday   ,f
20231128,20231128,2023-11-28,2023,4,11,November ,28,332,48,2,Tuesday  ,f
20231129,20231129,2023-11-29,2023,4,11,November ,29,333,48,3,Wednesday,f
20231130,20231130,2023-11-30,2023,4,11,November ,30,334,48,4,Thursday ,f
20231201,20231201,2023-12-01,2023,4,12,December ,1,335,48,5,Friday   ,f
20231202,20231202,2023-12-02,2023,4,12,December ,2,336,48,6,Saturday ,t
20231203,20231203,2023-12-03,2023,4,12,December ,3,337,48,7,Sunday   ,t
20231204,20231204,2023-12-04,2023,4,12,December ,4,338,49,1,Monday   ,f
20231205,20231205,2023-12-05,2023,4,12,December ,5,339,49,2,Tuesday  ,f
20231206,20231206,2023-12-06,2023,4,12,December ,6,340,49,3,Wednesday,f
20231207,20231207,2023-12-07,2023,4,12,December ,7,341,49,4,Thursday ,f
20231208,20231208,2023-12-08,2023,4,12,December ,8,342,49,5,Friday   ,f
20231209,20231209,2023-12-09,2023,4,12,December ,9,343,49,6,Saturday ,t
20231210,20231210,2023-12-10,2023,4,12,December ,10,344,49,7,Sunday   ,t
20231211,20231211,2023-12-11,2023,4,12,December ,11,345,50,1,Monday   ,f
20231212,20231212,2023-12-12,2023,4,12,December ,12,346,50,2,Tuesday  ,f
20231213,20231213,2023-12-13,2023,4,12,December ,13,347,50,3,Wednesday,f
20231214,20231214,2023-12-14,2023,4,12,December ,14,348,50,4,Thursday ,f
20231215,20231215,2023-12-15,2023,4,12,December ,15,349,50,5,Friday   ,f
20231216,20231216,2023-12-16,2023,4,12,December ,16,350,50,6,Saturday ,t
20231217,20231217,2023-12-17,2023,4,12,December ,17,351,50,7,Sunday   ,t
20231218,20231218,2023-12-18,2023,4,12,December ,18,352,51,1,Monday   ,f
20231219,20231219,2023-12-19,2023,4,12,December ,19,353,51,2,Tuesday  ,f
20231220,20231220,2023-12-20,2023,4,12,December ,20,354,51,3,Wednesday,f
20231221,20231221,2023-12-21,2023,4,12,December ,21,355,51,4,Thursday ,f
20231222,20231222,2023-12-22,2023,4,12,December ,22,356,51,5,Friday   ,f
20231223,20231223,2023-12-23,2023,4,12,December ,23,357,51,6,Saturday ,t
20231224,20231224,2023-12-24,2023,4,12,December ,24,358,51,7,Sunday   ,t
20231225,20231225,2023-12-25,2023,4,12,December ,25,359,52,1,Monday   ,f
20231226,20231226,2023-12-26,2023,4,12,December ,26,360,52,2,Tuesday  ,f
20231227,20231227,2023-12-27,2023,4,12,December ,27,361,52,3,Wednesday,f
20231228,20231228,2023-12-28,2023,4,12,December ,28,362,52,4,Thursday ,f
20231229,20231229,2023-12-29,2023,4,12,December ,29,363,52,5,Friday   ,f
20231230,20231230,2023-12-30,2023,4,12,December ,30,364,52,6,Saturday ,t
20231231,20231231,2023-12-31,2023,4,12,December ,31,365,52,7,Sunday   ,t
20240101,20240101,2024-01-01,2024,1,1,January  ,1,1,1,1,Monday   ,f
20240102,20240102,2024-01-02,2024,1,1,January  ,2,2,1,2,Tuesday  ,f
20240103,20240103,2024-01-03,2024,1,1,January  ,3,3,1,3,Wednesday,f
20240104,20240104,2024-01-04,2024,1,1,January  ,4,4,1,4,Thursday ,f
20240105,20240105,2024-01-05,2024,1,1,January  ,5,5,1,5,Friday   ,f
20240106,20240106,2024-01-06,2024,1,1,January  ,6,6,1,6,Saturday ,t
20240107,20240107,2024-01-07,2024,1,1,January  ,7,7,1,7,Sunday   ,t
20240108,20240108,2024-01-08,2024,1,1,January  ,8,8,2,1,Monday   ,f
20240109,20240109,2024-01-09,2024,1,1,January  ,9,9,2,2,Tuesday  ,f
20240110,20240110,2024-01-10,2024,1,1,January  ,10,10,2,3,Wednesday,f
20240111,20240111,2024-01-11,2024,1,1,January  ,11,11,2,4,Thursday ,f
20240112,20240112,2024-01-12,2024,1,1,January  ,12,12,2,5,Friday   ,f
20240113,20240113,2024-01-13,2024,1,1,January  ,13,13,2,6,Saturday ,t
20240114,20240114,2024-01-14,2024,1,1,January  ,14,14,2,7,Sunday   ,t
20240115,20240115,2024-01-15,2024,1,1,January  ,15,15,3,1,Monday   ,f
20240116,20240116,2024-01-16,2024,1,1,January  ,16,16,3,2,Tuesday  ,f
20240117,20240117,2024-01-17,2024,1,1,January  ,17,17,3,3,Wednesday,f
20240118,20240118,2024-01-18,2024,1,1,January  ,18,18,3,4,Thursday ,f
20240119,20240119,2024-01-19,2024,1,1,January  ,19,19,3,5,Friday   ,f
20240120,20240120,2024-01-20,2024,1,1,January  ,20,20,3,6,Saturday ,t
20240121,20240121,2024-01-21,2024,1,1,January  ,21,21,3,7,Sunday   ,t
20240122,20240122,2024-01-22,2024,1,1,January  ,22,22,4,1,Monday   ,f
20240123,20240123,2024-01-23,2024,1,1,January  ,23,23,4,2,Tuesday  ,f
20240124,20240124,2024-01-24,2024,1,1,January  ,24,24,4,3,Wednesday,f
20240125,20240125,2024-01-25,2024,1,1,January  ,25,25,4,4,Thursday ,f
20240126,20240126,2024-01-26,2024,1,1,January  ,26,26,4,5,Friday   ,f
20240127,20240127,2024-01-27,2024,1,1,January  ,27,27,4,6,Saturday ,t
20240128,20240128,2024-01-28,2024,1,1,January  ,28,28,4,7,Sunday   ,t
20240129,20240129,2024-01-29,2024,1,1,January  ,29,29,5,1,Monday   ,f
20240130,20240130,2024-01-30,2024,1,1,January  ,30,30,5,2,Tuesday  ,f
20240131,20240131,2024-01-31,2024,1,1,January  ,31,31,5,3,Wednesday,f
20240201,20240201,2024-02-01,2024,1,2,February ,1,32,5,4,Thursday ,f
20240202,20240202,2024-02-02,2024,1,2,February ,2,33,5,5,Friday   ,f
20240203,20240203,2024-02-03,2024,1,2,February ,3,34,5,6,Saturday ,t
20240204,20240204,2024-02-04,2024,1,2,February ,4,35,5,7,Sunday   ,t
20240205,20240205,2024-02-05,2024,1,2,February ,5,36,6,1,Monday   ,f
20240206,20240206,2024-02-06,2024,1,2,February ,6,37,6,2,Tuesday  ,f
20240207,20240207,2024-02-07,2024,1,2,February ,7,38,6,3,Wednesday,f
20240208,20240208,2024-02-08,2024,1,2,February ,8,39,6,4,Thursday ,f
20240209,20240209,2024-02-09,2024,1,2,February ,9,40,6,5,Friday   ,f
20240210,20240210,2024-02-10,2024,1,2,February ,10,41,6,6,Saturday ,t
20240211,20240211,2024-02-11,2024,1,2,February ,11,42,6,7,Sunday   ,t
20240212,20240212,2024-02-12,2024,1,2,February ,12,43,7,1,Monday   ,f
20240213,20240213,2024-02-13,2024,1,2,February ,13,44,7,2,Tuesday  ,f
20240214,20240214,2024-02-14,2024,1,2,February ,14,45,7,3,Wednesday,f
20240215,20240215,2024-02-15,2024,1,2,February ,15,46,7,4,Thursday ,f
20240216,20240216,2024-02-16,2024,1,2,February ,16,47,7,5,Friday   ,f
20240217,20240217,2024-02-17,2024,1,2,February ,17,48,7,6,Saturday ,t
20240218,20240218,2024-02-18,2024,1,2,February ,18,49,7,7,Sunday   ,t
20240219,20240219,2024-02-19,2024,1,2,February ,19,50,8,1,Monday   ,f
20240220,20240220,2024-02-20,2024,1,2,February ,20,51,8,2,Tuesday  ,f
20240221,20240221,2024-02-21,2024,1,2,February ,21,52,8,3,Wednesday,f
20240222,20240222,2024-02-22,2024,1,2,February ,22,53,8,4,Thursday ,f
20240223,20240223,2024-02-23,2024,1,2,February ,23,54,8,5,Friday   ,f
20240224,20240224,2024-02-24,2024,1,2,February ,24,55,8,6,Saturday ,t
20240225,20240225,2024-02-25,2024,1,2,February ,25,56,8,7,Sunday   ,t
20240226,20240226,2024-02-26,2024,1,2,February ,26,57,9,1,Monday   ,f
20240227,20240227,2024-02-27,2024,1,2,February ,27,58,9,2,Tuesday  ,f
20240228,20240228,2024-02-28,2024,1,2,February ,28,59,9,3,Wednesday,f
20240229,20240229,2024-02-29,2024,1,2,February ,29,60,9,4,Thursday ,f
20240301,20240301,2024-03-01,2024,1,3,March    ,1,61,9,5,Friday   ,f
20240302,20240302,2024-03-02,2024,1,3,March    ,2,62,9,6,Saturday ,t
20240303,20240303,2024-03-03,2024,1,3,March    ,3,63,9,7,Sunday   ,t
20240304,20240304,2024-03-04,2024,1,3,March    ,4,64,10,1,Monday   ,f
20240305,20240305,2024-03-05,2024,1,3,March    ,5,65,10,2,Tuesday  ,f
20240306,20240306,2024-03-06,2024,1,3,March    ,6,66,10,3,Wednesday,f
20240307,20240307,2024-03-07,2024,1,3,March    ,7,67,10,4,Thursday ,f
20240308,20240308,2024-03-08,2024,1,3,March    ,8,68,10,5,Friday   ,f
20240309,20240309,2024-03-09,2024,1,3,March    ,9,69,10,6,Saturday ,t
20240310,20240310,2024-03-10,2024,1,3,March    ,10,70,10,7,Sunday   ,t
20240311,20240311,2024-03-11,2024,1,3,March    ,11,71,11,1,Monday   ,f
20240312,20240312,2024-03-12,2024,1,3,March    ,12,72,11,2,Tuesday  ,f
20240313,20240313,2024-03-13,2024,1,3,March    ,13,73,11,3,Wednesday,f
20240314,20240314,2024-03-14,2024,1,3,March    ,14,74,11,4,Thursday ,f
20240315,20240315,2024-03-15,2024,1,3,March    ,15,75,11,5,Friday   ,f
20240316,20240316,2024-03-16,2024,1,3,March    ,16,76,11,6,Saturday ,t
20240317,20240317,2024-03-17,2024,1,3,March    ,17,77,11,7,Sunday   ,t
20240318,20240318,2024-03-18,2024,1,3,March    ,18,78,12,1,Monday   ,f
20240319,20240319,2024-03-19,2024,1,3,March    ,19,79,12,2,Tuesday  ,f
20240320,20240320,2024-03-20,2024,1,3,March    ,20,80,12,3,Wednesday,f
20240321,20240321,2024-03-21,2024,1,3,March    ,21,81,12,4,Thursday ,f
20240322,20240322,2024-03-22,2024,1,3,March    ,22,82,12,5,Friday   ,f
20240323,20240323,2024-03-23,2024,1,3,March    ,23,83,12,6,Saturday ,t
20240324,20240324,2024-03-24,2024,1,3,March    ,24,84,12,7,Sunday   ,t
20240325,20240325,2024-03-25,2024,1,3,March    ,25,85,13,1,Monday   ,f
20240326,20240326,2024-03-26,2024,1,3,March    ,26,86,13,2,Tuesday  ,f
20240327,20240327,2024-03-27,2024,1,3,March    ,27,87,13,3,Wednesday,f
20240328,20240328,2024-03-28,2024,1,3,March    ,28,88,13,4,Thursday ,f
20240329,20240329,2024-03-29,2024,1,3,March    ,29,89,13,5,Friday   ,f
20240330,20240330,2024-03-30,2024,1,3,March    ,30,90,13,6,Saturday ,t
20240331,20240331,2024-03-31,2024,1,3,March    ,31,91,13,7,Sunday   ,t
20240401,20240401,2024-04-01,2024,2,4,April    ,1,92,14,1,Monday   ,f
20240402,20240402,2024-04-02,2024,2,4,April    ,2,93,14,2,Tuesday  ,f
20240403,20240403,2024-04-03,2024,2,4,April    ,3,94,14,3,Wednesday,f
20240404,20240404,2024-04-04,2024,2,4,April    ,4,95,14,4,Thursday ,f
20240405,20240405,2024-04-05,2024,2,4,April    ,5,96,14,5,Friday   ,f
20240406,20240406,2024-04-06,2024,2,4,April    ,6,97,14,6,Saturday ,t
20240407,20240407,2024-04-07,2024,2,4,April    ,7,98,14,7,Sunday   ,t
20240408,20240408,2024-04-08,2024,2,4,April    ,8,99,15,1,Monday   ,f
20240409,20240409,2024-04-09,2024,2,4,April    ,9,100,15,2,Tuesday  ,f
20240410,20240410,2024-04-10,2024,2,4,April    ,10,101,15,3,Wednesday,f
20240411,20240411,2024-04-11,2024,2,4,April    ,11,102,15,4,Thursday ,f
20240412,20240412,2024-04-12,2024,2,4,April    ,12,103,15,5,Friday   ,f
20240413,20240413,2024-04-13,2024,2,4,April    ,13,104,15,6,Saturday ,t
20240414,20240414,2024-04-14,2024,2,4,April    ,14,105,15,7,Sunday   ,t
20240415,20240415,2024-04-15,2024,2,4,April    ,15,106,16,1,Monday   ,f
20240416,20240416,2024-04-16,2024,2,4,April    ,16,107,16,2,Tuesday  ,f
20240417,20240417,2024-04-17,2024,2,4,April    ,17,108,16,3,Wednesday,f
20240418,20240418,2024-04-18,2024,2,4,April    ,18,109,16,4,Thursday ,f
20240419,20240419,2024-04-19,2024,2,4,April    ,19,110,16,5,Friday   ,f
20240420,20240420,2024-04-20,2024,2,4,April    ,20,111,16,6,Saturday ,t
20240421,20240421,2024-04-21,2024,2,4,April    ,21,112,16,7,Sunday   ,t
20240422,20240422,2024-04-22,2024,2,4,April    ,22,113,17,1,Monday   ,f
20240423,20240423,2024-04-23,2024,2,4,April    ,23,114,17,2,Tuesday  ,f
20240424,20240424,2024-04-24,2024,2,4,April    ,24,115,17,3,Wednesday,f
20240425,20240425,2024-04-25,2024,2,4,April    ,25,116,17,4,Thursday ,f
20240426,20240426,2024-04-26,2024,2,4,April    ,26,117,17,5,Friday   ,f
20240427,20240427,2024-04-27,2024,2,4,April    ,27,118,17,6,Saturday ,t
20240428,20240428,2024-04-28,2024,2,4,April    ,28,119,17,7,Sunday   ,t
20240429,20240429,2024-04-29,2024,2,4,April    ,29,120,18,1,Monday   ,f
20240430,20240430,2024-04-30,2024,2,4,April    ,30,121,18,2,Tuesday  ,f
20240501,20240501,2024-05-01,2024,2,5,May      ,1,122,18,3,Wednesday,f
20240502,20240502,2024-05-02,2024,2,5,May      ,2,123,18,4,Thursday ,f
20240503,20240503,2024-05-03,2024,2,5,May      ,3,124,18,5,Friday   ,f
20240504,20240504,2024-05-04,2024,2,5,May      ,4,125,18,6,Saturday ,t
20240505,20240505,2024-05-05,2024,2,5,May      ,5,126,18,7,Sunday   ,t
20240506,20240506,2024-05-06,2024,2,5,May      ,6,127,19,1,Monday   ,f
20240507,20240507,2024-05-07,2024,2,5,May      ,7,128,19,2,Tuesday  ,f
20240508,20240508,2024-05-08,2024,2,5,May      ,8,129,19,3,Wednesday,f
20240509,20240509,2024-05-09,2024,2,5,May      ,9,130,19,4,Thursday ,f
20240510,20240510,2024-05-10,2024,2,5,May      ,10,131,19,5,Friday   ,f
20240511,20240511,2024-05-11,2024,2,5,May      ,11,132,19,6,Saturday ,t
20240512,20240512,2024-05-12,2024,2,5,May      ,12,133,19,7,Sunday   ,t
20240513,20240513,2024-05-13,2024,2,5,May      ,13,134,20,1,Monday   ,f
20240514,20240514,2024-05-14,2024,2,5,May      ,14,135,20,2,Tuesday  ,f
20240515,20240515,2024-05-15,2024,2,5,May      ,15,136,20,3,Wednesday,f
20240516,20240516,2024-05-16,2024,2,5,May      ,16,137,20,4,Thursday ,f
20240517,20240517,2024-05-17,2024,2,5,May      ,17,138,20,5,Friday   ,f
20240518,20240518,2024-05-18,2024,2,5,May      ,18,139,20,6,Saturday ,t
20240519,20240519,2024-05-19,2024,2,5,May      ,19,140,20,7,Sunday   ,t
20240520,20240520,2024-05-20,2024,2,5,May      ,20,141,21,1,Monday   ,f
20240521,20240521,2024-05-21,2024,2,5,May      ,21,142,21,2,Tuesday  ,f
20240522,20240522,2024-05-22,2024,2,5,May      ,22,143,21,3,Wednesday,f
20240523,20240523,2024-05-23,2024,2,5,May      ,23,144,21,4,Thursday ,f
20240524,20240524,2024-05-24,2024,2,5,May      ,24,145,21,5,Friday   ,f
20240525,20240525,2024-05-25,2024,2,5,May      ,25,146,21,6,Saturday ,t
20240526,20240526,2024-05-26,2024,2,5,May      ,26,147,21,7,Sunday   ,t
20240527,20240527,2024-05-27,2024,2,5,May      ,27,148,22,1,Monday   ,f
20240528,20240528,2024-05-28,2024,2,5,May      ,28,149,22,2,Tuesday  ,f
20240529,20240529,2024-05-29,2024,2,5,May      ,29,150,22,3,Wednesday,f
20240530,20240530,2024-05-30,2024,2,5,May      ,30,151,22,4,Thursday ,f
20240531,20240531,2024-05-31,2024,2,5,May      ,31,152,22,5,Friday   ,f
20240601,20240601,2024-06-01,2024,2,6,June     ,1,153,22,6,Saturday ,t
20240602,20240602,2024-06-02,2024,2,6,June     ,2,154,22,7,Sunday   ,t
20240603,20240603,2024-06-03,2024,2,6,June     ,3,155,23,1,Monday   ,f
20240604,20240604,2024-06-04,2024,2,6,June     ,4,156,23,2,Tuesday  ,f
20240605,20240605,2024-06-05,2024,2,6,June     ,5,157,23,3,Wednesday,f
20240606,20240606,2024-06-06,2024,2,6,June     ,6,158,23,4,Thursday ,f
20240607,20240607,2024-06-07,2024,2,6,June     ,7,159,23,5,Friday   ,f
20240608,20240608,2024-06-08,2024,2,6,June     ,8,160,23,6,Saturday ,t
20240609,20240609,2024-06-09,2024,2,6,June     ,9,161,23,7,Sunday   ,t
20240610,20240610,2024-06-10,2024,2,6,June     ,10,162,24,1,Monday   ,f
20240611,20240611,2024-06-11,2024,2,6,June     ,11,163,24,2,Tuesday  ,f
20240612,20240612,2024-06-12,2024,2,6,June     ,12,164,24,3,Wednesday,f
20240613,20240613,2024-06-13,2024,2,6,June     ,13,165,24,4,Thursday ,f
20240614,20240614,2024-06-14,2024,2,6,June     ,14,166,24,5,Friday   ,f
20240615,20240615,2024-06-15,2024,2,6,June     ,15,167,24,6,Saturday ,t
20240616,20240616,2024-06-16,2024,2,6,June     ,16,168,24,7,Sunday   ,t
20240617,20240617,2024-06-17,2024,2,6,June     ,17,169,25,1,Monday   ,f
20240618,20240618,2024-06-18,2024,2,6,June     ,18,170,25,2,Tuesday  ,f
20240619,20240619,2024-06-19,2024,2,6,June     ,19,171,25,3,Wednesday,f
20240620,20240620,2024-06-20,2024,2,6,June     ,20,172,25,4,Thursday ,f
20240621,20240621,2024-06-21,2024,2,6,June     ,21,173,25,5,Friday   ,f
20240622,20240622,2024-06-22,2024,2,6,June     ,22,174,25,6,Saturday ,t
20240623,20240623,2024-06-23,2024,2,6,June     ,23,175,25,7,Sunday   ,t
20240624,20240624,2024-06-24,2024,2,6,June     ,24,176,26,1,Monday   ,f
20240625,20240625,2024-06-25,2024,2,6,June     ,25,177,26,2,Tuesday  ,f
20240626,20240626,2024-06-26,2024,2,6,June     ,26,178,26,3,Wednesday,f
20240627,20240627,2024-06-27,2024,2,6,June     ,27,179,26,4,Thursday ,f
20240628,20240628,2024-06-28,2024,2,6,June     ,28,180,26,5,Friday   ,f
20240629,20240629,2024-06-29,2024,2,6,June     ,29,181,26,6,Saturday ,t
20240630,20240630,2024-06-30,2024,2,6,June     ,30,182,26,7,Sunday   ,t
20240701,20240701,2024-07-01,2024,3,7,July     ,1,183,27,1,Monday   ,f
20240702,20240702,2024-07-02,2024,3,7,July     ,2,184,27,2,Tuesday  ,f
20240703,20240703,2024-07-03,2024,3,7,July     ,3,185,27,3,Wednesday,f
20240704,20240704,2024-07-04,2024,3,7,July     ,4,186,27,4,Thursday ,f
20240705,20240705,2024-07-05,2024,3,7,July     ,5,187,27,5,Friday   ,f
20240706,20240706,2024-07-06,2024,3,7,July     ,6,188,27,6,Saturday ,t
20240707,20240707,2024-07-07,2024,3,7,July     ,7,189,27,7,Sunday   ,t
20240708,20240708,2024-07-08,2024,3,7,July     ,8,190,28,1,Monday   ,f
20240709,20240709,2024-07-09,2024,3,7,July     ,9,191,28,2,Tuesday  ,f
20240710,20240710,2024-07-10,2024,3,7,July     ,10,192,28,3,Wednesday,f
20240711,20240711,2024-07-11,2024,3,7,July     ,11,193,28,4,Thursday ,f
20240712,20240712,2024-07-12,2024,3,7,July     ,12,194,28,5,Friday   ,f
20240713,20240713,2024-07-13,2024,3,7,July     ,13,195,28,6,Saturday ,t
20240714,20240714,2024-07-14,2024,3,7,July     ,14,196,28,7,Sunday   ,t
20240715,20240715,2024-07-15,2024,3,7,July     ,15,197,29,1,Monday   ,f
20240716,20240716,2024-07-16,2024,3,7,July     ,16,198,29,2,Tuesday  ,f
20240717,20240717,2024-07-17,2024,3,7,July     ,17,199,29,3,Wednesday,f
20240718,20240718,2024-07-18,2024,3,7,July     ,18,200,29,4,Thursday ,f
20240719,20240719,2024-07-19,2024,3,7,July     ,19,201,29,5,Friday   ,f
20240720,20240720,2024-07-20,2024,3,7,July     ,20,202,29,6,Saturday ,t
20240721,20240721,2024-07-21,2024,3,7,July     ,21,203,29,7,Sunday   ,t
20240722,20240722,2024-07-22,2024,3,7,July     ,22,204,30,1,Monday   ,f
20240723,20240723,2024-07-23,2024,3,7,July     ,23,205,30,2,Tuesday  ,f
20240724,20240724,2024-07-24,2024,3,7,July     ,24,206,30,3,Wednesday,f
20240725,20240725,2024-07-25,2024,3,7,July     ,25,207,30,4,Thursday ,f
20240726,20240726,2024-07-26,2024,3,7,July     ,26,208,30,5,Friday   ,f
20240727,20240727,2024-07-27,2024,3,7,July     ,27,209,30,6,Saturday ,t
20240728,20240728,2024-07-28,2024,3,7,July     ,28,210,30,7,Sunday   ,t
20240729,20240729,2024-07-29,2024,3,7,July     ,29,211,31,1,Monday   ,f
20240730,20240730,2024-07-30,2024,3,7,July     ,30,212,31,2,Tuesday  ,f
20240731,20240731,2024-07-31,2024,3,7,July     ,31,213,31,3,Wednesday,f
20240801,20240801,2024-08-01,2024,3,8,August   ,1,214,31,4,Thursday ,f
20240802,20240802,2024-08-02,2024,3,8,August   ,2,215,31,5,Friday   ,f
20240803,20240803,2024-08-03,2024,3,8,August   ,3,216,31,6,Saturday ,t
20240804,20240804,2024-08-04,2024,3,8,August   ,4,217,31,7,Sunday   ,t
20240805,20240805,2024-08-05,2024,3,8,August   ,5,218,32,1,Monday   ,f
20240806,20240806,2024-08-06,2024,3,8,August   ,6,219,32,2,Tuesday  ,f
20240807,20240807,2024-08-07,2024,3,8,August   ,7,220,32,3,Wednesday,f
20240808,20240808,2024-08-08,2024,3,8,August   ,8,221,32,4,Thursday ,f
20240809,20240809,2024-08-09,2024,3,8,August   ,9,222,32,5,Friday   ,f
20240810,20240810,2024-08-10,2024,3,8,August   ,10,223,32,6,Saturday ,t
20240811,20240811,2024-08-11,2024,3,8,August   ,11,224,32,7,Sunday   ,t
20240812,20240812,2024-08-12,2024,3,8,August   ,12,225,33,1,Monday   ,f
20240813,20240813,2024-08-13,2024,3,8,August   ,13,226,33,2,Tuesday  ,f
20240814,20240814,2024-08-14,2024,3,8,August   ,14,227,33,3,Wednesday,f
20240815,20240815,2024-08-15,2024,3,8,August   ,15,228,33,4,Thursday ,f
20240816,20240816,2024-08-16,2024,3,8,August   ,16,229,33,5,Friday   ,f
20240817,20240817,2024-08-17,2024,3,8,August   ,17,230,33,6,Saturday ,t
20240818,20240818,2024-08-18,2024,3,8,August   ,18,231,33,7,Sunday   ,t
20240819,20240819,2024-08-19,2024,3,8,August   ,19,232,34,1,Monday   ,f
20240820,20240820,2024-08-20,2024,3,8,August   ,20,233,34,2,Tuesday  ,f
20240821,20240821,2024-08-21,2024,3,8,August   ,21,234,34,3,Wednesday,f
20240822,20240822,2024-08-22,2024,3,8,August   ,22,235,34,4,Thursday ,f
20240823,20240823,2024-08-23,2024,3,8,August   ,23,236,34,5,Friday   ,f
20240824,20240824,2024-08-24,2024,3,8,August   ,24,237,34,6,Saturday ,t
20240825,20240825,2024-08-25,2024,3,8,August   ,25,238,34,7,Sunday   ,t
20240826,20240826,2024-08-26,2024,3,8,August   ,26,239,35,1,Monday   ,f
20240827,20240827,2024-08-27,2024,3,8,August   ,27,240,35,2,Tuesday  ,f
20240828,20240828,2024-08-28,2024,3,8,August   ,28,241,35,3,Wednesday,f
20240829,20240829,2024-08-29,2024,3,8,August   ,29,242,35,4,Thursday ,f
20240830,20240830,2024-08-30,2024,3,8,August   ,30,243,35,5,Friday   ,f
20240831,20240831,2024-08-31,2024,3,8,August   ,31,244,35,6,Saturday ,t
20240901,20240901,2024-09-01,2024,3,9,September,1,245,35,7,Sunday   ,t
20240902,20240902,2024-09-02,2024,3,9,September,2,246,36,1,Monday   ,f
20240903,20240903,2024-09-03,2024,3,9,September,3,247,36,2,Tuesday  ,f
20240904,20240904,2024-09-04,2024,3,9,September,4,248,36,3,Wednesday,f
20240905,20240905,2024-09-05,2024,3,9,September,5,249,36,4,Thursday ,f
20240906,20240906,2024-09-06,2024,3,9,September,6,250,36,5,Friday   ,f
20240907,20240907,2024-09-07,2024,3,9,September,7,251,36,6,Saturday ,t
20240908,20240908,2024-09-08,2024,3,9,September,8,252,36,7,Sunday   ,t
20240909,20240909,2024-09-09,2024,3,9,September,9,253,37,1,Monday   ,f
20240910,20240910,2024-09-10,2024,3,9,September,10,254,37,2,Tuesday  ,f
20240911,20240911,2024-09-11,2024,3,9,September,11,255,37,3,Wednesday,f
20240912,20240912,2024-09-12,2024,3,9,September,12,256,37,4,Thursday ,f
20240913,20240913,2024-09-13,2024,3,9,September,13,257,37,5,Friday   ,f
20240914,20240914,2024-09-14,2024,3,9,September,14,258,37,6,Saturday ,t
20240915,20240915,2024-09-15,2024,3,9,September,15,259,37,7,Sunday   ,t
20240916,20240916,2024-09-16,2024,3,9,September,16,260,38,1,Monday   ,f
20240917,20240917,2024-09-17,2024,3,9,September,17,261,38,2,Tuesday  ,f
20240918,20240918,2024-09-18,2024,3,9,September,18,262,38,3,Wednesday,f
20240919,20240919,2024-09-19,2024,3,9,September,19,263,38,4,Thursday ,f
20240920,20240920,2024-09-20,2024,3,9,September,20,264,38,5,Friday   ,f
20240921,20240921,2024-09-21,2024,3,9,September,21,265,38,6,Saturday ,t
20240922,20240922,2024-09-22,2024,3,9,September,22,266,38,7,Sunday   ,t
20240923,20240923,2024-09-23,2024,3,9,September,23,267,39,1,Monday   ,f
20240924,20240924,2024-09-24,2024,3,9,September,24,268,39,2,Tuesday  ,f
20240925,20240925,2024-09-25,2024,3,9,September,25,269,39,3,Wednesday,f
20240926,20240926,2024-09-26,2024,3,9,September,26,270,39,4,Thursday ,f
20240927,20240927,2024-09-27,2024,3,9,September,27,271,39,5,Friday   ,f
20240928,20240928,2024-09-28,2024,3,9,September,28,272,39,6,Saturday ,t
20240929,20240929,2024-09-29,2024,3,9,September,29,273,39,7,Sunday   ,t
20240930,20240930,2024-09-30,2024,3,9,September,30,274,40,1,Monday   ,f
20241001,20241001,2024-10-01,2024,4,10,October  ,1,275,40,2,Tuesday  ,f
20241002,20241002,2024-10-02,2024,4,10,October  ,2,276,40,3,Wednesday,f
20241003,20241003,2024-10-03,2024,4,10,October  ,3,277,40,4,Thursday ,f
20241004,20241004,2024-10-04,2024,4,10,October  ,4,278,40,5,Friday   ,f
20241005,20241005,2024-10-05,2024,4,10,October  ,5,279,40,6,Saturday ,t
20241006,20241006,2024-10-06,2024,4,10,October  ,6,280,40,7,Sunday   ,t
20241007,20241007,2024-10-07,2024,4,10,October  ,7,281,41,1,Monday   ,f
20241008,20241008,2024-10-08,2024,4,10,October  ,8,282,41,2,Tuesday  ,f
20241009,20241009,2024-10-09,2024,4,10,October  ,9,283,41,3,Wednesday,f
20241010,20241010,2024-10-10,2024,4,10,October  ,10,284,41,4,Thursday ,f
20241011,20241011,2024-10-11,2024,4,10,October  ,11,285,41,5,Friday   ,f
20241012,20241012,2024-10-12,2024,4,10,October  ,12,286,41,6,Saturday ,t
20241013,20241013,2024-10-13,2024,4,10,October  ,13,287,41,7,Sunday   ,t
20241014,20241014,2024-10-14,2024,4,10,October  ,14,288,42,1,Monday   ,f
20241015,20241015,2024-10-15,2024,4,10,October  ,15,289,42,2,Tuesday  ,f
20241016,20241016,2024-10-16,2024,4,10,October  ,16,290,42,3,Wednesday,f
20241017,20241017,2024-10-17,2024,4,10,October  ,17,291,42,4,Thursday ,f
20241018,20241018,2024-10-18,2024,4,10,October  ,18,292,42,5,Friday   ,f
20241019,20241019,2024-10-19,2024,4,10,October  ,19,293,42,6,Saturday ,t
20241020,20241020,2024-10-20,2024,4,10,October  ,20,294,42,7,Sunday   ,t
20241021,20241021,2024-10-21,2024,4,10,October  ,21,295,43,1,Monday   ,f
20241022,20241022,2024-10-22,2024,4,10,October  ,22,296,43,2,Tuesday  ,f
20241023,20241023,2024-10-23,2024,4,10,October  ,23,297,43,3,Wednesday,f
20241024,20241024,2024-10-24,2024,4,10,October  ,24,298,43,4,Thursday ,f
20241025,20241025,2024-10-25,2024,4,10,October  ,25,299,43,5,Friday   ,f
20241026,20241026,2024-10-26,2024,4,10,October  ,26,300,43,6,Saturday ,t
20241027,20241027,2024-10-27,2024,4,10,October  ,27,301,43,7,Sunday   ,t
20241028,20241028,2024-10-28,2024,4,10,October  ,28,302,44,1,Monday   ,f
20241029,20241029,2024-10-29,2024,4,10,October  ,29,303,44,2,Tuesday  ,f
20241030,20241030,2024-10-30,2024,4,10,October  ,30,304,44,3,Wednesday,f
20241031,20241031,2024-10-31,2024,4,10,October  ,31,305,44,4,Thursday ,f
20241101,20241101,2024-11-01,2024,4,11,November ,1,306,44,5,Friday   ,f
20241102,20241102,2024-11-02,2024,4,11,November ,2,307,44,6,Saturday ,t
20241103,20241103,2024-11-03,2024,4,11,November ,3,308,44,7,Sunday   ,t
20241104,20241104,2024-11-04,2024,4,11,November ,4,309,45,1,Monday   ,f
20241105,20241105,2024-11-05,2024,4,11,November ,5,310,45,2,Tuesday  ,f
20241106,20241106,2024-11-06,2024,4,11,November ,6,311,45,3,Wednesday,f
20241107,20241107,2024-11-07,2024,4,11,November ,7,312,45,4,Thursday ,f
20241108,20241108,2024-11-08,2024,4,11,November ,8,313,45,5,Friday   ,f
20241109,20241109,2024-11-09,2024,4,11,November ,9,314,45,6,Saturday ,t
20241110,20241110,2024-11-10,2024,4,11,November ,10,315,45,7,Sunday   ,t
20241111,20241111,2024-11-11,2024,4,11,November ,11,316,46,1,Monday   ,f
20241112,20241112,2024-11-12,2024,4,11,November ,12,317,46,2,Tuesday  ,f
20241113,20241113,2024-11-13,2024,4,11,November ,13,318,46,3,Wednesday,f
20241114,20241114,2024-11-14,2024,4,11,November ,14,319,46,4,Thursday ,f
20241115,20241115,2024-11-15,2024,4,11,November ,15,320,46,5,Friday   ,f
20241116,20241116,2024-11-16,2024,4,11,November ,16,321,46,6,Saturday ,t
20241117,20241117,2024-11-17,2024,4,11,November ,17,322,46,7,Sunday   ,t
20241118,20241118,2024-11-18,2024,4,11,November ,18,323,47,1,Monday   ,f
20241119,20241119,2024-11-19,2024,4,11,November ,19,324,47,2,Tuesday  ,f
20241120,20241120,2024-11-20,2024,4,11,November ,20,325,47,3,Wednesday,f
20241121,20241121,2024-11-21,2024,4,11,November ,21,326,47,4,Thursday ,f
20241122,20241122,2024-11-22,2024,4,11,November ,22,327,47,5,Friday   ,f
20241123,20241123,2024-11-23,2024,4,11,November ,23,328,47,6,Saturday ,t
20241124,20241124,2024-11-24,2024,4,11,November ,24,329,47,7,Sunday   ,t
20241125,20241125,2024-11-25,2024,4,11,November ,25,330,48,1,Monday   ,f
20241126,20241126,2024-11-26,2024,4,11,November ,26,331,48,2,Tuesday  ,f
20241127,20241127,2024-11-27,2024,4,11,November ,27,332,48,3,Wednesday,f
20241128,20241128,2024-11-28,2024,4,11,November ,28,333,48,4,Thursday ,f
20241129,20241129,2024-11-29,2024,4,11,November ,29,334,48,5,Friday   ,f
20241130,20241130,2024-11-30,2024,4,11,November ,30,335,48,6,Saturday ,t
20241201,20241201,2024-12-01,2024,4,12,December ,1,336,48,7,Sunday   ,t
20241202,20241202,2024-12-02,2024,4,12,December ,2,337,49,1,Monday   ,f
20241203,20241203,2024-12-03,2024,4,12,December ,3,338,49,2,Tuesday  ,f
20241204,20241204,2024-12-04,2024,4,12,December ,4,339,49,3,Wednesday,f
20241205,20241205,2024-12-05,2024,4,12,December ,5,340,49,4,Thursday ,f
20241206,20241206,2024-12-06,2024,4,12,December ,6,341,49,5,Friday   ,f
20241207,20241207,2024-12-07,2024,4,12,December ,7,342,49,6,Saturday ,t
20241208,20241208,2024-12-08,2024,4,12,December ,8,343,49,7,Sunday   ,t
20241209,20241209,2024-12-09,2024,4,12,December ,9,344,50,1,Monday   ,f
20241210,20241210,2024-12-10,2024,4,12,December ,10,345,50,2,Tuesday  ,f
20241211,20241211,2024-12-11,2024,4,12,December ,11,346,50,3,Wednesday,f
20241212,20241212,2024-12-12,2024,4,12,December ,12,347,50,4,Thursday ,f
20241213,20241213,2024-12-13,2024,4,12,December ,13,348,50,5,Friday   ,f
20241214,20241214,2024-12-14,2024,4,12,December ,14,349,50,6,Saturday ,t
20241215,20241215,2024-12-15,2024,4,12,December ,15,350,50,7,Sunday   ,t
20241216,20241216,2024-12-16,2024,4,12,December ,16,351,51,1,Monday   ,f
20241217,20241217,2024-12-17,2024,4,12,December ,17,352,51,2,Tuesday  ,f
20241218,20241218,2024-12-18,2024,4,12,December ,18,353,51,3,Wednesday,f
20241219,20241219,2024-12-19,2024,4,12,December ,19,354,51,4,Thursday ,f
20241220,20241220,2024-12-20,2024,4,12,December ,20,355,51,5,Friday   ,f
20241221,20241221,2024-12-21,2024,4,12,December ,21,356,51,6,Saturday ,t
20241222,20241222,2024-12-22,2024,4,12,December ,22,357,51,7,Sunday   ,t
20241223,20241223,2024-12-23,2024,4,12,December ,23,358,52,1,Monday   ,f
20241224,20241224,2024-12-24,2024,4,12,December ,24,359,52,2,Tuesday  ,f
20241225,20241225,2024-12-25,2024,4,12,December ,25,360,52,3,Wednesday,f
20241226,20241226,2024-12-26,2024,4,12,December ,26,361,52,4,Thursday ,f
20241227,20241227,2024-12-27,2024,4,12,December ,27,362,52,5,Friday   ,f
20241228,20241228,2024-12-28,2024,4,12,December ,28,363,52,6,Saturday ,t
20241229,20241229,2024-12-29,2024,4,12,December ,29,364,52,7,Sunday   ,t
20241230,20241230,2024-12-30,2024,4,12,December ,30,365,1,1,Monday   ,f
20241231,20241231,2024-12-31,2024,4,12,December ,31,366,1,2,Tuesday  ,f
20250101,20250101,2025-01-01,2025,1,1,January  ,1,1,1,3,Wednesday,f
20250102,20250102,2025-01-02,2025,1,1,January  ,2,2,1,4,Thursday ,f
20250103,20250103,2025-01-03,2025,1,1,January  ,3,3,1,5,Friday   ,f
20250104,20250104,2025-01-04,2025,1,1,January  ,4,4,1,6,Saturday ,t
20250105,20250105,2025-01-05,2025,1,1,January  ,5,5,1,7,Sunday   ,t
20250106,20250106,2025-01-06,2025,1,1,January  ,6,6,2,1,Monday   ,f
20250107,20250107,2025-01-07,2025,1,1,January  ,7,7,2,2,Tuesday  ,f
20250108,20250108,2025-01-08,2025,1,1,January  ,8,8,2,3,Wednesday,f
20250109,20250109,2025-01-09,2025,1,1,January  ,9,9,2,4,Thursday ,f
20250110,20250110,2025-01-10,2025,1,1,January  ,10,10,2,5,Friday   ,f
20250111,20250111,2025-01-11,2025,1,1,January  ,11,11,2,6,Saturday ,t
20250112,20250112,2025-01-12,2025,1,1,January  ,12,12,2,7,Sunday   ,t
20250113,20250113,2025-01-13,2025,1,1,January  ,13,13,3,1,Monday   ,f
20250114,20250114,2025-01-14,2025,1,1,January  ,14,14,3,2,Tuesday  ,f
20250115,20250115,2025-01-15,2025,1,1,January  ,15,15,3,3,Wednesday,f
20250116,20250116,2025-01-16,2025,1,1,January  ,16,16,3,4,Thursday ,f
20250117,20250117,2025-01-17,2025,1,1,January  ,17,17,3,5,Friday   ,f
20250118,20250118,2025-01-18,2025,1,1,January  ,18,18,3,6,Saturday ,t
20250119,20250119,2025-01-19,2025,1,1,January  ,19,19,3,7,Sunday   ,t
20250120,20250120,2025-01-20,2025,1,1,January  ,20,20,4,1,Monday   ,f
20250121,20250121,2025-01-21,2025,1,1,January  ,21,21,4,2,Tuesday  ,f
20250122,20250122,2025-01-22,2025,1,1,January  ,22,22,4,3,Wednesday,f
20250123,20250123,2025-01-23,2025,1,1,January  ,23,23,4,4,Thursday ,f
20250124,20250124,2025-01-24,2025,1,1,January  ,24,24,4,5,Friday   ,f
20250125,20250125,2025-01-25,2025,1,1,January  ,25,25,4,6,Saturday ,t
20250126,20250126,2025-01-26,2025,1,1,January  ,26,26,4,7,Sunday   ,t
20250127,20250127,2025-01-27,2025,1,1,January  ,27,27,5,1,Monday   ,f
20250128,20250128,2025-01-28,2025,1,1,January  ,28,28,5,2,Tuesday  ,f
20250129,20250129,2025-01-29,2025,1,1,January  ,29,29,5,3,Wednesday,f
20250130,20250130,2025-01-30,2025,1,1,January  ,30,30,5,4,Thursday ,f
20250131,20250131,2025-01-31,2025,1,1,January  ,31,31,5,5,Friday   ,f
20250201,20250201,2025-02-01,2025,1,2,February ,1,32,5,6,Saturday ,t
20250202,20250202,2025-02-02,2025,1,2,February ,2,33,5,7,Sunday   ,t
20250203,20250203,2025-02-03,2025,1,2,February ,3,34,6,1,Monday   ,f
20250204,20250204,2025-02-04,2025,1,2,February ,4,35,6,2,Tuesday  ,f
20250205,20250205,2025-02-05,2025,1,2,February ,5,36,6,3,Wednesday,f
20250206,20250206,2025-02-06,2025,1,2,February ,6,37,6,4,Thursday ,f
20250207,20250207,2025-02-07,2025,1,2,February ,7,38,6,5,Friday   ,f
20250208,20250208,2025-02-08,2025,1,2,February ,8,39,6,6,Saturday ,t
20250209,20250209,2025-02-09,2025,1,2,February ,9,40,6,7,Sunday   ,t
20250210,20250210,2025-02-10,2025,1,2,February ,10,41,7,1,Monday   ,f
20250211,20250211,2025-02-11,2025,1,2,February ,11,42,7,2,Tuesday  ,f
20250212,20250212,2025-02-12,2025,1,2,February ,12,43,7,3,Wednesday,f
20250213,20250213,2025-02-13,2025,1,2,February ,13,44,7,4,Thursday ,f
20250214,20250214,2025-02-14,2025,1,2,February ,14,45,7,5,Friday   ,f
20250215,20250215,2025-02-15,2025,1,2,February ,15,46,7,6,Saturday ,t
20250216,20250216,2025-02-16,2025,1,2,February ,16,47,7,7,Sunday   ,t
20250217,20250217,2025-02-17,2025,1,2,February ,17,48,8,1,Monday   ,f
20250218,20250218,2025-02-18,2025,1,2,February ,18,49,8,2,Tuesday  ,f
20250219,20250219,2025-02-19,2025,1,2,February ,19,50,8,3,Wednesday,f
20250220,20250220,2025-02-20,2025,1,2,February ,20,51,8,4,Thursday ,f
20250221,20250221,2025-02-21,2025,1,2,February ,21,52,8,5,Friday   ,f
20250222,20250222,2025-02-22,2025,1,2,February ,22,53,8,6,Saturday ,t
20250223,20250223,2025-02-23,2025,1,2,February ,23,54,8,7,Sunday   ,t
20250224,20250224,2025-02-24,2025,1,2,February ,24,55,9,1,Monday   ,f
20250225,20250225,2025-02-25,2025,1,2,February ,25,56,9,2,Tuesday  ,f
20250226,20250226,2025-02-26,2025,1,2,February ,26,57,9,3,Wednesday,f
20250227,20250227,2025-02-27,2025,1,2,February ,27,58,9,4,Thursday ,f
20250228,20250228,2025-02-28,2025,1,2,February ,28,59,9,5,Friday   ,f
20250301,20250301,2025-03-01,2025,1,3,March    ,1,60,9,6,Saturday ,t
20250302,20250302,2025-03-02,2025,1,3,March    ,2,61,9,7,Sunday   ,t
20250303,20250303,2025-03-03,2025,1,3,March    ,3,62,10,1,Monday   ,f
20250304,20250304,2025-03-04,2025,1,3,March    ,4,63,10,2,Tuesday  ,f
20250305,20250305,2025-03-05,2025,1,3,March    ,5,64,10,3,Wednesday,f
20250306,20250306,2025-03-06,2025,1,3,March    ,6,65,10,4,Thursday ,f
20250307,20250307,2025-03-07,2025,1,3,March    ,7,66,10,5,Friday   ,f
20250308,20250308,2025-03-08,2025,1,3,March    ,8,67,10,6,Saturday ,t
20250309,20250309,2025-03-09,2025,1,3,March    ,9,68,10,7,Sunday   ,t
20250310,20250310,2025-03-10,2025,1,3,March    ,10,69,11,1,Monday   ,f
20250311,20250311,2025-03-11,2025,1,3,March    ,11,70,11,2,Tuesday  ,f
20250312,20250312,2025-03-12,2025,1,3,March    ,12,71,11,3,Wednesday,f
20250313,20250313,2025-03-13,2025,1,3,March    ,13,72,11,4,Thursday ,f
20250314,20250314,2025-03-14,2025,1,3,March    ,14,73,11,5,Friday   ,f
20250315,20250315,2025-03-15,2025,1,3,March    ,15,74,11,6,Saturday ,t
20250316,20250316,2025-03-16,2025,1,3,March    ,16,75,11,7,Sunday   ,t
20250317,20250317,2025-03-17,2025,1,3,March    ,17,76,12,1,Monday   ,f
20250318,20250318,2025-03-18,2025,1,3,March    ,18,77,12,2,Tuesday  ,f
20250319,20250319,2025-03-19,2025,1,3,March    ,19,78,12,3,Wednesday,f
20250320,20250320,2025-03-20,2025,1,3,March    ,20,79,12,4,Thursday ,f
20250321,20250321,2025-03-21,2025,1,3,March    ,21,80,12,5,Friday   ,f
20250322,20250322,2025-03-22,2025,1,3,March    ,22,81,12,6,Saturday ,t
20250323,20250323,2025-03-23,2025,1,3,March    ,23,82,12,7,Sunday   ,t
20250324,20250324,2025-03-24,2025,1,3,March    ,24,83,13,1,Monday   ,f
20250325,20250325,2025-03-25,2025,1,3,March    ,25,84,13,2,Tuesday  ,f
20250326,20250326,2025-03-26,2025,1,3,March    ,26,85,13,3,Wednesday,f
20250327,20250327,2025-03-27,2025,1,3,March    ,27,86,13,4,Thursday ,f
20250328,20250328,2025-03-28,2025,1,3,March    ,28,87,13,5,Friday   ,f
20250329,20250329,2025-03-29,2025,1,3,March    ,29,88,13,6,Saturday ,t
20250330,20250330,2025-03-30,2025,1,3,March    ,30,89,13,7,Sunday   ,t
20250331,20250331,2025-03-31,2025,1,3,March    ,31,90,14,1,Monday   ,f
20250401,20250401,2025-04-01,2025,2,4,April    ,1,91,14,2,Tuesday  ,f
20250402,20250402,2025-04-02,2025,2,4,April    ,2,92,14,3,Wednesday,f
20250403,20250403,2025-04-03,2025,2,4,April    ,3,93,14,4,Thursday ,f
20250404,20250404,2025-04-04,2025,2,4,April    ,4,94,14,5,Friday   ,f
20250405,20250405,2025-04-05,2025,2,4,April    ,5,95,14,6,Saturday ,t
20250406,20250406,2025-04-06,2025,2,4,April    ,6,96,14,7,Sunday   ,t
20250407,20250407,2025-04-07,2025,2,4,April    ,7,97,15,1,Monday   ,f
20250408,20250408,2025-04-08,2025,2,4,April    ,8,98,15,2,Tuesday  ,f
20250409,20250409,2025-04-09,2025,2,4,April    ,9,99,15,3,Wednesday,f
20250410,20250410,2025-04-10,2025,2,4,April    ,10,100,15,4,Thursday ,f
20250411,20250411,2025-04-11,2025,2,4,April    ,11,101,15,5,Friday   ,f
20250412,20250412,2025-04-12,2025,2,4,April    ,12,102,15,6,Saturday ,t
20250413,20250413,2025-04-13,2025,2,4,April    ,13,103,15,7,Sunday   ,t
20250414,20250414,2025-04-14,2025,2,4,April    ,14,104,16,1,Monday   ,f
20250415,20250415,2025-04-15,2025,2,4,April    ,15,105,16,2,Tuesday  ,f
20250416,20250416,2025-04-16,2025,2,4,April    ,16,106,16,3,Wednesday,f
20250417,20250417,2025-04-17,2025,2,4,April    ,17,107,16,4,Thursday ,f
20250418,20250418,2025-04-18,2025,2,4,April    ,18,108,16,5,Friday   ,f
20250419,20250419,2025-04-19,2025,2,4,April    ,19,109,16,6,Saturday ,t
20250420,20250420,2025-04-20,2025,2,4,April    ,20,110,16,7,Sunday   ,t
20250421,20250421,2025-04-21,2025,2,4,April    ,21,111,17,1,Monday   ,f
20250422,20250422,2025-04-22,2025,2,4,April    ,22,112,17,2,Tuesday  ,f
20250423,20250423,2025-04-23,2025,2,4,April    ,23,113,17,3,Wednesday,f
20250424,20250424,2025-04-24,2025,2,4,April    ,24,114,17,4,Thursday ,f
20250425,20250425,2025-04-25,2025,2,4,April    ,25,115,17,5,Friday   ,f
20250426,20250426,2025-04-26,2025,2,4,April    ,26,116,17,6,Saturday ,t
20250427,20250427,2025-04-27,2025,2,4,April    ,27,117,17,7,Sunday   ,t
20250428,20250428,2025-04-28,2025,2,4,April    ,28,118,18,1,Monday   ,f
20250429,20250429,2025-04-29,2025,2,4,April    ,29,119,18,2,Tuesday  ,f
20250430,20250430,2025-04-30,2025,2,4,April    ,30,120,18,3,Wednesday,f
20250501,20250501,2025-05-01,2025,2,5,May      ,1,121,18,4,Thursday ,f
20250502,20250502,2025-05-02,2025,2,5,May      ,2,122,18,5,Friday   ,f
20250503,20250503,2025-05-03,2025,2,5,May      ,3,123,18,6,Saturday ,t
20250504,20250504,2025-05-04,2025,2,5,May      ,4,124,18,7,Sunday   ,t
20250505,20250505,2025-05-05,2025,2,5,May      ,5,125,19,1,Monday   ,f
20250506,20250506,2025-05-06,2025,2,5,May      ,6,126,19,2,Tuesday  ,f
20250507,20250507,2025-05-07,2025,2,5,May      ,7,127,19,3,Wednesday,f
20250508,20250508,2025-05-08,2025,2,5,May      ,8,128,19,4,Thursday ,f
20250509,20250509,2025-05-09,2025,2,5,May      ,9,129,19,5,Friday   ,f
20250510,20250510,2025-05-10,2025,2,5,May      ,10,130,19,6,Saturday ,t
20250511,20250511,2025-05-11,2025,2,5,May      ,11,131,19,7,Sunday   ,t
20250512,20250512,2025-05-12,2025,2,5,May      ,12,132,20,1,Monday   ,f
20250513,20250513,2025-05-13,2025,2,5,May      ,13,133,20,2,Tuesday  ,f
20250514,20250514,2025-05-14,2025,2,5,May      ,14,134,20,3,Wednesday,f
20250515,20250515,2025-05-15,2025,2,5,May      ,15,135,20,4,Thursday ,f
20250516,20250516,2025-05-16,2025,2,5,May      ,16,136,20,5,Friday   ,f
20250517,20250517,2025-05-17,2025,2,5,May      ,17,137,20,6,Saturday ,t
20250518,20250518,2025-05-18,2025,2,5,May      ,18,138,20,7,Sunday   ,t
20250519,20250519,2025-05-19,2025,2,5,May      ,19,139,21,1,Monday   ,f
20250520,20250520,2025-05-20,2025,2,5,May      ,20,140,21,2,Tuesday  ,f
20250521,20250521,2025-05-21,2025,2,5,May      ,21,141,21,3,Wednesday,f
20250522,20250522,2025-05-22,2025,2,5,May      ,22,142,21,4,Thursday ,f
20250523,20250523,2025-05-23,2025,2,5,May      ,23,143,21,5,Friday   ,f
20250524,20250524,2025-05-24,2025,2,5,May      ,24,144,21,6,Saturday ,t
20250525,20250525,2025-05-25,2025,2,5,May      ,25,145,21,7,Sunday   ,t
20250526,20250526,2025-05-26,2025,2,5,May      ,26,146,22,1,Monday   ,f
20250527,20250527,2025-05-27,2025,2,5,May      ,27,147,22,2,Tuesday  ,f
20250528,20250528,2025-05-28,2025,2,5,May      ,28,148,22,3,Wednesday,f
20250529,20250529,2025-05-29,2025,2,5,May      ,29,149,22,4,Thursday ,f
20250530,20250530,2025-05-30,2025,2,5,May      ,30,150,22,5,Friday   ,f
20250531,20250531,2025-05-31,2025,2,5,May      ,31,151,22,6,Saturday ,t
20250601,20250601,2025-06-01,2025,2,6,June     ,1,152,22,7,Sunday   ,t
20250602,20250602,2025-06-02,2025,2,6,June     ,2,153,23,1,Monday   ,f
20250603,20250603,2025-06-03,2025,2,6,June     ,3,154,23,2,Tuesday  ,f
20250604,20250604,2025-06-04,2025,2,6,June     ,4,155,23,3,Wednesday,f
20250605,20250605,2025-06-05,2025,2,6,June     ,5,156,23,4,Thursday ,f
20250606,20250606,2025-06-06,2025,2,6,June     ,6,157,23,5,Friday   ,f
20250607,20250607,2025-06-07,2025,2,6,June     ,7,158,23,6,Saturday ,t
20250608,20250608,2025-06-08,2025,2,6,June     ,8,159,23,7,Sunday   ,t
20250609,20250609,2025-06-09,2025,2,6,June     ,9,160,24,1,Monday   ,f
20250610,20250610,2025-06-10,2025,2,6,June     ,10,161,24,2,Tuesday  ,f
20250611,20250611,2025-06-11,2025,2,6,June     ,11,162,24,3,Wednesday,f
20250612,20250612,2025-06-12,2025,2,6,June     ,12,163,24,4,Thursday ,f
20250613,20250613,2025-06-13,2025,2,6,June     ,13,164,24,5,Friday   ,f
20250614,20250614,2025-06-14,2025,2,6,June     ,14,165,24,6,Saturday ,t
20250615,20250615,2025-06-15,2025,2,6,June     ,15,166,24,7,Sunday   ,t
20250616,20250616,2025-06-16,2025,2,6,June     ,16,167,25,1,Monday   ,f
20250617,20250617,2025-06-17,2025,2,6,June     ,17,168,25,2,Tuesday  ,f
20250618,20250618,2025-06-18,2025,2,6,June     ,18,169,25,3,Wednesday,f
20250619,20250619,2025-06-19,2025,2,6,June     ,19,170,25,4,Thursday ,f
20250620,20250620,2025-06-20,2025,2,6,June     ,20,171,25,5,Friday   ,f
20250621,20250621,2025-06-21,2025,2,6,June     ,21,172,25,6,Saturday ,t
20250622,20250622,2025-06-22,2025,2,6,June     ,22,173,25,7,Sunday   ,t
20250623,20250623,2025-06-23,2025,2,6,June     ,23,174,26,1,Monday   ,f
20250624,20250624,2025-06-24,2025,2,6,June     ,24,175,26,2,Tuesday  ,f
20250625,20250625,2025-06-25,2025,2,6,June     ,25,176,26,3,Wednesday,f
20250626,20250626,2025-06-26,2025,2,6,June     ,26,177,26,4,Thursday ,f
20250627,20250627,2025-06-27,2025,2,6,June     ,27,178,26,5,Friday   ,f
20250628,20250628,2025-06-28,2025,2,6,June     ,28,179,26,6,Saturday ,t
20250629,20250629,2025-06-29,2025,2,6,June     ,29,180,26,7,Sunday   ,t
20250630,20250630,2025-06-30,2025,2,6,June     ,30,181,27,1,Monday   ,f
20250701,20250701,2025-07-01,2025,3,7,July     ,1,182,27,2,Tuesday  ,f
20250702,20250702,2025-07-02,2025,3,7,July     ,2,183,27,3,Wednesday,f
20250703,20250703,2025-07-03,2025,3,7,July     ,3,184,27,4,Thursday ,f
20250704,20250704,2025-07-04,2025,3,7,July     ,4,185,27,5,Friday   ,f
20250705,20250705,2025-07-05,2025,3,7,July     ,5,186,27,6,Saturday ,t
20250706,20250706,2025-07-06,2025,3,7,July     ,6,187,27,7,Sunday   ,t
20250707,20250707,2025-07-07,2025,3,7,July     ,7,188,28,1,Monday   ,f
20250708,20250708,2025-07-08,2025,3,7,July     ,8,189,28,2,Tuesday  ,f
20250709,20250709,2025-07-09,2025,3,7,July     ,9,190,28,3,Wednesday,f
20250710,20250710,2025-07-10,2025,3,7,July     ,10,191,28,4,Thursday ,f
20250711,20250711,2025-07-11,2025,3,7,July     ,11,192,28,5,Friday   ,f
20250712,20250712,2025-07-12,2025,3,7,July     ,12,193,28,6,Saturday ,t
20250713,20250713,2025-07-13,2025,3,7,July     ,13,194,28,7,Sunday   ,t
20250714,20250714,2025-07-14,2025,3,7,July     ,14,195,29,1,Monday   ,f
20250715,20250715,2025-07-15,2025,3,7,July     ,15,196,29,2,Tuesday  ,f
20250716,20250716,2025-07-16,2025,3,7,July     ,16,197,29,3,Wednesday,f
20250717,20250717,2025-07-17,2025,3,7,July     ,17,198,29,4,Thursday ,f
20250718,20250718,2025-07-18,2025,3,7,July     ,18,199,29,5,Friday   ,f
20250719,20250719,2025-07-19,2025,3,7,July     ,19,200,29,6,Saturday ,t
20250720,20250720,2025-07-20,2025,3,7,July     ,20,201,29,7,Sunday   ,t
20250721,20250721,2025-07-21,2025,3,7,July     ,21,202,30,1,Monday   ,f
20250722,20250722,2025-07-22,2025,3,7,July     ,22,203,30,2,Tuesday  ,f
20250723,20250723,2025-07-23,2025,3,7,July     ,23,204,30,3,Wednesday,f
20250724,20250724,2025-07-24,2025,3,7,July     ,24,205,30,4,Thursday ,f
20250725,20250725,2025-07-25,2025,3,7,July     ,25,206,30,5,Friday   ,f
20250726,20250726,2025-07-26,2025,3,7,July     ,26,207,30,6,Saturday ,t
20250727,20250727,2025-07-27,2025,3,7,July     ,27,208,30,7,Sunday   ,t
20250728,20250728,2025-07-28,2025,3,7,July     ,28,209,31,1,Monday   ,f
20250729,20250729,2025-07-29,2025,3,7,July     ,29,210,31,2,Tuesday  ,f
20250730,20250730,2025-07-30,2025,3,7,July     ,30,211,31,3,Wednesday,f
20250731,20250731,2025-07-31,2025,3,7,July     ,31,212,31,4,Thursday ,f
20250801,20250801,2025-08-01,2025,3,8,August   ,1,213,31,5,Friday   ,f
20250802,20250802,2025-08-02,2025,3,8,August   ,2,214,31,6,Saturday ,t
20250803,20250803,2025-08-03,2025,3,8,August   ,3,215,31,7,Sunday   ,t
20250804,20250804,2025-08-04,2025,3,8,August   ,4,216,32,1,Monday   ,f
20250805,20250805,2025-08-05,2025,3,8,August   ,5,217,32,2,Tuesday  ,f
20250806,20250806,2025-08-06,2025,3,8,August   ,6,218,32,3,Wednesday,f
20250807,20250807,2025-08-07,2025,3,8,August   ,7,219,32,4,Thursday ,f
20250808,20250808,2025-08-08,2025,3,8,August   ,8,220,32,5,Friday   ,f
20250809,20250809,2025-08-09,2025,3,8,August   ,9,221,32,6,Saturday ,t
20250810,20250810,2025-08-10,2025,3,8,August   ,10,222,32,7,Sunday   ,t
20250811,20250811,2025-08-11,2025,3,8,August   ,11,223,33,1,Monday   ,f
20250812,20250812,2025-08-12,2025,3,8,August   ,12,224,33,2,Tuesday  ,f
20250813,20250813,2025-08-13,2025,3,8,August   ,13,225,33,3,Wednesday,f
20250814,20250814,2025-08-14,2025,3,8,August   ,14,226,33,4,Thursday ,f
20250815,20250815,2025-08-15,2025,3,8,August   ,15,227,33,5,Friday   ,f
20250816,20250816,2025-08-16,2025,3,8,August   ,16,228,33,6,Saturday ,t
20250817,20250817,2025-08-17,2025,3,8,August   ,17,229,33,7,Sunday   ,t
20250818,20250818,2025-08-18,2025,3,8,August   ,18,230,34,1,Monday   ,f
20250819,20250819,2025-08-19,2025,3,8,August   ,19,231,34,2,Tuesday  ,f
20250820,20250820,2025-08-20,2025,3,8,August   ,20,232,34,3,Wednesday,f
20250821,20250821,2025-08-21,2025,3,8,August   ,21,233,34,4,Thursday ,f
20250822,20250822,2025-08-22,2025,3,8,August   ,22,234,34,5,Friday   ,f
20250823,20250823,2025-08-23,2025,3,8,August   ,23,235,34,6,Saturday ,t
20250824,20250824,2025-08-24,2025,3,8,August   ,24,236,34,7,Sunday   ,t
20250825,20250825,2025-08-25,2025,3,8,August   ,25,237,35,1,Monday   ,f
20250826,20250826,2025-08-26,2025,3,8,August   ,26,238,35,2,Tuesday  ,f
20250827,20250827,2025-08-27,2025,3,8,August   ,27,239,35,3,Wednesday,f
20250828,20250828,2025-08-28,2025,3,8,August   ,28,240,35,4,Thursday ,f
20250829,20250829,2025-08-29,2025,3,8,August   ,29,241,35,5,Friday   ,f
20250830,20250830,2025-08-30,2025,3,8,August   ,30,242,35,6,Saturday ,t
20250831,20250831,2025-08-31,2025,3,8,August   ,31,243,35,7,Sunday   ,t
20250901,20250901,2025-09-01,2025,3,9,September,1,244,36,1,Monday   ,f
20250902,20250902,2025-09-02,2025,3,9,September,2,245,36,2,Tuesday  ,f
20250903,20250903,2025-09-03,2025,3,9,September,3,246,36,3,Wednesday,f
20250904,20250904,2025-09-04,2025,3,9,September,4,247,36,4,Thursday ,f
20250905,20250905,2025-09-05,2025,3,9,September,5,248,36,5,Friday   ,f
20250906,20250906,2025-09-06,2025,3,9,September,6,249,36,6,Saturday ,t
20250907,20250907,2025-09-07,2025,3,9,September,7,250,36,7,Sunday   ,t
20250908,20250908,2025-09-08,2025,3,9,September,8,251,37,1,Monday   ,f
20250909,20250909,2025-09-09,2025,3,9,September,9,252,37,2,Tuesday  ,f
20250910,20250910,2025-09-10,2025,3,9,September,10,253,37,3,Wednesday,f
20250911,20250911,2025-09-11,2025,3,9,September,11,254,37,4,Thursday ,f
20250912,20250912,2025-09-12,2025,3,9,September,12,255,37,5,Friday   ,f
20250913,20250913,2025-09-13,2025,3,9,September,13,256,37,6,Saturday ,t
20250914,20250914,2025-09-14,2025,3,9,September,14,257,37,7,Sunday   ,t
20250915,20250915,2025-09-15,2025,3,9,September,15,258,38,1,Monday   ,f
20250916,20250916,2025-09-16,2025,3,9,September,16,259,38,2,Tuesday  ,f
20250917,20250917,2025-09-17,2025,3,9,September,17,260,38,3,Wednesday,f
20250918,20250918,2025-09-18,2025,3,9,September,18,261,38,4,Thursday ,f
20250919,20250919,2025-09-19,2025,3,9,September,19,262,38,5,Friday   ,f
20250920,20250920,2025-09-20,2025,3,9,September,20,263,38,6,Saturday ,t
20250921,20250921,2025-09-21,2025,3,9,September,21,264,38,7,Sunday   ,t
20250922,20250922,2025-09-22,2025,3,9,September,22,265,39,1,Monday   ,f
20250923,20250923,2025-09-23,2025,3,9,September,23,266,39,2,Tuesday  ,f
20250924,20250924,2025-09-24,2025,3,9,September,24,267,39,3,Wednesday,f
20250925,20250925,2025-09-25,2025,3,9,September,25,268,39,4,Thursday ,f
20250926,20250926,2025-09-26,2025,3,9,September,26,269,39,5,Friday   ,f
20250927,20250927,2025-09-27,2025,3,9,September,27,270,39,6,Saturday ,t
20250928,20250928,2025-09-28,2025,3,9,September,28,271,39,7,Sunday   ,t
20250929,20250929,2025-09-29,2025,3,9,September,29,272,40,1,Monday   ,f
20250930,20250930,2025-09-30,2025,3,9,September,30,273,40,2,Tuesday  ,f
20251001,20251001,2025-10-01,2025,4,10,October  ,1,274,40,3,Wednesday,f
20251002,20251002,2025-10-02,2025,4,10,October  ,2,275,40,4,Thursday ,f
20251003,20251003,2025-10-03,2025,4,10,October  ,3,276,40,5,Friday   ,f
20251004,20251004,2025-10-04,2025,4,10,October  ,4,277,40,6,Saturday ,t
20251005,20251005,2025-10-05,2025,4,10,October  ,5,278,40,7,Sunday   ,t
20251006,20251006,2025-10-06,2025,4,10,October  ,6,279,41,1,Monday   ,f
20251007,20251007,2025-10-07,2025,4,10,October  ,7,280,41,2,Tuesday  ,f
20251008,20251008,2025-10-08,2025,4,10,October  ,8,281,41,3,Wednesday,f
20251009,20251009,2025-10-09,2025,4,10,October  ,9,282,41,4,Thursday ,f
20251010,20251010,2025-10-10,2025,4,10,October  ,10,283,41,5,Friday   ,f
20251011,20251011,2025-10-11,2025,4,10,October  ,11,284,41,6,Saturday ,t
20251012,20251012,2025-10-12,2025,4,10,October  ,12,285,41,7,Sunday   ,t
20251013,20251013,2025-10-13,2025,4,10,October  ,13,286,42,1,Monday   ,f
20251014,20251014,2025-10-14,2025,4,10,October  ,14,287,42,2,Tuesday  ,f
20251015,20251015,2025-10-15,2025,4,10,October  ,15,288,42,3,Wednesday,f
20251016,20251016,2025-10-16,2025,4,10,October  ,16,289,42,4,Thursday ,f
20251017,20251017,2025-10-17,2025,4,10,October  ,17,290,42,5,Friday   ,f
20251018,20251018,2025-10-18,2025,4,10,October  ,18,291,42,6,Saturday ,t
20251019,20251019,2025-10-19,2025,4,10,October  ,19,292,42,7,Sunday   ,t
20251020,20251020,2025-10-20,2025,4,10,October  ,20,293,43,1,Monday   ,f
20251021,20251021,2025-10-21,2025,4,10,October  ,21,294,43,2,Tuesday  ,f
20251022,20251022,2025-10-22,2025,4,10,October  ,22,295,43,3,Wednesday,f
20251023,20251023,2025-10-23,2025,4,10,October  ,23,296,43,4,Thursday ,f
20251024,20251024,2025-10-24,2025,4,10,October  ,24,297,43,5,Friday   ,f
20251025,20251025,2025-10-25,2025,4,10,October  ,25,298,43,6,Saturday ,t
20251026,20251026,2025-10-26,2025,4,10,October  ,26,299,43,7,Sunday   ,t
20251027,20251027,2025-10-27,2025,4,10,October  ,27,300,44,1,Monday   ,f
20251028,20251028,2025-10-28,2025,4,10,October  ,28,301,44,2,Tuesday  ,f
20251029,20251029,2025-10-29,2025,4,10,October  ,29,302,44,3,Wednesday,f
20251030,20251030,2025-10-30,2025,4,10,October  ,30,303,44,4,Thursday ,f
20251031,20251031,2025-10-31,2025,4,10,October  ,31,304,44,5,Friday   ,f
20251101,20251101,2025-11-01,2025,4,11,November ,1,305,44,6,Saturday ,t
20251102,20251102,2025-11-02,2025,4,11,November ,2,306,44,7,Sunday   ,t
20251103,20251103,2025-11-03,2025,4,11,November ,3,307,45,1,Monday   ,f
20251104,20251104,2025-11-04,2025,4,11,November ,4,308,45,2,Tuesday  ,f
20251105,20251105,2025-11-05,2025,4,11,November ,5,309,45,3,Wednesday,f
20251106,20251106,2025-11-06,2025,4,11,November ,6,310,45,4,Thursday ,f
20251107,20251107,2025-11-07,2025,4,11,November ,7,311,45,5,Friday   ,f
20251108,20251108,2025-11-08,2025,4,11,November ,8,312,45,6,Saturday ,t
20251109,20251109,2025-11-09,2025,4,11,November ,9,313,45,7,Sunday   ,t
20251110,20251110,2025-11-10,2025,4,11,November ,10,314,46,1,Monday   ,f
20251111,20251111,2025-11-11,2025,4,11,November ,11,315,46,2,Tuesday  ,f
20251112,20251112,2025-11-12,2025,4,11,November ,12,316,46,3,Wednesday,f
20251113,20251113,2025-11-13,2025,4,11,November ,13,317,46,4,Thursday ,f
20251114,20251114,2025-11-14,2025,4,11,November ,14,318,46,5,Friday   ,f
20251115,20251115,2025-11-15,2025,4,11,November ,15,319,46,6,Saturday ,t
20251116,20251116,2025-11-16,2025,4,11,November ,16,320,46,7,Sunday   ,t
20251117,20251117,2025-11-17,2025,4,11,November ,17,321,47,1,Monday   ,f
20251118,20251118,2025-11-18,2025,4,11,November ,18,322,47,2,Tuesday  ,f
20251119,20251119,2025-11-19,2025,4,11,November ,19,323,47,3,Wednesday,f
20251120,20251120,2025-11-20,2025,4,11,November ,20,324,47,4,Thursday ,f
20251121,20251121,2025-11-21,2025,4,11,November ,21,325,47,5,Friday   ,f
20251122,20251122,2025-11-22,2025,4,11,November ,22,326,47,6,Saturday ,t
20251123,20251123,2025-11-23,2025,4,11,November ,23,327,47,7,Sunday   ,t
20251124,20251124,2025-11-24,2025,4,11,November ,24,328,48,1,Monday   ,f
20251125,20251125,2025-11-25,2025,4,11,November ,25,329,48,2,Tuesday  ,f
20251126,20251126,2025-11-26,2025,4,11,November ,26,330,48,3,Wednesday,f
20251127,20251127,2025-11-27,2025,4,11,November ,27,331,48,4,Thursday ,f
20251128,20251128,2025-11-28,2025,4,11,November ,28,332,48,5,Friday   ,f
20251129,20251129,2025-11-29,2025,4,11,November ,29,333,48,6,Saturday ,t
20251130,20251130,2025-11-30,2025,4,11,November ,30,334,48,7,Sunday   ,t
20251201,20251201,2025-12-01,2025,4,12,December ,1,335,49,1,Monday   ,f
20251202,20251202,2025-12-02,2025,4,12,December ,2,336,49,2,Tuesday  ,f
20251203,20251203,2025-12-03,2025,4,12,December ,3,337,49,3,Wednesday,f
20251204,20251204,2025-12-04,2025,4,12,December ,4,338,49,4,Thursday ,f
20251205,20251205,2025-12-05,2025,4,12,December ,5,339,49,5,Friday   ,f
20251206,20251206,2025-12-06,2025,4,12,December ,6,340,49,6,Saturday ,t
20251207,20251207,2025-12-07,2025,4,12,December ,7,341,49,7,Sunday   ,t
20251208,20251208,2025-12-08,2025,4,12,December ,8,342,50,1,Monday   ,f
20251209,20251209,2025-12-09,2025,4,12,December ,9,343,50,2,Tuesday  ,f
20251210,20251210,2025-12-10,2025,4,12,December ,10,344,50,3,Wednesday,f
20251211,20251211,2025-12-11,2025,4,12,December ,11,345,50,4,Thursday ,f
20251212,20251212,2025-12-12,2025,4,12,December ,12,346,50,5,Friday   ,f
20251213,20251213,2025-12-13,2025,4,12,December ,13,347,50,6,Saturday ,t
20251214,20251214,2025-12-14,2025,4,12,December ,14,348,50,7,Sunday   ,t
20251215,20251215,2025-12-15,2025,4,12,December ,15,349,51,1,Monday   ,f
20251216,20251216,2025-12-16,2025,4,12,December ,16,350,51,2,Tuesday  ,f
20251217,20251217,2025-12-17,2025,4,12,December ,17,351,51,3,Wednesday,f
20251218,20251218,2025-12-18,2025,4,12,December ,18,352,51,4,Thursday ,f
20251219,20251219,2025-12-19,2025,4,12,December ,19,353,51,5,Friday   ,f
20251220,20251220,2025-12-20,2025,4,12,December ,20,354,51,6,Saturday ,t
20251221,20251221,2025-12-21,2025,4,12,December ,21,355,51,7,Sunday   ,t
20251222,20251222,2025-12-22,2025,4,12,December ,22,356,52,1,Monday   ,f
20251223,20251223,2025-12-23,2025,4,12,December ,23,357,52,2,Tuesday  ,f
20251224,20251224,2025-12-24,2025,4,12,December ,24,358,52,3,Wednesday,f
20251225,20251225,2025-12-25,2025,4,12,December ,25,359,52,4,Thursday ,f
20251226,20251226,2025-12-26,2025,4,12,December ,26,360,52,5,Friday   ,f
20251227,20251227,2025-12-27,2025,4,12,December ,27,361,52,6,Saturday ,t
20251228,20251228,2025-12-28,2025,4,12,December ,28,362,52,7,Sunday   ,t
20251229,20251229,2025-12-29,2025,4,12,December ,29,363,1,1,Monday   ,f
20251230,20251230,2025-12-30,2025,4,12,December ,30,364,1,2,Tuesday  ,f
20251231,20251231,2025-12-31,2025,4,12,December ,31,365,1,3,Wednesday,f
