id_beneficiary,first_name,last_name,email,phone,beneficiary_sk
123,Douglas,Velazquez,richardsonpeter@example.net,,123
124,Carmen,Williams,justin21@example.com,6658609564,124
125,Thomas,Cooper,marydixon@example.com,5499817690,125
126,Carolyn,,karenlloyd@example.org,0012879415,126
127,Kimberly,Fields,qfletcher@example.com,7773313713,127
128,Michelle,Miller,idiaz@example.org,2622682516,128
129,Alexa,Munoz,gwendolyn41@example.net,2549005365,129
130,Curtis,Duarte,tsosa@example.net,1327856485,130
131,Anthony,Park,deniselawson@example.com,1319393915,131
132,Lynn,Hunter,Lynn.Hunter@exemple.com,0012706735,132
133,Anna,Rogers,hutchinsonbrandon@example.org,6293260992,133
134,Tommy,Conley,karen72@example.org,1521472866,134
135,Thomas,Moore,joe29@example.com,7436255782,135
136,Brian,Buck,williamsgina@example.com,2165481878,136
137,Lisa,Wilson,karen67@example.net,1409825876,137
138,Nicole,Flores,jennifer22@example.com,5684269698,138
139,Joseph,Brown,Joseph.Brown@exemple.com,9663232414,139
140,Anthony,Irwin,kleonard@example.com,,140
141,Leah,Griffin,jamie02@example.net,4957421284,141
142,Joseph,Riggs,hectorbeasley@example.com,0012324936,142
143,Alexis,Patterson,Alexis.Patterson@exemple.com,3109156086,143
144,Samuel,Brown,lindsaymcdaniel@example.com,1342820809,144
145,Robin,Perez,kwoods@example.com,6352153802,145
146,Martin,,ryoung@example.org,7263203914,146
147,Willie,Wood,christopher33@example.net,5539894932,147
148,Cynthia,Herrera,johnsonalan@example.com,1946942818,148
149,Taylor,Leon,louiswhite@example.org,5402791952,149
150,Michael,Barnes,jeremy67@example.net,9557231313,150
151,Lisa,Watson,escobarsamantha@example.net,1635920850,151
152,Steven,Clark,amandacoleman@example.org,0019829163,152
153,Joyce,Torres,wwatson@example.com,6208009560,153
154,Cory,Wise,Cory.Wise@exemple.com,0013489665,154
155,Thomas,Mccullough,jaredswanson@example.com,0019805872,155
156,Tracey,Garcia,williamsnathan@example.net,0015442558,156
157,Allen,Tanner,Allen.Tanner@exemple.com,8486119674,157
158,Curtis,Ortiz,tommy21@example.org,2337470604,158
159,Kellie,Sandoval,doris55@example.org,2076143841,159
160,Laura,Lawrence,alison99@example.com,2277935559,160
161,Russell,Snow,Russell.Snow@exemple.com,7605304863,161
162,Andrew,Murray,tcook@example.net,6245094955,162
163,Rebecca,Wang,csmith@example.org,1440871957,163
164,William,Anthony,edelacruz@example.org,1995343977,164
165,Heather,Kim,Heather.Kim@exemple.com,2446644655,165
166,Nicholas,Elliott,dhill@example.com,4517944738,166
167,Andrew,Moore,saundersmonica@example.com,8608931474,167
168,James,,harperbradley@example.net,8025343000,168
169,Amy,,alyssa63@example.com,5124814007,169
170,Michael,Hampton,Michael.Hampton@exemple.com,3506778111,170
171,Jeremiah,Atkins,kyleharris@example.com,2923495432,171
172,Beth,Hunter,patricia10@example.com,3817922342,172
173,Janet,Walker,jacquelinebell@example.com,,173
174,Paul,Brown,michael60@example.net,2498013694,174
175,Dawn,Jones,kchandler@example.com,4078016598,175
176,Matthew,Reynolds,murphyheidi@example.com,1349452687,176
177,Stephen,,utate@example.org,1394371699,177
178,Brian,Hurley,silvastacey@example.net,1841404542,178
179,Paul,Gonzalez,michael45@example.net,8228011487,179
180,Debra,Moore,james34@example.net,3954469309,180
181,Anthony,Cruz,wallacerichard@example.com,2674946395,181
182,Tara,,costahannah@example.com,7465754599,182
183,Michelle,Hurley,christian09@example.com,5404895240,183
184,Nicole,,annecompton@example.org,2254835847,184
185,Tonya,Lyons,kimberly95@example.com,8036664085,185
186,Jesus,Smith,stephen20@example.net,8264713015,186
187,David,Smith,wrightdenise@example.com,3792307122,187
188,Michael,Becker,tcain@example.net,8327898395,188
189,Kimberly,Klein,raynicholas@example.com,1337296670,189
190,Jeremy,Medina,michael14@example.org,4686687761,190
191,Amy,Moon,smithjessica@example.com,9683355688,191
192,Ariana,Robinson,astevenson@example.com,1451949145,192
193,Gary,Mckinney,hernandezmeghan@example.org,1410302139,193
194,Anthony,Kelley,erobinson@example.net,6319301180,194
195,Paul,Stewart,fieldskrystal@example.org,3647984729,195
196,Mike,Woodward,terrycourtney@example.com,3547969203,196
197,James,Taylor,James.Taylor@exemple.com,4488591554,197
198,Adam,Sloan,davidstevens@example.net,0015444230,198
199,Timothy,Wright,traciallen@example.org,4597109444,199
200,Haley,White,Haley.White@exemple.com,8199755773,200
201,Paul,York,osullivan@example.com,6582122808,201
202,Curtis,Martinez,andrew94@example.org,3552511980,202
203,Holly,West,wdavis@example.com,1962719951,203
204,Johnny,James,kimberly14@example.com,4604042545,204
205,Jessica,Daniels,wheelerjacqueline@example.com,3019554387,205
206,Bruce,Dean,claudia94@example.org,1656812439,206
207,Jose,Rodriguez,carla05@example.org,8215263964,207
208,Steven,Hinton,lorihess@example.net,2508230285,208
209,Maria,Bender,kellygrant@example.net,0018454059,209
210,Edward,Turner,madeline35@example.org,1717788392,210
211,Charles,Becker,kellyblake@example.org,8702580170,211
212,Lisa,Yu,pughandrew@example.com,2479100673,212
213,Douglas,Decker,Douglas.Decker@exemple.com,0019622570,213
214,Miguel,Weeks,mcdowellmichael@example.org,5297334742,214
215,Christopher,Cohen,aaron20@example.org,7645158752,215
216,Jesus,Brooks,kingjesse@example.org,6206317727,216
1,Derek,Lara,Derek.Lara@exemple.com,5012184139,1
38,Vernon,Miller,amymullen@example.net,3969240254,38
39,Dwayne,Marshall,mindymunoz@example.com,5935665474,39
40,Daniel,Blanchard,erik78@example.com,0013729140,40
41,William,Pena,burtonkathleen@example.org,4764664690,41
50,Douglas,Nelson,williamriley@example.net,8794613234,50
217,Breanna,Mayer,ccollins@example.com,5299405379,217
218,Daniel,,ryan05@example.com,0019688329,218
219,Larry,Williams,brianwilliams@example.com,,219
220,Erik,Hampton,Erik.Hampton@exemple.com,7257372156,220
221,Jason,Campbell,ericabrown@example.org,1823428704,221
222,Charles,Lamb,johnsanchez@example.com,4737878684,222
223,Julia,Thompson,greenedonna@example.net,2035482146,223
224,Scott,Davis,jesuswright@example.com,3576514626,224
225,Jerry,Tran,owenphilip@example.net,6435671665,225
226,Adam,Campbell,zmaynard@example.net,0013198048,226
227,Alexis,Harris,ambersimpson@example.net,9282799060,227
228,Barbara,Robinson,williamwoods@example.org,,228
229,Justin,,james40@example.com,2574465704,229
230,Stephen,Nichols,williamsjoseph@example.org,8854510663,230
231,Austin,Hayes,tnelson@example.net,7322085209,231
232,Kelsey,Valencia,stephen76@example.org,1410485161,232
233,Jessica,Ellison,jeffreyperez@example.org,3435876898,233
234,Victor,Hensley,holmestracy@example.net,1828571905,234
235,Kayla,Edwards,Kayla.Edwards@exemple.com,2207970418,235
236,Andrea,Davis,bcampbell@example.net,0018168813,236
237,Jennifer,Orozco,camposerica@example.net,6737613209,237
238,Tracie,Glenn,albert55@example.net,1288797850,238
239,Matthew,Oneill,ischneider@example.net,,239
240,Jacob,James,estevens@example.org,3067722286,240
241,Jacqueline,Michael,dawnmarsh@example.org,0019898282,241
242,Ashley,Kerr,michelemarsh@example.net,6425478448,242
243,Richard,Campbell,codyhawkins@example.org,,243
244,Susan,Ryan,dgreen@example.com,7979073234,244
245,Curtis,Garcia,teresa10@example.org,6528935844,245
246,Susan,Estrada,gbraun@example.com,1873735857,246
247,Ashley,Walton,zstephens@example.com,9228581834,247
248,Cole,Richards,andreachen@example.org,0018667162,248
249,Jason,Gonzalez,rpayne@example.org,3992735666,249
250,John,Roach,john03@example.org,4718639800,250
251,Angela,Allen,jerry93@example.com,6859716072,251
252,Candace,Martin,kayla87@example.com,4383728107,252
253,Katelyn,Cook,moorerobin@example.com,9783390370,253
254,Katherine,Gomez,brianwise@example.com,9165391942,254
255,Alice,Hood,colleenlogan@example.com,9728357391,255
256,Jeffrey,Lopez,villarrealjay@example.org,0012378364,256
257,Stephanie,Leblanc,kaitlynmiller@example.org,8477466550,257
258,Isaac,Sims,staceydelgado@example.org,0017554844,258
259,Erica,Davies,saramooney@example.org,6033036674,259
260,Pamela,Yoder,kirkjohn@example.org,7665201960,260
261,James,Velez,sarah67@example.org,1943464110,261
262,Joshua,Randolph,cristian37@example.org,1386365531,262
263,Ernest,Wright,philliphudson@example.org,1942685207,263
264,Holly,Ramos,jenniferfarmer@example.net,7783825134,264
265,Ann,Shaw,abigail86@example.com,7182738787,265
266,Debbie,Pace,jason80@example.org,5003034155,266
267,Amy,Olson,richard86@example.org,0014333011,267
268,Jamie,Mccullough,joshuamaldonado@example.net,6198382513,268
269,Courtney,Bush,ronaldsmith@example.net,7772956501,269
270,Jorge,Richardson,cwhitney@example.com,8605244017,270
271,Lori,Bailey,donaldvaldez@example.net,0016767245,271
272,David,Fletcher,joshuanelson@example.com,0012515080,272
273,Tammy,Dickson,Tammy.Dickson@exemple.com,6332587958,273
274,Sherry,Mitchell,iwhite@example.net,0014756378,274
275,Elizabeth,Miller,raven01@example.com,7758000559,275
276,Michael,Stone,Michael.Stone@exemple.com,5823804815,276
277,Crystal,Tran,billlong@example.net,1938299204,277
278,Thomas,Hoffman,jeffreylynch@example.net,3903007768,278
279,John,Ayala,shannonlopez@example.com,4725440522,279
280,Michael,Herman,rcolon@example.net,2125934963,280
281,Dawn,Velasquez,xcox@example.com,8398050923,281
282,Zachary,Clark,frichards@example.com,9816559769,282
283,Aaron,Brown,amber53@example.com,3072507985,283
284,Timothy,Evans,darren28@example.net,,284
285,Peter,,johnsonjerry@example.com,8105036388,285
286,Dave,Love,snyderjeremy@example.net,1327916743,286
287,Jennifer,Molina,riosleon@example.com,1472273014,287
288,Wesley,Williams,zamoraangela@example.net,1285829047,288
289,Crystal,,qrobinson@example.org,3027469230,289
290,Frank,Clark,gwells@example.net,5602853389,290
291,Douglas,Taylor,sandragarrett@example.net,3459132672,291
292,Jared,,mikecohen@example.net,0014493037,292
293,Daniel,Cardenas,janiceshaw@example.net,0012224698,293
294,Henry,Oconnor,uhicks@example.net,0015155508,294
295,Tammy,,joseph16@example.com,8099435509,295
296,Scott,Johnson,adam04@example.com,8608275093,296
297,Cheryl,Cook,petersensamantha@example.net,3513267081,297
298,Mark,Huang,mmitchell@example.com,1452939628,298
42,Scott,Williamson,Scott.Williamson@exemple.com,4128022251,42
299,Paul,Williams,omar51@example.com,5398943165,299
300,Steven,Frey,daniel92@example.org,3667183215,300
301,Mark,Stokes,susanlong@example.net,0015923542,301
302,Kenneth,Frey,whitney00@example.net,5324188449,302
304,William,Medina,dcobb@example.com,2028825104,304
305,Sean,Kramer,herrerascott@example.com,2338833660,305
306,Nicholas,Fowler,allisonjason@example.com,7417366383,306
307,Mary,Ramos,rjohnson@example.com,1993756887,307
308,Colin,Hayes,greenrichard@example.org,6332799253,308
309,Barbara,Rodriguez,markrodriguez@example.net,6734937510,309
310,Zoe,Andersen,lindaabbott@example.net,9427570455,310
311,Matthew,Williams,coxsteve@example.net,8872618860,311
312,Laura,Mitchell,micheal77@example.com,2092831700,312
313,Gary,Lyons,wbowen@example.org,6348192154,313
314,Cristian,Anderson,jocelyn96@example.net,4906957559,314
315,Adrienne,Dixon,flynnmatthew@example.org,5594417311,315
316,Linda,Garrett,morgan47@example.org,6333208191,316
317,Jose,Hernandez,allison46@example.org,7013952505,317
318,Christopher,Lewis,vwilliams@example.com,6119519976,318
319,Sandra,Sanchez,woodanthony@example.com,,319
320,Sandra,Castaneda,udillon@example.org,6043590996,320
321,Jeffrey,Garcia,mrios@example.net,8263478346,321
322,Joshua,Church,melinda70@example.com,5217864562,322
323,Shelby,,joshuawebb@example.net,1385883586,323
324,Denise,Fitzgerald,bellbeth@example.com,,324
325,Brian,West,brandy25@example.org,1519469184,325
326,Shannon,Morgan,adammason@example.org,2164031233,326
327,Melissa,Leonard,ilee@example.com,1934966154,327
328,Jessica,Le,brianbrown@example.org,7809947578,328
329,Elizabeth,Bell,amy04@example.com,4405492266,329
330,Barbara,Foley,tamarafrazier@example.com,4267886610,330
331,Lacey,Nguyen,jmurray@example.com,0017358298,331
332,Andrew,Walker,jodyrobinson@example.com,,332
333,Gina,Brown,yangaustin@example.com,7628330319,333
334,Cathy,Garcia,thomas53@example.com,0014653636,334
335,Isabella,Porter,brettwright@example.com,0014605477,335
336,Jeremy,Collins,dawn78@example.org,1602401469,336
337,Ashley,Cole,wjones@example.com,7069580277,337
338,Michael,Gray,davidrobinson@example.com,,338
339,Julie,Butler,brianyoung@example.com,0017136669,339
340,Joanne,Baker,Joanne.Baker@exemple.com,5524777596,340
341,Leon,Davis,stewartzachary@example.com,1986663604,341
342,Sharon,Harrison,laura56@example.net,9107621127,342
343,Sonia,,ahall@example.org,9202864313,343
344,Alexander,Ramirez,vwoodard@example.com,3345701117,344
345,Alicia,Moore,Alicia.Moore@exemple.com,,345
346,Leslie,Walsh,bbradley@example.org,8936387372,346
347,Kenneth,Lewis,Kenneth.Lewis@exemple.com,7376025328,347
348,Richard,Anderson,kingbrett@example.com,6258668917,348
349,Matthew,Dennis,thomastrujillo@example.net,2683187776,349
350,John,Rodriguez,colemankatherine@example.net,,350
351,Justin,Reid,joseph69@example.org,3697051894,351
352,David,Lopez,chenjoshua@example.org,,352
353,John,Porter,grodriguez@example.org,1741318614,353
354,Beverly,Green,hernandezjoe@example.org,,354
355,Dustin,Miller,ryan36@example.net,,355
356,Nicholas,Martin,edwinrice@example.com,1825663605,356
357,Christina,Olson,barrygriffith@example.org,7069966419,357
358,Abigail,Jimenez,johnsonsheri@example.org,1318665141,358
359,Jonathan,Payne,iquinn@example.org,2504768905,359
360,Mark,Price,mary63@example.net,8053296335,360
361,Jason,Johnston,elong@example.org,8022188682,361
362,Darlene,Salazar,cookcassandra@example.net,2452746593,362
363,Suzanne,Ruiz,cohendanielle@example.org,1931463797,363
364,Allen,Campbell,stevenmitchell@example.net,,364
365,Andre,Powell,dianaholland@example.com,0016276819,365
366,Tyrone,Rodriguez,mlittle@example.net,2267126020,366
367,Kyle,Love,daniel32@example.org,0015764034,367
368,Jermaine,Edwards,hutchinsontrevor@example.com,3692149841,368
369,Cindy,Huff,mikecrawford@example.net,4088352856,369
370,Martin,Anderson,lrodriguez@example.org,5319606368,370
371,Erin,White,johnsondaniel@example.com,7779013787,371
372,Johnny,Walker,benjaminjennifer@example.org,2897860980,372
373,Jennifer,Butler,patrickriggs@example.com,3576411078,373
374,Carl,Brady,onichols@example.net,1875847353,374
375,Charles,Parker,jimmykeller@example.org,6002721994,375
376,Tammy,,brittany87@example.org,1579546023,376
377,Alexandra,Johnson,panderson@example.com,8322954020,377
378,Bradley,Booth,utaylor@example.net,,378
379,Jeffrey,Brown,willielewis@example.com,7052277954,379
380,Jason,Martinez,russellmedina@example.org,,380
381,Ryan,Ramsey,jessica86@example.org,7793302021,381
382,Tammy,Johnson,shannonberg@example.net,0014693831,382
383,Vicki,Walker,bishopjared@example.com,7292316705,383
384,Jodi,,kponce@example.com,8957978338,384
385,Michael,Duran,rebecca36@example.net,7187004347,385
386,Ashlee,Garcia,jacquelinejohnson@example.com,4078357062,386
387,Richard,Spears,xpalmer@example.com,9618592282,387
388,Michael,Clayton,qrichardson@example.net,9876398309,388
389,Douglas,Castillo,Douglas.Castillo@exemple.com,1420386891,389
390,Tiffany,Dudley,Tiffany.Dudley@exemple.com,4176718870,390
391,Jeff,Williams,aliciapatrick@example.net,8498054008,391
51,Amanda,Brown,rherrera@example.net,6302351767,51
90,Rebecca,Peterson,fisherjuan@example.net,,90
392,Emily,Jenkins,Emily.Jenkins@exemple.com,5883131165,392
393,Robert,Thomas,velazquezjessica@example.net,1275590484,393
394,Aaron,Brady,ktorres@example.org,9877426611,394
395,Lindsay,,lgilbert@example.org,,395
396,Amanda,,ygriffith@example.org,1376770012,396
397,Felicia,Williams,thouse@example.com,0019946827,397
398,Susan,Maxwell,carol11@example.net,,398
399,Jacqueline,Crawford,jellis@example.com,0018676118,399
400,Justin,Wilson,bryantmatthew@example.com,1840837480,400
401,Jill,Eaton,joshuabrown@example.com,6047108906,401
402,Daniel,Martin,sharon98@example.com,9449914578,402
403,Edward,Jones,lunacharles@example.org,0015098300,403
404,Jennifer,Garcia,kbrady@example.org,2107186219,404
405,Anthony,Hill,andreahall@example.com,1541606169,405
406,Monique,Brady,llewis@example.org,9082847234,406
407,Jacob,Rodriguez,daviscarolyn@example.net,0012413938,407
408,Christopher,Arellano,deborah17@example.com,7076948362,408
409,Scott,Kelley,claysarah@example.org,0018944766,409
410,Kelly,Thomas,thomasyoung@example.com,1901946146,410
411,Matthew,Snyder,kellykyle@example.org,8677658378,411
412,Christopher,Chapman,aadkins@example.net,9458145236,412
413,Ashley,,joycedavid@example.net,9433102628,413
414,Jennifer,Odonnell,Jennifer.Odonnell@exemple.com,4015767968,414
415,Kirsten,Wiley,bcohen@example.org,,415
416,Donna,Welch,Donna.Welch@exemple.com,5486680642,416
417,Kyle,Hunter,mccormickjerry@example.com,9648397287,417
418,Kelly,Powell,samuel48@example.com,1309701047,418
419,Derek,Torres,brian54@example.net,1798517130,419
420,Catherine,Meyers,houstonjamie@example.com,5459232360,420
421,Thomas,Snyder,Thomas.Snyder@exemple.com,0017362647,421
422,Jackie,Morgan,deborahyoung@example.net,2599678952,422
423,Paula,Hayes,jonathanparker@example.com,1742313674,423
425,John,Velasquez,steven34@example.com,3799921935,425
426,Michael,Reeves,courtney84@example.net,9468674134,426
427,Jessica,Davidson,olee@example.com,,427
428,Lynn,Jones,atkinskaren@example.net,0015898401,428
429,Megan,Chen,yvettemcbride@example.net,0014542031,429
430,Andrew,King,jennifer42@example.net,2306170163,430
431,Daniel,Diaz,bhill@example.net,1994804197,431
432,Mary,Dillon,jacob81@example.net,6379458302,432
433,Joshua,Cole,karen87@example.org,3789981750,433
434,Mikayla,Willis,rbruce@example.net,0014572972,434
435,Alexandria,Douglas,martinezchelsea@example.org,5026911371,435
436,Xavier,Mendoza,jeffreycurtis@example.org,0014239282,436
437,Kevin,Torres,lopezsharon@example.org,1470286113,437
438,Kimberly,Cantu,edwardmiles@example.net,2715245503,438
439,William,Medina,dwayne14@example.org,,439
440,Cody,Watson,ygood@example.net,4003127400,440
441,David,Walker,michelle87@example.org,,441
442,Heather,Mathews,pwilliams@example.com,1432275788,442
443,Michelle,Stephens,thorntonalicia@example.net,2292988501,443
444,Cheryl,Meyer,patrickshannon@example.org,3779344812,444
445,Andrew,Horton,johnsonbrandy@example.net,0016047660,445
446,Jill,Cross,jacquelinemiller@example.com,4915513150,446
447,Brittany,Turner,mcdonaldana@example.com,6832641250,447
448,Katherine,Mckinney,qperez@example.org,2772411902,448
449,Keith,Jackson,orrryan@example.org,8585546035,449
450,Roger,Henry,jonathan64@example.org,2083344272,450
451,Autumn,Barrera,gibsonlauren@example.net,5125921161,451
452,Mark,Pineda,changlisa@example.net,0012246875,452
453,David,Clay,woodtimothy@example.com,9859670247,453
454,Alexandra,Shaw,hayesdonald@example.com,8866649361,454
455,Regina,Cook,wsanchez@example.com,0019439485,455
456,Dawn,Valencia,wrightkevin@example.org,4249686427,456
457,Samantha,Carter,karlgreene@example.net,1914892543,457
458,Sandy,Miller,justin05@example.com,,458
459,Christopher,,amygriffin@example.net,5326569280,459
460,Cole,Barnes,bettymartinez@example.net,,460
461,William,Arellano,powersvincent@example.org,7375600621,461
462,Devon,Brown,jason96@example.org,8625249906,462
463,Cory,Dougherty,adriana90@example.com,1777375909,463
464,Joshua,Morgan,misty41@example.net,,464
465,Emily,,hinesjordan@example.net,1496405758,465
466,Randy,Swanson,whiterachel@example.org,7974238439,466
467,Barbara,Montoya,moranjacqueline@example.org,7808682291,467
468,Kelly,,nicole31@example.org,8244316617,468
469,Thomas,Barrett,evansbryan@example.com,3409011082,469
470,Gerald,Martin,Gerald.Martin@exemple.com,7536134044,470
471,Robert,Ross,chanjames@example.net,8998884157,471
472,Ashley,Cook,angelaward@example.org,4196987535,472
473,Jacqueline,Rodriguez,jacob76@example.net,1547239636,473
474,Mary,,nfrancis@example.net,4846775126,474
664,Jill,Mason,Jill.Mason@exemple.com,3375747319,475
475,Whitney,Walker,nschwartz@example.com,0019565645,476
476,Luke,Nielsen,aguilarmorgan@example.net,3698405664,477
477,Jonathan,Stephens,Jonathan.Stephens@exemple.com,1292978617,478
478,Sharon,Durham,oneillalexander@example.org,7402769224,479
479,Robert,Jackson,kyle77@example.com,0019192002,480
480,Marie,,lawrence46@example.org,6755573524,481
481,Dennis,Martinez,crystal17@example.com,1778799841,482
482,Michele,Hendrix,richardmorris@example.net,9345057749,483
483,Scott,,nicole82@example.net,1577708900,484
484,Andrea,Gay,Andrea.Gay@exemple.com,3158212956,485
485,Stephanie,,jason02@example.org,8642561348,486
486,Ashley,Clark,anthony07@example.net,7533195385,487
487,Jessica,Ortega,gutierrezkimberly@example.net,9942851181,488
488,John,Kemp,jasonmedina@example.com,3499705734,489
489,Laura,Higgins,romeronicolas@example.org,6337352527,490
490,Dillon,Rios,cisnerosjohn@example.net,6977799048,491
491,Ashley,Gonzalez,jill96@example.net,1460390839,492
492,Lawrence,Baker,ronnieduke@example.net,2967650596,493
493,Albert,Bell,Albert.Bell@exemple.com,3594652992,494
494,David,Morrow,bowengilbert@example.net,1809590881,495
495,Nicole,Taylor,maysjean@example.com,7398305815,496
496,Krista,Daniels,garciasarah@example.org,0017794460,497
497,Timothy,Howard,Timothy.Howard@exemple.com,0013159682,498
498,Lonnie,Douglas,fchen@example.org,4458442765,499
499,Jennifer,Walker,martinezkimberly@example.com,,500
500,Cheyenne,Chang,sanchezbobby@example.net,1764956051,501
501,Sean,Brooks,nealchristopher@example.org,7768395250,502
502,Regina,Conley,ytaylor@example.net,,503
503,Danny,,craig98@example.org,0015574173,504
504,Jonathan,Sharp,francodavid@example.net,8139573194,505
505,Karen,Lopez,denisehoward@example.net,8265804435,506
506,Catherine,Henderson,williamsongarrett@example.com,5768719437,507
507,Ernest,Miller,schen@example.com,8583056702,508
508,Brandi,Contreras,epalmer@example.org,1520881429,509
509,Shannon,Moore,sharprichard@example.org,1217203083,510
510,Richard,Weber,deckeramber@example.net,4586180795,511
511,Blake,Henderson,johnsonkathleen@example.org,2856630956,512
512,Robert,Smith,schmidtkristen@example.com,5427725801,513
513,Natalie,Parker,alvarezjohn@example.com,6688353924,514
514,Robert,Martinez,bryanmichelle@example.org,5292317361,515
515,Sarah,Tapia,Sarah.Tapia@exemple.com,7509625989,516
516,Lawrence,Thomas,annaalvarez@example.net,1684878257,517
517,Melissa,Conrad,tjohnson@example.com,3665286304,518
518,Charlotte,Johnston,nicolerojas@example.org,0012075732,519
519,Patricia,Graham,nicholas87@example.com,,520
520,Robert,Torres,currykaren@example.org,1336491098,521
521,Diana,Robinson,wmitchell@example.com,0015057273,522
522,Joseph,Quinn,leerachel@example.com,3433858223,523
523,David,Armstrong,jamessheena@example.net,9423590025,524
524,Matthew,,deborah63@example.net,7913537340,525
525,Reginald,Henderson,humphreyashley@example.net,2963341991,526
526,Victoria,Vincent,chelsea68@example.com,0019105759,527
527,Kristopher,Garner,fergusontheodore@example.com,6094125650,528
528,Katherine,Welch,Katherine.Welch@exemple.com,1707540936,529
529,Paul,Hudson,tonya36@example.net,1647579503,530
530,Lisa,Thomas,mary97@example.org,3979291420,531
531,Michael,Schmidt,boydbruce@example.org,9606255724,532
532,Melanie,Hawkins,briana57@example.com,5837341265,533
533,Robin,Monroe,whitepaul@example.com,2069239599,534
534,Lorraine,Sims,melissa34@example.com,3582650574,535
535,Michael,Robinson,anastewart@example.com,6937445308,536
536,Richard,Pittman,angel35@example.org,7004894375,537
537,John,,John.null@exemple.com,4633250898,538
538,Brian,Cardenas,mcbridedavid@example.net,4522191084,539
539,Dave,Martinez,kimberlyvazquez@example.com,0014068999,540
540,Lauren,Thompson,linda05@example.com,7245252194,541
541,Sarah,Gonzalez,shermanjoshua@example.com,2884794756,542
542,Cynthia,Brown,Cynthia.Brown@exemple.com,,543
543,Wesley,Davis,goldenandre@example.org,2977004046,544
544,Dave,Foster,robertanderson@example.org,0017354779,545
545,Sonia,Nguyen,danathompson@example.org,1877619099,546
546,Robert,Kim,micheal55@example.org,1373533883,547
547,Sharon,Morrow,efleming@example.com,8099093884,548
548,Rachel,Washington,audreyjones@example.net,8906517007,549
549,Sydney,Clark,dalehoward@example.com,7027151425,550
550,Joseph,Martinez,lucastony@example.com,7238225550,551
551,Adrian,Williams,wilkersonjudy@example.com,0015373717,552
552,Kathy,Jimenez,emily46@example.net,0012194017,553
553,Anthony,Preston,Anthony.Preston@exemple.com,7738042059,554
554,Jeremiah,Best,william32@example.org,5773643245,555
555,Stephanie,Turner,Stephanie.Turner@exemple.com,8884291776,556
556,Debra,Everett,adamsantonio@example.com,3047171040,557
557,Daniel,Brown,troymoore@example.org,0019662108,558
558,Elijah,Cooper,zmartinez@example.net,8056666810,559
559,Matthew,Bautista,morgankelsey@example.org,6575631992,560
560,Christopher,Howard,jamesroman@example.org,,561
561,Julie,Rose,taylorshepard@example.com,3943813538,562
562,Melissa,Jackson,jermaine94@example.com,9767590339,563
563,Barbara,Jennings,sean92@example.com,0018944380,564
564,Linda,Bryant,amanda27@example.org,9837093016,565
565,Alex,Miller,zjones@example.org,0017327410,566
566,Pamela,,kimberly73@example.net,9496197205,567
567,Amanda,Pacheco,donald21@example.com,6145483722,568
568,Hannah,Brock,cdurham@example.com,8715306862,569
569,Cynthia,Brown,campbellvanessa@example.net,5186543003,570
570,Mariah,Mathews,christopher73@example.org,8348885550,571
571,Justin,Bell,xoliver@example.org,4836331599,572
572,Ashley,Ford,jessica50@example.com,4645047629,573
573,Mark,Hogan,jacobhudson@example.net,9257071539,574
574,Alyssa,Zavala,hmay@example.net,,575
575,Courtney,Hall,eric55@example.com,7428547621,576
576,Robin,Hernandez,rjohnson@example.com,0018112765,577
577,Nicole,Everett,coopertara@example.net,4796907828,578
578,Justin,Miller,brendan65@example.com,1832995463,579
579,David,Nelson,David.Nelson@exemple.com,8107602621,580
580,Aaron,Vazquez,Aaron.Vazquez@exemple.com,1522839369,581
581,Marcia,Rice,smithbarbara@example.net,8379397465,582
582,Samantha,Burch,lschultz@example.net,4237130305,583
583,Cory,Nunez,Cory.Nunez@exemple.com,0015058598,584
584,Brett,Payne,nreyes@example.net,8127455818,585
585,Peter,Mills,maysjacqueline@example.org,2823621554,586
586,Lisa,Barron,johnny03@example.net,4425040178,587
587,Stephen,Brock,donna73@example.org,2688712835,588
588,Ryan,Ashley,tara57@example.com,4246996301,589
589,Matthew,Phillips,whickman@example.net,9894099666,590
590,Charles,Cook,gbrady@example.com,0016813877,591
591,Emma,Scott,elijahcoleman@example.net,1445503086,592
592,Scott,Holder,jefferyholland@example.net,1810755852,593
593,Mark,Thomas,nbailey@example.com,8375766533,594
594,Brett,Boyer,john23@example.net,1972725177,595
595,Michael,Snyder,vincentfitzgerald@example.net,7005239643,596
596,Sheila,Andrade,dillonjoseph@example.com,2797317924,597
597,Jonathan,Figueroa,francisco32@example.org,1891991776,598
598,Erin,Smith,briannastrong@example.com,0014076036,599
599,Melissa,Davis,fanderson@example.org,1923937720,600
600,Elizabeth,Richardson,elizabeth91@example.org,5462325186,601
601,Beth,Gutierrez,ashleyhenry@example.net,,602
602,Daniel,Munoz,megan53@example.org,8836360771,603
603,Christopher,Shields,Christopher.Shields@exemple.com,8122633012,604
604,Amy,Gomez,emilymiller@example.org,2039381510,605
605,Maria,Clarke,carolyn61@example.net,2922051528,606
606,Robert,Mcclain,jonathan69@example.net,8634672032,607
607,David,Shea,christinejohnson@example.org,3107544106,608
608,Paul,Schneider,jessicawright@example.org,6376516077,609
609,Robert,Sanders,audrey11@example.org,1959540055,610
610,Nathan,Foster,janice21@example.com,3699573417,611
611,Jessica,Smith,danasmith@example.net,3267236994,612
612,Teresa,Gilmore,jade83@example.com,1369450289,613
613,Tricia,,christinasimmons@example.net,1803983002,614
614,Denise,Jordan,iherrera@example.com,0012193288,615
615,Rachel,Rivera,gomezmeredith@example.org,0012468287,616
616,Julie,Hancock,heather36@example.com,8365885893,617
617,Jessica,Wilson,mitchellmark@example.org,2094742943,618
618,Erin,Moreno,qholden@example.com,1676859813,619
619,Heather,Hamilton,mcox@example.net,0014079206,620
620,Heather,Foley,ericperry@example.org,0018282650,621
621,Toni,Saunders,kennethhumphrey@example.net,0017369709,622
622,Caroline,Miller,qmartinez@example.net,0015752719,623
623,Rebecca,Chavez,penningtonstephen@example.com,1312251407,624
624,Victoria,Harrell,bnelson@example.org,1238569637,625
625,Luis,Little,mcdowelljoshua@example.net,,626
626,Anthony,Parsons,jessicafranco@example.net,,627
627,Dana,Mendez,zschmitt@example.net,2947382744,628
628,Danielle,Myers,idelgado@example.net,1647849079,629
629,Luis,Horne,ryan05@example.net,6973281791,630
630,Thomas,Reynolds,steven93@example.org,4052470693,631
631,Ashley,Murphy,lisacarr@example.net,6224061261,632
632,Sheila,Warren,valeriemiller@example.org,7294636342,633
633,Tina,Rodriguez,ikaufman@example.com,0016427328,634
634,Kim,Mendoza,ogarza@example.org,0019639249,635
635,Kathleen,Warren,bryan85@example.net,0015182513,636
636,David,Ford,David.Ford@exemple.com,0017579203,637
638,Lisa,Watson,millersara@example.com,0017359775,639
639,Daniel,Blevins,christianstevens@example.com,1454462655,640
640,Billy,Jackson,shepardralph@example.com,0016137594,641
641,Daniel,Cooper,terrihorton@example.org,7326143055,642
642,Veronica,Morales,Veronica.Morales@exemple.com,0019045790,643
643,Kevin,Bishop,cheryl59@example.com,3924903620,644
644,Bianca,Black,kevinmartin@example.net,7532600405,645
645,Ernest,,nathanhill@example.com,,646
646,Joel,Roberts,jacobbaker@example.com,,647
647,Rachel,Miller,Rachel.Miller@exemple.com,1531944234,648
648,Miranda,Smith,seanwilliams@example.net,5697355068,649
649,Haley,Washington,michele98@example.net,3638274521,650
650,Alexis,Riley,anna50@example.com,0014657472,651
651,Hailey,Allen,jennifer14@example.net,4487718284,652
652,Robert,Hancock,ywhite@example.org,6268591389,653
653,Lauren,Bowman,melissahurley@example.org,9362069320,654
655,Mia,,stephaniepennington@example.org,4506396664,656
656,Stephen,Lewis,moralesalicia@example.org,7974361118,657
657,Sarah,Moore,sheila33@example.com,5462667036,658
658,Dawn,Boyer,melanie72@example.org,2522203794,659
659,Tina,Jackson,ihernandez@example.org,2102923935,660
660,Isaac,Hall,Isaac.Hall@exemple.com,3803319755,661
661,Andrew,Bradley,Andrew.Bradley@exemple.com,4555379584,662
662,Madison,Wu,Madison.Wu@exemple.com,6372199954,663
663,Bradley,Parker,callahanshane@example.com,5514039766,664
665,Ricardo,Hall,wmcgrath@example.com,2914730802,665
666,Noah,King,hjohnson@example.org,1849498992,666
667,Angela,Hernandez,virginiaduffy@example.com,0017694937,667
668,John,Larsen,alexandramedina@example.net,7486109101,668
669,Robert,,stouttyler@example.net,7839312843,669
670,Alyssa,Pacheco,anthony51@example.org,9938598875,670
671,Sarah,Mitchell,amandawilliams@example.com,1938476868,671
654,Chase,Blair,craigschneider@example.net,,655
672,Pam,Norris,claysandra@example.com,2389789326,672
673,Spencer,Jones,markwilliams@example.net,8905514925,673
674,Kenneth,Thompson,harperjames@example.com,1732220817,674
675,Barbara,Robertson,adrienne76@example.net,1316241193,675
676,Lawrence,Elliott,mbowman@example.com,0012156905,676
677,Robert,Moreno,cookkristina@example.com,5249239884,677
678,Megan,Johnson,marco37@example.org,8138258337,678
679,Kiara,Jackson,tyler22@example.com,0019096257,679
680,Megan,Brown,fosterkristen@example.org,6544500080,680
681,Dana,Hunter,ujackson@example.net,5108361533,681
682,Matthew,White,sandra64@example.net,2389210251,682
683,Candice,Hicks,bsullivan@example.net,9362864404,683
684,Kristin,Caldwell,Kristin.Caldwell@exemple.com,8302691084,684
685,Ian,Phillips,jjohnson@example.org,5844167160,685
686,Karen,Dawson,nmyers@example.net,3032010790,686
687,Alexandra,Jackson,bhumphrey@example.org,4217034406,687
688,Mario,Davis,angelica23@example.org,0019805968,688
689,Marco,Sparks,tracy48@example.net,8984621317,689
690,Rebecca,Jones,carly27@example.com,1486706530,690
691,Jeffrey,Atkins,paulprice@example.com,3414487050,691
692,Matthew,Anderson,kathleen16@example.org,0016345876,692
693,Michael,Bates,jason93@example.com,4657578216,693
694,Daniel,Roberts,danieljones@example.com,4515851745,694
695,Kelli,Rush,david31@example.com,7877680124,695
696,Curtis,Salinas,owalter@example.org,2979472342,696
697,Daniel,Nichols,jordan93@example.net,1839254263,697
698,Krista,Long,rhondapetersen@example.net,1265731609,698
699,Stephanie,Adams,egraham@example.com,2244777865,699
700,Nicole,Morgan,kevingiles@example.com,4522590694,700
701,Kristin,Wood,carl53@example.com,,701
702,Lisa,,christine09@example.com,1303241625,702
703,Kara,Andrews,hrichard@example.net,9315340573,703
704,Kaitlyn,Pope,zholland@example.com,1324351260,704
705,Brian,,ilyons@example.com,8409122323,705
706,Amanda,Giles,bruce81@example.com,6046887564,706
707,Mary,Henry,christiankara@example.net,,707
708,Stacy,Pearson,Stacy.Pearson@exemple.com,5977412596,708
709,Cindy,Wells,reginaclements@example.net,,709
710,Susan,Ball,hburch@example.com,1346815717,710
711,Ana,Hicks,btaylor@example.com,9242255865,711
712,Elizabeth,Pearson,yolanda56@example.net,0012659379,712
713,Eric,Poole,matthew11@example.org,7185605094,713
714,Linda,Moore,diana71@example.com,4554140610,714
715,Elizabeth,Jones,meltonjackie@example.net,6954525296,715
716,Mark,Green,judy51@example.com,9706992436,716
717,Emily,Wilson,pgray@example.org,4514443246,717
718,Nicholas,Foster,Nicholas.Foster@exemple.com,,718
719,Amber,Valencia,nathanwilliams@example.org,0019842051,719
720,Becky,Nichols,fcook@example.net,0019118255,720
721,Scott,Cummings,bethalvarez@example.org,,721
722,Mary,Barrera,christinamaxwell@example.net,1286302875,722
723,Samuel,Keller,Samuel.Keller@exemple.com,,723
724,Nicole,Day,kennethbyrd@example.com,7963063535,724
725,Kayla,,adampatterson@example.net,4807067298,725
726,Susan,Brooks,rebeccafigueroa@example.net,2977540865,726
728,Janet,Cooper,bryan75@example.org,2754048634,728
729,Laurie,Dunn,coxallison@example.org,0018194159,729
730,Maria,Silva,wagnerpeggy@example.net,4658256591,730
731,Justin,Rhodes,jeremymurphy@example.net,0013355908,731
732,Sarah,,qcarpenter@example.net,0016468014,732
733,Becky,Larson,kristy20@example.org,0012465736,733
734,Theresa,Clayton,jacksonpatrick@example.net,,734
735,Carlos,Fuller,laurenpierce@example.com,3744218266,735
736,Bobby,Holland,myershenry@example.org,4993962709,736
737,James,Mccormick,megan09@example.org,7715455136,737
738,Christine,Turner,anthonyjohnson@example.com,6252380159,738
739,Jennifer,Harris,cjackson@example.com,1960366232,739
740,Dakota,Mitchell,russellrebekah@example.net,9247966581,740
741,Tanya,Jackson,Tanya.Jackson@exemple.com,2755314701,741
742,Darren,Johnson,cbarnes@example.net,3156358710,742
743,Catherine,Lowe,robertyoung@example.net,4534986490,743
744,Carolyn,Wallace,Carolyn.Wallace@exemple.com,0015147641,744
745,Adam,Watkins,lindsey98@example.org,1799406020,745
746,Mark,West,glennmatthews@example.net,2719523301,746
747,Jose,Webster,nancymalone@example.org,9152468230,747
748,Sarah,Smith,smithashley@example.com,2319978026,748
749,Jennifer,Tucker,mary13@example.org,1713456804,749
750,Ashley,Rodriguez,Ashley.Rodriguez@exemple.com,5714570609,750
751,Douglas,Lopez,jmorris@example.org,,751
752,Christopher,Bell,deniseowens@example.net,5999719703,752
753,Rebekah,Ferguson,cfrazier@example.org,0017377548,753
754,Rita,Hubbard,sandersjohnathan@example.net,0014487238,754
755,Joseph,Mccall,sarah05@example.net,1817729918,755
756,Bianca,Clark,vbarker@example.net,9386834001,756
757,Rita,Rodriguez,kroberts@example.com,7259418341,757
758,Darlene,Richardson,laurie62@example.com,1976553939,758
759,Sarah,Snyder,brownmichael@example.net,8618462791,759
760,Jennifer,Green,danielle41@example.com,8197724694,760
761,Michael,Sawyer,boyerteresa@example.com,3068852863,761
762,Scott,Shah,lopezerin@example.net,0015808753,762
763,Hannah,Thomas,rachelmurphy@example.com,6635976196,763
764,Hannah,Gibson,keytim@example.org,5005591701,764
765,Jason,Yang,matthewperry@example.net,9513793995,765
766,Maria,Schroeder,amydavis@example.org,0015223847,766
767,Stephen,Cox,jennawalter@example.net,1544340317,767
768,Emily,Kelly,jenniferriley@example.com,1370580866,768
769,Michael,Patel,Michael.Patel@exemple.com,0012049335,769
770,John,Rivas,hollandjordan@example.org,6119183685,770
771,Caleb,Ortiz,johnwalker@example.org,1932297557,771
772,Rebecca,Gross,denise55@example.net,5818524703,772
773,Elizabeth,Hensley,kevindurham@example.org,5867084038,773
774,Andrea,Beard,hflores@example.com,7858782439,774
775,Anthony,Rivera,Anthony.Rivera@exemple.com,0018357063,775
776,Andrea,Silva,johnsdaniel@example.org,0015244498,776
777,Colin,Johnson,joseph51@example.com,,777
778,Noah,Noble,robertandrade@example.org,7148983678,778
779,Natalie,Blankenship,qriley@example.net,0016895584,779
780,Stephanie,Price,alvaradojeff@example.com,0014178998,780
781,Nicole,Lucas,patriciamoreno@example.net,,781
782,Denise,Vazquez,cobbnicole@example.net,0017758808,782
783,Diane,Rivera,sarah67@example.com,4435186154,783
784,Jessica,Blankenship,reynoldsamy@example.com,3012360840,784
785,Ashley,Stevens,jeffreymarquez@example.com,8387618072,785
786,Robert,Perez,espinozacandice@example.com,9223898718,786
787,William,Barton,michaelbrown@example.org,2519985155,787
788,Lisa,Martin,douglascook@example.net,4183795981,788
789,Jennifer,Lee,john51@example.com,2738016939,789
790,Joseph,Gray,jonesshannon@example.org,4072726834,790
791,Andrew,Gonzalez,alexanderjones@example.com,7337154518,791
792,Jonathan,Washington,hsmith@example.org,,792
793,Cole,Gill,curtismary@example.org,9418112673,793
794,Stephen,Waller,gabriela73@example.net,5556065765,794
795,Doris,Johnson,tallen@example.com,,795
796,David,Rivera,max23@example.org,3746921136,796
797,Danielle,Walker,nicholasmorgan@example.com,0018348276,797
798,Michael,Carlson,frichardson@example.com,4147612595,798
799,Stephen,Graves,nkennedy@example.org,3056438328,799
800,Kelly,Thomas,theresa99@example.com,1388261548,800
801,Michele,Lopez,laurie26@example.net,1991668675,801
802,Teresa,Gutierrez,gregoryjones@example.com,0014075442,802
803,Michael,Barber,allisonwilliam@example.com,7003293753,803
804,Eric,Evans,jessicalam@example.org,0017917882,804
805,Jennifer,Brooks,vbrown@example.com,7844398718,805
806,Robert,Pittman,ikirk@example.com,1752340471,806
807,Lauren,Townsend,lesliemassey@example.com,6289077599,807
808,Monica,Gutierrez,asawyer@example.net,2687244407,808
810,Denise,Moon,danielhoward@example.net,6372349821,810
811,Christina,Jackson,ikim@example.org,4248798247,811
812,Lisa,Mccarthy,lacevedo@example.com,2736926378,812
813,Lance,White,Lance.White@exemple.com,8415827795,813
814,Robert,Martinez,wesleywells@example.net,2146272570,814
815,Kimberly,Petty,ubrown@example.net,6922374088,815
816,Heather,Osborne,mendozamegan@example.org,7056733282,816
817,John,Taylor,valentinecandace@example.org,5312162688,817
818,Christopher,Jimenez,davistanya@example.net,,818
819,Katie,Zavala,benjaminwilliams@example.org,9387408012,819
820,Taylor,Obrien,abeasley@example.com,2582174364,820
821,Eugene,Taylor,qleonard@example.com,1946794459,821
822,Melissa,Gray,darrell64@example.org,7569611945,822
823,Kenneth,West,sbush@example.com,0019135193,823
824,Gregory,Martinez,larsonbarbara@example.org,8472857782,824
825,Christopher,Phillips,jesuschen@example.com,1246904140,825
826,Derek,Rojas,becky21@example.net,9687063257,826
827,Kyle,,hjackson@example.org,6108437910,827
828,Stephen,Knight,qyoung@example.com,9152549305,828
829,Timothy,Baldwin,brandonmcclure@example.com,3546888396,829
830,John,Mcdonald,anthony19@example.com,7788796844,830
831,Mark,Crane,lewisandrew@example.com,7229995985,831
832,Carol,Villanueva,lhamilton@example.com,8389777369,832
833,Alexander,Fields,harrischristopher@example.net,6109641914,833
834,Joshua,Adams,banksjeffrey@example.net,5924268775,834
835,Eric,Mcdonald,kimberlywilliams@example.org,2502858139,835
836,Megan,Lewis,kevin03@example.org,5544265619,836
837,Brandon,Chambers,azimmerman@example.com,1950856816,837
838,Charles,Hoffman,derrickmejia@example.org,7058436301,838
840,Nathan,Kane,annvaughan@example.net,9897296476,840
841,Terri,Mendez,brandon38@example.com,8777837065,841
842,Patricia,,thomasjackson@example.org,0016514927,842
843,Ashley,Goodman,karen01@example.net,6764167471,843
844,Timothy,Johnson,christopher23@example.com,3805052956,844
845,Katherine,Bailey,staceyrodriguez@example.net,3358977485,845
846,Bradley,Bush,Bradley.Bush@exemple.com,3822647046,846
847,Michael,Mora,melanie83@example.com,7798970843,847
848,John,Phillips,caroline41@example.net,,848
849,Deborah,Martinez,samuelchambers@example.com,4189762658,849
850,Amanda,Salazar,hickmandustin@example.org,4532888321,850
851,Emily,Valenzuela,erin95@example.org,2183541378,851
852,Mary,Le,lorraineblackwell@example.com,0015915048,852
853,Kari,Harmon,lorimartin@example.org,3706852378,853
854,Seth,Smith,mariacollins@example.net,9599569745,854
855,Courtney,Montoya,Courtney.Montoya@exemple.com,0014699289,855
856,Joshua,Maynard,trollins@example.com,8825047900,856
857,Christopher,,dbell@example.org,7619998934,857
858,Jamie,Rice,hillapril@example.net,3403683737,858
859,Brent,,allison18@example.org,3252378663,859
860,Kevin,Prince,matthew01@example.com,1443345319,860
839,Matthew,Cook,wagnerpatty@example.com,,839
861,Holly,Carter,wheeleramy@example.org,9657024652,861
862,William,Sawyer,davisamy@example.org,3959048988,862
863,Dawn,Perez,Dawn.Perez@exemple.com,6782131133,863
864,Brittany,Foley,tyler59@example.org,8247492716,864
865,Megan,Torres,harrischarles@example.org,9178149515,865
866,Cindy,Morgan,clarkraymond@example.com,0019267841,866
867,Joy,Castillo,michael96@example.net,4646793278,867
868,Kelly,Ortiz,iramirez@example.org,8765346284,868
869,Joseph,Alexander,laurie65@example.net,3228722061,869
870,Michael,Murphy,katherinegray@example.net,9074987239,870
871,Michelle,Richardson,allencolin@example.net,2759130284,871
872,Matthew,Collins,xsoto@example.org,1965627094,872
873,Vincent,Knapp,dianewhite@example.com,,873
874,Travis,Reid,zsmith@example.com,2533168416,874
875,Abigail,Smith,mdavis@example.net,2649972500,875
876,Ryan,Waters,tina91@example.com,7287262925,876
877,Kristopher,Herring,donaldsalinas@example.net,6668951848,877
878,Deanna,Morales,whitney55@example.net,5372658239,878
879,Tracy,Johnston,kevinpearson@example.com,8212103928,879
880,Brian,,Brian.null@exemple.com,9858731811,880
881,Christine,,Christine.null@exemple.com,4409786778,881
882,Ashley,Monroe,patrickdiaz@example.net,3453066579,882
883,Amanda,Payne,johnvalencia@example.org,3729814794,883
884,Savannah,Calhoun,juliespencer@example.net,6857056182,884
885,John,White,jessicaanderson@example.net,7769365193,885
886,Jennifer,Delgado,williamcruz@example.com,4395418124,886
887,Sheila,Collins,nmorrison@example.org,5914822790,887
888,Charlene,,cynthiaherrera@example.org,3353015745,888
889,Charlotte,Olsen,Charlotte.Olsen@exemple.com,2143709791,889
890,Misty,Ferguson,tateclayton@example.com,0018406755,890
891,Scott,Randall,pjones@example.org,1726930929,891
892,Jeffery,Dominguez,ctanner@example.org,5526947594,892
893,Rodney,Harper,mooretammy@example.net,0019244495,893
894,Richard,Hayes,rebeccaortiz@example.org,9256009041,894
895,Sharon,Smith,jsellers@example.com,9953579174,895
896,Kevin,Long,jamesbrewer@example.com,,896
897,Rachel,Garcia,anthony21@example.org,,897
898,Lawrence,Andrews,rodriguezkelly@example.com,,898
899,Lisa,Calhoun,jacob24@example.org,5004036533,899
900,Mark,Brown,jenniferpayne@example.org,4667567799,900
901,Daniel,Vang,lisaburnett@example.net,9089531335,901
902,Anna,Torres,zachary82@example.net,,902
903,David,Moses,mshort@example.com,7766985735,903
904,Michael,Aguilar,alexis29@example.com,6849450988,904
905,Morgan,Ramos,robert92@example.org,0019205688,905
906,Thomas,Stephens,jpope@example.com,0018057090,906
907,Andrew,Jordan,fbenton@example.com,1689852823,907
908,Carol,,michael69@example.com,3829257608,908
909,Scott,Quinn,mwood@example.org,6847108902,909
910,Matthew,Jenkins,athomas@example.net,,910
911,Brandon,Morgan,rodriguezrhonda@example.com,8727988744,911
912,Jennifer,Conrad,christophersingleton@example.com,,912
913,Matthew,Stevens,jaychavez@example.com,3819990703,913
914,Alexandra,Gonzalez,lhuff@example.org,5789160946,914
915,Carl,Boyd,carolyndiaz@example.net,6274469060,915
916,Jasmine,Wong,promero@example.net,7327110655,916
917,Traci,,tony67@example.net,2742898667,917
918,Timothy,Campos,terry07@example.org,1346993506,918
919,Christina,Gonzalez,Christina.Gonzalez@exemple.com,4296985633,919
920,Eric,Kennedy,pamela08@example.org,8775549511,920
921,Cassandra,Grant,allenlucas@example.org,5254227009,921
922,Michael,,brightnatasha@example.org,7567301643,922
923,Stephanie,Hess,turnerstephanie@example.org,0013015069,923
924,Connie,Hansen,walkerjanice@example.org,3148786007,924
925,Heather,Jones,michelle29@example.net,5764967677,925
926,Jeffrey,Moran,hilljennifer@example.com,,926
927,Cindy,Gonzalez,itorres@example.com,0017632578,927
928,Veronica,Williams,wjones@example.com,0019428282,928
929,Charles,Grimes,fisherbrittany@example.com,5777559571,929
930,Joseph,Cook,mcintyretony@example.com,,930
931,Lisa,Mata,tracey18@example.net,8967611894,931
932,Christine,Carr,rhodesanthony@example.org,5066062146,932
933,Meghan,Moody,natalieramirez@example.net,9247347877,933
934,Debra,Ferguson,xmoore@example.net,6176416650,934
935,Jonathon,Berry,williamswilliam@example.org,2417828613,935
937,Nicholas,Rodriguez,richard44@example.com,3525485698,937
938,Margaret,Mitchell,kararobinson@example.com,9332866010,938
939,Joel,Lara,robertsjennifer@example.org,2158354375,939
940,Brian,,qramos@example.com,6529560614,940
941,David,Jackson,bmcpherson@example.net,7553779716,941
942,Sean,Bonilla,rmoore@example.org,,942
943,Richard,Wong,timothyrobertson@example.com,4845905956,943
944,Sandra,Fowler,salinasjessica@example.net,1502363971,944
945,Dawn,Williams,kathleenjohnson@example.com,4857418255,945
946,Christina,Bailey,Christina.Bailey@exemple.com,,946
947,Kristen,Lopez,alicemosley@example.net,3476802973,947
948,Angela,Thomas,ubryan@example.org,6294713974,948
949,Katelyn,,christopher44@example.net,9524412926,949
950,Nicole,Miller,kjones@example.com,6222748754,950
951,Kyle,,emiles@example.org,3184904322,951
952,Ethan,Bell,bryantorres@example.com,2308996670,952
953,David,Nguyen,David.Nguyen@exemple.com,0017827524,953
954,Daniel,Newman,emason@example.com,1712627632,954
936,Alicia,Sloan,francisgeorge@example.net,,936
955,John,Dyer,John.Dyer@exemple.com,7302135468,955
956,Courtney,Brown,matthew47@example.org,0019957530,956
957,Misty,Vazquez,sarah18@example.net,6929193611,957
958,Colin,Jones,zsanchez@example.org,4566151102,958
959,Tyler,Walker,kayla59@example.com,4384498596,959
960,James,Murray,gerald87@example.org,9742166112,960
961,Michael,Parks,daviskristin@example.com,1750492969,961
962,Tina,Owen,williamsmelinda@example.net,,962
963,Wayne,Burns,alistephanie@example.com,0015947110,963
964,Richard,Graves,pcastillo@example.com,0018315213,964
965,Angela,Bell,newtonchristopher@example.org,4569648970,965
966,Anthony,Navarro,Anthony.Navarro@exemple.com,1489850006,966
967,James,Flores,davidjoshua@example.net,4338336246,967
968,Tracy,Gonzalez,aliciareyes@example.org,1467938368,968
969,Karen,Smith,mosleypatrick@example.net,6515239343,969
970,Tiffany,Schmitt,lindahill@example.net,,970
971,Jason,Wang,campbellkristin@example.com,0012262066,971
972,Thomas,Nelson,jonroberts@example.net,2273935092,972
973,Audrey,Williams,yjackson@example.net,1531630601,973
974,Alexis,Smith,scottclark@example.com,4436711258,974
975,Wesley,Roman,lcortez@example.net,,975
976,Amy,Reyes,charlescarter@example.net,0017094389,976
977,Stephanie,Potts,efernandez@example.com,3593250570,977
978,Michael,Little,Michael.Little@exemple.com,1581733785,978
979,Elizabeth,Lloyd,melissalong@example.org,0018753556,979
980,Lisa,Beck,stephenfrederick@example.net,1373667186,980
981,Charles,Martin,william12@example.org,8515379428,981
982,Douglas,Scott,simpsondavid@example.net,0015605224,982
983,Brenda,Stanton,agordon@example.com,8273956717,983
984,Wesley,Kennedy,aguilarbrittney@example.com,4508591883,984
985,Julia,Hughes,samanthacruz@example.net,9109032245,985
986,Shannon,Thomas,lynn79@example.net,2036062360,986
987,Jeffrey,Fitzgerald,poncejohnny@example.org,3567050556,987
988,Jennifer,Carter,douglasbrady@example.com,9028072123,988
989,Jamie,Nelson,daviddominguez@example.org,2972936901,989
991,Anthony,Peterson,pharrington@example.org,4286189247,991
992,Rita,Dunn,joseph80@example.net,0019947882,992
993,Michael,Roberts,diana46@example.org,0014169378,993
994,Richard,Matthews,brenda84@example.com,7949801638,994
995,Cynthia,Foley,burgessralph@example.com,9736970157,995
996,Marcus,Contreras,emilytaylor@example.net,,996
997,Connie,Brandt,albert90@example.org,,997
998,Jennifer,Anderson,lopezsheila@example.net,6092705757,998
999,Aaron,Reed,kjackson@example.com,4734942772,999
1000,Jocelyn,Johnson,benjaminruben@example.org,5396716991,1000
1001,Andre,Garcia,christopher25@example.org,9565712702,1001
1002,Grace,Harris,Grace.Harris@exemple.com,7474520617,1002
1003,Juan,Lucero,ericksonfrank@example.net,0019722920,1003
1004,Nathan,,randy40@example.net,8113369003,1004
1005,Richard,Green,kevinoliver@example.org,8978489918,1005
1006,Juan,Delgado,lewischristopher@example.com,7765227587,1006
1007,Brian,Barry,Brian.Barry@exemple.com,7148570506,1007
1008,David,Dean,emilyharris@example.com,6512266783,1008
1009,Julie,Garcia,davidedwards@example.net,7608803765,1009
1010,Anthony,Jensen,joseph42@example.net,5129759373,1010
1011,Susan,Potter,richardblanchard@example.com,2456913718,1011
1012,Alex,,gmarshall@example.net,1301744153,1012
1013,Lauren,Frazier,juarezmichael@example.org,2072709868,1013
1014,Dakota,Bowen,goodwinamanda@example.net,0019376831,1014
1015,Stephen,Garner,Stephen.Garner@exemple.com,6467946572,1015
1016,Kelly,West,chambersheidi@example.com,1589663006,1016
1017,Richard,Anderson,jeffreyscott@example.com,4668603532,1017
1018,Maria,Cook,sonia66@example.net,3814769686,1018
1019,Christine,Gross,schwartzsean@example.net,2359657156,1019
1020,Lisa,Parker,lriley@example.org,8274218778,1020
1021,Cassandra,Castillo,mindy81@example.org,,1021
1022,Tina,Bradshaw,brownsherry@example.com,1340843496,1022
1023,Richard,Oconnell,georgeallen@example.net,7468775263,1023
1024,Craig,Moore,melissabrown@example.net,0017792967,1024
1025,William,Wheeler,npatel@example.com,0012456303,1025
1026,Meghan,Miller,joseph69@example.org,9825349889,1026
1027,Ashley,Miller,Ashley.Miller@exemple.com,3879145111,1027
1028,Alvin,Williams,lcross@example.net,4456800019,1028
1029,Hannah,Luna,huangxavier@example.net,0018526507,1029
1030,Katherine,Fisher,dtaylor@example.net,6068623331,1030
1031,Taylor,Hart,davidjohnson@example.net,8177095904,1031
1032,Amanda,Mathews,daniel71@example.org,4765303191,1032
1033,Dana,Moore,zhanson@example.net,2847760052,1033
1034,Austin,Jackson,deborahsmith@example.org,3389373956,1034
1035,Joseph,Gomez,Joseph.Gomez@exemple.com,3595685569,1035
1036,Bobby,Welch,sandradavis@example.com,9395496632,1036
1037,Stephanie,Lewis,obutler@example.org,8185669644,1037
1038,Anne,Morrison,smithmegan@example.com,1764880053,1038
1039,Shawn,Aguilar,marymiller@example.net,1502606297,1039
1040,Jennifer,Perry,efox@example.com,8867002309,1040
1041,Carlos,Barnes,sarahstewart@example.com,9858121045,1041
1042,Noah,Schmitt,tracey45@example.net,3888123664,1042
1043,Kaitlyn,Reyes,jordanscott@example.net,0019986220,1043
1044,Kelly,,knightomar@example.com,1764296636,1044
1046,Heidi,Lawrence,crichardson@example.net,8983044950,1046
1047,Michael,Tran,xbeltran@example.org,0019478945,1047
1048,Darren,,juliatorres@example.com,7297596777,1048
43,Michael,,tina59@example.org,4909267002,43
44,Christie,Moore,christopherperez@example.com,,44
1045,Stephanie,Berger,zdavis@example.com,,1045
1049,Samuel,Bradshaw,todd06@example.net,8036784055,1049
1050,Stephanie,Martin,donald07@example.org,7912167599,1050
1051,Malik,Roberts,sarah67@example.com,9663231368,1051
1052,Joseph,Mckee,gilbertamber@example.com,6282301880,1052
1053,Jamie,Williamson,olsonedgar@example.org,1274341224,1053
1054,Joseph,Tyler,hwhite@example.net,8073299012,1054
1055,Maria,Smith,jeffritter@example.net,0019087591,1055
1056,Spencer,Rivers,ymoreno@example.net,4277458692,1056
1057,Amy,Lang,ephillips@example.net,,1057
1058,Annette,Johnson,ortizandrea@example.org,2696089351,1058
1059,Eric,Johnston,robert55@example.com,2106064003,1059
1060,Marissa,Phillips,stephen16@example.com,1416654223,1060
1061,Kyle,Moreno,ann60@example.org,4607348633,1061
1062,Debra,,mayshannon@example.net,2079011915,1062
1063,Anthony,Vasquez,natalie38@example.com,1337568731,1063
1064,Sara,Clark,andre55@example.org,7679356010,1064
1065,Carlos,Scott,albertmeyers@example.org,2353119293,1065
1066,Barbara,Larsen,rparker@example.com,9916683282,1066
1067,Lance,Sawyer,seanriley@example.org,4329745121,1067
1068,Michael,Bell,pwong@example.com,0012386587,1068
1069,Bryan,,todd26@example.org,4363511137,1069
1070,Marvin,,anitapayne@example.org,8498665312,1070
1071,Miguel,Snow,Miguel.Snow@exemple.com,1664244376,1071
1072,Michelle,Riddle,pmcguire@example.org,1781722259,1072
1073,Carolyn,Jones,bmiranda@example.org,2229909744,1073
1074,Ian,Beltran,baileyandrew@example.org,8689216163,1074
1075,Brian,Christian,nicholasevans@example.org,7127489297,1075
1076,Robert,Taylor,chavezbruce@example.net,0019017185,1076
1077,Misty,Berry,tjensen@example.org,0012804942,1077
1078,Kenneth,Vasquez,stevenfowler@example.net,7522219646,1078
1079,Debra,,powersandrew@example.net,0012783330,1079
1080,Bernard,Williams,berryerin@example.org,2349627798,1080
1081,Christie,Durham,michaelgonzalez@example.net,0016552635,1081
1082,Peter,Byrd,robbinspeter@example.org,1709494521,1082
1083,Bridget,Jimenez,carlosnavarro@example.com,8864271563,1083
1084,Kenneth,Stewart,lortiz@example.org,6608773129,1084
1085,Kenneth,Scott,daniel84@example.org,6453214912,1085
1086,Antonio,Martin,Antonio.Martin@exemple.com,6452559185,1086
1087,Dillon,Cabrera,tina21@example.org,6153623999,1087
1088,Marie,Wilson,zyoung@example.net,0019462196,1088
1089,Vicki,Kim,yolanda79@example.net,5119747056,1089
1090,Timothy,Chan,smyers@example.com,4472061225,1090
1091,Catherine,Price,irichardson@example.org,3697597342,1091
1092,Matthew,Thomas,curtis31@example.net,7157393205,1092
1093,Bradley,Blankenship,reedkenneth@example.net,4444804970,1093
1094,Angela,Mercer,emilygarza@example.com,0019718038,1094
1095,Latasha,Greene,gjames@example.org,1501790709,1095
1096,Amanda,Lin,samuelgibson@example.com,7003035965,1096
1097,Kathy,Jackson,michaelwu@example.com,5625618723,1097
1098,Kimberly,Mcconnell,Kimberly.Mcconnell@exemple.com,2214358409,1098
1099,Ashley,Ramirez,pfleming@example.com,0013905995,1099
1100,Karen,Hill,Karen.Hill@exemple.com,2103120536,1100
1101,Matthew,Melendez,kimberly89@example.com,7066539034,1101
1102,John,Horton,jeffreybrown@example.org,2117245136,1102
1103,Heather,Rodriguez,tsmith@example.net,1678682807,1103
1104,Angela,Hernandez,brittany26@example.org,2434724794,1104
1105,Eric,Alexander,Eric.Alexander@exemple.com,2724751402,1105
1106,Jason,Wolfe,erika22@example.net,7286313562,1106
1107,Chad,Brown,darrensmith@example.com,1398947011,1107
1108,Benjamin,Robinson,murphymark@example.com,2629062493,1108
1109,Edwin,Pena,bonnie42@example.net,,1109
1110,James,Cannon,matthew85@example.org,,1110
1111,Kelly,Wise,tclark@example.com,1984427905,1111
1112,Jeffrey,Torres,braunjoshua@example.net,6252678075,1112
1113,Dennis,Kelley,charlotte04@example.org,6519533937,1113
1114,Marisa,Maldonado,ellen08@example.net,0012406699,1114
1115,Andrew,Welch,alexander20@example.net,8194892823,1115
1116,Jeffrey,Davis,dakotadiaz@example.org,1255620248,1116
1117,Eric,Joseph,mdavis@example.com,1537778276,1117
1118,Tara,Boyd,alexandergarcia@example.com,3245034925,1118
1119,Cindy,Perry,joshua24@example.org,2815278326,1119
1120,Hayley,Smith,ghoover@example.org,7792449006,1120
1121,Tim,Smith,michelle27@example.net,0012183421,1121
1123,Molly,Welch,wesleymurphy@example.com,8052191956,1123
1124,Melissa,,grahamsuzanne@example.org,8305750270,1124
1125,Laura,Jensen,Laura.Jensen@exemple.com,5993824693,1125
1126,Shannon,Rogers,denisegonzalez@example.com,2319170690,1126
1127,James,Smith,conniemartinez@example.com,9319637511,1127
1128,Katherine,Smith,christophermorrison@example.net,9509428560,1128
1129,Michelle,Ross,kelsey40@example.com,1996355406,1129
1130,Stephanie,Burgess,mejiaamy@example.org,1930542688,1130
1131,Thomas,Garner,williamsamanda@example.net,5698697442,1131
1132,Benjamin,Ward,saramoore@example.org,5636963737,1132
1133,April,Banks,bmiller@example.org,8382946814,1133
1134,Karen,Clark,daviscarolyn@example.net,,1134
1135,Rebecca,Lane,pgonzalez@example.net,3164465401,1135
1136,Jessica,Macias,Jessica.Macias@exemple.com,7604481175,1136
1137,Russell,Proctor,harrellbarbara@example.org,6904154344,1137
1122,Carol,Meyers,derekmann@example.com,,1122
1987,Lori,Lewis,oliviaburke@example.org,,1138
1138,Brian,Graham,karencooley@example.net,2254158718,1139
1139,Matthew,Rivera,nanderson@example.net,9734263499,1140
1140,Robert,Oconnor,tinahood@example.net,0018954325,1141
1141,Lindsay,Bennett,hutchinsonmark@example.net,3529397136,1142
1142,Kayla,,kathleenhoward@example.net,4373852704,1143
1143,Patrick,Moore,jwhite@example.com,3075884016,1144
1145,John,Harding,robinsonsamuel@example.com,1659243119,1146
1146,Marco,Donovan,joseph04@example.org,3937076431,1147
1147,Jacob,Griffin,laracharles@example.org,7279969480,1148
1148,Lori,Mckinney,paul14@example.net,6356482651,1149
1149,Neil,Hicks,paulamanda@example.com,5388360769,1150
1150,David,Wang,tracyhoward@example.org,0019813736,1151
1151,Sarah,Larson,Sarah.Larson@exemple.com,3528316857,1152
1152,Lisa,Cardenas,susan82@example.org,7202701016,1153
1153,Lisa,Meza,jameschandler@example.org,6003845213,1154
1154,Jonathan,Parker,yjohnson@example.org,,1155
1155,Rebekah,Wells,rachelyoung@example.net,7117592663,1156
1156,James,Richards,alyssa71@example.org,9187299259,1157
1157,Linda,Fernandez,Linda.Fernandez@exemple.com,1766690280,1158
1158,Craig,Anderson,glenn02@example.net,0019023640,1159
1159,Alyssa,Walker,nicholas44@example.com,1434890981,1160
1160,Robert,Smith,ingramerika@example.org,1597327029,1161
1161,Brian,Burns,wstephens@example.org,1721384047,1162
1162,David,Hopkins,smithalyssa@example.net,7646887441,1163
1163,Mary,Hester,darren54@example.com,1694319114,1164
1164,Steve,Nolan,willie26@example.org,,1165
1165,David,Orozco,peter99@example.com,3626387276,1166
1166,Anthony,Thomas,mdawson@example.com,,1167
1167,Jeremy,Moody,zavalajohn@example.net,8719833648,1168
1168,Stacey,,karinaatkins@example.com,9678402812,1169
1169,Brianna,Russell,leslie42@example.com,5179236920,1170
1170,Roger,Lamb,terri80@example.org,4069159642,1171
1171,Brian,Hernandez,darlenehayden@example.net,0012092954,1172
1172,Steve,Smith,corey93@example.net,0012228683,1173
1173,Katherine,Mcdaniel,Katherine.Mcdaniel@exemple.com,5047005809,1174
1174,Michael,Best,bridget94@example.net,4915389163,1175
1175,Kenneth,Glass,miaespinoza@example.net,9579189092,1176
1176,Robert,Rivera,ypark@example.com,,1177
1177,Ryan,Young,fruiz@example.com,6918984854,1178
1178,Matthew,Barnes,cassidy88@example.com,4126093859,1179
1179,Bradley,Bridges,jstein@example.net,6792440267,1180
1180,Margaret,Valenzuela,tara57@example.org,1912793583,1181
1181,Stephanie,Alexander,robin90@example.net,0015789470,1182
1182,Kevin,Barton,Kevin.Barton@exemple.com,2148405025,1183
1183,Allison,Harris,riveradiana@example.com,4338825133,1184
1184,Nicole,Smith,bryanrussell@example.org,9836826838,1185
1185,Thomas,Green,oprice@example.net,0017408165,1186
1186,Kevin,Carter,nataliesmith@example.net,5669066866,1187
1187,Michele,Lowery,tjones@example.org,1601929782,1188
1188,Jennifer,Townsend,iclark@example.org,5117706622,1189
1189,Cody,Martinez,stacie95@example.com,2662645476,1190
1190,Andrea,Zuniga,meaganallison@example.org,,1191
1191,Kevin,Duncan,emmaruiz@example.org,8147658611,1192
1192,Sandra,Thompson,upatterson@example.com,9204865335,1193
1193,Melissa,Williams,michellebrown@example.net,1436714785,1194
1194,Brian,Bishop,sjackson@example.com,5129685841,1195
1195,Tyler,Wolf,james60@example.org,8486855986,1196
1196,John,Eaton,paul89@example.net,8513884962,1197
1197,Jamie,Perez,calebmills@example.net,4933110955,1198
1198,Wendy,Hughes,lawrence54@example.com,7305727809,1199
1199,Michael,Stewart,thomascooke@example.com,1517835589,1200
1200,Laura,Reynolds,betty33@example.com,5677126471,1201
1201,Kelly,Herrera,joseph48@example.com,9096482454,1202
1202,Elizabeth,Welch,kimberlylopez@example.net,1787393772,1203
1203,Brianna,Smith,gflores@example.org,0018904609,1204
1204,Brandon,Dunn,holly12@example.org,4087679187,1205
1205,Justin,Stevens,victoria70@example.org,3078978112,1206
1206,Joseph,Ryan,chenson@example.org,7666937814,1207
1207,Steven,Adams,wperez@example.com,7076278981,1208
1208,Tracy,Shields,qbryant@example.org,1350603763,1209
1209,Michael,,ubrewer@example.org,6799907168,1210
1210,John,Hooper,eric29@example.org,0017053534,1211
1211,Daisy,Bates,allenkelly@example.org,9523687201,1212
1212,Robin,Pearson,echurch@example.org,2625058920,1213
1213,John,,jessica37@example.com,4214709407,1214
1214,Katelyn,Thomas,newtonamber@example.com,0015468368,1215
1215,Samuel,Pierce,wilsonthomas@example.org,2339947862,1216
1216,John,Smith,williamlester@example.net,0015265744,1217
1217,Lisa,Mejia,sean62@example.org,8949923356,1218
1218,Sherri,Jones,gwilliams@example.org,3913398221,1219
1219,Angela,Coleman,Angela.Coleman@exemple.com,1274612429,1220
1220,Sarah,Page,paulmurphy@example.net,8512370218,1221
1221,Jessica,Robinson,jburke@example.com,0015934464,1222
1222,Peggy,Woods,andrew99@example.com,1789727701,1223
1223,Natasha,Bryant,joseph86@example.net,0017572361,1224
1224,Mario,Rodriguez,nhamilton@example.com,0019335741,1225
1225,Samantha,Hunt,mary95@example.com,3047320828,1226
1226,Lisa,Holden,yarellano@example.org,0016665424,1227
1227,Alexandra,Li,donnamartin@example.net,0018737897,1228
1228,Jason,Hurst,garciajennifer@example.org,4998148152,1229
1229,Sandra,Brown,charles31@example.net,,1230
1230,Carrie,Galloway,wrightdennis@example.com,4146269135,1231
101,Tracey,Navarro,jlee@example.com,7948243007,101
1231,Angela,Lopez,anita42@example.org,7368372158,1232
1232,Angelica,Chan,wangkristi@example.net,9812320418,1233
1233,Melissa,Hansen,Melissa.Hansen@exemple.com,8792499529,1234
1234,Alan,Dougherty,robert07@example.net,0013669170,1235
1235,Jennifer,Fernandez,bmoss@example.net,7455762955,1236
1236,Michael,Thompson,brendalopez@example.org,5898015246,1237
1237,Christopher,Williamson,katherine64@example.net,6576010527,1238
1238,Aaron,Wilson,Aaron.Wilson@exemple.com,8939837452,1239
1239,Larry,Green,vhuff@example.com,3088167699,1240
1240,Peter,Cole,kevin18@example.org,0014885914,1241
1241,Jeremy,Wells,ygay@example.com,3243832162,1242
1242,Travis,Wright,marklarson@example.net,3888484306,1243
1243,David,Holland,smithpatricia@example.net,5375127023,1244
1244,Leslie,Grimes,gthompson@example.org,,1245
1245,Erin,Wood,ochoamichael@example.org,0019282861,1246
1246,Aaron,Colon,hortonnicholas@example.org,6166367000,1247
1247,Susan,Weber,Susan.Weber@exemple.com,,1248
1248,Stephanie,Boyd,villanuevajoshua@example.org,0015214761,1249
1249,Thomas,Payne,kenneth74@example.net,7577904909,1250
1250,Michael,Morrow,whiteheadtheresa@example.com,6303938750,1251
1251,Jessica,Gomez,uberg@example.com,1923918345,1252
1252,Todd,Hoffman,dawsonrobert@example.net,7518992543,1253
1253,Caitlyn,White,Caitlyn.White@exemple.com,8924775095,1254
1254,Gary,Herring,lbecker@example.com,9729982138,1255
1255,Samuel,Montoya,martinezjames@example.org,3936571759,1256
1256,James,Fry,James.Fry@exemple.com,6294503744,1257
1257,Gabriel,Harrison,charlotte50@example.org,2726441002,1258
1258,Susan,Lopez,cjones@example.net,6022338726,1259
1259,Logan,,emily10@example.net,7877698924,1260
1260,David,Morris,joshuagomez@example.net,4766149809,1261
1261,Janice,Hall,jaclyn91@example.org,1594838584,1262
1262,Michael,Hernandez,christophermurray@example.org,9654585022,1263
1263,Michael,Ramos,kristina40@example.org,8919975791,1264
1264,John,Johnson,dustinsmith@example.net,1947637291,1265
1265,Austin,Patrick,brittanycooley@example.net,9718263670,1266
1266,Ashley,Smith,bshaw@example.net,4588606405,1267
1267,Carol,Garcia,russell65@example.org,0016443325,1268
1268,James,,taragalloway@example.org,4285907081,1269
1269,Amber,Smith,twalter@example.net,5817062189,1270
1270,Michelle,Jacobs,matthew51@example.org,7802257025,1271
1271,Philip,Harmon,sandra31@example.org,6486839780,1272
1272,Ricky,Huynh,austin90@example.org,5572320506,1273
1273,James,Shah,caldwellsummer@example.org,2404265019,1274
1274,Douglas,Fernandez,rsmith@example.com,8298931150,1275
1275,Benjamin,Mills,suzannechandler@example.com,0016207757,1276
1276,Courtney,,ogay@example.net,1462614587,1277
1277,Joyce,Johnston,diane21@example.org,9217824514,1278
1278,Ronald,Graham,beverlywilliams@example.net,4539088729,1279
1279,Carla,Young,john31@example.com,3258441783,1280
1280,Michelle,Dennis,richard43@example.net,4154191397,1281
1281,Christopher,Ramirez,bradyrachel@example.org,1279392327,1282
1282,Renee,Anderson,Renee.Anderson@exemple.com,5305842118,1283
1283,John,Graham,brandy67@example.com,4862981264,1284
1284,Amy,Nelson,matthewmason@example.com,8562540043,1285
1285,Dawn,Martin,ochavez@example.com,6299174848,1286
1286,Jose,Wilson,william67@example.com,2086664031,1287
1287,Wanda,Garcia,richmondchristine@example.org,9002343097,1288
1288,Monica,Rios,andrew17@example.net,0015813546,1289
1289,Tara,Greer,Tara.Greer@exemple.com,,1290
1291,Thomas,Miller,teresamullen@example.com,5429043346,1292
1292,Gilbert,Rodgers,bakercurtis@example.com,6314803913,1293
1293,Alexandra,Baird,montgomerydarren@example.org,0017389103,1294
1294,Mario,Davis,morsetravis@example.com,0015884042,1295
1295,Robin,Blackburn,jbarnes@example.org,7532625759,1296
1296,Paul,Thomas,hillkeith@example.net,4709867770,1297
1297,Bryan,Phillips,johnjackson@example.com,0013738720,1298
1298,Shannon,Smith,jameswalls@example.net,7083414394,1299
1299,Richard,Dodson,leslie03@example.org,7664444928,1300
1300,Anna,Ortiz,morrisjennifer@example.com,6865418544,1301
1301,Christopher,Miranda,michaelsoto@example.net,8379017006,1302
1302,Angela,Mason,Angela.Mason@exemple.com,9799399528,1303
1303,Tammy,,mirandaperry@example.net,5336516457,1304
1304,Robert,Waller,vellis@example.net,0018285305,1305
1305,Patrick,,shaungibson@example.com,7116906329,1306
1306,Rebecca,Sandoval,gary93@example.com,2098575732,1307
1307,Shelby,Miranda,meganthomas@example.com,2494291318,1308
1308,Brenda,Hernandez,deborah41@example.org,3208864735,1309
1309,Keith,Diaz,cfuller@example.net,9984855711,1310
1310,Molly,Gonzales,fjones@example.net,6792305380,1311
1311,Philip,Mayer,rowedana@example.org,3794157434,1312
1312,Jessica,Ross,qwilson@example.com,5463989162,1313
1313,Susan,Jones,lcannon@example.com,,1314
1314,Melanie,Montgomery,ssnow@example.net,6785388413,1315
1315,Ashley,Harris,karl84@example.net,4533008038,1316
1316,Michael,Dennis,vlucas@example.com,6347178385,1317
1317,Patrick,Burns,christopher87@example.org,5412710082,1318
1318,James,Mccullough,devontaylor@example.org,,1319
1319,Brian,,zjones@example.org,0012322147,1320
1320,Sara,Stephens,Sara.Stephens@exemple.com,3615583088,1321
1321,Robert,,emanning@example.org,9954405311,1322
1322,Eric,Richardson,joshua45@example.com,0013534298,1323
1323,Joshua,,sandersmaurice@example.org,2614946267,1324
85,William,,sullivanlance@example.org,2652361486,85
1324,Francisco,Lewis,wlopez@example.com,9367237531,1325
1325,Bobby,Ramos,randallrobinson@example.org,3752604297,1326
1326,James,Rodriguez,snolan@example.com,0018518207,1327
1327,James,Ortiz,haleysolis@example.com,1278892238,1328
1328,Elizabeth,Spears,amorris@example.net,6943244874,1329
1329,Mary,Mcneil,debrapope@example.org,2083945463,1330
1330,Crystal,Keith,fharris@example.net,5827201515,1331
1331,Kathleen,Sloan,wilsonjudy@example.com,1686222025,1332
1332,Andrew,Munoz,courtneymadden@example.org,3514313507,1333
1333,Isabella,Gates,Isabella.Gates@exemple.com,4914801669,1334
1334,Cassandra,Brennan,haleywhite@example.org,7382143175,1335
1335,Richard,Coleman,michaelgarza@example.net,0015185479,1336
1336,Elaine,Lee,jennifer72@example.net,5099004364,1337
1337,Nicholas,Kramer,benjamin01@example.com,,1338
1338,Richard,Perkins,amyers@example.net,6604546641,1339
1340,Joshua,Aguirre,daviddavis@example.org,8133969438,1341
1341,Annette,Robbins,burtonfrank@example.org,3352317068,1342
1342,Gregory,Johnson,guerrerojennifer@example.org,3925226280,1343
1343,James,Fletcher,pedrohutchinson@example.com,7777249451,1344
1344,Michael,Olson,mrodriguez@example.net,6547348261,1345
1345,Bradley,Phillips,Bradley.Phillips@exemple.com,3113368481,1346
1346,Justin,Stewart,hayspatrick@example.com,6094278007,1347
1347,Paul,Massey,john87@example.org,0017018496,1348
1348,Jesus,West,hartdavid@example.com,9483490981,1349
1349,Michael,Mitchell,rodriguezdavid@example.org,0016908801,1350
1350,Ethan,Henderson,parkerkaitlin@example.org,9606279230,1351
1351,Cheryl,Anderson,laradeborah@example.net,0018854729,1352
1352,Kevin,Thomas,jorgefranco@example.org,7495551290,1353
1353,Christopher,Carter,mitchell81@example.net,4647836883,1354
1354,Roberto,Green,davidlopez@example.org,0015676602,1355
1355,Gina,Sanders,ereed@example.net,9357790766,1356
1356,Alexandria,Saunders,eyoung@example.net,4195110742,1357
1357,Patrick,Clark,mvega@example.org,8585434846,1358
1358,Chad,,anthonyhowell@example.net,8504536695,1359
1359,Kathryn,Diaz,michelecontreras@example.com,,1360
1360,Gerald,Patrick,luis13@example.net,,1361
1361,Steven,Jefferson,jillianwolfe@example.com,2655774869,1362
1362,Tammy,Summers,rasmussenkaren@example.org,5592813366,1363
1363,Laura,Morgan,nicole93@example.com,1679735277,1364
1364,Danielle,Jordan,rhonda09@example.net,2012383546,1365
1365,Monica,Murray,michael45@example.com,,1366
1366,Nicholas,Bates,herrerakurt@example.com,0013383031,1367
1367,Tara,Scott,Tara.Scott@exemple.com,0019787534,1368
1368,Samuel,,twebb@example.net,7657524148,1369
1369,Sandra,Monroe,amberwilliams@example.com,1821375860,1370
1370,Chase,Stevens,wgaines@example.com,0014756281,1371
1371,Michelle,,hernandezdavid@example.org,6784065964,1372
1372,Michelle,Floyd,cassandra62@example.org,6607146409,1373
1373,Jacob,Garrison,joshua40@example.org,0013344324,1374
1374,Keith,Howell,beststeven@example.org,6438305308,1375
1375,Sarah,Howell,chavezdaniel@example.com,1490455720,1376
1376,William,,lhernandez@example.org,2145248432,1377
1377,Leslie,Bates,ypaul@example.com,3505443811,1378
1378,Jennifer,Ponce,tammie70@example.com,8854594139,1379
1379,Frank,Nguyen,smithdaniel@example.net,4304029867,1380
1380,Gregory,Campbell,rodriguezcatherine@example.com,9765102230,1381
1381,David,Young,molinacarl@example.org,,1382
1382,Thomas,Boyd,Thomas.Boyd@exemple.com,1757989865,1383
1383,Thomas,Wilkins,garciakristy@example.com,7695735902,1384
1384,Emily,Shaw,ashleyperez@example.org,0014024794,1385
1385,Brittany,,ericho@example.com,6824631998,1386
1386,David,Robinson,andrewmaynard@example.net,6173197010,1387
1387,Amy,,paul52@example.net,4064364069,1388
1388,Dana,Richmond,sarahporter@example.com,3575380497,1389
1389,Mark,Poole,jonathanmiller@example.com,2729721364,1390
1390,Veronica,Padilla,brockstacey@example.org,7233062995,1391
1391,Carol,Tucker,wshelton@example.org,6854187683,1392
1392,Keith,Johnson,robert04@example.net,4203857788,1393
1393,Brett,Sullivan,benjaminstuart@example.net,6725100826,1394
1394,Randy,Ortiz,xnguyen@example.net,1939768204,1395
1395,Erica,Kim,Erica.Kim@exemple.com,1424445175,1396
1396,James,Green,amyjohnson@example.org,6539955087,1397
1397,Steven,Chambers,jimbrandt@example.org,7735538326,1398
1398,Donald,Brooks,gdelgado@example.org,6568239460,1399
1399,Richard,Williams,mrich@example.net,,1400
1400,David,Miller,ustone@example.com,8607651781,1401
1401,Stephanie,Smith,rhonda47@example.com,6009823348,1402
1402,Amy,Gordon,othomas@example.org,0016485011,1403
1403,Tony,Miller,nashrebecca@example.org,,1404
1404,Jeffrey,Mercado,hollowaychristina@example.org,6513621937,1405
1405,Bryan,Gutierrez,andrewbryan@example.net,0018136187,1406
1406,Yolanda,Turner,amandacampbell@example.com,3188173350,1407
1407,Ronnie,Perez,williamcampbell@example.net,3962491400,1408
1408,Leah,Scott,paulscott@example.com,3615395762,1409
1409,Robert,Mitchell,larsonandrea@example.org,6836548893,1410
1410,Jamie,Smith,justin00@example.com,8258059666,1411
1411,Rachel,Powers,kclark@example.com,0014149382,1412
1412,Joel,Collins,tiffanyaguilar@example.net,1308584621,1413
1413,Jennifer,Clark,jennifer01@example.org,6042485690,1414
1414,Lisa,Jones,sarablair@example.net,9848142981,1415
1415,John,Joseph,taylorspencer@example.org,5976197400,1416
1416,Kelly,Smith,pauloneill@example.net,7619781481,1417
86,Jessica,Smith,Jessica.Smith@exemple.com,0014742972,86
1417,Thomas,Schultz,taustin@example.com,,1418
1418,Kathryn,Baker,erikashelton@example.org,0016622789,1419
1419,Joseph,Smith,martinstephanie@example.org,6187772346,1420
1420,Angel,Morse,malloryweaver@example.com,3695373069,1421
1421,Louis,,henry77@example.org,2805343880,1422
1422,Joan,Graham,orrchristina@example.net,6146791559,1423
1423,Margaret,Palmer,bhernandez@example.org,1972612961,1424
1424,Antonio,Johnson,angelnelson@example.com,2333419597,1425
1425,Andrew,Navarro,masonbarbara@example.net,6657358437,1426
1426,Johnathan,Smith,taylorlucas@example.net,4029585494,1427
1427,Brian,Schmidt,hernandezsheila@example.com,2228692654,1428
1428,Ryan,Wright,ericahall@example.com,0014008785,1429
1430,Rita,Ortega,cserrano@example.com,7239738473,1431
1431,Travis,Acosta,michael75@example.net,5515690658,1432
1432,Jennifer,Bean,mark01@example.com,6116227111,1433
1433,Joseph,Mckay,brittneymullen@example.com,3359733668,1434
1434,David,,avilaelizabeth@example.com,1444973693,1435
1435,Jeremy,Delgado,jmcbride@example.net,4315867312,1436
1436,Angela,Bass,tfields@example.org,,1437
1437,Brittany,Miller,stephanie96@example.net,,1438
1438,Jennifer,Kim,bentleylinda@example.net,0018792517,1439
1439,Patty,Russell,dramos@example.com,0013208269,1440
1440,Dawn,Morales,huffmanbrandon@example.net,1474881049,1441
1441,Cameron,Moore,obecker@example.org,1661840315,1442
1442,Veronica,Navarro,Veronica.Navarro@exemple.com,1211213779,1443
1443,Suzanne,Montgomery,leedakota@example.org,8375910542,1444
1444,Jared,Wells,kirsten95@example.net,2663421752,1445
1445,Travis,Lynch,smithkeith@example.org,0016269079,1446
1446,Adam,Baker,christina18@example.com,0018899227,1447
1447,Ashley,Cordova,fclark@example.net,7416416118,1448
1448,Virginia,Espinoza,chandawn@example.com,4047001544,1449
1449,John,Newman,joshuadavis@example.com,4279339645,1450
1450,Carla,Blair,taylor64@example.net,3385775639,1451
1451,Christine,,zwilliams@example.net,8463831789,1452
1452,Victoria,Fitzgerald,bennettryan@example.org,,1453
1453,Michael,Mueller,bsellers@example.com,1237891799,1454
1454,Carol,,qgreen@example.net,2213809586,1455
1455,Michael,Pitts,Michael.Pitts@exemple.com,1542939227,1456
1456,Erica,Villanueva,chamberssean@example.com,0015569414,1457
1457,Katelyn,Russell,christopherdennis@example.net,4888892049,1458
1458,Amber,Barrett,brentmorales@example.net,1564841026,1459
1459,Jessica,Thompson,sherrysanchez@example.org,1274802938,1460
1460,Kevin,Mclean,bryan19@example.org,3779463758,1461
1461,Troy,Mitchell,grantscott@example.org,3545824020,1462
1462,Whitney,Miller,gatesjoshua@example.org,9932646641,1463
1463,Sarah,Hernandez,paula35@example.net,0017423124,1464
1464,Sarah,Gonzalez,robertpalmer@example.org,,1465
1465,Caroline,,josephyvette@example.com,0015465932,1466
1466,Anthony,Edwards,oscar87@example.net,1353959499,1467
1467,Leslie,Ross,vburns@example.org,2382730112,1468
1468,Joshua,Guerra,crystal69@example.net,1608718094,1469
1469,Matthew,Harmon,vtaylor@example.com,9934360273,1470
1470,Andrew,Flores,ncarpenter@example.org,3196168205,1471
1471,Adam,Walsh,Adam.Walsh@exemple.com,5062882753,1472
1472,Ashley,,wflores@example.com,7623515339,1473
1473,Albert,Martinez,combschristopher@example.com,0016619055,1474
1474,Andrew,Lyons,tdowns@example.org,0015556603,1475
1475,Brandon,Wright,stephen47@example.net,1629440618,1476
1476,Katie,,igrimes@example.org,0017796744,1477
1477,Lee,Simmons,devin41@example.com,0017503191,1478
1478,Travis,Burton,diazkathleen@example.org,9203582165,1479
1479,Brittany,Gray,Brittany.Gray@exemple.com,2079338291,1480
1480,Danielle,Rangel,pmiller@example.net,0013194950,1481
1482,Robin,Gilmore,rhonda83@example.net,5362125193,1483
1483,Jessica,Johnson,icarlson@example.org,2836732599,1484
1484,Tara,Garcia,james74@example.net,,1485
1485,Beverly,,palmeramanda@example.com,3814970580,1486
1486,Matthew,Johnson,victoriarivera@example.com,6328667122,1487
1487,Brett,Sanchez,isabellaowens@example.org,0012579243,1488
1488,David,Bonilla,ruben99@example.com,6939629690,1489
1489,Andrea,,rachael13@example.com,8476952393,1490
1490,Kathy,Shaw,gordonmacias@example.com,8937421223,1491
1491,Carlos,Pratt,mark99@example.org,5087890327,1492
1492,Diane,Mclaughlin,beth64@example.com,0019306848,1493
1493,Julie,Hall,shickman@example.org,4889397857,1494
1494,Ann,Stewart,wilsonstephen@example.org,3877159140,1495
1495,Cindy,Wright,lfrench@example.org,2467553174,1496
1496,Corey,Perez,duncanshelby@example.net,9816937916,1497
1497,Jessica,Brown,stevenhayes@example.org,0015827610,1498
1498,Amber,Lopez,Amber.Lopez@exemple.com,2308469678,1499
1499,Elizabeth,Ferguson,floresalexandra@example.org,4763138881,1500
1500,Robert,,hansenmargaret@example.com,7266396382,1501
1501,Lindsay,Gates,Lindsay.Gates@exemple.com,1734915653,1502
1502,Jessica,Shepherd,millerchristopher@example.com,0016596863,1503
1503,Roger,Mccoy,currymarcus@example.org,4876250923,1504
1504,Renee,Smith,qprince@example.org,1903797092,1505
1505,Brian,White,ramirezmary@example.com,3754767264,1506
1506,Natalie,Morris,ghughes@example.net,,1507
1507,Margaret,Thomas,judyferguson@example.com,7448462060,1508
1508,Cynthia,Williams,stephaniefloyd@example.org,0016629875,1509
1509,Darrell,Davis,charleshorton@example.com,1399877116,1510
1510,Joe,Knight,brian41@example.com,1989667805,1511
1511,Dominique,Park,christopherburnett@example.net,,1512
1512,James,Moon,kingadam@example.org,5692625813,1513
1513,Melissa,Lewis,Melissa.Lewis@exemple.com,6969913045,1514
1514,Brittany,,larsentony@example.net,5166262836,1515
1515,Shelley,Irwin,william58@example.com,7155370671,1516
1516,Suzanne,Rogers,bonderic@example.net,,1517
1517,Philip,,troy11@example.net,0012909404,1518
1518,Tyler,Jimenez,diane76@example.org,7604196515,1519
1519,Tyler,Donovan,ramirezchristian@example.org,9964171945,1520
1520,Stephen,Ramirez,christopher70@example.org,0016226434,1521
1521,Kimberly,Lee,mcdowelldanielle@example.net,8158929268,1522
1522,Richard,Johnson,sarawilliams@example.org,1718800296,1523
1523,Jose,Allison,bdavidson@example.com,6064249853,1524
1524,Christina,Collins,robyn00@example.com,1533939007,1525
1525,Donna,Oconnell,danafranco@example.com,8012433514,1526
1526,Gregory,Mercado,vsloan@example.org,6524931197,1527
1527,Joyce,Allen,uwong@example.org,8932134969,1528
1528,Kimberly,Carroll,mariagross@example.org,9703343307,1529
1529,Caitlin,Wood,parrishphilip@example.org,6588854921,1530
1530,Jeanne,Moss,johnsonkimberly@example.com,8628165313,1531
1531,Lindsey,Brewer,hayesjennifer@example.org,7968057967,1532
1532,Timothy,Guerra,hcarter@example.com,2289459843,1533
1533,Jonathan,Taylor,justin78@example.net,7892538123,1534
1534,Paula,Wade,obruce@example.com,,1535
1535,Ashley,Thompson,gmurray@example.org,0018898266,1536
1536,Lisa,Nelson,ohardy@example.org,3312595363,1537
1537,Mary,Anderson,Mary.Anderson@exemple.com,8585835387,1538
1538,Christopher,Morales,carlos93@example.net,0019753936,1539
1539,Paul,Patterson,jbyrd@example.org,0014763399,1540
1540,Nicholas,Brooks,jeremycox@example.org,9239724578,1541
1541,Tyler,Hill,allentoni@example.net,1353878580,1542
1542,Kevin,Jenkins,cameron62@example.org,6809079063,1543
1543,Christina,Robinson,jamieshelton@example.net,4155286057,1544
1544,Cheryl,Ramirez,kimberlyclark@example.com,,1545
1545,Hailey,,joshua05@example.net,2533051683,1546
1546,Cody,Murray,billbean@example.net,5662687825,1547
1547,Taylor,Collier,timothybenton@example.org,5268038797,1548
1548,Nicholas,Vang,Nicholas.Vang@exemple.com,6959627251,1549
1549,Jill,Carey,eddie90@example.com,,1550
1550,Mark,Smith,rayheidi@example.org,3173534107,1551
1551,Tyler,Smith,Tyler.Smith@exemple.com,6763413434,1552
1552,Robert,Sanders,charlesholmes@example.net,9816472716,1553
1553,Karina,Avila,ygreene@example.net,0014012337,1554
1554,Melissa,Price,mcguireshawn@example.net,3492876708,1555
1555,Regina,Lowe,Regina.Lowe@exemple.com,7986466222,1556
1556,Wanda,Wells,twatts@example.com,2768736564,1557
1557,Matthew,Moore,julie65@example.com,6367327806,1558
1558,John,Vega,matthew10@example.com,2476228837,1559
1559,Brittany,Robles,kristiedaniels@example.com,0018283614,1560
1560,Melinda,,burketammy@example.net,4982831663,1561
1561,Christopher,Ramirez,wturner@example.org,6938172192,1562
1562,Jorge,Ortiz,martinpatrick@example.org,7458397898,1563
1563,Michael,Vasquez,Michael.Vasquez@exemple.com,6167034757,1564
1564,Christine,Hess,matthew28@example.org,0015757658,1565
1565,Donna,Alexander,gespinoza@example.com,,1566
1566,Alexis,Lewis,michaelsavage@example.net,7258358159,1567
1567,Tanya,Hernandez,nmason@example.org,0013519896,1568
1568,Benjamin,,gsmith@example.com,7486393643,1569
1569,Christopher,Olson,ejohnson@example.com,,1570
1570,Johnathan,Dudley,joseph21@example.com,7238211210,1571
1571,Courtney,,bwilliams@example.org,8322881168,1572
1572,Michele,Aguilar,stevenblack@example.org,0019705051,1573
1573,Tracey,Hill,farmermackenzie@example.org,8508343059,1574
1574,Jean,Harris,Jean.Harris@exemple.com,0019974728,1575
1575,Diana,Alvarez,Diana.Alvarez@exemple.com,7577238892,1576
1576,Donna,Williams,rmyers@example.org,1322250896,1577
1577,Julie,,patricia14@example.net,,1578
1578,Molly,Hensley,awilson@example.org,1944496291,1579
1579,Jonathan,Howard,rodrigueztanya@example.com,,1580
1580,Aaron,Jones,samanthascott@example.org,5744101203,1581
1581,Keith,Brown,robert47@example.com,4828142872,1582
1582,Sharon,Olson,dgarrison@example.net,1587211745,1583
1583,Jacob,Spencer,gkeller@example.org,1819844275,1584
1584,Felicia,Garcia,Felicia.Garcia@exemple.com,6364157822,1585
1585,Angela,Davis,gsmith@example.com,3062745905,1586
1586,Bradley,Holmes,kennedybridget@example.org,0017226756,1587
1587,William,Price,baileyscott@example.net,1432723191,1588
1588,William,Phillips,danielpennington@example.com,1849908052,1589
1589,Gordon,Robles,fcole@example.net,8772062802,1590
1590,Jeffrey,,ashleycooper@example.com,2387895684,1591
1591,Laurie,Craig,elizabethwhite@example.net,0012864779,1592
1592,Tammy,Small,gordonmarcus@example.org,6677276127,1593
1593,Randy,Sanders,yvelez@example.net,5088010748,1594
1594,Devon,Hays,sheri76@example.org,5663727304,1595
1595,Cynthia,Watson,zbrown@example.org,1620814272,1596
1596,John,Jackson,fchavez@example.com,3798074976,1597
1597,Michael,Ford,jmoore@example.com,4945010509,1598
1598,Elizabeth,Taylor,bailey73@example.org,7595996343,1599
1599,Brittany,Murray,jamie10@example.net,7724316334,1600
1600,Joseph,Barnett,morgankimberly@example.org,0016999070,1601
1601,Michael,Bailey,schaeferdonna@example.com,1392756107,1602
1602,Dennis,Walker,dwayne03@example.com,1595908471,1603
1603,Danielle,Herman,pachecoangela@example.org,1910986530,1604
1604,Henry,Sharp,antonio22@example.net,5422953117,1605
1605,Steven,Knox,hlittle@example.net,8646829894,1606
1606,Donald,Wallace,ybrown@example.com,0013482587,1607
1607,Terri,Garcia,danielpham@example.net,2573757034,1608
1608,Monique,Mccoy,davidramirez@example.com,1482215541,1609
1609,Peter,Harris,david42@example.net,1350774379,1610
1610,Emily,Thompson,vperkins@example.org,8083826577,1611
1611,Elizabeth,Walton,amartinez@example.com,0018318280,1612
1612,Amanda,Snow,colemananna@example.com,8367693602,1613
1613,Daniel,,williamallen@example.com,,1614
1614,Bradley,Vaughan,kevin96@example.com,9483434724,1615
1615,Erin,Nguyen,briannasweeney@example.com,,1616
1616,Jorge,Odom,michelle63@example.com,4739130398,1617
1617,Stacey,Lee,gbrown@example.net,3026695565,1618
1618,Jonathan,Williams,pacelindsey@example.org,,1619
1619,Robert,Moody,perryshelton@example.com,0018314139,1620
1620,Michael,Davis,mccoytimothy@example.org,0012648867,1621
1621,Aaron,Allen,alexpollard@example.org,6246941313,1622
1622,Jose,Johnson,icarter@example.net,0016894438,1623
1623,Sharon,,wbrennan@example.net,1369990471,1624
1624,Jessica,Meyers,andrewsdeanna@example.net,8122830674,1625
1625,Dana,Carpenter,farrelllinda@example.com,,1626
1626,Charles,Brewer,talexander@example.net,0012669261,1627
1627,Timothy,Frank,christopherholden@example.com,0012403887,1628
1628,Rachel,Brown,Rachel.Brown@exemple.com,0014094337,1629
1629,Brian,Thornton,mary92@example.com,1831632040,1630
1630,Robert,Reynolds,merickson@example.org,7662769129,1631
1631,Arthur,Gomez,kylewhite@example.org,0016074540,1632
1632,Ashley,Murray,meghan38@example.org,1561733143,1633
1633,Charles,Jenkins,morganluis@example.net,5565580375,1634
1634,Stacey,Wright,adampruitt@example.com,9352972954,1635
1635,Margaret,Taylor,martinezchristopher@example.com,4278950849,1636
1636,Bobby,Ramos,christianwolfe@example.net,1807353536,1637
1637,Gregory,Johnson,lisa31@example.net,6093139650,1638
1638,Megan,Howard,brian96@example.net,9015558743,1639
1639,Stephanie,Reynolds,danielwoods@example.com,9149554119,1640
1640,Melinda,Chapman,barbara52@example.com,0013127212,1641
1641,Johnny,Lopez,angelalogan@example.com,3425462409,1642
1642,Nicholas,Williams,amber60@example.net,6707247613,1643
1643,Keith,Christensen,brian09@example.net,1791241108,1644
1644,Joseph,French,christopher01@example.com,0015153733,1645
1645,Daniel,Schultz,christina50@example.org,2439604313,1646
1646,Lauren,Harris,mark21@example.org,,1647
1647,Mark,Robinson,beckpamela@example.com,0016418805,1648
1648,Monica,Moore,fcrawford@example.net,,1649
1649,Richard,Evans,hebertamanda@example.net,1349408065,1650
1650,Amanda,Morgan,thompsonlarry@example.org,1282895925,1651
1651,Tony,,caleb94@example.org,1468258296,1652
1652,Heidi,,garciapaula@example.com,1540504834,1653
1653,Lauren,Vincent,mcneilshannon@example.net,0014684172,1654
1654,Leah,,nathan76@example.com,7644721463,1655
1655,Sophia,Davis,corey19@example.com,8724924359,1656
1656,Diane,King,jenniferlee@example.org,7567634368,1657
1657,Paula,Boyd,alexander31@example.net,9417952963,1658
1658,Harold,Todd,qmiles@example.net,4957414216,1659
1659,Scott,Diaz,Scott.Diaz@exemple.com,0014404908,1660
1660,Stephanie,Green,zkhan@example.com,1832443832,1661
1661,Tiffany,Gates,kaitlynscott@example.net,5072473827,1662
1662,Christopher,Poole,zhenry@example.org,3529201131,1663
1663,Stacy,Baldwin,matthew32@example.org,9255647836,1664
1664,Troy,Thomas,bernardkatherine@example.com,1920202519,1665
1665,Derek,Li,murraymonica@example.com,4674012834,1666
1666,Peter,Bell,weaverpatrick@example.org,0019874940,1667
1667,Jennifer,Walters,lisacantu@example.com,9657980628,1668
1668,James,Richardson,veronicaellis@example.com,5098790173,1669
1669,Lisa,Campbell,robert35@example.org,0013102300,1670
1670,Michael,Stein,nancyosborne@example.org,,1671
1671,Christina,,holly75@example.net,4096388014,1672
1672,Tiffany,Perkins,courtney21@example.net,9539864930,1673
1673,Travis,Bailey,michael34@example.net,8395400089,1674
1674,Alice,Jackson,Alice.Jackson@exemple.com,8202584047,1675
1675,Jennifer,Smith,tammy63@example.org,1291390178,1676
1676,Edward,Kelly,ehicks@example.com,,1677
1677,Alexander,Edwards,vmeadows@example.net,3685651236,1678
1678,Melissa,Sanchez,Melissa.Sanchez@exemple.com,4993514864,1679
1679,Madison,Jackson,dennis01@example.com,1998866867,1680
1680,Jacqueline,May,jessicaclayton@example.com,5175583981,1681
1681,Kendra,Black,brendanwilliams@example.com,3758436607,1682
1682,Taylor,Fleming,brianramirez@example.com,6158032308,1683
1683,Douglas,Anderson,campbellmaria@example.com,9684316767,1684
1684,Julie,Cole,coffeytimothy@example.org,0013387649,1685
1685,Jonathan,Chapman,thomasvictor@example.org,1303494028,1686
1686,Antonio,Hansen,cynthia29@example.com,0019173524,1687
1687,Michael,Cruz,omercer@example.net,,1688
1688,Andrew,Owens,meagandaniel@example.net,4035538218,1689
1689,Andrew,Griffin,hollywilliams@example.net,0014949668,1690
1690,Michael,Beasley,garciaedgar@example.com,9732878261,1691
1691,Lisa,Jordan,Lisa.Jordan@exemple.com,9534701777,1692
1692,Caitlin,Martinez,laurajones@example.org,6555444446,1693
1693,Peter,Pearson,alicia72@example.com,7305599245,1694
1694,Blake,Carr,lewiserin@example.org,8233476351,1695
1695,Marissa,Spencer,youngdarren@example.org,,1696
1696,Robert,Simmons,thompsonwilliam@example.net,5062832822,1697
1697,Scott,Graham,collinsamanda@example.com,0014697303,1698
1698,Renee,Bartlett,emilybryan@example.net,3756589502,1699
1699,Michael,Norman,changmanuel@example.org,2339853096,1700
1700,Julie,Douglas,alexanderpaula@example.com,5252801337,1701
1701,Vernon,Carlson,porterronald@example.org,,1702
1702,Nancy,Austin,gouldderrick@example.com,0014097040,1703
1703,Joshua,Carpenter,fsnow@example.org,,1704
1704,Andrew,Pruitt,dianafoster@example.com,0015634748,1705
1705,Jeremy,Evans,scott59@example.net,9995553693,1706
1706,Kristy,Hughes,aaron20@example.org,0012912835,1707
1707,Roger,Graham,smithaaron@example.com,5764225201,1708
1708,Maxwell,Robinson,bwilcox@example.org,,1709
1709,Stacey,Shea,stephanie94@example.com,3277411274,1710
1710,Christopher,Green,jacksonrenee@example.net,0016218256,1711
1711,Kayla,Martin,seth83@example.com,2679605198,1712
1712,Alexa,,simsmichael@example.net,7324225037,1713
1713,Adam,Reid,brian31@example.net,0015723239,1714
1714,Jessica,Bell,scottroman@example.net,,1715
1715,David,Coleman,wilsonmatthew@example.org,9895246934,1716
1716,Brian,Ellis,stefanie47@example.com,8799208282,1717
1717,Victoria,Durham,angelataylor@example.com,6524298109,1718
1718,Christopher,Davis,omartin@example.com,4749778240,1719
1719,Austin,Holder,samantha21@example.net,6143770174,1720
1720,Scott,Giles,joshuajohnson@example.net,1461214643,1721
1721,Chad,Hill,brett00@example.com,9058596250,1722
1722,Jessica,Sanchez,nicholas58@example.net,3027533244,1723
1723,Megan,Luna,nicholasmiller@example.org,1480993018,1724
1724,Jessica,Cobb,dsmith@example.com,2956695524,1725
1725,George,Francis,hunterfrances@example.org,4879673780,1726
1726,Matthew,Vazquez,Matthew.Vazquez@exemple.com,2325188911,1727
1727,Michael,Taylor,jason08@example.com,0019862601,1728
1728,Brett,Bell,otaylor@example.com,5552849632,1729
1729,Richard,Sanchez,fcarr@example.com,0018427770,1730
1730,Katelyn,Martinez,newmanscott@example.net,0019207138,1731
1731,Nicole,Herrera,brittneyschultz@example.net,9107930256,1732
1732,Mindy,Moore,toddpearson@example.com,6337029284,1733
1733,Amy,Maynard,mmurray@example.net,1734204126,1734
1734,Ann,Henry,ashleymiller@example.com,0015612798,1735
1735,Scott,Chandler,leekevin@example.org,7945026821,1736
1736,Karen,Rose,Karen.Rose@exemple.com,6683951689,1737
1737,Wesley,Stevenson,roblesbrian@example.net,5605091659,1738
1738,Joyce,Powers,aaron11@example.org,1232611354,1739
1739,Regina,Walton,butlereric@example.com,,1740
1740,Denise,Ray,williamwilson@example.org,0013752017,1741
1741,Kyle,Conner,turnermichael@example.com,9339575258,1742
1742,Spencer,Park,kylehall@example.net,1762933325,1743
1743,Gregory,Merritt,hinespaul@example.com,,1744
1744,Peter,Alexander,joshua35@example.com,9555968564,1745
1745,Lisa,Smith,mccoydiana@example.com,0018304534,1746
1746,James,Marshall,inixon@example.org,9764265777,1747
1747,James,Costa,pharris@example.org,9497224269,1748
1748,Lori,Bryant,uhenderson@example.net,6725745522,1749
1749,Jeremy,King,Jeremy.King@exemple.com,9299193225,1750
1750,Theresa,Smith,pricemargaret@example.org,8056047888,1751
1751,Alexandra,Fowler,wcastillo@example.com,,1752
1752,Hannah,Collins,rsandoval@example.com,2123921500,1753
1753,Mary,Ayers,ocampos@example.net,5512584194,1754
1754,Jeffrey,Harper,wparker@example.com,1986393129,1755
1755,John,Hughes,znguyen@example.net,7936640171,1756
1756,Cheryl,Kim,reyeslindsay@example.net,6074618513,1757
1757,Elizabeth,Riley,anthonyosborn@example.net,1863628379,1758
1758,Melinda,Walter,logan32@example.org,1668993836,1759
1759,Jeremy,Nelson,Jeremy.Nelson@exemple.com,,1760
1760,Erin,Davis,bullockchristina@example.net,4349642184,1761
1761,Stephanie,Henry,rebecca81@example.org,8513755632,1762
1762,Jennifer,Clark,operez@example.net,0018962355,1763
1763,Heather,Gentry,johntran@example.org,0017352899,1764
1764,Tracy,Harris,vicki22@example.com,0013484830,1765
1765,Robert,Perkins,michellediaz@example.com,3053815078,1766
1766,Marissa,Mckee,laurafitzgerald@example.net,9824507664,1767
1767,Joshua,White,igonzales@example.org,5187057929,1768
1768,Adam,Anderson,kimberly16@example.net,5767386084,1769
1769,Robert,Morrison,barbara43@example.org,7745758539,1770
1770,Christian,Burns,bball@example.net,4853590058,1771
1771,Gregory,Flores,sarias@example.org,6477213061,1772
1772,Jennifer,Wilson,Jennifer.Wilson@exemple.com,9308982277,1773
1773,Jade,Webster,elizabethwilliams@example.org,5814402791,1774
1774,Lisa,Wallace,Lisa.Wallace@exemple.com,1951408247,1775
1775,David,Salazar,justin71@example.org,,1776
1776,Kimberly,Huang,oliviashelton@example.org,1822743079,1777
1777,Tim,Hendricks,lsmith@example.org,2813059318,1778
1779,April,Burgess,April.Burgess@exemple.com,0013412758,1780
1780,Jose,Cook,pachecoaustin@example.org,0012437495,1781
1781,Andrew,,huntlindsay@example.org,1459295155,1782
1782,Mark,,sheltonrobert@example.com,1359675029,1783
1783,Eric,Wilson,luis02@example.org,5816083133,1784
1784,Brittney,Taylor,rodriguezkristin@example.com,6923216637,1785
1785,Eric,Hansen,piercejoseph@example.org,3059603811,1786
1786,Tara,,lgreen@example.com,8799256611,1787
1787,Brett,Sullivan,bporter@example.org,7536880551,1788
1788,Erica,Decker,markturner@example.net,9195335472,1789
1789,Carolyn,Andrade,kwarren@example.org,3956002249,1790
1790,Madison,Murphy,curtisabigail@example.net,4292002178,1791
1791,Barry,Dickerson,robinmartinez@example.net,6395199941,1792
1792,Rebecca,Smith,gregorygregory@example.net,9782502391,1793
1793,Tanya,Webb,nicole55@example.net,7566698478,1794
45,Michael,Kelley,michaelchambers@example.com,9053384029,45
1794,Eric,Dixon,normanamy@example.org,7027139186,1795
1795,Frank,Johnson,smithrobert@example.net,7653963131,1796
1796,Pamela,Carter,sean86@example.org,4836685929,1797
1797,Sandra,Dennis,ericaaguilar@example.net,9578785722,1798
1798,Charles,Robinson,traci65@example.org,2306615523,1799
1799,Jennifer,Koch,Jennifer.Koch@exemple.com,5706320715,1800
1800,Troy,Rios,lisasims@example.net,6157023984,1801
1801,Kylie,Miller,Kylie.Miller@exemple.com,1890554366,1802
1802,Sharon,Hall,dennisgardner@example.org,7025476526,1803
1803,Deanna,Herrera,justin93@example.com,0014145465,1804
1804,Elizabeth,Harris,jacob49@example.org,2217815289,1805
1805,Ryan,Rivera,kimberly44@example.org,0012317189,1806
1806,Kathy,Rogers,fbrooks@example.net,9917221088,1807
1807,Larry,Schultz,nichole26@example.org,1594828228,1808
1808,Timothy,Morrison,vmiller@example.net,1776624869,1809
1809,Robert,,kjames@example.com,4626457854,1810
1810,Monica,Roberts,michelle67@example.org,4118983283,1811
1811,Thomas,Houston,Thomas.Houston@exemple.com,8818776758,1812
1812,Amy,Martin,tphillips@example.org,7178806011,1813
1813,Maria,Brown,achambers@example.net,3557443235,1814
1814,Rodney,Quinn,brettwillis@example.net,0018934559,1815
1815,Cassidy,Houston,pruittjonathan@example.com,5355365329,1816
1816,Timothy,Williams,stephen33@example.net,4007353655,1817
1817,Stephanie,Davis,erinscott@example.net,1989566085,1818
1818,Brian,Fletcher,ochoajessica@example.net,9147535979,1819
1819,Daniel,Hogan,angelacase@example.org,4135910757,1820
1820,Dwayne,Kane,sotojessica@example.com,,1821
1821,Peter,White,ikane@example.net,6123079485,1822
1822,Timothy,,william53@example.org,1674287885,1823
1823,Katherine,Newman,melissa75@example.com,2086718495,1824
1824,Christopher,Alvarez,lisa26@example.net,9664597812,1825
1825,Christine,Rosario,wilsonrachel@example.org,5177709863,1826
1826,Nathan,Matthews,alec51@example.net,7539085208,1827
1827,Joe,Wolf,Joe.Wolf@exemple.com,6219365118,1828
1828,Donald,Miller,michaelcross@example.org,4866621178,1829
1829,Jeffery,White,monicamorrison@example.com,1620847426,1830
1830,Christopher,Fields,robertobautista@example.com,6772569911,1831
1831,Edward,Collins,colleenclarke@example.org,4947877308,1832
1832,Brenda,Holland,daniel47@example.org,4688901723,1833
1833,Joseph,Villanueva,laurawebb@example.net,1829606492,1834
1834,Chris,Lopez,Chris.Lopez@exemple.com,3404237607,1835
1835,Andrea,Johnson,danieldecker@example.com,1578360042,1836
1836,Matthew,Silva,valenciaelizabeth@example.com,3589891749,1837
1837,Tyler,Lopez,davisisaac@example.com,9053403454,1838
1838,Lance,Webb,debramccoy@example.com,1635526006,1839
1839,Kimberly,Gilmore,kryan@example.org,1327279640,1840
1840,Melissa,Watson,natalie57@example.net,,1841
1841,Katie,Lewis,pcooper@example.org,7665846082,1842
1842,Jacqueline,Johnson,mperez@example.net,0017125797,1843
1843,Theresa,Carter,gabriel99@example.com,3028826049,1844
1844,Andrea,Watts,edwardsthomas@example.org,8955733169,1845
1845,Jack,Pruitt,christina83@example.org,,1846
1846,Tracy,Garcia,edwardschwartz@example.com,1547481623,1847
1847,Nancy,Park,jamespeterson@example.net,7623349812,1848
1848,Michael,,Michael.null@exemple.com,5986838877,1849
1849,Jerry,,ericjohnson@example.net,7582141425,1850
1850,Edwin,Potts,aaron01@example.net,5898368685,1851
1851,Amy,Wang,jordansandra@example.net,7603618108,1852
1852,Heather,Rodriguez,Heather.Rodriguez@exemple.com,9442646675,1853
1853,Jesus,Padilla,geraldwebb@example.net,1943668213,1854
1854,Michael,,martinezpaige@example.net,1243616840,1855
1855,Joy,Woodard,Joy.Woodard@exemple.com,6442701207,1856
1856,Teresa,Ramirez,johngalvan@example.com,0013767454,1857
1857,Jaime,Hill,tammy71@example.net,7443853140,1858
1858,Paula,Fitzgerald,susanstephenson@example.com,6805412598,1859
1859,John,Walters,tonihoward@example.net,0014833143,1860
1860,Brenda,Williams,ehuang@example.net,6972175804,1861
1861,Ashley,Castillo,gthompson@example.org,0018872167,1862
1862,Sara,Hernandez,bruce67@example.com,6533662935,1863
1863,Deanna,Campbell,halemichael@example.org,0015704575,1864
1864,Darren,Best,rachel87@example.org,3307094336,1865
1865,Melanie,Hubbard,dfleming@example.net,2975217480,1866
1866,Gregory,,douglas39@example.net,3926891966,1867
1867,Stephen,Griffin,ross64@example.org,,1868
1868,Danielle,Mitchell,Danielle.Mitchell@exemple.com,3223501161,1869
1869,Julie,Palmer,lleon@example.org,6062381349,1870
1870,Jennifer,Burns,potterwilliam@example.org,4784388474,1871
1871,John,Martin,taylorlisa@example.org,8928499231,1872
1872,Seth,Thomas,sbray@example.net,0016606742,1873
1873,Robert,Andrews,Robert.Andrews@exemple.com,1786475310,1874
1874,Kerry,Wood,harrisjulie@example.org,5925789399,1875
1875,Samantha,Summers,rodney64@example.org,,1876
1876,Allison,Perez,chrisrose@example.org,7582738286,1877
1877,Nicholas,Fox,emily08@example.org,1958679773,1878
1878,Ivan,Torres,nelsonshannon@example.com,2107709994,1879
1879,Tyler,Acosta,grace04@example.org,1833587802,1880
1880,Kristin,Kelly,brianmcguire@example.com,2734467054,1881
1881,Marc,White,hilltonya@example.org,5016555843,1882
1882,Allison,,stoneamber@example.com,2856589542,1883
1883,Heather,Morrison,deborahmitchell@example.com,7867058616,1884
1884,Vincent,Lindsey,Vincent.Lindsey@exemple.com,7992907569,1885
46,Sean,Larson,Sean.Larson@exemple.com,8619747849,46
1885,Javier,Gomez,michael48@example.org,1553355319,1886
1886,Matthew,Evans,mccannjoshua@example.org,9279897039,1887
1887,Charles,Carlson,sarah03@example.org,6889437906,1888
1888,John,Robertson,jonathanmorales@example.org,2256499909,1889
1889,Carl,Smith,gramos@example.com,0013358200,1890
1890,Erica,Acevedo,xstephens@example.org,0014063869,1891
1891,Nicholas,Jensen,websterbill@example.org,7762418008,1892
1892,Leah,Zavala,victoriamendoza@example.com,1652534356,1893
1893,Connie,Jimenez,warejacqueline@example.net,2552695930,1894
1894,Jennifer,Carter,kristina93@example.org,1932262647,1895
1895,James,Mejia,madisontran@example.net,1508901806,1896
1896,Terrence,,travisramirez@example.org,4012307664,1897
1897,Christian,Foster,philliptaylor@example.org,0016313206,1898
1898,Jacqueline,Allen,kelly87@example.org,0017128225,1899
1899,Steven,Lewis,wbarton@example.net,2329580581,1900
1900,Jeffrey,Logan,fisherkatherine@example.com,1570241469,1901
1901,Nathan,Arellano,paynejasmine@example.org,7664362872,1902
1902,Amanda,Smith,julie33@example.org,7369932253,1903
1903,Paul,Walker,gharrison@example.org,6662259448,1904
1904,Andrea,Fowler,thomassilva@example.com,4085997310,1905
1905,Eric,Ward,vdillon@example.com,7359618861,1906
1906,Carol,,coryharper@example.com,,1907
1907,Joseph,Rodriguez,cknight@example.org,,1908
1908,Christian,Bell,jeffery41@example.net,5635760977,1909
1909,James,Baker,robertbeck@example.net,4568947106,1910
1910,Jacob,Maynard,Jacob.Maynard@exemple.com,9715847445,1911
1911,William,Williams,davidburch@example.net,0013948973,1912
1912,Haley,Chen,vanessacampbell@example.net,9718261339,1913
1913,Jeffrey,Coffey,blairamber@example.org,3789885877,1914
1914,Anthony,Grant,Anthony.Grant@exemple.com,1427226810,1915
1915,Kathleen,Gomez,torresanthony@example.org,0017532137,1916
1916,Sharon,Holden,rodriguezjennifer@example.net,1882852362,1917
1917,Monique,Cortez,kayla56@example.com,,1918
1918,David,Beck,juan40@example.org,,1919
1919,Debra,Richards,lindseyneal@example.org,2557934345,1920
1920,Marie,Rogers,lindsay37@example.net,1495215168,1921
1921,Troy,Lee,danny36@example.net,5455608113,1922
1922,Samuel,,uharrington@example.net,6729786595,1923
1923,Justin,Myers,amyabbott@example.com,0019017495,1924
1924,Jeanette,Sanders,ybenton@example.net,1484673439,1925
1925,Rebecca,Morgan,Rebecca.Morgan@exemple.com,3153771214,1926
1926,Heather,Hardin,chasemullins@example.net,0019018190,1927
1927,Glenn,Dean,matthewrodriguez@example.net,3059462304,1928
1928,Christian,Hall,vanessa98@example.net,3985834063,1929
1929,Courtney,Robertson,changdavid@example.com,5372650960,1930
1930,Christopher,Curry,csmith@example.com,5299511228,1931
1931,Donald,,robertmoran@example.com,5282509190,1932
1932,Brittany,Golden,jane59@example.com,1794572808,1933
1933,Kyle,Sanchez,mckinneyjoshua@example.net,2128840119,1934
1934,Amber,Harris,joshuabaker@example.net,2339149627,1935
1935,John,Morrow,ricedouglas@example.org,,1936
1936,Jennifer,Trujillo,rossadam@example.net,0013488503,1937
1937,Richard,Perez,bkelley@example.net,1890205939,1938
1938,Amy,Gay,tuckerjoshua@example.net,1350731810,1939
1939,Deanna,Cameron,jamie47@example.com,7898691161,1940
1940,Elizabeth,Murphy,egraham@example.org,6578289994,1941
1941,Aaron,Booth,datkins@example.com,2334160181,1942
1942,Robert,Hall,danielle33@example.com,4455528184,1943
1943,Joshua,,conleymichael@example.com,4057061435,1944
1944,Joseph,Tate,jennifer26@example.net,1538623654,1945
1945,Matthew,Barajas,barbara59@example.net,9354204103,1946
1946,Christopher,Jones,lopezdonald@example.org,1277856478,1947
1947,George,Johnson,alvaradoseth@example.com,5538340697,1948
1948,Diane,Hayes,esloan@example.org,7707428975,1949
1949,Nicole,Hatfield,briantorres@example.com,7608512311,1950
1950,Kimberly,,ymitchell@example.org,2416572561,1951
1951,Jeffery,Brock,wanderson@example.net,0016108871,1952
1952,Molly,Branch,xgarcia@example.com,1466204161,1953
1953,Angela,Higgins,bmejia@example.net,6442084570,1954
1954,Luis,Werner,Luis.Werner@exemple.com,5123422915,1955
1955,Christina,Lester,williamsalejandra@example.com,3304299981,1956
1956,Meghan,Fox,Meghan.Fox@exemple.com,1353332616,1957
1957,Robert,Stafford,rmeyers@example.net,6027859251,1958
1958,Kathryn,Lynn,sdavid@example.com,6183611717,1959
1959,Joyce,Baker,greentina@example.org,6742507659,1960
1960,Susan,Farmer,meredithwatts@example.com,,1961
1961,Savannah,Bullock,portermichael@example.com,3618789145,1962
1962,Melissa,Martinez,cassandra12@example.com,1659583207,1963
1963,Lucas,Porter,stephen89@example.org,8047182749,1964
1964,Madeline,Martinez,heather58@example.org,0018995263,1965
1965,Janice,Shannon,wallaceaustin@example.org,1372246899,1966
1966,Jennifer,Stanley,taylormichael@example.org,1401270858,1967
1967,Paul,Norris,destinyhester@example.org,1902538380,1968
1968,Ashley,Martin,nturner@example.org,,1969
1969,Michelle,Reyes,gperez@example.org,6456614040,1970
1970,Rebecca,Taylor,xcastro@example.com,,1971
1971,Scott,Davis,wallacejoseph@example.com,5018927624,1972
1972,Hayley,Hernandez,heatherperkins@example.com,3353978816,1973
1973,Catherine,Ochoa,troy05@example.com,8849766170,1974
1974,Diane,Sanchez,lawrencebrittany@example.net,0019557773,1975
1975,Karen,Jones,martinrhonda@example.net,9317079420,1976
1976,Christopher,Nguyen,sarasteele@example.org,3199817255,1977
47,Heather,Krause,rrichards@example.com,1693449916,47
1977,Janet,Moore,yneal@example.net,0015505272,1978
1978,Michael,Hamilton,alyssamckinney@example.net,0014716901,1979
1979,Lance,Phillips,rhernandez@example.com,2778139390,1980
1980,Shannon,Lindsey,igilbert@example.com,9155504840,1981
1981,Blake,Nelson,kevin71@example.com,3769089929,1982
1982,William,Dixon,jennifer11@example.com,1891860538,1983
1983,Stephen,,greenekathryn@example.net,3522146860,1984
1984,Jennifer,Clark,danielparker@example.net,2467145281,1985
1985,Emily,Cox,austinwalker@example.net,0014799878,1986
1986,John,Andrews,cookbrenda@example.net,5136400038,1987
1988,Ronald,Smith,benjamin78@example.org,6914058734,1988
1989,Jesse,Lopez,luke17@example.net,,1989
1990,Christina,,courtneyglass@example.org,1554486530,1990
1991,Andrew,Frazier,zcummings@example.com,1385813821,1991
1992,Mary,Hodges,vnguyen@example.com,7806473382,1992
1993,Richard,Mcfarland,greenechristina@example.com,8193480455,1993
1994,John,Reynolds,molinajohnathan@example.net,,1994
1995,David,Santana,karidavis@example.net,2122425891,1995
1996,Joanna,Lucas,sherryrobertson@example.org,6854313927,1996
1997,April,Kirk,melissahall@example.com,0015335939,1997
1998,Kaitlyn,Ramos,smithaustin@example.net,5985957143,1998
1999,Rebekah,,sanderserin@example.net,1950731136,1999
2000,Catherine,Kirby,susan12@example.net,1724610005,2000
2001,Joshua,Jacobson,jessicaowen@example.com,4164351221,2001
2002,Alex,Garcia,jill39@example.com,8914256510,2002
2003,Jay,Baker,mckeejulia@example.org,9926739937,2003
2004,Benjamin,Fernandez,yjohnson@example.net,0015504602,2004
2005,Robert,Price,courtneyhammond@example.com,1712323978,2005
2006,Elizabeth,Davis,tammysmith@example.com,4204740583,2006
2007,Lisa,Lindsey,kimberly25@example.com,4939355869,2007
2008,James,,jameshanson@example.net,1376929863,2008
2009,Daniel,Cummings,christopher26@example.net,5172227502,2009
2011,Scott,Yang,epowers@example.net,0019957600,2011
2012,Ian,Wilson,ychavez@example.com,1914370207,2012
2013,Debbie,Armstrong,dianakeith@example.com,4792374103,2013
2014,Jared,Bradshaw,Jared.Bradshaw@exemple.com,9324671365,2014
2015,Carmen,Odonnell,amanda69@example.org,6188456086,2015
2016,David,Stewart,jennifer72@example.net,9025105077,2016
2017,Jodi,Andrews,grayjames@example.org,5589702066,2017
2018,Susan,Davis,Susan.Davis@exemple.com,1433470498,2018
2019,Brent,Rodriguez,kristinperez@example.org,3252736098,2019
2020,Erica,Walter,russobecky@example.net,9433192599,2020
2021,Brian,,alexandriawright@example.net,4893940437,2021
2023,Darlene,,russellbrandi@example.org,6849862595,2023
2024,Penny,Booker,Penny.Booker@exemple.com,9083698123,2024
2025,Samantha,Bowen,Samantha.Bowen@exemple.com,0018532674,2025
2026,Elizabeth,Steele,ewhite@example.org,0013949141,2026
2027,Randall,Wall,carmen02@example.com,0018987978,2027
2028,Jordan,Stephens,danielsmith@example.com,1750255417,2028
2029,Denise,Morse,johnsonmitchell@example.org,3977255000,2029
2030,Jerry,Yoder,benjamin37@example.net,8319757657,2030
2031,James,Fuller,mullinslisa@example.net,1273592510,2031
2032,Thomas,Preston,Thomas.Preston@exemple.com,9212417186,2032
2033,Zachary,Mills,braystephen@example.net,0014084211,2033
2034,Angela,Miller,cynthia88@example.net,8053164853,2034
2035,Michael,Mcintosh,gcastillo@example.net,4734713903,2035
2036,Yvonne,Wells,iyoung@example.com,0015887462,2036
2037,Jennifer,Williams,holly92@example.org,1635337276,2037
2038,Nicole,Cline,foxdaniel@example.com,0018939540,2038
2039,Steven,Howell,dweeks@example.org,2482221152,2039
2040,Kenneth,Boone,erin20@example.org,1671789820,2040
2041,Christopher,Garcia,kathryngibson@example.org,,2041
2042,John,Perez,adam54@example.com,0017484557,2042
2043,Robert,Green,jonathanmora@example.org,5433540507,2043
2044,Amanda,Nelson,edward70@example.net,8213703449,2044
2045,Jessica,Christian,mirandanatalie@example.org,,2045
2046,Timothy,Garcia,daviskristopher@example.com,9527663569,2046
2047,Tina,Bryant,kennethcoffey@example.net,4824906397,2047
2048,David,Butler,wendy24@example.com,4383472322,2048
2049,William,Walker,porterdylan@example.net,3056472956,2049
2050,Bradley,Reeves,elizabeth82@example.com,4767967620,2050
2051,Kurt,Gates,Kurt.Gates@exemple.com,1870943967,2051
2052,Amanda,Phillips,pdavis@example.org,0016688586,2052
2053,Sonya,Long,wallacetammy@example.com,0013567853,2053
2054,Patrick,Jordan,jamesanderson@example.org,7039802743,2054
2055,Joshua,Perez,john32@example.net,3388516924,2055
2056,Gina,Hill,amycruz@example.com,0013375639,2056
2057,Pamela,Bright,joshua06@example.net,5125606003,2057
2058,Jonathon,Armstrong,sara32@example.net,4588447834,2058
2059,Joshua,Riley,ereynolds@example.com,1685395970,2059
2060,Thomas,Wood,Thomas.Wood@exemple.com,,2060
2061,Samantha,Armstrong,eugene46@example.net,2585059647,2061
2062,Timothy,Jackson,hansonreginald@example.net,0018018677,2062
2063,Patrick,Kelly,Patrick.Kelly@exemple.com,8117854554,2063
2064,Kathy,Sloan,gcox@example.com,6518061445,2064
2065,Alexandria,Ray,dnelson@example.com,8854125846,2065
2066,Kristin,Gardner,amypadilla@example.net,1811222230,2066
2067,John,King,John.King@exemple.com,1890322133,2067
2068,Cathy,Wright,elizabethriggs@example.com,9582401271,2068
2069,Victoria,Novak,robertspencer@example.com,,2069
2070,Maria,Prince,stephenvargas@example.org,0014647408,2070
2071,Kathleen,Maddox,acostaroy@example.com,0017968716,2071
87,Debra,Brock,loriaguirre@example.com,8577283300,87
2072,Cynthia,Martin,mbowman@example.org,1458940348,2072
2073,James,Stone,ryanwarner@example.com,1372695409,2073
2074,Susan,Hudson,icoleman@example.com,9946033584,2074
2075,Juan,Howe,laurendiaz@example.net,5866121822,2075
2076,Kelly,Gonzalez,zterrell@example.com,1287899022,2076
2077,William,Williams,lindsey33@example.net,,2077
2078,Jennifer,,natashaestes@example.org,2498061246,2078
2079,Paul,Schneider,Paul.Schneider@exemple.com,3456449840,2079
2080,Mark,Anderson,darlene48@example.com,1797951884,2080
2081,Timothy,Jones,brent82@example.com,4283461384,2081
2366,Jason,Osborn,Jason.Osborn@exemple.com,8889312492,2082
2082,Jonathan,Thomas,bmartinez@example.com,3855201175,2083
2083,Olivia,Hicks,Olivia.Hicks@exemple.com,0019707070,2084
2084,Richard,Garcia,Richard.Garcia@exemple.com,4748826863,2085
2085,Jaime,Espinoza,gtaylor@example.net,9267919111,2086
2086,Emily,Molina,julia18@example.org,0018057611,2087
2087,Rebecca,Miller,steven48@example.net,9004329593,2088
2088,Sarah,Phillips,leachmark@example.org,4179159037,2089
2089,Carolyn,Brown,hgarcia@example.org,1615965420,2090
2090,Erin,Morton,bbaird@example.net,3108183889,2091
2091,Wyatt,Foster,michael19@example.org,5748881389,2092
2092,Jennifer,Perez,samantha88@example.net,5402095530,2093
2093,William,Ewing,rebecca18@example.org,1602460746,2094
2094,Marie,,jameswalker@example.com,6952060296,2095
2095,Justin,Mora,joseph07@example.com,7724403508,2096
2096,Tina,Olson,rskinner@example.com,9063250052,2097
2097,Ashley,,gwendolyn61@example.net,6969887353,2098
2098,Wayne,Clark,hgonzalez@example.com,1285521142,2099
2099,Shannon,Willis,trodriguez@example.org,9783800133,2100
2100,Erik,Harrison,albertlewis@example.net,4468986008,2101
2101,Daniel,Brown,sarasmith@example.com,1327623528,2102
2102,Jasmine,Lang,Jasmine.Lang@exemple.com,7492320891,2103
2103,James,Mendoza,alan41@example.net,1378796466,2104
2104,Jeffery,Martinez,angelabird@example.net,5149108165,2105
2105,Kathleen,Mcdonald,molinadavid@example.org,9742453444,2106
2106,Tammy,Gentry,georgemonica@example.com,3947917223,2107
2107,Nicole,Graham,yarias@example.org,6053125257,2108
2108,Kristin,Reyes,jsharp@example.net,7452859960,2109
2109,Victoria,Pearson,harperchristine@example.net,7437437217,2110
2110,Jennifer,Friedman,Jennifer.Friedman@exemple.com,0013984790,2111
2111,Melissa,Long,durhamkristen@example.net,7926241850,2112
2112,David,Adkins,ballen@example.net,8516357439,2113
2113,Mario,Nguyen,palmerdaniel@example.com,1291466512,2114
2114,Clayton,Herring,wbailey@example.org,9678841217,2115
2115,Brian,Wells,cherylayala@example.net,,2116
2116,Tracey,Bird,ymarshall@example.org,3184572947,2117
2117,Fernando,Shea,waltersjeffrey@example.org,1439651857,2118
2118,Michelle,Franklin,wwhitehead@example.org,4558114911,2119
2119,Robin,,becky78@example.com,8229835859,2120
2120,Michelle,Johnson,hannahnash@example.org,9448837014,2121
2121,Tyler,Guzman,brandonbeck@example.com,1271552730,2122
2122,Edward,Parker,carrie82@example.org,1639667270,2123
2123,Stacey,King,lmeyers@example.org,7642089262,2124
2124,Joshua,Sullivan,phillip58@example.net,0013547981,2125
2125,Stephanie,Paul,hensleytammy@example.com,2578886585,2126
2126,Jennifer,Wilson,dana02@example.org,1273292286,2127
2127,Lauren,James,adamscaroline@example.net,3986098530,2128
2128,Ashley,Elliott,wjohnston@example.net,8187542329,2129
2129,Robert,Dudley,brianlynch@example.com,9593098501,2130
2130,Traci,Garner,yturner@example.com,2947316876,2131
2132,Megan,Spencer,mnielsen@example.com,9049709809,2133
2133,Bruce,Morgan,fergusonsamantha@example.org,0015722734,2134
2134,Penny,Weaver,brooksandrea@example.net,6415769336,2135
2135,Charles,Mccarthy,Charles.Mccarthy@exemple.com,0014313021,2136
2136,Lori,Bryant,robert45@example.org,0014994933,2137
2137,Renee,Lopez,yrojas@example.com,5319445674,2138
2138,Barbara,Kirby,lwalker@example.net,4259273425,2139
2139,Lauren,Madden,yvance@example.org,4309298702,2140
2140,Ashlee,Hernandez,ugonzales@example.com,5895868379,2141
2141,Annette,Willis,james07@example.net,7595745126,2142
2142,Jeremy,Ramirez,sherry09@example.com,4009725585,2143
2143,Samuel,Mclaughlin,glendaromero@example.org,7274268319,2144
2144,Gordon,Gilmore,adamlewis@example.org,1368430847,2145
2145,Jeffery,Lowe,lbarnett@example.net,2658826725,2146
2146,Kathryn,,gomezrebecca@example.com,4602608364,2147
2147,Jessica,Dennis,schmidtchristopher@example.net,5007238444,2148
2148,Charles,Jackson,gina83@example.net,4813407147,2149
2149,Austin,Williamson,wlara@example.com,4908323097,2150
2150,Mason,Petersen,taylorsusan@example.com,8267106128,2151
2151,Victoria,Chandler,othornton@example.net,7757310537,2152
2152,Brenda,,Brenda.null@exemple.com,8357750964,2153
2153,Kimberly,Castaneda,zpeterson@example.org,8044550177,2154
2154,Adam,Johns,timothyhayes@example.com,0012245084,2155
2155,Eddie,Cochran,shelby62@example.com,8229289322,2156
2156,Anthony,Nelson,william15@example.org,0015942443,2157
2157,Jose,Suarez,daniellemoore@example.org,4573049066,2158
2158,Rachel,Hernandez,megan39@example.net,0014399125,2159
2159,James,Alvarez,reneebarron@example.org,0013617463,2160
2160,Frank,Walker,holmesrobert@example.net,1277779635,2161
2161,Anthony,Stanton,brent87@example.com,3194464977,2162
2162,Angel,Morris,susan87@example.net,3622956219,2163
2010,Pamela,Chandler,kevindyer@example.net,8126868949,2010
2163,Julie,Hughes,ashley67@example.com,2599074797,2164
2164,Jimmy,Cox,anna82@example.com,9675313902,2165
2165,Amanda,Matthews,jaimelane@example.org,7613708836,2166
2166,Andrew,Juarez,jessethomas@example.net,4026455621,2167
2167,Cheryl,Crane,mossjessica@example.net,0013656919,2168
2168,Catherine,Savage,lwilliams@example.net,4474829014,2169
2169,Melissa,Gibson,kellylisa@example.org,4264512560,2170
2170,Douglas,Cantrell,acarey@example.com,2996621964,2171
2171,Justin,Leonard,matthewburch@example.com,0015044991,2172
2172,Dustin,Foster,holderpaula@example.org,3569490986,2173
2173,Steven,Simpson,smithjeffrey@example.org,8777475354,2174
2174,April,Garza,quinnmelissa@example.com,9953430670,2175
2175,Jeffrey,Reyes,donna94@example.org,3944196478,2176
2176,Shannon,Wells,clifford07@example.com,0019392718,2177
2177,Robert,Miller,Robert.Miller@exemple.com,5882435614,2178
2178,Renee,Simpson,coleamy@example.org,6538316173,2179
2179,Debra,Reyes,chad58@example.net,0017689895,2180
2180,Stephanie,Bishop,kjenkins@example.net,,2181
2181,Kevin,Goodwin,shawngrant@example.com,0014156114,2182
2182,Lisa,Nichols,corey55@example.com,0016458349,2183
2183,Tina,Taylor,fparks@example.net,,2184
2184,Stephen,Brown,amandagonzalez@example.com,7726982997,2185
2185,Dana,Cummings,hineselizabeth@example.org,6227109240,2186
2186,Hunter,Dixon,murphyvincent@example.net,7515412717,2187
2187,Eddie,Cole,csampson@example.com,5108804495,2188
2188,Randall,Scott,ccarter@example.org,7858379396,2189
2189,Hannah,Fuller,benjamin50@example.org,,2190
2190,Michele,Martinez,staceyfigueroa@example.net,5188420445,2191
2191,Donald,Zuniga,zadams@example.org,1827763544,2192
2192,Jill,Price,michele43@example.net,1242657055,2193
2193,Linda,Black,turnerjessica@example.net,0012053254,2194
2194,Robert,Acosta,amandajohnson@example.org,8005020692,2195
2195,Carrie,Bauer,robert80@example.net,4312216324,2196
2196,Eric,Blevins,Eric.Blevins@exemple.com,9136909210,2197
2197,Rebekah,Chen,Rebekah.Chen@exemple.com,5886156786,2198
2198,Gabriela,Phillips,ojacobs@example.org,0014335492,2199
2199,Robert,Dixon,Robert.Dixon@exemple.com,4103281104,2200
2200,Dustin,King,rileyjessica@example.com,5313691765,2201
2201,Helen,Smith,jeffanthony@example.com,1276397360,2202
2202,Tina,Lee,mariah94@example.com,8905826311,2203
2203,Michelle,James,markwilliams@example.org,3289149197,2204
2204,Victoria,Williams,hbaker@example.org,1523380159,2205
2205,Danielle,Smith,oweaver@example.org,0016265747,2206
2206,Misty,Smith,Misty.Smith@exemple.com,1538944787,2207
2207,Christopher,Barr,jessicastuart@example.com,,2208
2208,Judy,Barnett,kjohnson@example.org,2079422052,2209
2209,Cassidy,Arnold,andrew51@example.com,9202341801,2210
2210,Kristopher,Thompson,ryan20@example.net,7867980589,2211
2211,Erica,Stone,greenmonica@example.org,7349278625,2212
2212,Jessica,Rhodes,Jessica.Rhodes@exemple.com,8675987485,2213
2213,Audrey,Gates,john25@example.net,0018209898,2214
2214,Nathan,Maxwell,jeanettefoley@example.net,1846911545,2215
2215,Robert,Wilcox,barbara90@example.org,,2216
2216,Marissa,Thomas,kevin33@example.net,,2217
2217,Alexandra,,dana63@example.net,3985921932,2218
2218,Andrew,Williams,kevintyler@example.net,2184474440,2219
2219,Courtney,French,hmatthews@example.com,0012344809,2220
2220,Wayne,Bridges,sabrina38@example.com,6076078392,2221
2221,Antonio,Lowe,brownlinda@example.com,8809843824,2222
2222,Douglas,Kemp,gina13@example.com,1507223676,2223
2223,Tina,Fernandez,olsongavin@example.org,1223602719,2224
2224,Glenn,Johnson,larryreyes@example.com,2872563728,2225
2225,Robin,King,morganmargaret@example.com,6644720636,2226
2226,Misty,Davidson,levysarah@example.com,7486955228,2227
2227,Howard,Taylor,pflynn@example.org,8144429633,2228
2228,Katherine,Valdez,Katherine.Valdez@exemple.com,6029578388,2229
2229,Vanessa,Allen,lopezdonna@example.org,6434413864,2230
2230,Ivan,May,jasonvelez@example.net,5298136731,2231
2231,Meghan,Thomas,stephencohen@example.net,9775524976,2232
2232,Nicole,Brown,vmcdonald@example.net,4268761168,2233
2233,Caleb,Smith,jeffersonmelissa@example.net,1215904540,2234
2235,Michael,,Michael.null@exemple.com,2252603314,2236
2236,Daniel,Wolf,johnrogers@example.net,4357685363,2237
2237,Ashley,Davis,reginalddixon@example.org,9879440596,2238
2238,Ryan,Butler,mark85@example.org,9493832708,2239
2239,Amber,Benson,brianwalker@example.com,4792865887,2240
2240,Justin,Lewis,joshua37@example.org,0016885271,2241
2241,Bobby,Smith,bobby44@example.org,8996328119,2242
2242,Katherine,Brown,gregory23@example.net,6422017462,2243
2243,Kimberly,Morgan,walkerryan@example.org,0013249878,2244
2244,Johnny,Hobbs,aaron71@example.org,2803378306,2245
2245,Jeffery,Maldonado,dustin91@example.com,7442202372,2246
2246,Chelsea,,garrettparker@example.net,0018507629,2247
2247,Jordan,Powers,vgibson@example.org,7166581865,2248
2248,Aaron,Gomez,melissathomas@example.org,8185149136,2249
2249,Nicholas,Peters,rachaelthomas@example.com,0017286646,2250
2250,Vincent,Figueroa,gwest@example.com,9683297410,2251
2251,Terrence,Wright,zthomas@example.org,,2252
2252,Deborah,Liu,Deborah.Liu@exemple.com,8549643978,2253
2253,Peter,Dawson,zbarnes@example.com,0015669460,2254
2254,Madison,Nicholson,fgutierrez@example.com,1239889253,2255
2255,Daniel,Jones,alan60@example.net,7869461809,2256
2256,Michael,Little,ashley24@example.net,,2257
2257,Jennifer,Hendricks,ghernandez@example.org,0014114461,2258
2258,Michael,Aguilar,osnyder@example.com,7287380687,2259
2259,Amanda,Sullivan,isaac14@example.org,1309781765,2260
2260,Jane,Wilson,Jane.Wilson@exemple.com,,2261
2261,Robin,Cardenas,smithderrick@example.com,0019868363,2262
2262,Jonathan,Potter,aaron68@example.com,3846495244,2263
2263,Lynn,Cole,dmartin@example.com,5992238726,2264
2264,Christine,Cortez,kimberly01@example.org,7278028175,2265
2265,Crystal,Perez,williamodonnell@example.org,3648937696,2266
2266,Henry,Perry,aperry@example.org,8126632330,2267
2267,Stacy,Coleman,Stacy.Coleman@exemple.com,0017955564,2268
2268,Robert,Sutton,williamanderson@example.com,2188444925,2269
2269,Kyle,Strickland,trevinobriana@example.net,9062222401,2270
2270,Janet,,tinaparsons@example.org,0016347629,2271
2271,Leah,Henderson,myerschristopher@example.com,5623326189,2272
2272,Charlotte,Castro,youngjennifer@example.com,0014435525,2273
2273,Stacey,Gates,hogansteven@example.org,3386135744,2274
2274,Timothy,Smith,jharrison@example.org,9663909279,2275
2275,Nicole,Sherman,jody70@example.net,2755954111,2276
2276,Eric,Tyler,emily27@example.net,7532957963,2277
2277,Patrick,Little,samantha69@example.com,0015712934,2278
2278,Nancy,Jones,shellyboyer@example.org,6266229052,2279
2279,Nicole,Hale,kenneth46@example.com,9917308611,2280
2280,Cody,Cruz,chavezjennifer@example.org,6289882881,2281
2281,Aaron,,Aaron.null@exemple.com,1964596172,2282
2282,Edward,Williams,keithmcfarland@example.com,7287290303,2283
2283,Alicia,Evans,Alicia.Evans@exemple.com,,2284
2284,Timothy,Church,brooke22@example.org,0015187265,2285
2285,Amy,Howard,robertrodriguez@example.org,4719411169,2286
2286,Dale,Gibson,Dale.Gibson@exemple.com,0015818116,2287
2287,Michael,Grant,logankevin@example.com,3428864740,2288
2288,Christopher,Golden,ysparks@example.net,5943789963,2289
2289,Ronald,Roberts,meganrodriguez@example.org,0013683955,2290
2290,James,Lopez,wilsonrichard@example.com,5219825985,2291
2291,Katherine,Vaughn,clarksarah@example.org,2513652227,2292
2292,Richard,Figueroa,Richard.Figueroa@exemple.com,3234964597,2293
2293,Rachel,Riddle,austintommy@example.com,0016063819,2294
2294,Samuel,Rivas,nicoledavis@example.net,3322164111,2295
2295,Pamela,Jordan,huntersnyder@example.org,2619823071,2296
2296,Ricky,Riddle,yharper@example.org,8653084804,2297
2297,Mary,Krause,hbennett@example.com,3944027905,2298
2298,Brian,Myers,ortizdaniel@example.com,5026713035,2299
2299,Jennifer,Lawrence,cooperjohn@example.com,9728001956,2300
2300,Willie,Gordon,tonireed@example.com,5706613668,2301
2301,Cheryl,Harrison,hstrickland@example.com,6613509476,2302
2302,Angela,Ramirez,josephhooper@example.net,9526130428,2303
2303,Jean,Jackson,rwest@example.net,0013738825,2304
2304,Doris,Brady,guzmanapril@example.com,0019672910,2305
2306,Lisa,Byrd,nfernandez@example.com,9909068312,2307
2307,Savannah,Le,damon15@example.org,9533012317,2308
2308,Matthew,,bergkerry@example.net,1301948957,2309
2309,Jorge,Cole,meaganbass@example.com,,2310
2310,Natalie,Harrington,patrickbarker@example.net,0017194561,2311
2311,Roberto,Adams,thompsonelizabeth@example.org,8883384091,2312
2312,Jennifer,Morgan,ddennis@example.net,1798360903,2313
2313,Jacob,Jones,michele49@example.net,,2314
2314,Steven,Roberts,daniel81@example.com,1490555123,2315
2315,Debbie,Nichols,zwelch@example.com,6927823937,2316
2316,Marcus,Hawkins,parkerbrittany@example.net,1999606931,2317
2317,Vanessa,Davis,peter01@example.net,2163800485,2318
2318,Ashley,Lee,ajones@example.org,0018938890,2319
2319,Alyssa,,vasquezholly@example.net,1859254342,2320
2320,Laura,Lopez,adamwilcox@example.org,1644921904,2321
2321,Christine,Griffin,meyerlatasha@example.net,4253621632,2322
2322,Randy,Simmons,heidi44@example.net,4914989564,2323
2323,Zachary,,buckleyrobert@example.net,9705840274,2324
2324,Sylvia,Jones,krobertson@example.org,0016146361,2325
2326,Rodney,Zimmerman,lopezjoshua@example.com,6938773996,2327
2327,Denise,,johnharrell@example.net,5746693980,2328
2328,Thomas,Ward,christygonzales@example.org,5155997277,2329
2329,Lisa,Banks,penapeter@example.net,1454281750,2330
2330,Wayne,Berger,bwright@example.org,0018554693,2331
2331,Crystal,Patel,bettygomez@example.net,7836681911,2332
2332,Melinda,White,gcox@example.net,3014317755,2333
2333,Ronald,Schneider,coopertodd@example.com,5638260244,2334
2334,Monica,Garcia,russell91@example.org,4072272386,2335
2335,Megan,Green,stonecharles@example.com,0016837690,2336
2336,Amber,Baker,owilliams@example.org,4398852685,2337
2337,Judith,,cynthia62@example.org,7372363840,2338
2338,Jill,Gaines,wayneallen@example.org,4716570162,2339
2339,Paula,Mcgee,christopher79@example.com,0018434762,2340
2340,Gregory,Wright,careymegan@example.org,1709724760,2341
2341,Selena,Bennett,nicholaswong@example.com,4093297223,2342
2342,Mallory,Boone,pauljohnson@example.net,1229517529,2343
2343,Daniel,Byrd,brooke65@example.net,0014453542,2344
2344,William,Smith,lori65@example.net,0013697321,2345
2345,Mackenzie,Kramer,andrew09@example.com,4935294970,2346
2346,Christine,Padilla,fishersusan@example.org,6014740078,2347
2347,Ryan,Mckay,scott63@example.com,4715420707,2348
2348,Candice,Middleton,Candice.Middleton@exemple.com,4984882829,2349
2349,Stephanie,Gonzalez,terrellrhonda@example.org,7393358938,2350
2350,Kimberly,Moore,michaeljohnson@example.org,9616106566,2351
2351,Tanya,Mccormick,Tanya.Mccormick@exemple.com,4656338547,2352
2352,Thomas,King,iwallace@example.org,9375594795,2353
2353,Jessica,Larson,yjohnson@example.net,2982435640,2354
2354,Nicholas,Riley,courtney76@example.net,8114051899,2355
2355,Samantha,Hobbs,vanessa06@example.net,6027895331,2356
2356,Anthony,Powell,dmartin@example.net,6106667703,2357
2357,Daniel,Williams,debra72@example.org,2693271128,2358
2358,Kaitlyn,Parker,millerrobert@example.org,7165593767,2359
2359,Frank,Nguyen,qcruz@example.com,1501350142,2360
2360,Melissa,Ramirez,jamesadams@example.net,3942476389,2361
2361,Sarah,Hubbard,lewisjoshua@example.org,5729386830,2362
2362,Kristen,Powell,xjones@example.com,3802060781,2363
2363,Alex,Lester,sullivanrussell@example.com,5147070191,2364
2364,Laurie,Adams,websterjohn@example.net,2733699700,2365
2365,Edward,Brown,jessica73@example.net,7269981724,2366
2367,Brian,Bauer,wardmichael@example.net,9009440351,2367
2368,David,Dixon,qknight@example.org,4218032945,2368
2369,Michael,,cheryl71@example.org,0014122817,2369
2370,Dustin,Patterson,vanessa03@example.net,3973414921,2370
2371,Steven,Cain,erios@example.org,8367026336,2371
2372,Cory,,ashleyconway@example.net,,2372
2373,Robert,Anderson,gravesstacy@example.com,8275043925,2373
2374,Jacqueline,Flores,adamfritz@example.com,6363751260,2374
2375,Michelle,Taylor,thill@example.net,5208845030,2375
2376,Carla,Stevens,patrick73@example.com,4976021462,2376
2377,Melissa,Baker,esmith@example.org,2037392909,2377
2378,Julia,Robertson,Julia.Robertson@exemple.com,,2378
2379,Larry,Compton,bschmidt@example.org,6084998980,2379
2380,Michelle,Perez,rhonda50@example.com,9062529708,2380
2381,Lisa,Carter,lawrencebriana@example.com,0012012801,2381
2382,Daniel,Deleon,joewhite@example.net,4222162332,2382
2383,Paul,Anderson,thomasnorris@example.org,,2383
2384,Stephanie,Decker,joy28@example.com,0015918578,2384
2385,Joshua,Johnson,savagerachael@example.net,4922723729,2385
2386,Samuel,Odom,ucollins@example.org,0012838896,2386
2387,Christopher,Stevenson,heathersimmons@example.net,2462000208,2387
2388,Danielle,Edwards,tonycox@example.net,8494371342,2388
2389,Hayley,Russell,umartinez@example.net,2237940275,2389
2390,Jade,Rodriguez,zcampbell@example.org,9069116876,2390
2391,Danielle,Lee,fgriffith@example.net,1242637934,2391
2392,Dustin,Olson,Dustin.Olson@exemple.com,0019778631,2392
2393,Stephanie,Jones,hawkinsjasmine@example.net,2387501377,2393
2394,Bethany,,shane89@example.com,0017776938,2394
2396,Amanda,Dillon,hmorgan@example.com,1234366831,2396
2397,Jeremiah,Smith,Jeremiah.Smith@exemple.com,8666937197,2397
2398,Ashley,Callahan,samanthahamilton@example.com,2178802671,2398
2399,Paul,Ryan,alexandrawilliams@example.org,9529271165,2399
2400,Mark,Craig,jordan21@example.com,7855674711,2400
2401,Carlos,Jensen,stonewilliam@example.com,0015097805,2401
2402,Victoria,Miller,cody54@example.org,1681300950,2402
2403,Sara,Robinson,austindustin@example.net,7696035117,2403
2404,Thomas,Robbins,lisa73@example.net,9035996413,2404
2405,Adam,,meredith46@example.net,2712231540,2405
2406,Brian,,meganjensen@example.org,2053906804,2406
2407,Samantha,Roach,josephgomez@example.org,8349616522,2407
2408,Carol,Horton,ethanjones@example.com,6348213344,2408
2409,Frederick,Jones,boneal@example.net,,2409
2410,Rachel,,william73@example.com,1988909365,2410
2411,Sarah,Pittman,jonathanschmidt@example.org,9888020730,2411
2412,Pamela,Kennedy,todd05@example.com,7834492288,2412
2413,Marcus,Brown,collinsjennifer@example.org,,2413
2414,Kelly,May,zballard@example.org,0018257149,2414
2415,Jill,Baker,Jill.Baker@exemple.com,3582835159,2415
2416,Daniel,Dunlap,katietaylor@example.org,6498162852,2416
2417,Yesenia,Maxwell,wwallace@example.com,6955209958,2417
2418,Gregory,Smith,perryamy@example.com,7073748384,2418
2419,Bryce,Moore,darren70@example.com,2452756229,2419
2420,Susan,Reed,kknight@example.com,9338548564,2420
2421,Donna,Adams,richardwagner@example.net,6107762011,2421
2422,Christina,Knight,williamsonstephanie@example.org,1613956966,2422
2423,Jodi,Hawkins,byrdmatthew@example.org,7675227317,2423
2424,Brian,,russelldebbie@example.net,,2424
2425,Christopher,Riggs,vpeterson@example.org,1431827001,2425
2426,Cameron,Keller,dallen@example.com,2082637322,2426
2427,Crystal,Robinson,brianfreeman@example.net,1433704109,2427
2428,Brian,Haney,sarapetersen@example.org,0014064249,2428
2429,Gerald,Keller,ugriffin@example.com,1983947286,2429
2430,Samantha,Robinson,Samantha.Robinson@exemple.com,0012347185,2430
2431,Peter,Velazquez,michael96@example.com,0013349383,2431
2432,Dawn,Morton,cody68@example.net,8769923881,2432
2433,Donna,Wilson,brownjohnathan@example.net,2249807842,2433
2434,Johnny,Cruz,yolanda05@example.com,8506259447,2434
2435,Holly,,lisa87@example.net,9198061544,2435
2436,Sylvia,Shaw,Sylvia.Shaw@exemple.com,0018416963,2436
2437,Tiffany,Warner,jenniferford@example.com,,2437
2438,Denise,Cisneros,cpena@example.net,0018167634,2438
2439,Timothy,Long,eric92@example.org,1520714575,2439
2440,Aaron,Ray,dixonamy@example.com,0014036978,2440
2441,Robert,Lewis,zblake@example.org,0018325940,2441
2442,Alyssa,Pearson,cory88@example.net,,2442
2443,Madeline,Martinez,lukecurry@example.org,6399256997,2443
2444,Crystal,Bell,ubailey@example.com,0017205985,2444
2445,Kerry,Perez,ygibson@example.org,1538487913,2445
2446,Scott,,Scott.null@exemple.com,4153929254,2446
2447,Brittney,Bean,Brittney.Bean@exemple.com,5202391954,2447
2448,Paula,Williams,reevesconnie@example.org,9635894936,2448
2449,Heather,Alexander,Heather.Alexander@exemple.com,5336124127,2449
2450,Mary,Torres,jamespotts@example.net,7772176457,2450
2451,George,Oliver,adam15@example.net,5378912080,2451
2452,Brian,Hill,hbailey@example.net,,2452
2453,Brian,Smith,philliphernandez@example.com,8297794928,2453
2454,Jennifer,Fisher,bstein@example.com,5339339746,2454
2455,Benjamin,Chase,karnold@example.net,1645235905,2455
2456,Brianna,Smith,ythomas@example.com,6162535499,2456
2457,Jennifer,,millertravis@example.com,8884510799,2457
2458,Mitchell,Rivera,rebecca73@example.com,0012128225,2458
2459,Alan,Gaines,cynthiaallen@example.org,0012882742,2459
2460,Daniel,Fernandez,morgan60@example.com,,2460
2461,Jessica,Conway,johnsonsusan@example.com,9274110950,2461
2462,Nicole,Morton,ktaylor@example.org,0016947744,2462
3411,Corey,Alexander,Corey.Alexander@exemple.com,3747835057,2463
2463,Haley,Scott,luis15@example.org,5125830444,2464
2464,Madison,Clark,brett70@example.org,,2465
2465,Travis,Bass,wgreen@example.org,,2466
2466,Julia,Baker,davidbrooks@example.com,7229696581,2467
2467,Grace,Johnson,gknight@example.net,0019065754,2468
2468,Ricardo,Bell,steven66@example.com,0018283598,2469
2469,Alexandra,Lee,thomasjason@example.com,5445700101,2470
2470,Justin,Gomez,johnroth@example.com,2426162172,2471
2471,Lindsay,Kelley,alialex@example.com,5822415517,2472
2472,Scott,Archer,kari35@example.org,9123008787,2473
2473,Tyler,,holdenjessica@example.org,,2474
2474,Joshua,Hahn,corylong@example.org,1348307400,2475
2475,Russell,Harris,ocabrera@example.com,5015975907,2476
2476,Jeremy,Montes,sandrapetersen@example.net,1961415647,2477
2477,James,Hawkins,rodriguezterry@example.org,9924066953,2478
2478,Elizabeth,,Elizabeth.null@exemple.com,0018717141,2479
2479,Michelle,Thomas,markwalters@example.com,5903848404,2480
2480,Christine,Roberts,Christine.Roberts@exemple.com,,2481
2481,Danielle,Rose,gross@example.org,5246130494,2482
2482,Valerie,Murray,bryantkathryn@example.com,6405781840,2483
2483,Lisa,Jimenez,Lisa.Jimenez@exemple.com,5637170226,2484
2484,Omar,Schmidt,Omar.Schmidt@exemple.com,4484493854,2485
2485,Jeremy,Bush,aguerrero@example.net,2586169282,2486
2486,Chloe,Holt,carla98@example.net,2963917602,2487
2487,Megan,Green,david34@example.net,9822512198,2488
2488,Joshua,Williams,nstrickland@example.org,0019059445,2489
2489,Alyssa,Jenkins,Alyssa.Jenkins@exemple.com,6346612617,2490
2490,Barry,Goodwin,othomas@example.org,9179204565,2491
2491,Adam,Ramos,wrodriguez@example.org,3624866371,2492
2492,Matthew,Hernandez,inguyen@example.org,,2493
2493,Nicholas,Rivera,kelli16@example.com,9664226540,2494
2494,Angela,Lewis,jmoore@example.org,,2495
2495,Jason,Taylor,erica22@example.com,4336438894,2496
2496,Steve,Hayes,rhonda19@example.org,9087860472,2497
2497,Anthony,Hall,jaustin@example.net,8242245616,2498
2498,Richard,,ericahamilton@example.com,6268751163,2499
2499,Joseph,Shields,petersonbernard@example.com,3456176992,2500
2500,Robin,Lawson,pduncan@example.org,5942773633,2501
2501,Mia,Smith,clarkbrian@example.com,6647679199,2502
2502,Jose,Boyer,cherrykevin@example.org,4356738004,2503
2503,Joseph,Spears,Joseph.Spears@exemple.com,0019784646,2504
2504,Katie,Shepard,amyruiz@example.org,3343333426,2505
2505,Robert,Hughes,glenn68@example.net,4372844165,2506
2506,Amber,Espinoza,laura17@example.com,4308957557,2507
2507,George,Hernandez,ericakelley@example.com,6044031896,2508
2508,Daniel,Bennett,timothydavis@example.org,7975977564,2509
2509,Christopher,Cooper,taylorjoseph@example.net,4334188753,2510
2510,Christopher,Campbell,emcdaniel@example.net,0014765847,2511
2511,Kelly,Spears,kevin97@example.net,0015506612,2512
2512,Stephanie,Stevens,devinhopkins@example.net,9856605374,2513
2513,Marie,Frey,xprice@example.com,6552023914,2514
2514,Logan,Harmon,nwarner@example.com,1370505330,2515
2515,Emily,,Emily.null@exemple.com,0015369541,2516
2516,Sydney,Adams,nholloway@example.net,1219631607,2517
2517,Daniel,Paul,cellis@example.org,6905370592,2518
2518,Wendy,Friedman,acamacho@example.net,0015399361,2519
2519,William,Miller,robert85@example.org,5502386042,2520
2520,Richard,,christianduncan@example.net,5618803965,2521
2521,Peter,Clark,hwilson@example.com,0017272657,2522
2522,Heather,Mills,twalters@example.net,8343946637,2523
2523,Gerald,Knapp,ibradshaw@example.net,0015568061,2524
2524,Justin,Allen,jonesjessica@example.com,1615693841,2525
2525,Robert,Wood,rsnyder@example.com,2032984843,2526
2526,Nancy,Mooney,davidnichols@example.com,0017055239,2527
2527,Paul,Williams,rflores@example.com,3993828090,2528
2528,Dennis,Hunter,fergusonalexis@example.net,0016863506,2529
2529,Julia,George,patricia03@example.net,1592741111,2530
2530,Kristin,Hernandez,katherinefarrell@example.com,9654857384,2531
2531,Kenneth,,fjensen@example.net,3669445303,2532
2532,Amy,Norman,curtistonya@example.org,0014669923,2533
2533,Donald,Baker,vbarrera@example.net,2407681783,2534
2534,Kathy,Lopez,Kathy.Lopez@exemple.com,3396118248,2535
2535,Tammy,Schneider,montgomeryjeffrey@example.net,7749506611,2536
2536,Mark,Rodriguez,ericafisher@example.com,8369367996,2537
2537,William,Rodriguez,williamsbrandy@example.org,8857550780,2538
2538,Kevin,Mitchell,williamsmegan@example.com,0019977937,2539
2539,Tammy,Rodriguez,wshea@example.com,8067483323,2540
88,Susan,Fitzgerald,laurengill@example.org,5918485833,88
2540,Mitchell,Tran,joanne20@example.net,1718808673,2541
2541,David,Holland,carlyhinton@example.com,,2542
2542,Lee,Fleming,nicolepatterson@example.org,6082590430,2543
2543,David,,jacksonhannah@example.net,3653946700,2544
2544,Sarah,Ramos,maria45@example.org,,2545
2545,Amy,,adam18@example.net,0017748975,2546
2546,Aaron,Green,gheath@example.net,2282470949,2547
2547,Haley,Hayden,phillipsheather@example.org,3422252263,2548
2548,Christopher,,perezvalerie@example.com,1344449260,2549
2549,Lindsay,Austin,david35@example.net,4987869011,2550
2550,John,Miller,wfigueroa@example.org,5304169307,2551
2551,Bonnie,Walker,vmcclure@example.com,0018546587,2552
2552,Julie,Santana,aschmidt@example.com,,2553
2553,Patrick,Graham,Patrick.Graham@exemple.com,3035072638,2554
2554,Amy,Crawford,shieldschristian@example.org,9343231706,2555
2555,Kimberly,Martinez,jimpatterson@example.org,7798899919,2556
2556,Kristen,Marquez,michelle82@example.com,0018637155,2557
2557,Sean,Lewis,jesse82@example.com,6895591477,2558
2558,Kathy,Stone,jennifer74@example.org,2158376988,2559
2559,Scott,Hart,vargasnicholas@example.net,0012784928,2560
2560,Kimberly,Prince,maxmcbride@example.org,3963140568,2561
2561,Keith,Nguyen,frank22@example.org,1704428598,2562
2562,Steven,Parker,stephencarter@example.org,3917028598,2563
2563,Virginia,Garcia,hwalters@example.com,7087080072,2564
2564,Tracie,Perez,barronamanda@example.com,7787349837,2565
2565,Robert,Kaiser,phoward@example.org,1719236491,2566
2566,Sandy,Clements,kelly51@example.com,,2567
2567,Adam,Mata,erik53@example.org,3439080678,2568
2568,Steve,Irwin,millermarissa@example.org,1481972414,2569
2569,Matthew,Riddle,Matthew.Riddle@exemple.com,9063972878,2570
2570,Kevin,Alexander,dthompson@example.net,1379487509,2571
2571,Jenny,Harrison,maureen50@example.net,,2572
2572,Abigail,Barrera,phillip89@example.net,8128182516,2573
2573,Frank,Cook,owilliams@example.net,,2574
2574,David,Clark,ujones@example.org,7009875780,2575
2575,James,Ross,jacobscott@example.com,1479382597,2576
2576,Michael,Moore,Michael.Moore@exemple.com,1683981996,2577
2577,Hannah,Bryant,kimberly43@example.com,6808627185,2578
2578,Michael,,edavis@example.org,1861406881,2579
2579,Valerie,Jones,michelle69@example.org,4576406812,2580
2580,Jason,,shawn02@example.net,2308317951,2581
2581,Janice,Wright,louis48@example.net,0012483318,2582
2582,April,Edwards,samuelthomas@example.com,2898793612,2583
2584,Nicholas,,whiteanthony@example.org,1614313076,2585
2585,Amanda,Massey,sarah51@example.net,5262735742,2586
2586,Michael,Reid,stephen91@example.org,8648689914,2587
2587,Michael,Garcia,tdavis@example.org,0015507083,2588
2588,Joshua,Diaz,parkalvin@example.com,4354361510,2589
2589,Amanda,Burton,vrobinson@example.org,2665969123,2590
2590,Lindsey,Cole,pspencer@example.org,4433226667,2591
2591,Megan,Boyd,dmartin@example.com,9354687128,2592
2592,Jennifer,Lucas,bharris@example.org,2829837879,2593
2593,Krista,Garrison,george14@example.org,9918114574,2594
2594,Chelsea,Kim,ibarrageorge@example.net,4534338996,2595
2595,Patrick,Cline,Patrick.Cline@exemple.com,5492954803,2596
2596,Sara,Gomez,davidsontina@example.net,,2597
2597,Kaitlyn,Figueroa,gamblejanice@example.com,5557028367,2598
2598,Karen,Alvarado,aaronscott@example.org,5887267068,2599
2599,Brian,Montgomery,cortezjoshua@example.com,9494594128,2600
2600,Daniel,Valentine,amanda55@example.org,0019075543,2601
2601,Monica,Mcmillan,phernandez@example.com,3845528010,2602
2602,Keith,Rocha,halekelly@example.net,6987837007,2603
2603,Duane,Wilson,deaton@example.com,5452730534,2604
2604,Daniel,Merritt,armstrongalvin@example.com,1516924369,2605
2605,Dominique,Luna,stewarttyler@example.net,9436266593,2606
2606,John,Hawkins,xdiaz@example.net,1263563368,2607
2607,Katie,Padilla,murraydavid@example.com,2445956024,2608
2608,Shawn,Jenkins,vbarron@example.org,2967341937,2609
2609,Lisa,Castillo,Lisa.Castillo@exemple.com,7247233204,2610
2610,Paul,Peters,mcmillanveronica@example.org,1800963484,2611
2611,Tiffany,,patrick41@example.com,3327664221,2612
2612,Patricia,Murray,pjarvis@example.com,6603140618,2613
2613,Renee,Anderson,nicholas84@example.org,9656430476,2614
2614,Candace,Simpson,kruegerkayla@example.net,7683981117,2615
2615,Jeffrey,Becker,Jeffrey.Becker@exemple.com,9366253631,2616
2616,Emily,Alvarez,caitlyntaylor@example.com,6325062106,2617
2617,Bianca,Rodgers,nallen@example.net,2526654472,2618
2618,Jimmy,Morales,ashleymartin@example.net,0019073367,2619
2619,Karen,Palmer,whunt@example.net,6365950136,2620
2621,Joseph,Wu,andreajohnson@example.net,3503381210,2622
2622,Kimberly,Montoya,samantha30@example.com,0017628954,2623
2623,Kelly,Harrison,madeline19@example.org,8292730708,2624
2624,Peter,,mackenzie72@example.org,4009267364,2625
2625,Aaron,Bruce,richard51@example.net,9739252034,2626
2626,Amanda,Middleton,haydennathan@example.com,8123414702,2627
2627,Megan,Lam,usanders@example.com,5936917994,2628
2628,Jessica,Williams,russellwright@example.com,2082151940,2629
2629,Brittney,Villanueva,ggrant@example.org,0012987652,2630
2630,James,Klein,woodserika@example.org,5129807476,2631
2631,Sheri,Moore,Sheri.Moore@exemple.com,4195850971,2632
2632,Kyle,Martinez,vperry@example.com,6187054407,2633
2633,John,Jimenez,pburgess@example.org,1616810099,2634
48,David,Ballard,michael82@example.net,9198583238,48
2634,Javier,Simpson,brian99@example.org,6898996591,2635
2635,Susan,Morrison,jamiethompson@example.org,,2636
2636,Jonathan,Scott,aliceford@example.com,0019052754,2637
2637,Andrew,Floyd,Andrew.Floyd@exemple.com,6404922816,2638
2638,Marcus,Martinez,johnsonemily@example.net,1294446070,2639
2639,Dylan,Clark,monicadiaz@example.net,8637589615,2640
2640,Jacob,Jones,beckeraaron@example.org,1523436690,2641
2641,Kimberly,Drake,Kimberly.Drake@exemple.com,0014487441,2642
2642,Robin,Gonzales,valdezmark@example.com,4074813734,2643
2643,Mathew,Bishop,yparker@example.org,2216773720,2644
2644,Lauren,Ballard,charlesscott@example.com,2305097376,2645
2645,Whitney,Sharp,mary32@example.org,4138269176,2646
2646,Adam,Jones,lyoung@example.com,9038861091,2647
2647,Jeffrey,,tyler02@example.org,5678604374,2648
2648,Chase,Patrick,hcharles@example.org,7723898578,2649
2649,Annette,Taylor,collinsshannon@example.net,8776565009,2650
2650,Zachary,Lewis,trevorlevy@example.net,9169021074,2651
2651,Michael,Nelson,Michael.Nelson@exemple.com,2347400248,2652
2652,Christine,Wright,charles32@example.org,7326396533,2653
2653,Kayla,Benson,brandon82@example.net,4385160871,2654
2654,Sydney,Carpenter,john83@example.net,1203797358,2655
2655,Karen,Williams,brent39@example.org,6788909542,2656
2656,Sara,Freeman,troythomas@example.org,8589229824,2657
2657,Justin,Lane,kimberlyhinton@example.com,7268897994,2658
2658,Deborah,Brooks,wharris@example.com,2908176648,2659
2659,Beth,Lara,smithsarah@example.net,1799672192,2660
2660,Charles,May,schultzthomas@example.com,2013925263,2661
2661,Dustin,Larsen,michaelhernandez@example.net,,2662
2662,Joseph,,gryan@example.org,8216471448,2663
2663,Jennifer,Morgan,nicholasgarcia@example.org,1873662071,2664
2664,Ian,Moore,toddruiz@example.org,0012694574,2665
2665,Devon,Fox,wmorris@example.org,2009317788,2666
2666,Kristi,Owen,maria64@example.org,,2667
2667,Joyce,Murphy,jennifer95@example.org,1257511699,2668
2668,Dana,Stout,john43@example.org,1221207230,2669
2669,Valerie,Ramsey,jramos@example.com,3599298345,2670
2670,James,Garcia,courtneyavila@example.org,2626433674,2671
2671,Kathryn,Henson,ashleybrown@example.net,6262490020,2672
2672,Christy,Barrett,brownkimberly@example.com,,2673
2673,Amber,Bell,Amber.Bell@exemple.com,1753468321,2674
2674,Daniel,Smith,yolanda27@example.org,6642060046,2675
2675,Catherine,,butlerkyle@example.org,7527102301,2676
2676,Debra,Thomas,michaelfrederick@example.net,5638835674,2677
2677,William,Martinez,thompsonjeremiah@example.net,1247792830,2678
2678,Jackie,Mccall,matthewmiller@example.net,6912938430,2679
2679,Jeffrey,Carroll,fordryan@example.com,1496438245,2680
2680,Troy,,kingmatthew@example.com,0014772701,2681
2681,Kylie,Hicks,bmiles@example.com,0016463475,2682
2682,Anthony,Gill,wscott@example.org,4183210211,2683
2683,James,Potts,jonathan29@example.net,3563092616,2684
2684,Nicole,Marks,ialexander@example.org,8462664810,2685
2685,David,Smith,ahoover@example.org,0013165904,2686
2686,Annette,Weber,bwright@example.com,1406356408,2687
2687,Philip,Rojas,lstephens@example.com,,2688
2688,Bryan,Wells,Bryan.Wells@exemple.com,7065181152,2689
2689,Stanley,Edwards,mary91@example.com,7012901869,2690
2690,Stephanie,Smith,bcaldwell@example.net,7853273452,2691
2691,Alan,Mann,wardbrandon@example.com,0013322255,2692
2692,Sierra,Morgan,kimberly98@example.com,8334619082,2693
2693,Robert,Fisher,morrissteven@example.com,2058436322,2694
2694,Tara,Allen,cannonmartin@example.net,9585730205,2695
2695,Adrian,Gillespie,julie25@example.net,4185038903,2696
2696,Debra,Nolan,matthewyoung@example.org,0019846949,2697
2697,Travis,Miller,morrissamantha@example.com,2746584928,2698
2698,Thomas,Collins,marie07@example.com,9366188619,2699
2699,Kristi,Simpson,wcrawford@example.com,0013179269,2700
2700,Danielle,Brown,rdavid@example.org,2327462507,2701
2701,Matthew,Pierce,glane@example.org,0013126234,2702
2702,Larry,Cameron,brittanybailey@example.net,0017738396,2703
2703,Cynthia,Clark,plambert@example.com,0012744721,2704
2704,Susan,Flynn,kimberly24@example.com,1565637979,2705
2705,Courtney,Gonzalez,megan11@example.org,6892611841,2706
2706,Rachel,Gray,travis34@example.org,1385769123,2707
2707,James,Jones,shunt@example.org,2982198236,2708
2708,Christopher,Moore,nhoward@example.com,1716722558,2709
2709,Mark,Wright,blane@example.org,3495888981,2710
2710,Erica,Myers,obrown@example.com,2064710373,2711
2711,Vernon,Wilson,judithramirez@example.org,2185200989,2712
2712,Nathan,Chang,davischad@example.net,6198976251,2713
2713,Andrew,Jones,pateljames@example.org,8469184470,2714
2714,David,Jackson,David.Jackson@exemple.com,,2715
2715,Shawn,Leach,wilsonandrew@example.com,1774397689,2716
2716,Eric,Peterson,rodriguezlaura@example.com,6694694115,2717
2717,George,Arnold,tina43@example.org,8472497865,2718
2718,Kelly,Jones,charles33@example.com,1659568798,2719
2719,Charles,Richardson,carsoncharles@example.net,7129723982,2720
2720,Jackie,Martinez,andrea79@example.net,9365852326,2721
2721,Clarence,Haney,eedwards@example.com,6348093815,2722
2722,John,Ramos,josephbenitez@example.org,8294574016,2723
2723,Robert,Sanchez,gatkins@example.org,9424163323,2724
2724,Rhonda,Harvey,wanda65@example.org,5598007700,2725
2725,Adriana,Hutchinson,david96@example.org,6474399075,2726
89,Robert,Bell,andersontanya@example.org,7193127033,89
2726,Bonnie,Dodson,romerojeffrey@example.net,6008562632,2727
2727,Michelle,Price,ypena@example.org,3934443133,2728
2728,Joseph,Duran,amyrhodes@example.com,,2729
2729,Scott,Stanley,johnsoncynthia@example.net,3377211745,2730
2730,George,Sanford,michaelperez@example.com,6418558261,2731
2731,Matthew,Dixon,vargaschloe@example.net,0018258259,2732
2732,Patricia,Wright,spearseugene@example.com,1927367806,2733
2733,Jerry,Schmidt,salazarstephen@example.com,3903533470,2734
2734,Mary,Hardy,woodmathew@example.com,4833309447,2735
2735,Dawn,Preston,lisa34@example.com,9706324498,2736
2736,Angela,Pope,tylerjensen@example.net,5053392742,2737
2737,Adrian,Brown,heatherphillips@example.com,1522575545,2738
2738,Kimberly,Green,wilkersongina@example.org,2777346289,2739
2739,Eric,Rice,uwalker@example.com,4386060576,2740
2740,Hector,Smith,riveramichael@example.com,,2741
2741,Diana,Davis,jwalter@example.com,0018982146,2742
2742,Edward,Wise,bjones@example.org,9512463807,2743
2743,Duane,Hoover,davistroy@example.org,3684259901,2744
2744,Victor,Castillo,xholmes@example.net,9787176535,2745
2745,Angela,,ngarcia@example.net,5788645111,2746
2746,Kimberly,Davis,danielmargaret@example.org,1753954537,2747
2747,Nicholas,Robertson,Nicholas.Robertson@exemple.com,6116020970,2748
2748,Jeffrey,Smith,justinmoore@example.com,1672288970,2749
2749,Daniel,Smith,craigmorgan@example.org,0018989978,2750
2750,Edward,Randall,joshua62@example.net,8074440376,2751
2751,Tonya,Brown,karen77@example.net,3552625367,2752
2752,Raymond,Solis,nsmall@example.net,5615436318,2753
2754,Linda,Daniels,Linda.Daniels@exemple.com,2049064349,2755
2755,Zachary,Crane,markgibson@example.net,3319585754,2756
2756,Amanda,Gentry,johnhart@example.net,2415125679,2757
2757,Carol,Williams,zlewis@example.com,9832519332,2758
2758,Cheryl,Duncan,Cheryl.Duncan@exemple.com,6847406524,2759
2759,Edward,Thomas,westrebecca@example.com,5194740065,2760
2760,Darren,,thomasmiller@example.net,7586150993,2761
2761,Tanya,Carpenter,david42@example.com,0012568310,2762
2762,Tiffany,Hamilton,xfields@example.com,0013917689,2763
2763,James,Mills,harrisvalerie@example.org,8263161400,2764
2764,Steven,Mcdonald,jenna86@example.org,1931777245,2765
2765,Scott,Hines,regina67@example.org,8908391017,2766
2766,Johnathan,Jensen,walkervalerie@example.org,1389552236,2767
2767,April,Griffin,walterjones@example.net,1875286357,2768
2768,Kayla,,tracy15@example.com,0016367436,2769
2769,Susan,Torres,philip24@example.org,8712229199,2770
2770,Gina,Johnson,Gina.Johnson@exemple.com,3676288980,2771
2771,Susan,Roberts,denise94@example.com,6194872537,2772
2772,Joseph,Cole,kayla00@example.org,0016769366,2773
2773,Melissa,Smith,perezderek@example.org,3762714627,2774
2774,Michael,Mills,cainlindsay@example.net,4314506219,2775
2775,Melissa,Garcia,ohicks@example.org,1914430955,2776
2776,Samantha,Martin,lopezmichael@example.org,6649739021,2777
2777,Justin,Morales,matthew82@example.com,7648624708,2778
2778,Jesse,Henson,mauricemartinez@example.net,5724087899,2779
2779,Emily,,ruthlester@example.net,7587701659,2780
2780,Pamela,Stevens,perezkayla@example.com,2896658260,2781
2781,Timothy,Kennedy,duncannorman@example.org,1793596456,2782
2782,Candice,Todd,Candice.Todd@exemple.com,2849039349,2783
2783,Amy,Snyder,frederickvincent@example.org,3177563842,2784
2784,Jack,Leonard,christopher37@example.org,0016952445,2785
2785,James,Adams,othompson@example.com,7874754285,2786
2786,Michael,Rodriguez,jorgewilliamson@example.com,,2787
2787,James,Nelson,James.Nelson@exemple.com,8368662024,2788
2788,Jesse,Beltran,jennifercarr@example.net,,2789
2789,Elizabeth,Mclaughlin,guerrerocynthia@example.net,9175622737,2790
2790,James,Bowman,qking@example.org,8007469374,2791
2791,Gabriela,,brendamann@example.com,6278116327,2792
2792,Anna,Lindsey,davissara@example.org,2919659247,2793
2793,Linda,Jones,beverlyvazquez@example.net,3579437565,2794
2794,Adrian,Molina,hamiltonalexander@example.org,1263370994,2795
2795,Brandon,Smith,mark60@example.net,7839076814,2796
2796,Jennifer,Case,imendoza@example.net,4469987829,2797
2797,Andrea,Hart,jennifermoore@example.org,7406976478,2798
2798,Timothy,Lewis,krista24@example.org,5782909083,2799
2799,Kathy,Banks,lmedina@example.org,2876276471,2800
2800,Angela,Jones,Angela.Jones@exemple.com,1780576283,2801
2801,Ashlee,Williams,rfarley@example.org,4739084383,2802
2802,Phillip,Howard,Phillip.Howard@exemple.com,5539152239,2803
2803,Toni,Leblanc,randalljohnson@example.net,2198907776,2804
2804,Megan,Fleming,alejandrohatfield@example.com,6276814213,2805
2805,Anthony,Allison,mcdonaldshirley@example.com,3434685905,2806
2806,Jill,Smith,markalvarez@example.org,8736352338,2807
2807,Madeline,Wong,walkerlawrence@example.net,7139315419,2808
2808,Veronica,Duncan,paulware@example.com,0012717795,2809
2809,Jacob,Hamilton,lynn51@example.com,,2810
2810,Blake,Wilson,turnernancy@example.net,2765939065,2811
2811,Caleb,,leejames@example.com,9044169645,2812
2812,Lauren,Vasquez,cowancynthia@example.org,8823995653,2813
2813,Samuel,Hernandez,ibeasley@example.org,2624678112,2814
2814,Jennifer,Burton,willisjudy@example.net,7486006934,2815
2815,Cynthia,Paul,joel99@example.org,2629111299,2816
2816,Amanda,Davidson,mitchellshawn@example.com,0018086814,2817
2817,Justin,Russell,wrobinson@example.com,8625256661,2818
49,Jeffrey,Jones,brittany04@example.org,0019218559,49
2818,Teresa,Tate,kellybrian@example.org,3154493396,2819
2819,Sharon,Kelly,mmosley@example.com,3989216755,2820
2820,Daniel,Cortez,christopher70@example.net,1473546040,2821
2821,Dennis,White,nancyrodriguez@example.net,3594790024,2822
2822,Andrew,Hurst,Andrew.Hurst@exemple.com,8392340331,2823
2823,Melissa,Stewart,karenclark@example.net,1404521000,2824
2824,Kimberly,Daniels,bbell@example.net,4793041895,2825
2825,Tyler,Arnold,maddoxsusan@example.org,7847804769,2826
2826,Pamela,Taylor,curtisedwin@example.com,6234105908,2827
2827,Allen,Vazquez,christophermiller@example.org,6165537742,2828
2828,Robert,Young,fwilliams@example.org,3327899241,2829
2829,Adam,Gregory,williamjohnson@example.net,7697257166,2830
2830,Logan,,qallen@example.org,8576449280,2831
2831,Ronald,Jackson,umaddox@example.org,0014663692,2832
2832,Nicholas,Harris,rrobinson@example.org,,2833
2833,Patrick,Baker,damon97@example.com,3609607450,2834
2834,Neil,Poole,hillronnie@example.net,4492186996,2835
2835,Heather,Hamilton,monicabrooks@example.org,3183564825,2836
2836,Julie,Williamson,jtaylor@example.org,7176949896,2837
2837,Dawn,Vazquez,gloria22@example.com,7376386626,2838
2838,Candice,Wise,hrobbins@example.net,1736891905,2839
2839,Valerie,Armstrong,matthew98@example.com,8144540540,2840
2840,Kevin,Roberson,rodriguezjoshua@example.com,0015872486,2841
2841,Adriana,Norris,harmonrebecca@example.com,9168320647,2842
2842,Jessica,Baker,Jessica.Baker@exemple.com,7934655468,2843
2843,Nicholas,Cooper,hdavis@example.net,7282130750,2844
2844,Robert,Nguyen,veronica98@example.net,6637621461,2845
2845,Jesus,Pena,graveselizabeth@example.net,3166207972,2846
2846,Danny,Hurst,martinkristen@example.com,3955289351,2847
2847,Crystal,Perry,williamsmisty@example.com,2044431835,2848
2848,Connie,Lopez,david39@example.net,6379325269,2849
2849,Philip,Smith,doris87@example.org,,2850
2850,Timothy,Davis,david51@example.com,3198639214,2851
2851,Debra,Burke,calexander@example.net,6347094333,2852
2852,Nathaniel,Williams,thomas61@example.org,3248517288,2853
2853,Jenny,Scott,kennethbradley@example.com,7675494928,2854
2854,Kelly,Vincent,arichardson@example.net,6884002808,2855
2855,Tammy,Payne,ysmith@example.net,0014418512,2856
2856,Michelle,Oneal,michaelmann@example.net,3839415286,2857
2857,Shannon,Evans,scott46@example.net,1695961439,2858
2858,Tanner,Williams,jessicagriffith@example.com,8305196722,2859
2859,Brian,Moran,woodsjerry@example.net,6228478170,2860
2860,Derrick,Martinez,josephhamilton@example.net,,2861
2861,Patrick,Cline,joseph36@example.com,1711692666,2862
2862,Tyler,Collins,tonycooke@example.com,,2863
2863,John,Hansen,ihernandez@example.org,6635214722,2864
2864,Trevor,Cox,howardnancy@example.net,5797021813,2865
2865,Kenneth,Rocha,eriksandoval@example.org,4673407747,2866
2866,Sydney,Jenkins,hford@example.com,1598404074,2867
2867,Samuel,Haas,ojohnston@example.org,,2868
2868,Sara,,Sara.null@exemple.com,0017279900,2869
2869,Justin,Larson,uwilliams@example.com,0014032715,2870
2870,Austin,Vega,gomezcarl@example.com,7027081900,2871
2871,Rodney,Ingram,lisa33@example.net,5357200220,2872
2872,Sheila,,smithkristin@example.org,0018406914,2873
2873,Maria,Johnson,ogonzalez@example.net,8014457766,2874
2874,Kimberly,Johnson,mbailey@example.org,3389900707,2875
2875,Teresa,Walker,carmen60@example.org,1649759308,2876
2876,Christian,Miller,braunandrea@example.net,4926442004,2877
2877,Andrew,Hicks,tlamb@example.com,2678999744,2878
2878,Amanda,Stewart,padillamegan@example.org,9956683413,2879
2879,Nicholas,Mayo,Nicholas.Mayo@exemple.com,4304137839,2880
2880,Daniel,Mckee,wilsonregina@example.net,3653619624,2881
2881,David,Richardson,tracey79@example.net,,2882
2882,Joel,Humphrey,ashley55@example.org,0013937277,2883
2883,Sarah,Lamb,amandajohnson@example.net,1505294342,2884
2884,Jessica,Miller,thomas01@example.com,8146931182,2885
2885,Tammy,Clark,gonzalezamy@example.org,,2886
2886,Karen,Hartman,angela97@example.org,9895735800,2887
2887,Calvin,,zlopez@example.net,1257640393,2888
2888,Jasmine,Estrada,Jasmine.Estrada@exemple.com,1288841297,2889
2889,Sheila,Blackburn,austin06@example.org,1688355664,2890
2890,James,Watson,kimberlystout@example.net,8149200881,2891
2891,Jeffrey,Bowman,bryan55@example.org,4943655830,2892
2892,Michael,Murray,michelearroyo@example.net,0014066961,2893
2893,Christine,Hernandez,mcox@example.org,0013896086,2894
2894,Virginia,Olson,mercercrystal@example.com,0017514375,2895
2895,Clayton,Garcia,rosegraham@example.net,0012407387,2896
2896,Jared,Smith,greenelizabeth@example.org,8748910032,2897
2897,Kelly,Atkins,scotthowell@example.com,8714319984,2898
2898,Monica,,aaron25@example.net,,2899
2899,Jesse,King,woodwardtony@example.net,9123286811,2900
2900,William,Hansen,aaron92@example.com,1243531415,2901
2901,Chad,Owens,livingstonmichael@example.org,6005874881,2902
2902,Garrett,,robynrichardson@example.org,3039351147,2903
2903,Matthew,Montgomery,kreyes@example.com,1442758104,2904
2904,Justin,Singh,vincentrobinson@example.com,5427409742,2905
2905,Jake,Castillo,collinmedina@example.net,,2906
2906,Cameron,Hernandez,sarahcoffey@example.com,8109022486,2907
2907,Sarah,Wilson,dbutler@example.org,1508274738,2908
2908,Crystal,Barnes,flowersmaria@example.org,5698243243,2909
2909,Christina,Abbott,thorntonrobert@example.net,5352484227,2910
2910,Steven,Glass,travis38@example.org,4897216211,2911
2911,Jennifer,Mcdaniel,uwright@example.com,1373551189,2912
2912,Natalie,Alvarado,jonathanoliver@example.org,3027506668,2913
2913,Mark,Clark,currysteven@example.com,4923674720,2914
2914,Christopher,Adkins,kmorris@example.org,0013968097,2915
2915,Daniel,Walker,linda96@example.com,3445758869,2916
2916,Linda,Nichols,fmayo@example.org,6476711014,2917
2917,Michael,Savage,madison18@example.net,1637703093,2918
2918,Alicia,,christinaglass@example.net,1547945200,2919
2919,Katrina,Hughes,vhill@example.com,,2920
2920,Misty,,david59@example.com,6912419046,2921
2921,Veronica,Lewis,cameron45@example.net,2722805300,2922
2922,Tyler,Adams,reyeslinda@example.com,8817860944,2923
2923,Angela,White,Angela.White@exemple.com,0017333210,2924
2924,Alan,Nelson,hparsons@example.net,,2925
2925,Jeffrey,Moore,aaron32@example.net,5068072013,2926
2926,Patrick,Burns,Patrick.Burns@exemple.com,6816161669,2927
2927,James,Morrison,kforbes@example.net,4099429811,2928
2928,Vincent,Rocha,pamela02@example.com,6288615080,2929
2929,Brittany,Garrett,erincabrera@example.com,7972029991,2930
2930,Cynthia,Smith,fmccormick@example.com,6772120069,2931
2931,Megan,,uanderson@example.org,9043186269,2932
2932,Peggy,Kirby,thomasbond@example.net,4567187514,2933
2933,Phillip,Hall,stacybuckley@example.net,4773861039,2934
2934,Rebecca,Johnson,sonyadavenport@example.org,,2935
2935,Susan,Briggs,sandovalchristine@example.org,0018682219,2936
2936,Crystal,Garcia,adam38@example.com,5108872304,2937
2937,Andrew,Church,farleydonna@example.com,1358737624,2938
2938,Kevin,Long,sierraprice@example.com,7972391390,2939
2939,Emily,Garcia,carolyn85@example.net,3664152806,2940
2940,David,Rodgers,stoutdavid@example.net,6169487429,2941
2941,Kimberly,Chavez,waltersbrittany@example.org,7983220392,2942
2942,Daniel,Jenkins,vpowell@example.com,2777515683,2943
2943,Sarah,Martin,montgomeryheather@example.com,5177836912,2944
2944,Kimberly,Gordon,dlowe@example.net,3096436411,2945
2945,Katherine,Keith,anahunt@example.com,7475913838,2946
2946,Thomas,Perkins,mcgrathkathy@example.org,,2947
2947,Barry,,coffeychristopher@example.com,5783049461,2948
2948,Stephen,Anderson,simmonskatie@example.net,0014762226,2949
2949,Stephen,Ballard,cody57@example.net,5828689408,2950
2950,Angelica,,chad42@example.net,4746330402,2951
2951,Sarah,Hart,josephdyer@example.net,0018192069,2952
2952,Donna,Sanders,donnaroberts@example.net,0015236701,2953
2953,Jeremy,Rodriguez,perezstacey@example.net,0012832194,2954
2954,Jason,Johnson,carrielucero@example.org,1575258535,2955
2955,Ryan,Parsons,adamaustin@example.net,4746105746,2956
2956,Elizabeth,Hill,yjones@example.org,7498509689,2957
2957,Pamela,Welch,steve00@example.net,5983240772,2958
2958,James,Howard,wendy20@example.org,4397887875,2959
2959,James,Bailey,butlerjohn@example.net,9574680417,2960
2960,Yesenia,,owilliams@example.net,,2961
2961,Mary,Deleon,jacksonlaura@example.net,6223635275,2962
2962,Bridget,,phillipsalexis@example.com,0012909712,2963
2963,Erik,Patterson,morganlopez@example.org,8315861021,2964
2964,Alicia,Kerr,roberta34@example.net,5642759871,2965
2965,Tina,Wolfe,brianna64@example.net,7327161464,2966
2966,Dan,,amy25@example.com,9953644365,2967
2967,Kayla,Parker,emonroe@example.com,,2968
2968,Shirley,Salazar,ijacobs@example.net,7479075670,2969
2969,Kathleen,Campbell,Kathleen.Campbell@exemple.com,7015764537,2970
2970,Jennifer,Nelson,Jennifer.Nelson@exemple.com,5393243375,2971
2971,Steven,,Steven.null@exemple.com,2022085537,2972
2972,Janet,Melton,ncruz@example.org,0014175954,2973
2973,Timothy,Gamble,jonathanhuff@example.org,2283483117,2974
2974,John,Pena,conwayjay@example.net,0015728243,2975
2975,Kevin,Pitts,antonio61@example.net,0015458660,2976
2978,Dale,Sparks,freemankaren@example.com,3466911703,2979
2979,Joshua,Sullivan,warrenerika@example.org,2866318081,2980
2980,Margaret,Salinas,justinhernandez@example.net,8509476968,2981
2981,Destiny,Torres,dzimmerman@example.org,0018854037,2982
2982,Megan,Castillo,prestonjoseph@example.org,9917000722,2983
2983,Elizabeth,Myers,julienunez@example.org,7096069966,2984
2984,Eric,Vincent,jeanmeyers@example.org,5108990794,2985
2985,Charles,Nunez,apatel@example.net,2944020214,2986
2986,Jared,Massey,alopez@example.org,0016064341,2987
2987,John,Martinez,lesliekent@example.org,1484821516,2988
2988,Rachel,Barrett,Rachel.Barrett@exemple.com,4923172962,2989
2989,Kenneth,Carlson,Kenneth.Carlson@exemple.com,1833891614,2990
2990,Sabrina,Johnson,Sabrina.Johnson@exemple.com,8879112590,2991
2991,Jennifer,Wright,douglasnicole@example.com,3387097785,2992
2992,Emily,Hurst,Emily.Hurst@exemple.com,8705038329,2993
2993,Janet,Salazar,jamie65@example.net,8553842358,2994
2994,Jon,Gilbert,Jon.Gilbert@exemple.com,1432590454,2995
2995,Michelle,Vazquez,Michelle.Vazquez@exemple.com,1577973756,2996
2996,Eric,Ferguson,brandon67@example.org,0013899340,2997
2997,Mary,Ellis,edeleon@example.com,1535264608,2998
2998,Jessica,Hill,knightmelissa@example.net,2012732451,2999
2999,Cassandra,Gaines,rodriguezsamuel@example.net,3194270885,3000
3000,Ashley,Weber,bhoward@example.com,4516429639,3001
3001,Donald,Velasquez,morrowomar@example.org,9846898006,3002
3002,Kathy,Kelley,jacquelinejohnson@example.net,6596910429,3003
3003,Victor,Swanson,qwillis@example.net,0013854499,3004
3004,Kayla,Knapp,mary07@example.org,5902914386,3005
3005,Hannah,Morris,rshaw@example.net,6619150425,3006
2977,Sally,Palmer,rlawson@example.org,,2978
3006,Kathryn,Mann,fullerrobert@example.org,4643100018,3007
3007,Vincent,Campbell,rebeccastark@example.com,2537407334,3008
3008,Natalie,Ball,lmurillo@example.net,2777311476,3009
3009,Robert,Nguyen,deannathompson@example.org,9863490622,3010
3010,Zachary,Conway,jasonmitchell@example.com,,3011
3011,Miguel,Duncan,shuff@example.com,8646752982,3012
3012,John,Sanchez,robertcampbell@example.com,0016139905,3013
3013,William,Rogers,riverakelly@example.org,0017233538,3014
3014,Elizabeth,Snow,caitlyn52@example.net,1523878751,3015
3015,Matthew,Humphrey,qnorman@example.com,1852357088,3016
3016,Melissa,Thornton,kevingordon@example.org,8068559502,3017
3017,Wayne,Payne,christopher94@example.com,1847540348,3018
3018,Matthew,Olson,xmontgomery@example.net,4135553185,3019
3019,Darlene,Yoder,steven77@example.com,7918014150,3020
3020,Francisco,,whitevictoria@example.org,1598398825,3021
3021,Dennis,Huynh,christopher07@example.org,0018634957,3022
3022,Brent,Strickland,kirsten25@example.com,6528729386,3023
3023,Jacqueline,Evans,william51@example.org,0019724376,3024
3024,Lori,Smith,lsmith@example.com,6489382065,3025
3025,Amy,Foster,umcintosh@example.com,0014164518,3026
3026,Norman,Fisher,joshuabradley@example.org,,3027
3027,Emily,Russell,dperkins@example.com,1741717016,3028
3028,Michael,Medina,Michael.Medina@exemple.com,9519415824,3029
3029,Vanessa,Stanley,wilkersonjennifer@example.com,1255794559,3030
3030,Joshua,Carson,brichardson@example.net,1596509283,3031
3031,Carmen,Gibson,christopher49@example.com,4653966229,3032
3032,Andrew,Matthews,kevin45@example.net,4283346454,3033
3033,Julie,Eaton,stephaniejones@example.net,0016944416,3034
3034,Patrick,Bolton,susan43@example.org,1374261873,3035
3035,Cassandra,Mack,Cassandra.Mack@exemple.com,0016763245,3036
3036,Cynthia,Richardson,mccarthybryce@example.org,7643190770,3037
3037,Kathryn,,danielcollins@example.com,0018489510,3038
3038,Shelby,Alvarado,palmerjennifer@example.net,7765211422,3039
3039,Renee,Brown,Renee.Brown@exemple.com,8955789119,3040
3040,Timothy,Williams,brian47@example.org,9666582683,3041
3041,Stephen,Lee,collierpamela@example.net,,3042
3042,Kathryn,Wilkerson,mirandadouglas@example.org,8383683272,3043
3043,Eric,Butler,emma76@example.net,0012568799,3044
3044,Curtis,Jacobs,kpaul@example.com,9588980310,3045
3045,Joyce,Nunez,chelseasmith@example.com,4928626226,3046
3046,Brian,Johnson,isolomon@example.net,2499056636,3047
3047,Todd,Taylor,johnsonjeremy@example.com,7338688502,3048
3048,Jennifer,Stephens,melissawilliams@example.org,1443225914,3049
3049,Amber,Benson,Amber.Benson@exemple.com,1466926835,3050
3050,Christine,Jackson,Christine.Jackson@exemple.com,8317888389,3051
3051,Andrew,Bryant,nathan18@example.com,3469330395,3052
3052,Adam,Nguyen,jon48@example.com,1942913018,3053
3053,Bobby,Lewis,deannamccarthy@example.net,7178717557,3054
3054,Anthony,Malone,kellerjack@example.org,4055881213,3055
3055,Kathryn,Haley,gcampbell@example.net,1837613030,3056
3056,Scott,,sara33@example.com,9317191601,3057
3057,Mark,Hendricks,kimlong@example.com,3608111333,3058
3058,Amy,Baker,adrienne96@example.net,7852982355,3059
3059,Marvin,Jones,joynguyen@example.com,8045529137,3060
3060,Christopher,Green,cwalker@example.com,1598618285,3061
3061,Brenda,Flores,calebpennington@example.net,,3062
3062,Stanley,Greer,Stanley.Greer@exemple.com,1211496245,3063
3063,Diana,Wagner,joshua73@example.net,8547289032,3064
3064,Monique,Garcia,damonmercado@example.net,4785797767,3065
3065,Donald,Warner,uandrews@example.net,5953009533,3066
3066,James,Williams,scotthughes@example.net,2434173970,3067
3067,Robert,May,mcintyreamanda@example.org,0013802282,3068
3068,Laura,Fischer,clarkdawn@example.org,8233826523,3069
3069,Jeanne,Edwards,thomas30@example.com,3426639588,3070
3070,Kenneth,Cantu,ythomas@example.net,7239784627,3071
3071,Christopher,Richardson,bcook@example.com,4203254422,3072
3072,Haley,Brown,sherrymarshall@example.com,3813152935,3073
3073,Michael,Schwartz,patricia55@example.com,1453245742,3074
3074,Andrew,Ali,ethornton@example.net,1719560999,3075
3075,Tracy,,ksimon@example.com,2062975438,3076
3076,Jessica,Wilson,johnny30@example.com,4769787729,3077
3077,Aaron,Silva,anthony37@example.net,3538171861,3078
3078,Jennifer,Acosta,mercadotroy@example.net,4695793560,3079
3079,Lauren,Carter,dstafford@example.net,1522484211,3080
3081,Jackie,Salazar,kallen@example.org,9078907606,3082
3082,Samuel,Mills,lopezrobert@example.com,6733702198,3083
3083,George,Wilson,swalton@example.org,3693664211,3084
3084,Bryan,,ross53@example.net,2152335859,3085
3085,Christina,Zamora,ebecker@example.com,7017620962,3086
3086,Daniel,Shaw,zmaldonado@example.org,3476019887,3087
3087,Paul,Simpson,lfisher@example.net,1223237851,3088
3088,Robert,Lawson,lgonzalez@example.com,8926669866,3089
3089,Kim,Davis,iguzman@example.net,7538479881,3090
3090,Jason,Waller,zmoody@example.org,1806649138,3091
3091,Jack,Lewis,stephanie54@example.net,1913567175,3092
3092,Jeffrey,Smith,rebeccajones@example.org,0018962620,3093
3093,Nicolas,Brown,coreymorris@example.net,9628085686,3094
3094,Jill,Ward,rebeccabauer@example.com,1418250703,3095
3095,Kim,Braun,sharon30@example.com,1480373174,3096
3096,Michele,Johnson,christinamorris@example.com,,3097
3097,Daniel,Parsons,peggypope@example.net,,3098
3098,Dawn,Sims,ohoffman@example.org,8479584806,3099
3080,Wendy,,scott22@example.org,2723673040,3081
3099,Christopher,Durham,lisa58@example.net,0016348827,3100
3100,Steven,Yates,richardwilson@example.net,7564796119,3101
3101,Sarah,Vance,kingcarolyn@example.net,4764443051,3102
3102,Jared,Webster,whitetina@example.com,1200246089,3103
3103,Suzanne,Dorsey,hallkelly@example.net,7667000963,3104
3104,John,Bradley,erichmond@example.org,0016236648,3105
3105,John,Green,emily12@example.com,5793804663,3106
3106,Rebecca,Nguyen,angelasanders@example.org,0012199087,3107
3108,Sandra,Jones,tylerlowery@example.net,,3109
3109,Brooke,,afrost@example.com,,3110
3110,Melinda,Allen,zachary45@example.com,7719251645,3111
3111,Kimberly,Phillips,bryanmurphy@example.net,5043744562,3112
3112,Amy,,agamble@example.com,1845676886,3113
3113,Amy,Richmond,Amy.Richmond@exemple.com,9873073969,3114
3114,Michael,Roman,tmay@example.com,6272554509,3115
3115,Donna,Santos,whitenancy@example.com,8065026935,3116
3116,Erin,Love,speterson@example.com,,3117
3117,Karen,,washingtonscott@example.org,0013796658,3118
3118,Tyler,Carter,caitlin85@example.net,8496825182,3119
3119,Erica,Allen,hburnett@example.com,6126036147,3120
3120,Julie,Wood,richardpowell@example.net,3883715085,3121
3121,Lee,Parker,cheryl36@example.org,5865532891,3122
3122,Shawn,Mcguire,leslie92@example.net,6495127805,3123
3123,Natalie,Ruiz,alanwaller@example.org,9236152922,3124
3124,Antonio,Green,franciscowatkins@example.com,2822666039,3125
3125,Lisa,King,brent84@example.org,6165154764,3126
3126,Victor,Miller,huntstephanie@example.org,0018299096,3127
3127,Tyler,Reid,dawn30@example.org,6856968960,3128
3128,Crystal,Barnett,pfletcher@example.net,7074973807,3129
3129,Lindsay,Stark,vramsey@example.net,3978511562,3130
3130,Julie,Davis,joshuagomez@example.net,1424612333,3131
3131,John,,john58@example.com,,3132
3132,Austin,Little,pamela99@example.com,0017868021,3133
3133,David,Lam,lozanorobert@example.com,6209436009,3134
3134,Erica,Johnson,Erica.Johnson@exemple.com,5106747015,3135
3135,Kayla,Horton,stacyfloyd@example.net,6683523714,3136
3136,Vincent,,ljones@example.org,7356541424,3137
3137,Renee,Bauer,ueaton@example.net,1326535069,3138
3138,Cheyenne,,jacksonashley@example.com,9788547839,3139
3139,Jonathan,Henson,cberg@example.org,1299622826,3140
3140,Aaron,Reed,clarkandrew@example.net,9054852921,3141
3141,Jillian,Moore,yhernandez@example.org,0019866562,3142
3142,Robin,Burke,kevin72@example.com,,3143
3143,Randall,Thomas,marissawhitaker@example.com,1706960271,3144
3144,David,Martinez,alejandragonzales@example.com,9722709175,3145
3145,Joshua,Davis,lori41@example.net,0013249290,3146
3146,Carrie,Blackwell,vjensen@example.org,4907956606,3147
3147,Michael,Dean,leroy33@example.com,9955710390,3148
3148,William,Graves,adrienne30@example.com,8459382837,3149
3149,Christopher,Livingston,garzaronnie@example.org,6382697278,3150
3150,Levi,Greene,brian57@example.org,6926148329,3151
3151,Joseph,Cruz,Joseph.Cruz@exemple.com,0012838513,3152
3152,Gabriela,,markpalmer@example.org,2346623849,3153
3153,John,Romero,zjohns@example.org,9488500633,3154
3154,Peggy,Cantrell,hortonsteven@example.net,8694749785,3155
3155,George,Alvarez,rkramer@example.com,5434048650,3156
3156,Tyler,Miller,oholland@example.net,0015838788,3157
3157,Nancy,Valenzuela,frankcopeland@example.net,0017224707,3158
3158,Arthur,,Arthur.null@exemple.com,,3159
3159,Thomas,Martinez,bjackson@example.org,7326800315,3160
3160,Tonya,Rivas,kaylawillis@example.com,9332048338,3161
3161,Justin,Taylor,stricklandsabrina@example.net,7394230896,3162
3162,Matthew,Thompson,vasquezjennifer@example.net,0019049387,3163
3163,Katrina,Fleming,tamara90@example.net,6434192192,3164
3164,Michael,Glover,Michael.Glover@exemple.com,1890346697,3165
3165,Susan,Acosta,jwalsh@example.com,0013826183,3166
3166,Leonard,Randolph,lucas58@example.org,6012331273,3167
3167,Kimberly,Spears,lawrencewagner@example.com,1808570192,3168
3168,Yvette,Rhodes,jvelasquez@example.com,8685263203,3169
3169,Beth,Hamilton,ohill@example.org,4282745777,3170
3170,Brittany,Gibson,pamelaguzman@example.org,6688751595,3171
3171,Sandra,Thomas,scottgarcia@example.net,9733856757,3172
3172,Walter,Gibbs,garciastephanie@example.net,7174701714,3173
3173,Eric,Dunn,sjones@example.com,5375466106,3174
3174,Joshua,Arias,rharvey@example.com,,3175
3175,Katrina,Flores,Katrina.Flores@exemple.com,,3176
3176,Latoya,Miller,johnsonjoseph@example.org,2692742762,3177
3177,Victoria,Campbell,richardmullen@example.net,4817171591,3178
3178,Brianna,Martinez,thomas49@example.org,9458517584,3179
3179,Melanie,Lee,vking@example.net,1691705517,3180
3180,Jose,Peterson,charles74@example.org,8794580355,3181
3181,Gregory,Terry,davisbrenda@example.net,4007123893,3182
3182,Douglas,Fuller,kingralph@example.org,1852411972,3183
3183,Robert,Scott,jonathancollins@example.com,4528607644,3184
3184,Christian,Stevenson,edwincruz@example.org,6952251719,3185
3185,Ray,Moore,johnbailey@example.net,0014689235,3186
3186,Maria,Delgado,julia32@example.org,,3187
3187,Rachel,Hayden,lowerebecca@example.com,2439517839,3188
3188,Pamela,Bradley,christopherwilliams@example.com,6949858417,3189
3189,Matthew,Davies,chris65@example.com,3348094387,3190
3190,Sheri,,william34@example.com,1403919803,3191
3191,Julie,Crawford,cruzchristopher@example.com,8787042370,3192
3192,Juan,Campbell,annettejackson@example.org,2002394078,3193
102,Maria,Jimenez,kennethtaylor@example.org,5898724299,102
3193,Robin,Garcia,zkennedy@example.net,0019495195,3194
3194,Lauren,Dunn,taylorstanley@example.com,7883778127,3195
3196,Shelby,Torres,Shelby.Torres@exemple.com,2893811910,3197
3197,Nancy,Simmons,ptorres@example.com,9898890251,3198
3198,Michelle,Hernandez,plee@example.org,7519358220,3199
3199,Alicia,Lewis,samantha54@example.org,1242757987,3200
3200,Patrick,Sanchez,debra63@example.com,7578144226,3201
3201,Rebekah,Waters,kellyjones@example.org,8662094591,3202
3202,Seth,Hoffman,phanson@example.net,1470989199,3203
3203,Michael,Johnson,gdouglas@example.net,0015108954,3204
3204,Nathan,Hill,Nathan.Hill@exemple.com,2828751355,3205
3205,Jason,Cunningham,patricia46@example.com,,3206
3206,Stephanie,Brady,ashleybates@example.org,1217600776,3207
3207,Patricia,Kelly,Patricia.Kelly@exemple.com,5985004784,3208
3208,Christina,Butler,jennifer25@example.net,3582707259,3209
3209,Timothy,Henderson,michaelholland@example.org,2015425647,3210
3210,Gary,Howard,richard58@example.org,3368084520,3211
3211,Stephen,Payne,thomas10@example.com,6118293454,3212
3212,Robert,Brennan,tracyroberts@example.org,7406258545,3213
3213,Ann,Aguilar,reyesmichael@example.org,8557799534,3214
3214,Daniel,Meadows,gonzalezrobert@example.com,1948597932,3215
3215,Mark,Gallagher,amandamatthews@example.org,,3216
3216,Denise,Stanley,bradleyadams@example.net,9622066609,3217
3217,Julia,Taylor,browndaniel@example.com,4673045722,3218
3218,Shawn,Johnson,christine59@example.net,0015057472,3219
3219,John,Bass,John.Bass@exemple.com,7648199464,3220
3220,Rodney,Green,annemcdaniel@example.net,0017969037,3221
3221,Amanda,Leon,meganvazquez@example.org,9398450272,3222
3222,Amanda,Garcia,harrislisa@example.net,2313729170,3223
3223,John,Simpson,chrismcgrath@example.org,3856982066,3224
3224,Mark,Carney,cookkathleen@example.com,0017287080,3225
3225,Justin,Underwood,gwolfe@example.org,8838508546,3226
3226,Beverly,Small,hrichards@example.net,7555457999,3227
3227,Nicole,Mitchell,urodriguez@example.org,1599584578,3228
3228,Marcus,Fisher,kaitlynhansen@example.com,,3229
3229,Jack,Armstrong,jrose@example.net,2138021037,3230
3230,James,Li,lindsay60@example.com,1587484060,3231
3231,Edwin,Miles,kimberlystevens@example.net,9395281695,3232
3232,Steven,Vasquez,leetony@example.org,1496644751,3233
3233,Jon,Palmer,sara93@example.org,2037188621,3234
3234,Caleb,Salas,svillarreal@example.com,9796864084,3235
3235,Daniel,Edwards,Daniel.Edwards@exemple.com,,3236
3236,Jose,Butler,olivernicole@example.org,,3237
3237,Ashley,Nguyen,isaaccook@example.com,1593330084,3238
3238,Christina,,alyssa90@example.com,5117153836,3239
3239,Michael,Cole,martinezelizabeth@example.com,3857186115,3240
3240,Nicole,Wilson,robertnelson@example.com,1797555442,3241
3241,Timothy,Ramirez,fbradshaw@example.com,1272820410,3242
3242,Jimmy,Snyder,tylerhall@example.net,3178266578,3243
3243,Randall,Ferguson,andre08@example.com,1305869255,3244
3244,Victoria,Delgado,jesse33@example.com,7022510572,3245
3245,Scott,Smith,julie05@example.net,9824874484,3246
3246,Sonya,Brown,brenda13@example.com,8648781752,3247
3247,Crystal,Medina,lopezjessica@example.com,5439053846,3248
3248,William,Pittman,xhopkins@example.net,3776378006,3249
3249,Norman,Smith,richardcunningham@example.com,1898534793,3250
3250,Lori,Brady,rrobles@example.com,8546724773,3251
3251,Meredith,Harper,longcaitlin@example.net,6985275521,3252
3252,Deanna,Valdez,donaldkennedy@example.com,7672545476,3253
3253,Megan,Robbins,michele53@example.com,7842759224,3254
3254,Adam,Mcgrath,dford@example.org,,3255
3255,Latoya,Palmer,alyssa77@example.com,1809546850,3256
3256,Angela,Jones,ashleybarry@example.org,1250854765,3257
3257,Christina,Middleton,amandayoung@example.net,5369021536,3258
3258,Jillian,Santos,markwilson@example.net,4462939995,3259
3259,Amber,Castillo,urivera@example.net,0015677217,3260
3260,Tara,,jerry60@example.net,9562522441,3261
3261,Roy,Vasquez,Roy.Vasquez@exemple.com,,3262
3262,Kyle,Maxwell,christinezavala@example.net,3356822822,3263
3263,Vanessa,Harrison,nicholas50@example.net,6204821070,3264
3264,Jimmy,Lang,Jimmy.Lang@exemple.com,4194172786,3265
3265,Thomas,Hawkins,nevans@example.net,,3266
3266,Tammy,Watts,zjimenez@example.com,1254908990,3267
3267,Timothy,Andrews,michael11@example.org,8057003134,3268
3268,Penny,Thornton,glopez@example.com,0015739139,3269
3269,Stacey,Williams,Stacey.Williams@exemple.com,4094311497,3270
3270,Corey,Brandt,kjones@example.com,,3271
3271,Dylan,Torres,troy62@example.org,5607322937,3272
3272,Amy,Clark,ftravis@example.net,5093677428,3273
3273,Donna,Anderson,Donna.Anderson@exemple.com,9578275660,3274
3274,Christina,Miller,natalie17@example.org,1709793275,3275
3275,Cory,Briggs,xpena@example.org,0013587499,3276
3276,Joseph,White,rhernandez@example.net,4426286811,3277
3277,Vanessa,Mclaughlin,lesliefranklin@example.com,7864885571,3278
3278,Isabella,Rivera,tkent@example.com,9105701924,3279
3279,Brandy,Hanson,ulee@example.net,1265658878,3280
3280,Sean,Williamson,whammond@example.com,4515092903,3281
3281,Nicole,Olsen,jamiejennings@example.net,0016134837,3282
3282,Richard,Caldwell,donovandeanna@example.org,2183860799,3283
3283,Tiffany,Lloyd,Tiffany.Lloyd@exemple.com,9185335367,3284
3284,Christopher,Haley,Christopher.Haley@exemple.com,3958450940,3285
3285,Randy,Roy,staceydavis@example.org,1631310231,3286
103,Erin,Becker,burkemelanie@example.net,2672869111,103
3286,David,,wtodd@example.org,1806852516,3287
3287,Elizabeth,Cummings,jreid@example.com,9442462027,3288
3288,Michael,Curry,randy44@example.org,1378935271,3289
3289,Darius,Brown,longwilliam@example.com,4729404786,3290
3290,Jennifer,Thomas,Jennifer.Thomas@exemple.com,6043278921,3291
3291,Linda,Jones,williamferguson@example.com,9407045903,3292
3292,Ralph,Adams,veronica45@example.net,5888846089,3293
3293,Jordan,Campbell,garciaann@example.net,2092992450,3294
3294,Pamela,Leonard,charles41@example.net,1462993032,3295
3295,Kevin,Pacheco,jaclyn27@example.org,3029892510,3296
3296,Donna,Malone,emeyer@example.com,3312042457,3297
3297,John,Kemp,andrea69@example.net,2192601250,3298
3298,Jennifer,Mclaughlin,gonzalesdiana@example.net,4149539760,3299
3299,Kimberly,,tonya28@example.net,1749725819,3300
3300,Christopher,Munoz,kochryan@example.org,6798022684,3301
3301,Jeff,Brady,debra78@example.org,8684101686,3302
3302,Jill,Thomas,jgray@example.net,1944700588,3303
3303,Adam,Willis,steve08@example.com,3267258114,3304
3304,Victor,Brown,amandachristensen@example.net,,3305
3305,Bryan,Smith,amy95@example.org,6015509471,3306
3306,Christina,,zterry@example.com,6108786663,3307
3307,April,Harding,martinmichael@example.com,4106492130,3308
3308,Cassandra,Chapman,blackdebbie@example.org,6392362121,3309
3309,Jesse,Krause,jennifer30@example.org,9382551372,3310
3310,Adam,Washington,joseph68@example.net,0018854124,3311
3311,Kathleen,Davis,cmcdowell@example.org,0018522254,3312
3312,Jeremy,Callahan,skim@example.com,3918604923,3313
3313,Kristen,Hall,rileyyork@example.org,3254413397,3314
3314,Linda,Ingram,lisa91@example.org,7925532755,3315
3315,Sandra,Morgan,Sandra.Morgan@exemple.com,4164677602,3316
3316,Kellie,Smith,allisonprice@example.com,6119759021,3317
3317,Virginia,Smith,lmckinney@example.net,0013348132,3318
3318,Ashley,Marshall,sherylmcdonald@example.com,0014693432,3319
3319,Heidi,Harding,walkerlori@example.org,,3320
3320,Paul,Garcia,herrerachristopher@example.org,,3321
3321,Jasmine,,elizabeth80@example.com,4796694348,3322
3322,William,Miller,sheilaandrews@example.com,2396387151,3323
3323,Steven,Robertson,anna04@example.com,4355087291,3324
3324,Stacie,Williams,matthew76@example.net,1959466521,3325
3325,Julia,,pward@example.com,1665729062,3326
3326,Elizabeth,,elizabeth78@example.org,4732473766,3327
3327,Tanya,Henderson,williselizabeth@example.net,5845141227,3328
3328,Kathleen,,kristinadouglas@example.com,0018902155,3329
3329,Cheryl,Gutierrez,dmartin@example.com,9857637398,3330
3330,Heather,,kevinknight@example.com,5365627298,3331
3331,Richard,Marquez,kaitlyn25@example.net,1324324194,3332
3332,Randy,Brown,nreed@example.net,0017207942,3333
3333,Kelly,Perez,leonbrittany@example.org,8833319896,3334
3334,Brian,,martinaaron@example.net,1985947441,3335
3335,Robin,Smith,cmccoy@example.org,,3336
3336,Anna,Jones,bdavis@example.net,0018006809,3337
3337,Erin,Howe,jeffrey78@example.com,4724515911,3338
3338,Mark,Johnson,lisa97@example.com,,3339
3339,Rhonda,,qsharp@example.org,5757612462,3340
3340,Gregory,Coleman,victoriaortiz@example.com,8749568010,3341
3341,Joshua,Heath,Joshua.Heath@exemple.com,,3342
3342,Jennifer,Jenkins,hodgesdavid@example.org,7949722416,3343
3343,Brendan,Taylor,johnsonandrea@example.org,0017249794,3344
3344,Kelli,Howard,Kelli.Howard@exemple.com,5179281615,3345
3345,Ashley,Williams,gonzalezrobert@example.com,1486629076,3346
3346,Steven,Thompson,qsanchez@example.net,5415943209,3347
3347,Adam,Houston,tuckerdebbie@example.com,4462722486,3348
3348,Kimberly,Berry,Kimberly.Berry@exemple.com,0014149308,3349
3349,Jose,Little,robert57@example.org,2087386103,3350
3350,Peter,Barry,timothy03@example.com,1916881455,3351
3351,Patricia,Chandler,Patricia.Chandler@exemple.com,3422365462,3352
3352,Cheryl,Arnold,Cheryl.Arnold@exemple.com,9263470912,3353
3353,Travis,Flores,Travis.Flores@exemple.com,1460220162,3354
3354,Andrew,Cisneros,harry25@example.org,1484756672,3355
3355,Daniel,Vance,hunterestes@example.net,7836178319,3356
3356,Deanna,,mcbriderichard@example.org,0016373183,3357
3357,Jonathan,Perkins,sdickerson@example.com,0019198106,3358
3358,Wendy,Rivera,wellsjennifer@example.com,1269511865,3359
3359,Alexander,Romero,april76@example.com,1736893574,3360
3360,Kathryn,Erickson,mark53@example.net,1537504967,3361
3361,Jessica,Mills,brownjeremy@example.net,,3362
3362,Heather,Stewart,shelleycollins@example.net,2805013403,3363
3363,Kenneth,Pineda,tsmith@example.org,0018554220,3364
3364,Brittney,Cook,mphillips@example.org,1921366799,3365
3365,Jennifer,Wilkinson,fgillespie@example.com,1744334332,3366
3366,Karen,Hansen,tmathews@example.com,0015836031,3367
3367,Lisa,Long,adam32@example.com,4532526616,3368
3368,Kristin,Smith,Kristin.Smith@exemple.com,5026016468,3369
3369,David,Cole,ortizjames@example.com,1230724587,3370
3370,Larry,Chapman,robert48@example.com,2705986806,3371
3371,James,Wells,annetteatkinson@example.org,,3372
3372,Lance,Lamb,anna45@example.net,2315665389,3373
3374,Jessica,James,Jessica.James@exemple.com,3264984551,3375
3375,Melissa,Davis,terrykimberly@example.com,0014625674,3376
3376,Billy,Torres,philip14@example.com,1772380215,3377
3377,Robin,Santos,donaldhorn@example.com,1610781616,3378
3378,Todd,Baldwin,erik38@example.org,5007574697,3379
3379,Kylie,,fitzpatrickjonathan@example.org,8469499385,3380
3380,Elizabeth,Khan,danielmiranda@example.org,7374331180,3381
3381,Mandy,Stokes,janet38@example.com,8089401152,3382
3382,Thomas,Powell,garciakarla@example.com,8766227792,3383
3383,Sarah,Pratt,davisvictoria@example.org,9524128402,3384
3384,Joe,Freeman,Joe.Freeman@exemple.com,5546608800,3385
3385,Michaela,Marquez,mark79@example.net,4239674952,3386
3386,Patricia,Murphy,hoffmankevin@example.org,5637827111,3387
3387,Alan,Miller,udelgado@example.org,2177145339,3388
3388,Michael,Wilson,jim55@example.net,0016097256,3389
3389,Michael,Silva,jennifermoss@example.com,4322743382,3390
3390,David,Turner,irowe@example.com,1322605054,3391
3391,David,Carroll,michaeljohnson@example.org,7906109335,3392
3392,Shannon,Ward,mcphersonnancy@example.com,7336514904,3393
3393,Traci,,wilsonmary@example.org,9638373321,3394
3394,William,Morris,erikahughes@example.net,,3395
3395,Taylor,Odonnell,colleencarroll@example.org,0019029123,3396
3396,Daniel,Sanchez,ashley75@example.com,0014738530,3397
3397,Jessica,Pratt,bartlettrobert@example.net,,3398
3398,Kevin,Arroyo,Kevin.Arroyo@exemple.com,1443519827,3399
3399,David,Lopez,zacharywatson@example.net,,3400
3400,Shelly,Nelson,Shelly.Nelson@exemple.com,2527247786,3401
3401,Mariah,Ward,vincentroberts@example.org,1551289772,3402
3402,Jerome,Reid,amanda22@example.com,6172393407,3403
3403,Samantha,Edwards,jeffsmith@example.com,,3404
3404,Caleb,Thomas,wilsonrobert@example.com,4725674202,3405
3405,Shelley,Fox,quinnangie@example.net,3475355583,3406
3406,Gregory,Kerr,henrythomas@example.com,1476319966,3407
3407,Jeffrey,Krause,cameronraymond@example.org,4327417435,3408
3408,Daniel,Armstrong,georgesylvia@example.net,4033110033,3409
3409,Whitney,Richard,susanhunter@example.com,7153924188,3410
3410,Vincent,Smith,Vincent.Smith@exemple.com,7276972218,3411
3412,Robert,White,katiewilson@example.net,0019619407,3412
3413,Matthew,Kelly,gsilva@example.com,7015843256,3413
3414,Jennifer,Martinez,jenniferweber@example.org,,3414
3415,Christopher,Taylor,connie23@example.net,4273117858,3415
3416,Lonnie,,Lonnie.null@exemple.com,2017287474,3416
3417,David,Yates,fking@example.com,0013766563,3417
3418,Allison,Wheeler,kmclean@example.com,4195857839,3418
3419,Jennifer,Calderon,christie37@example.net,,3419
3420,Sandra,Joseph,joshuacuevas@example.net,1283352501,3420
3421,Christopher,Miller,wcuevas@example.net,0012032550,3421
3422,Alexa,Martinez,tommyhughes@example.net,7996892244,3422
3423,Anthony,Trujillo,phenry@example.com,6182199174,3423
3424,Jose,Adams,djones@example.org,8268280907,3424
3425,Frank,Miller,michaellee@example.com,0015468204,3425
3426,Daniel,Cox,meltonshawn@example.org,6776773906,3426
3427,Holly,Andrade,douglas43@example.org,7982944680,3427
3428,Jay,Oneill,ericwhite@example.org,3172026218,3428
3429,Kayla,Bruce,johnsondorothy@example.org,3063320102,3429
3430,Anthony,Wright,katie48@example.org,0017928840,3430
3431,Wendy,Robinson,stephenproctor@example.net,8505961677,3431
3432,Brenda,Pennington,sharon79@example.net,2857994165,3432
3433,Mary,Garcia,sara27@example.net,2968666762,3433
3434,Cheryl,Hoffman,Cheryl.Hoffman@exemple.com,4565743078,3434
3435,Brittany,Jones,gainesmichelle@example.com,3897834027,3435
3436,Alexandra,Kim,lsanchez@example.com,,3436
3437,Michael,Allen,traciepeters@example.net,2709482574,3437
3438,Daniel,Hanna,warddeborah@example.net,3845324145,3438
3439,Dana,Chen,heather02@example.org,5762408636,3439
3440,Joy,Baxter,lisa17@example.com,9265442456,3440
3441,Steve,Byrd,villarrealpatrick@example.net,7937470859,3441
3442,Courtney,Jordan,qlevine@example.org,,3442
3443,James,Richards,callahanwilliam@example.net,0016765270,3443
3444,Veronica,Fernandez,wjones@example.net,3674552971,3444
3445,Michael,Carlson,devinrodriguez@example.net,3525272568,3445
3446,Megan,Johnson,vsilva@example.com,0013224561,3446
3447,Matthew,Ramos,brandon79@example.net,7825077371,3447
3448,Jeremiah,Howard,ldean@example.org,1498870248,3448
3449,Anthony,Ross,david06@example.net,8442563417,3449
3450,Jeremy,West,stevenrobinson@example.org,3103207769,3450
3451,Thomas,King,aaron15@example.org,1882737152,3451
3452,Deborah,Arnold,alexander64@example.org,0018576638,3452
3453,Holly,Bryant,catherinegibbs@example.net,1222388710,3453
3454,Christian,Smith,mpreston@example.com,1764614340,3454
3455,Heather,Blankenship,hernandezmichael@example.net,6304488472,3455
3456,Pamela,Rodriguez,linda84@example.org,6296347857,3456
3457,Tiffany,Michael,uwalker@example.org,5993517495,3457
3458,Scott,Powell,pateljohnny@example.org,4075685261,3458
3459,Adam,Allen,linda29@example.net,0016554063,3459
3460,Michael,Stevens,michelle81@example.net,8159594772,3460
3461,Kathleen,Faulkner,lgarrison@example.com,7718722115,3461
3462,Jeremy,Romero,Jeremy.Romero@exemple.com,9385281657,3462
3463,Makayla,Price,ngraham@example.com,0016866753,3463
3464,Michael,,davidprice@example.net,,3464
3465,Jennifer,Townsend,fowlerwilliam@example.org,4668438049,3465
3466,Alyssa,Payne,justin17@example.org,3077117904,3466
3467,Christina,Wolf,aconway@example.com,1246518408,3467
3468,Robert,Wagner,thomas80@example.com,5292377740,3468
3469,Michael,Martin,melissa70@example.net,7433706679,3469
3470,Sabrina,Marshall,alvareztammy@example.com,5095577384,3470
3471,Antonio,,jpatel@example.org,7567919581,3471
3472,Lisa,Spencer,cole69@example.net,2475936768,3472
91,Christopher,Freeman,yfigueroa@example.org,1280565918,91
3473,Regina,Spencer,nicholemunoz@example.net,2668179807,3473
3474,Thomas,Mitchell,plong@example.net,2095494971,3474
3475,Julie,Thompson,cassandracortez@example.net,1692437122,3475
3476,Kimberly,Black,tgarza@example.net,8032423679,3476
3477,Sean,Ellis,Sean.Ellis@exemple.com,0016496890,3477
3478,Kelly,,juliehall@example.com,0016548519,3478
3479,Dustin,Ross,leekathy@example.com,2669665748,3479
3480,Lisa,Williams,evansjamie@example.net,7605633468,3480
3481,Karina,Miller,mwilliams@example.org,9278712383,3481
3482,Brian,Lawrence,alyssahuff@example.com,0013595137,3482
3483,Michael,,Michael.null@exemple.com,9273614865,3483
3484,Leslie,White,cody10@example.org,1706717312,3484
3485,Melissa,Martinez,ablackwell@example.net,5155396931,3485
3486,Maria,Hall,bhall@example.org,9526569676,3486
3487,James,Moses,samanthapittman@example.org,8529331077,3487
3488,Dana,Fleming,nielsentiffany@example.com,1620682706,3488
3489,Bruce,Schneider,travisbrown@example.org,7362866518,3489
3490,Jacob,Santiago,dwilliams@example.com,2575130646,3490
3491,Kathleen,Mccall,zmarshall@example.com,2735329697,3491
3492,Ashley,Hernandez,collinsmark@example.org,1439952851,3492
3493,Bridget,Black,adam29@example.com,4883160343,3493
3494,Taylor,Adams,gabrielberger@example.com,2678951179,3494
3495,Monica,Glover,kellymelissa@example.net,6562533300,3495
3496,Jeremy,Bishop,lhouse@example.org,8364180059,3496
3497,Cynthia,Beasley,benjamin86@example.net,5828732743,3497
3498,Jennifer,,oglover@example.com,9892492654,3498
3499,James,Weber,vasquezclayton@example.org,4725621788,3499
3500,Travis,Elliott,zcastaneda@example.net,8593807015,3500
3501,John,Evans,mcfarlandsamuel@example.com,4922518292,3501
3502,Alexandra,Fisher,mcbridemichael@example.com,1226469474,3502
3503,Kelly,King,neilgonzalez@example.com,0019977634,3503
3504,Kathryn,Davis,ryandavis@example.net,9238356295,3504
3505,Evan,Dalton,Evan.Dalton@exemple.com,0018564555,3505
3506,Samuel,Williams,gkent@example.net,5789029889,3506
3507,Katherine,Jones,jacqueline86@example.org,2902824695,3507
3508,Cynthia,Marsh,roberthill@example.net,5778815695,3508
3509,Angela,Smith,trobertson@example.com,0012764235,3509
3510,Brenda,Stevenson,paula95@example.com,6828588899,3510
3511,Sheila,Velez,glowe@example.org,9418984267,3511
3512,Kim,Kennedy,stewartmeghan@example.com,,3512
3513,Nathan,,hcoffey@example.com,3385325280,3513
3514,Brandy,Davis,hernandezdennis@example.com,2717547955,3514
3515,Stephen,Stephenson,sadams@example.com,9319502655,3515
3516,Brandon,Wells,courtney38@example.net,5829048354,3516
3517,April,Harmon,kyle22@example.net,8094581489,3517
3518,Debbie,English,james60@example.net,5564479328,3518
3519,Joshua,,sosakelly@example.com,7829971594,3519
3520,Derek,Parker,Derek.Parker@exemple.com,1578458561,3520
3521,Patricia,Walker,rjohnson@example.org,9255933467,3521
3522,Christopher,Boyd,butlermary@example.com,4325207428,3522
3523,Danielle,Smith,skinnerstacey@example.com,0019649640,3523
3524,James,,mooncathy@example.net,4015049837,3524
3525,David,Lewis,daniel03@example.net,0019668148,3525
3526,Angel,Ferguson,jhendrix@example.net,1367995877,3526
3527,Paige,Hamilton,jeffrey06@example.net,4386403882,3527
3528,Pamela,Petty,evansgary@example.org,,3528
3529,James,Banks,hendersonandre@example.org,7099535120,3529
3530,Brandon,Hale,kcampbell@example.org,8847990047,3530
3531,Oscar,Garcia,gabriel83@example.org,0016934733,3531
3532,Jamie,Torres,guerrerojimmy@example.net,8995425779,3532
3533,Alicia,Wallace,millercarlos@example.net,5023847624,3533
3534,Amanda,Lee,darryl98@example.org,2134597625,3534
3535,Wanda,Garcia,morandaniel@example.com,6314637017,3535
3536,Christopher,Banks,nicoleking@example.com,6589847474,3536
3537,Tina,Clark,ireed@example.org,6124270114,3537
3538,Cory,Doyle,tgordon@example.net,0013915190,3538
3539,Robert,Day,daniellenorris@example.com,0018105857,3539
3540,John,Dudley,John.Dudley@exemple.com,8979652947,3540
3541,James,Robinson,omartinez@example.org,6609411368,3541
3542,Jacqueline,Alvarez,sbailey@example.org,4953929180,3542
3543,Michael,Montgomery,rodney04@example.net,0017362156,3543
3544,Willie,Ortiz,joybarron@example.net,9917065575,3544
3545,Carrie,Johnson,johnsonjulie@example.com,6284441532,3545
3546,Richard,Mcguire,shawkyle@example.com,4736989860,3546
3548,Crystal,Bauer,kdalton@example.org,4778742623,3548
3549,Joshua,Reed,garciajames@example.org,8158920134,3549
3550,Ashley,Johnson,dhickman@example.net,2488429557,3550
3551,Lindsay,Mendoza,bhunt@example.com,1261523810,3551
3552,Teresa,Brown,davidjimenez@example.net,0015483769,3552
3553,Meagan,Riley,lindazimmerman@example.com,1638941979,3553
3554,Susan,Arnold,michaelpatel@example.org,9083457548,3554
3555,Sarah,Foster,thomaskimberly@example.org,5177509558,3555
3556,Jeffrey,Dudley,amacias@example.com,0019676141,3556
3557,Allen,Morales,derekmartinez@example.net,9834633221,3557
3558,Jennifer,Ward,Jennifer.Ward@exemple.com,7655699028,3558
3559,Harry,Wilson,Harry.Wilson@exemple.com,4333561481,3559
3560,Kaitlyn,Smith,brendafrazier@example.com,1385276622,3560
3561,Joanne,Barnes,marissamccoy@example.com,,3561
3562,David,Everett,holmesalexis@example.com,0012978313,3562
3563,Leah,Henry,theodore73@example.org,0013483597,3563
3564,Jesse,Rodriguez,alexander43@example.com,1564283642,3564
104,Amy,Walsh,torrestimothy@example.com,3203206578,104
3565,Noah,Crosby,michaelreyes@example.net,3773761143,3565
3566,Brandon,Hamilton,swelch@example.net,2057093656,3566
3567,Anna,Mullen,adambrown@example.net,,3567
3568,Paul,Graham,abaker@example.org,2148276720,3568
3569,Tammy,Roth,edwardschristina@example.net,2229920948,3569
3570,Michelle,Harris,miranda26@example.com,8872513685,3570
3571,Matthew,Stanley,christopher74@example.net,7002075176,3571
3572,Jessica,Sanchez,williamsgrace@example.net,2887940014,3572
3573,Laura,Webb,charlesking@example.net,9405310628,3573
3574,Michelle,Shaw,saraboyle@example.com,6435608737,3574
3575,Courtney,Carpenter,howardstephen@example.net,2056564990,3575
3576,Anthony,Phillips,jeansanchez@example.com,,3576
3577,Amy,Martinez,gloriamata@example.net,4102322927,3577
3578,Jessica,Hawkins,phillipskaren@example.org,0017998844,3578
3579,Paul,Harvey,wesleycook@example.org,1972591035,3579
3580,Raymond,Kim,joshuagallagher@example.net,4566060617,3580
3581,Robert,Ross,jmartinez@example.org,1928616407,3581
3582,Susan,Burns,sullivanmichael@example.com,6176660482,3582
3583,Nathan,Clark,lori60@example.com,9767092081,3583
3584,Michael,Valdez,tcampbell@example.org,1263507214,3584
3585,Donald,Green,stevelewis@example.net,1313937251,3585
3586,Eric,,harmonkimberly@example.com,9724263262,3586
3587,Tony,Gilbert,natashajohnson@example.com,4685235006,3587
3588,James,Martin,lopezbryan@example.com,4658600117,3588
3589,Joshua,Suarez,warrenjohn@example.net,9202484627,3589
3590,Eric,,joel82@example.org,1536901859,3590
3591,Deborah,,gchurch@example.org,9414068560,3591
3592,Andrew,Blake,gpark@example.org,0013447703,3592
3593,Steven,Ford,Steven.Ford@exemple.com,5425787252,3593
3594,John,Wilson,John.Wilson@exemple.com,6152442850,3594
3595,Tammy,Wyatt,ichen@example.net,4848817579,3595
3596,Marcus,Johnson,dallen@example.org,0014495229,3596
3597,Sabrina,Kelly,rleach@example.com,1265858526,3597
3598,Gregory,Maxwell,edgar23@example.org,5466973339,3598
3599,Robert,Welch,Robert.Welch@exemple.com,,3599
3600,Sean,Miles,ryancory@example.org,0018756663,3600
3601,Patricia,Petersen,kiddsheryl@example.org,9567075984,3601
3602,Jeff,Perry,Jeff.Perry@exemple.com,8675179064,3602
3603,Carl,,cynthiafisher@example.com,5099457222,3603
3604,Leslie,Lane,vwilliams@example.org,7415158630,3604
3605,Ronald,,donna55@example.com,1846748080,3605
3606,Steven,Jackson,jonathan26@example.com,2685760429,3606
3607,Allen,Bishop,daniel39@example.net,3217714921,3607
3608,Douglas,Griffith,xpalmer@example.net,3063138062,3608
3609,Carl,Harris,Carl.Harris@exemple.com,1444584966,3609
3610,Ann,Ferguson,david27@example.com,4769727358,3610
3611,Veronica,Moore,brookstonya@example.com,1247895666,3611
3612,Katelyn,Valencia,alexandrachandler@example.org,0012468456,3612
3613,Brittany,Roy,Brittany.Roy@exemple.com,3566644165,3613
3614,Andrea,Munoz,lauracarrillo@example.net,0015165820,3614
3615,Stephanie,Rodriguez,kristi73@example.com,0018275358,3615
3616,Kimberly,Gilmore,christophersingh@example.net,1635816922,3616
3617,Alexandria,Khan,keithwells@example.com,2485572993,3617
3618,Jennifer,Wilson,campbelldawn@example.com,5626214238,3618
3619,Carrie,Robinson,twells@example.net,8883600171,3619
3620,Ryan,Stokes,jacqueline95@example.com,9194991272,3620
3621,Alvin,Coffey,dorothyrobertson@example.net,1684228742,3621
3622,Kevin,Roberts,Kevin.Roberts@exemple.com,0015084200,3622
3623,Nathan,Schultz,melissa86@example.org,2737349424,3623
3624,Dominique,Reid,uporter@example.org,0013744812,3624
3625,Roger,Stewart,christopheradams@example.net,9982638076,3625
3626,Keith,Henson,donaldalvarado@example.org,9278709068,3626
3627,Brian,Maddox,parkstimothy@example.com,6974459386,3627
3629,Charlene,Smith,joneslisa@example.org,8762667613,3629
3630,Rebekah,Roach,mbaker@example.org,7737220320,3630
3631,Jeffrey,Weaver,nlewis@example.net,8433028414,3631
3632,Adrian,Conner,juarezchristopher@example.com,0013975251,3632
3633,Laurie,Brandt,paulaserrano@example.org,5792047304,3633
3634,Kevin,Rivera,albertvaughn@example.com,,3634
3635,Nicholas,Martinez,nturner@example.org,7847057680,3635
3636,Stephanie,Ellison,kevinjackson@example.net,2235369846,3636
3637,Jennifer,Russell,uterry@example.org,,3637
3638,Patricia,Evans,nicholasshepherd@example.net,1579554584,3638
3639,Ian,,erikmcbride@example.org,4505651117,3639
3640,Robert,Barrett,juanevans@example.com,0014324783,3640
3641,Jeremy,Novak,yvelez@example.net,7742440312,3641
3642,Mark,,omcdonald@example.org,5828926894,3642
3643,Christopher,Butler,millercurtis@example.org,1244832360,3643
3644,Zachary,Vega,xparker@example.org,6508920923,3644
3645,Kenneth,Peck,epugh@example.net,0019924263,3645
3646,Anna,Murray,qbennett@example.org,0018778615,3646
3647,John,Charles,nduran@example.net,7529835590,3647
3648,Patrick,Murphy,bryan84@example.net,9523939693,3648
3649,Amy,,ashley49@example.net,6299674762,3649
3650,Joseph,Best,davissheryl@example.net,5282710093,3650
3651,Scott,Atkinson,zimmermanpatrick@example.org,6943212568,3651
3652,Eric,Lawrence,kylejohnson@example.net,7512536153,3652
3653,Stephanie,Moore,phunt@example.com,1622483079,3653
3654,Richard,Craig,salazaraudrey@example.com,3306432839,3654
3655,Erika,,danielberry@example.net,0013306958,3655
3656,Mark,Nash,christensensharon@example.net,3402799914,3656
3657,Monica,Taylor,ipowell@example.com,6357059248,3657
52,Nicole,Andrade,mcclaindenise@example.org,1459366676,52
3658,Sandra,Garcia,mpayne@example.com,5217776426,3658
3659,Alexander,Thompson,lucas11@example.com,4225600340,3659
3660,Richard,White,jennifer61@example.net,4416076239,3660
3661,Edgar,Brock,gene66@example.org,4615669394,3661
3662,Wayne,Santiago,hlee@example.org,0015278872,3662
3663,Cameron,Stone,geraldgonzales@example.org,9202628665,3663
3664,Thomas,Lopez,gary12@example.org,7437630059,3664
3665,Jennifer,Williams,dylanrich@example.net,,3665
3666,Warren,Fowler,brodriguez@example.org,3043467972,3666
3667,Carl,Moore,cole24@example.com,0015674626,3667
3668,David,Miller,david08@example.org,8832856526,3668
3669,Joshua,Shaw,richardellison@example.com,8762208450,3669
3670,Rachel,Young,melissaflores@example.org,0012832092,3670
3671,Steven,Norton,mcintoshbrittany@example.net,2585880515,3671
3672,Jessica,Graves,jcunningham@example.net,8455457451,3672
3673,Adam,Stevens,pinedajames@example.org,,3673
3674,John,Hudson,froberts@example.org,5032075980,3674
3675,Beverly,Davis,qburns@example.org,9008616323,3675
3676,Pamela,Hampton,mercerallison@example.org,1469892841,3676
3677,David,Gonzalez,margaret77@example.com,,3677
3678,Matthew,Summers,tracie75@example.com,1818261310,3678
3679,Cheryl,Walsh,danielglass@example.org,0017079073,3679
3680,Justin,Johnson,nray@example.org,5618782867,3680
3681,Barbara,Ortiz,joshuaatkins@example.org,5843126306,3681
3682,Tracy,Cobb,zachary33@example.net,0013106723,3682
3683,Latasha,Guerrero,jacquelinepowell@example.net,3956215187,3683
3684,Robin,Wang,robert81@example.net,7834225842,3684
3685,Ryan,Wallace,cookjuan@example.com,8154448986,3685
3686,Cynthia,Kelley,bowmanjerry@example.org,1660851777,3686
3687,Shannon,Perez,kingjoseph@example.com,8405507034,3687
3688,Andrew,Leon,josephhinton@example.com,,3688
3689,Lucas,Griffin,hooverkristin@example.net,6925052969,3689
3690,Lucas,Stevens,bondbarbara@example.net,1479334446,3690
3691,Tricia,Joseph,ymartinez@example.net,0016619185,3691
3692,Emily,Medina,ashleyscott@example.com,1965620554,3692
3693,Matthew,Bentley,Matthew.Bentley@exemple.com,3713866248,3693
3694,Christina,Vasquez,nhall@example.org,2768825354,3694
3695,Shirley,,donald72@example.com,0019064877,3695
3696,Connor,Garza,coxelizabeth@example.net,8788848433,3696
3697,Sara,George,barbara17@example.com,4093730873,3697
3698,Barbara,Mcdowell,aaron33@example.org,7013004299,3698
3699,Amanda,Kelly,kbarber@example.com,1913332249,3699
3700,Elizabeth,Griffin,egarcia@example.org,,3700
3701,Luis,Evans,yleonard@example.net,6108476878,3701
3702,Diane,Washington,mcclurelauren@example.net,0015784834,3702
3703,Connor,Meyer,Connor.Meyer@exemple.com,1678236157,3703
3704,Margaret,Campbell,michael41@example.org,,3704
3705,Nancy,Atkins,cforbes@example.com,7618028640,3705
3706,Joseph,Hines,johndeleon@example.net,6146343801,3706
3707,Scott,Wiley,bonillalawrence@example.org,2725749325,3707
3708,Christopher,Anderson,jamiejimenez@example.org,8618329355,3708
3709,Elizabeth,Johnson,rtorres@example.org,5226808366,3709
3710,Joshua,Stone,zking@example.com,5738811865,3710
3711,David,Willis,natasha19@example.org,0015657188,3711
3712,Megan,Wolfe,bennettfernando@example.org,7545724448,3712
3713,Erin,Brown,michaelstephens@example.net,0015939627,3713
3714,Erika,,rclark@example.org,3529007919,3714
3715,Kimberly,Foster,christopherbaker@example.net,3765509772,3715
3716,Brenda,Stevens,jessica05@example.org,,3716
3717,Shawn,Torres,Shawn.Torres@exemple.com,4595051851,3717
3718,Cindy,Murphy,darrenreilly@example.org,7394063408,3718
3719,Nathan,Compton,oconner@example.org,7156295240,3719
3720,Luis,Scott,Luis.Scott@exemple.com,7514546140,3720
3721,Victoria,Griffin,amyjackson@example.net,0019598020,3721
3722,Edward,Hall,michaelmann@example.com,2103707839,3722
3723,Matthew,Baird,melissakelly@example.net,,3723
3724,Stacey,Strickland,jeremygentry@example.net,5103333936,3724
3725,Patrick,Key,stephaniereyes@example.net,2482871228,3725
3726,John,Smith,stephanie95@example.com,5253110745,3726
3727,Richard,Woods,wmoore@example.com,,3727
3728,Zachary,Cruz,ymccormick@example.net,6163506575,3728
3729,Cindy,Martinez,garcialisa@example.org,,3729
3730,Eric,Bell,jasondudley@example.com,8762137583,3730
3731,Michael,Foley,johnsonjames@example.com,3366107195,3731
3732,Brandon,Weaver,marc15@example.org,5946284557,3732
3733,Lauren,Mullins,alison97@example.com,3233713664,3733
3734,Brett,Wood,jeffandrade@example.net,0014937538,3734
3735,Mark,Compton,meagan70@example.net,6066165227,3735
3736,Brenda,Munoz,duffybecky@example.com,0017972468,3736
3737,Jennifer,Hunt,esmith@example.com,2358305820,3737
3738,Charles,Price,regina63@example.net,8166506334,3738
3739,Sharon,Rowe,utodd@example.com,1628680037,3739
3740,Jeffrey,Green,christina91@example.com,1247960838,3740
3741,Karen,Harrison,jeffrey96@example.org,3149130355,3741
3742,Justin,Guzman,mabbott@example.net,1797969007,3742
3743,Justin,Torres,vlong@example.com,0014826147,3743
3744,Eric,Hull,mcastro@example.org,7407026073,3744
3745,Valerie,Mccormick,angela09@example.com,0017378074,3745
3746,Andrew,Alvarado,ashley48@example.org,5825950084,3746
3747,Scott,Newton,nhansen@example.net,3299451019,3747
3748,Patrick,Foster,cardenasscott@example.net,1605756238,3748
3749,Michael,Glenn,ashley19@example.com,0016053354,3749
53,Kathleen,Howard,azimmerman@example.com,8196484662,53
92,Andrea,Watson,harrisondestiny@example.net,6694801326,92
3750,Andrea,Conway,brownantonio@example.net,3814360302,3750
3751,Russell,Mclaughlin,jacqueline12@example.org,3758540572,3751
3752,Andrew,Underwood,cwilliams@example.net,4944943651,3752
3753,Jacqueline,Stone,alison34@example.com,8933204414,3753
3754,Travis,Fox,gillespiemaria@example.net,4515840681,3754
3755,Jeffrey,Chavez,wagnerjade@example.org,0012952763,3755
3756,Kayla,Joseph,stevensmith@example.com,1775406682,3756
3757,Mark,Willis,sadkins@example.org,3093262102,3757
3758,Anthony,Everett,xcortez@example.org,4754506884,3758
3759,Derek,Moore,adamsmichelle@example.com,7276922180,3759
3760,Christopher,Cole,Christopher.Cole@exemple.com,,3760
3761,Sarah,Smith,armstrongkelly@example.com,1931289554,3761
3762,George,Serrano,George.Serrano@exemple.com,1530808806,3762
3763,Kathryn,Flores,jacqueline78@example.net,1962863468,3763
3764,Andrea,Peterson,boonemichelle@example.org,4128199195,3764
3765,Katie,,ujones@example.org,6556435149,3765
3766,Angela,Bryant,lisaanderson@example.com,9712689847,3766
3767,James,Morris,joel86@example.net,2264488500,3767
3768,Laura,Duran,chelseagibson@example.org,7264437237,3768
3769,Kevin,Stout,jonathanjackson@example.org,3916102745,3769
3770,Courtney,Jackson,valeriehowe@example.com,1907496559,3770
3771,Deborah,Young,davisvanessa@example.com,3426922527,3771
3772,Nicholas,Tran,cheryl10@example.net,0013358532,3772
3773,Bryan,Abbott,hernandezcory@example.com,,3773
3774,Craig,Moore,linda82@example.net,0019012053,3774
3775,Brad,Rodriguez,smithkatherine@example.net,7628076368,3775
3776,Rachel,Whitaker,dfarrell@example.net,7413340161,3776
3777,John,Hoover,kellyevans@example.net,0016107238,3777
3778,Brenda,Martinez,kyle17@example.net,0014592701,3778
3779,Robert,Daniel,yvalentine@example.net,6036554933,3779
3780,Jason,Foster,cheryljohnson@example.net,3846819692,3780
3781,Peter,James,kelseypatrick@example.org,0018578469,3781
3782,John,Davis,andrew90@example.org,8962566102,3782
3783,Thomas,Cohen,burtonkelly@example.org,,3783
3784,Melissa,Cole,stevegreene@example.net,1233985935,3784
3785,James,Garcia,samanthaadkins@example.org,9587402141,3785
3786,Joshua,Harris,bryanyates@example.com,7723814463,3786
3787,Steven,Perez,erica87@example.com,5028640256,3787
3788,Michelle,Baker,yolanda98@example.org,6539752443,3788
3789,Ricky,Fuller,joseph23@example.net,4036083171,3789
3790,Jerry,Sutton,john86@example.org,1319232794,3790
3791,Michelle,,megan22@example.net,9324799561,3791
3792,John,Garcia,bpacheco@example.org,0015402781,3792
3793,William,Lambert,vanessa86@example.net,5946627479,3793
3794,Eric,Rodriguez,meyercraig@example.org,6885849568,3794
3795,Phillip,Gutierrez,pattersonryan@example.net,9483820510,3795
3796,Jason,Meyer,cynthiabeasley@example.net,3682225376,3796
3797,Emily,Lee,penny16@example.org,1509928460,3797
3798,Brian,Hensley,jason57@example.org,,3798
3799,Erin,Gonzalez,bethmitchell@example.org,3122811920,3799
3800,Brittany,Jennings,michaellopez@example.org,,3800
3801,Erin,Orozco,villanuevasarah@example.org,3784270124,3801
3802,Brian,Wallace,omosley@example.com,8669665445,3802
3803,Kristopher,Dodson,brianmendoza@example.net,5538823196,3803
3804,Matthew,,ydavidson@example.org,0019548969,3804
3805,Lance,Washington,hillnicholas@example.com,0015265017,3805
3807,Kaylee,,laura12@example.org,9626538031,3807
3808,Christina,Cisneros,brownjason@example.org,6276871817,3808
3809,Christine,Guerra,joanncastaneda@example.org,2817662772,3809
3810,Dawn,Green,sullivanpatricia@example.net,0013476620,3810
3811,Charlene,Anderson,christie61@example.org,2744193049,3811
3812,Stacy,Whitney,jacksontaylor@example.com,8119231422,3812
3813,Laura,Fisher,garciatara@example.net,1805273273,3813
3814,Johnny,Brown,ashleysantiago@example.com,1468385490,3814
3816,Raymond,Palmer,luis19@example.org,1456287356,3816
3817,Amy,Campbell,peter02@example.net,0014057987,3817
3818,Jenna,Evans,williamsadam@example.com,6832983434,3818
3819,Victoria,Baker,dhall@example.org,7579111197,3819
3820,Brandon,Brown,listeve@example.org,2966443446,3820
3821,Andrew,Pineda,amy00@example.com,3473747437,3821
3823,Brandon,,amanda26@example.org,1694593322,3823
3824,Rachel,Harris,christopherbrewer@example.com,1720305680,3824
3825,Michael,Herrera,eclements@example.net,1745522708,3825
3826,Connie,Burns,johnsonwilliam@example.net,8675293829,3826
3827,Jesse,Parker,mwhite@example.com,6428663355,3827
3828,Kathleen,Moore,kathleenpeterson@example.com,0013023354,3828
3829,Louis,Bailey,batesmary@example.com,6547283325,3829
3830,Miguel,Fowler,christophermiller@example.org,6056764811,3830
3831,Trevor,Frazier,dean88@example.net,8163743042,3831
3832,Mark,Bridges,vball@example.com,7235343382,3832
3833,Patrick,Myers,sancheztyler@example.com,3212798698,3833
3834,Miranda,Nichols,leesara@example.org,4176577877,3834
3835,Christina,Wong,dmiller@example.org,1739636031,3835
3836,Amanda,Johnson,robinsonnoah@example.com,0016687737,3836
3837,Sandra,Jones,tranderrick@example.com,0019012238,3837
3838,Erika,Mcdonald,currydeborah@example.org,1825914325,3838
3839,Aaron,Meyer,hilljennifer@example.org,,3839
3840,Edwin,Norman,chelseavaughn@example.net,7653503164,3840
3841,Katie,Lewis,andersonmelissa@example.com,0012509763,3841
3842,Kristina,Hill,qrodriguez@example.org,8482688321,3842
3843,Lisa,Taylor,zacharysawyer@example.org,3245989948,3843
3844,Elizabeth,Murray,alyssawalker@example.com,7503967461,3844
3845,Laura,Hall,christopher82@example.com,1887342233,3845
3846,Catherine,Rodriguez,larsongarrett@example.net,,3846
3847,Michele,Aguirre,johncabrera@example.net,2423170107,3847
3848,Jennifer,Hutchinson,mcneildonna@example.com,9422694815,3848
3849,Robin,Mcconnell,mbrown@example.net,4573784753,3849
3850,Jeffrey,Daniels,johnnichols@example.net,7607132753,3850
3851,Faith,Williams,oritter@example.net,3879591962,3851
3852,Erin,Munoz,warrenwest@example.com,8289934335,3852
3853,Amy,Johnson,barbaraaguilar@example.com,0015557604,3853
3854,Katrina,Meyer,oanderson@example.com,2469581780,3854
3855,Malik,Ross,martinezjoseph@example.net,5064913792,3855
3856,Amy,Jones,santosjessica@example.org,,3856
3857,Jason,Howell,Jason.Howell@exemple.com,7474781595,3857
3858,Dawn,Osborne,salazarstephanie@example.net,1288998745,3858
3859,Megan,Roth,nhernandez@example.net,6295282900,3859
3860,Emma,Jordan,johngreen@example.com,0015415208,3860
3861,Daisy,Valentine,kpoole@example.net,2014838421,3861
3862,Bonnie,Washington,robert81@example.org,,3862
3863,Tyler,Rivera,waltonchristine@example.net,1603228412,3863
3864,Mary,Estrada,Mary.Estrada@exemple.com,2829731955,3864
3865,Tiffany,Gibson,michellesandoval@example.net,,3865
3866,Natalie,Peterson,Natalie.Peterson@exemple.com,3599623829,3866
3867,Kelly,Nichols,david23@example.com,8135980811,3867
3868,Veronica,Evans,sandrawang@example.com,1390679250,3868
3869,Richard,Olson,robertmckinney@example.com,3418001594,3869
3870,Clarence,Powers,ericdominguez@example.net,9403970692,3870
3871,Craig,Blair,kimberly70@example.org,7204629458,3871
3872,Joshua,Lozano,jerrymitchell@example.net,9827531524,3872
3873,Michelle,Clark,ewright@example.net,0014322303,3873
3874,Juan,Berg,dpittman@example.net,0013735145,3874
3875,Jennifer,,falexander@example.com,9618098479,3875
3876,Derrick,Levy,kenneth74@example.org,9722488510,3876
3877,Nancy,Ponce,Nancy.Ponce@exemple.com,1990312446,3877
3878,Craig,,marcus21@example.com,,3878
3879,Jacqueline,Wallace,robin42@example.org,0013158256,3879
3880,James,Wallace,antoniorodriguez@example.com,1530551943,3880
3881,Joshua,Brooks,kelli39@example.net,6065956869,3881
3882,Emily,Madden,richardjones@example.org,8334213731,3882
3883,Sarah,Bonilla,franklinmichael@example.org,1929750770,3883
3884,Jennifer,Guzman,amanda15@example.com,,3884
3885,Shane,Buchanan,michellemays@example.org,7162258500,3885
3886,Justin,Price,jillianmurphy@example.net,7409941167,3886
3887,Jessica,Evans,kaylaross@example.org,2349140882,3887
3888,Kristin,Crawford,joseph33@example.net,1806505514,3888
3889,Kevin,Hines,david09@example.com,3205612326,3889
3890,Katherine,Salinas,ryankaren@example.org,9028309795,3890
3891,Anthony,Mathews,wreed@example.com,1760261327,3891
3892,Megan,Martin,ricky93@example.org,0015946330,3892
3893,Monica,Moore,levysylvia@example.com,4855649192,3893
3894,Jamie,Hanson,james17@example.com,5188399797,3894
3895,Sylvia,Smith,jonesgary@example.net,0017867515,3895
3896,Holly,Hunt,mcleanjoseph@example.com,0016672512,3896
3897,David,Evans,erinjones@example.com,1538427067,3897
3898,Kathy,Walker,clarkthomas@example.com,0016296381,3898
3899,Sean,Chen,fieldszachary@example.com,1968898385,3899
3900,Michael,Snyder,camachojose@example.org,,3900
3901,Christopher,Hall,harrisrebecca@example.net,8215680758,3901
3902,Joe,Howard,lisa01@example.net,4179727552,3902
3903,Allison,Mcdonald,ryanvaldez@example.com,8137335018,3903
3904,Deanna,Wilson,sarah41@example.net,1706608536,3904
3905,Anthony,Wolfe,ksawyer@example.net,9794681201,3905
3906,Renee,Webster,felicia93@example.org,4678043538,3906
3907,Michael,Woods,bharrell@example.org,5844404165,3907
3908,Michelle,Jensen,melaniesmith@example.com,3399598974,3908
3909,Nathaniel,Dominguez,Nathaniel.Dominguez@exemple.com,4846478024,3909
3910,Nicholas,Nixon,zwilliams@example.net,6847546097,3910
3911,Mary,Williams,csalinas@example.org,1231941754,3911
3912,Raymond,Coleman,moorerobert@example.org,3657008377,3912
3913,Zachary,Ramirez,edwardslee@example.net,0015334336,3913
3914,Michael,Hill,garybrown@example.com,0019048314,3914
3915,Amy,Huff,rachelmay@example.com,2952659414,3915
3916,Michelle,Johnson,jeffrey24@example.org,9777103302,3916
3917,Kenneth,Richardson,martinezmichael@example.com,,3917
3918,Julie,Thompson,cindyanderson@example.org,,3918
3919,Mark,Willis,smithjessica@example.org,1630368778,3919
3920,Todd,Jones,Todd.Jones@exemple.com,9342168457,3920
3921,Maria,Wilson,farrellanthony@example.com,0014696329,3921
3922,Leon,White,anthonybrewer@example.net,5906689396,3922
3923,Howard,Bell,daledavis@example.net,8272161758,3923
3924,Joseph,Smith,ctucker@example.com,3549042392,3924
3925,Adam,Simmons,hernandezdavid@example.com,7235014658,3925
3926,Pam,Peterson,joshua07@example.com,9407823928,3926
3927,Jenny,Martin,robert35@example.net,9942673313,3927
3928,Jimmy,Myers,uproctor@example.org,7242732245,3928
3929,Robert,Gonzalez,sharonsnow@example.com,1303534668,3929
3930,Jesse,Mora,brownthomas@example.net,1447310560,3930
3931,David,Smith,mooresarah@example.org,4814620126,3931
3932,Jeffrey,Dunlap,susan04@example.net,6374557284,3932
3933,Steven,Wolfe,zhubbard@example.com,9833072409,3933
3934,Christopher,Cook,laura08@example.net,7516190417,3934
3935,David,Santos,fwolfe@example.net,4118236107,3935
3936,Angela,Davis,Angela.Davis@exemple.com,9716094663,3936
3937,Jeffrey,Rodriguez,Jeffrey.Rodriguez@exemple.com,9363030617,3937
3938,Linda,Mahoney,tward@example.com,,3938
3939,Rebecca,Walls,kchapman@example.net,0019533786,3939
3940,Sherry,Wilkinson,icarlson@example.org,0014702527,3940
3941,Bradley,Williams,robert78@example.org,6998923182,3941
3942,Michelle,Sparks,summersjacob@example.com,5375907098,3942
3943,Gary,Russell,gonzalezrobert@example.org,0012863951,3943
3944,Brandon,Murillo,ygalloway@example.net,8462072815,3944
3945,Joshua,Watson,ijenkins@example.org,9788243596,3945
3946,Tyler,Nicholson,samanthasmith@example.org,0014478395,3946
3947,Craig,Cole,xallen@example.net,0017356515,3947
3948,Keith,,andrew73@example.org,0019346544,3948
3949,Michael,Ray,jacob63@example.net,4483611420,3949
3950,Howard,Hobbs,erikortega@example.net,0013194405,3950
3951,Ashley,Knight,bwalsh@example.com,8783111715,3951
3952,Christopher,Hernandez,skelly@example.com,1431833048,3952
3953,Stacey,Douglas,laura82@example.com,9568908407,3953
3954,Angela,Levine,nolanmichael@example.org,8305467080,3954
3955,Jimmy,Walker,lambisaac@example.org,,3955
3956,Michael,Lewis,oking@example.net,1975909061,3956
3957,Joseph,Harris,gainesrebecca@example.com,6122322189,3957
3958,Terri,Anderson,leachandre@example.org,8782478173,3958
3959,Jessica,Roberts,morgan84@example.com,1887705268,3959
3960,Kristy,Wright,david55@example.com,2294303333,3960
3961,Keith,Nash,ehill@example.net,7034751380,3961
3962,Jason,Nguyen,catherine49@example.com,3098406546,3962
3963,Angela,Campbell,luis42@example.org,5928582683,3963
3964,Kevin,Wagner,ryan22@example.org,1823341486,3964
3965,Anthony,Porter,colejennifer@example.org,8417218939,3965
3966,Katie,Johnson,brittanymartin@example.net,,3966
3967,Amy,Patel,kennethrasmussen@example.net,8542330685,3967
3968,Stacy,Snyder,stephanie36@example.com,8929974447,3968
3969,Scott,,thomas54@example.net,4319337212,3969
3970,Christopher,Chavez,bakercharlene@example.com,6028652471,3970
3971,Lindsey,Torres,charles12@example.com,5735892977,3971
3972,Anthony,Harris,jessica25@example.net,6978227846,3972
3973,Rodney,Good,Rodney.Good@exemple.com,9662240648,3973
3974,David,Miller,pateldana@example.com,5126586120,3974
3975,Phillip,Clarke,tdavis@example.org,0017527575,3975
3976,Carmen,Freeman,wperez@example.org,5485391694,3976
3977,John,,sawyerjoan@example.com,4884232675,3977
3978,Dana,Fitzpatrick,colejeffrey@example.com,6129060427,3978
3979,Molly,Shepard,wangjulie@example.net,8933470803,3979
3980,Jeremy,Hughes,reedamber@example.net,,3980
3981,Christy,Williams,kcalderon@example.com,8415156332,3981
3982,Timothy,Vasquez,jamesrodriguez@example.com,4139407253,3982
3983,Richard,Moran,cheryljohnson@example.org,3228800741,3983
3984,Patrick,Ball,julie26@example.org,5255055675,3984
3985,Christy,Hernandez,igilbert@example.org,1297495424,3985
3986,Jorge,Mccullough,robert80@example.com,3643750045,3986
3987,Claudia,Anderson,kristenwilson@example.net,4035237195,3987
3988,Rose,Ryan,amynash@example.net,8806299456,3988
3989,Albert,Flores,jesse32@example.com,5967771438,3989
3991,Brenda,Roberts,robertsjudith@example.com,9505503514,3991
3992,Michael,Brown,lkim@example.com,1208508601,3992
3993,Brandon,Douglas,carolynross@example.org,1408410284,3993
3994,Sarah,Mendoza,tiffanytorres@example.net,6443760417,3994
3995,Shannon,Whitaker,xodonnell@example.net,4602236628,3995
3996,Jessica,Long,morganzachary@example.net,1395316493,3996
3997,Rachael,Martin,jacksonbob@example.org,6956863676,3997
3998,Ronald,Summers,bryanthannah@example.com,9276825439,3998
3999,Brittany,Cole,harrisjames@example.com,7186105825,3999
4000,Stephen,Hammond,gardnerkatie@example.com,8377154642,4000
4001,Chloe,Lynch,leslie08@example.net,9584929471,4001
4002,Angela,Luna,ericksonshelley@example.org,2948657159,4002
4003,Joshua,Romero,jill05@example.org,7063069908,4003
4004,Kevin,Velazquez,elizabethpage@example.org,9053918407,4004
4005,Michael,Forbes,bridgesjill@example.net,,4005
4006,Benjamin,Gallagher,Benjamin.Gallagher@exemple.com,8516288645,4006
4007,William,Brown,nicholsmelinda@example.net,1338405461,4007
4008,Kyle,Moore,strongemily@example.org,4008945134,4008
4009,Kelly,Rivera,matthewstammy@example.org,6894915680,4009
4010,Billy,Cox,ricky29@example.net,,4010
4011,James,Bell,stephanie98@example.net,7525294199,4011
4012,Jacob,Rogers,cortezjacqueline@example.com,2157569909,4012
4013,Linda,Cruz,cunninghamjames@example.net,8429307761,4013
4014,Jennifer,Edwards,morgan97@example.net,8482693835,4014
4015,Brett,Joseph,randallwilliams@example.net,0014042341,4015
4016,Amanda,Williams,coreybradford@example.net,1429561206,4016
4017,Michael,Greene,frederickpalmer@example.net,3635594625,4017
4018,Shirley,Williams,alexanderriddle@example.net,8244911880,4018
4019,Jenna,Adams,donnamaddox@example.com,0014707053,4019
4020,Andrea,Green,heathermartin@example.org,4502413627,4020
4021,Courtney,Decker,sarahsullivan@example.net,0018053820,4021
4022,Connie,Bird,jcampbell@example.com,0016795772,4022
4023,Steven,Nguyen,harry21@example.org,6216651194,4023
4024,Gregory,Brown,stewartwilliam@example.org,8257015821,4024
4025,Martha,Merritt,davidgarcia@example.net,4192781954,4025
4026,Steven,Brown,gdurham@example.com,8615586470,4026
4027,Kristin,Ho,uhaney@example.net,9748122828,4027
4028,Troy,Lawrence,tracie81@example.com,8785556365,4028
4029,David,Everett,jonesrussell@example.org,1882824326,4029
4030,Claire,Conner,danielle38@example.net,6393819257,4030
4031,Shawn,Hebert,keithfernandez@example.org,,4031
4032,Erin,Stephens,alexis33@example.net,6248597264,4032
4033,Noah,Mills,kevin46@example.org,8335687604,4033
4034,Brandon,Matthews,travis96@example.com,6606025607,4034
4035,Eric,Grant,Eric.Grant@exemple.com,9087777896,4035
4036,Andrew,,jasminevalenzuela@example.net,7357584478,4036
4037,Jimmy,Moyer,psanchez@example.net,6576368342,4037
4038,Erin,Webb,tkemp@example.com,1727460771,4038
4039,Patricia,Owens,henryyoung@example.net,1577937005,4039
4040,Robert,Gonzales,aprilstevens@example.net,1803694508,4040
4041,Charlotte,Alvarado,karenshaw@example.org,7528942713,4041
4042,Alexis,Dalton,jennahamilton@example.org,2593193227,4042
4043,Robin,Manning,tanya56@example.com,4432288159,4043
4044,Jesus,Green,brian78@example.com,9788705438,4044
4045,William,Ramos,wanderson@example.net,8327472381,4045
4046,Anthony,Thompson,duanebaldwin@example.net,0015005951,4046
4047,Thomas,Miller,bgarcia@example.net,6665667849,4047
4048,Beverly,Ali,keithrodriguez@example.com,6293167126,4048
4049,Ronald,Soto,bdawson@example.com,1781956204,4049
4050,Judy,Johnson,Judy.Johnson@exemple.com,2079892832,4050
4051,Lisa,Montes,sergio84@example.net,8378520772,4051
4052,Robert,Graves,howardmatthew@example.com,6084763757,4052
4053,Peter,,jon31@example.com,0013567966,4053
4054,Debra,Flores,ojohnson@example.org,,4054
4055,Nicholas,Cruz,jenniferboyd@example.net,9909010093,4055
4056,Tracy,Snow,michael10@example.com,7992778024,4056
4057,Kristen,Morse,castillokeith@example.com,6738345012,4057
4058,Sean,Whitehead,ballardchristina@example.org,2212901320,4058
4059,Nicole,White,michael96@example.org,9688101755,4059
4060,Stephanie,Ford,danielbrown@example.net,9358554377,4060
4061,John,Nichols,melindasmith@example.org,8407773110,4061
4062,Christopher,,janet22@example.net,1729678055,4062
4063,Jessica,Harris,natashaadkins@example.org,5376551219,4063
4064,Mark,Campos,charles60@example.org,2607911321,4064
4065,Catherine,Sanchez,dianasanders@example.org,9982877463,4065
4066,Melissa,Barnett,marcacevedo@example.org,6372965649,4066
4067,Linda,Russell,pamelagregory@example.com,8054841236,4067
4068,Eric,Jackson,rileytimothy@example.org,6457152065,4068
4069,David,Robertson,richard16@example.net,0019625765,4069
4070,Lauren,Spears,braunderrick@example.net,1708734547,4070
4071,Gerald,Roth,tfleming@example.org,9524216230,4071
4072,Laura,Pope,kimbennett@example.org,1455425477,4072
4073,Sarah,Barrett,wthomas@example.org,3162049022,4073
4074,Brent,Garcia,darrelladams@example.org,9794780961,4074
4075,Jonathan,Carr,Jonathan.Carr@exemple.com,9642851304,4075
4076,Becky,Smith,Becky.Smith@exemple.com,6502453452,4076
4077,Donna,Blair,molly66@example.org,9082900478,4077
4078,Brooke,,richardyoung@example.net,,4078
4079,Carlos,Austin,batesmary@example.net,8185324725,4079
4080,Alejandra,Flores,judy93@example.org,1573822266,4080
4081,Kimberly,Koch,yhouston@example.org,5494802313,4081
4082,Olivia,Cardenas,brownlisa@example.org,4929042562,4082
4083,Allen,Wilson,yreyes@example.com,1917739897,4083
4084,Kimberly,Holloway,qking@example.org,2285258623,4084
4085,Michael,Houston,Michael.Houston@exemple.com,,4085
4086,Catherine,Johnson,amanda34@example.org,2524777023,4086
4087,April,Koch,huntermelissa@example.net,0014898932,4087
4088,Carla,Jenkins,cathymedina@example.org,1801738807,4088
4089,Andrew,Beck,henry75@example.com,1460719966,4089
4090,Amber,Wilcox,zwang@example.net,7019887267,4090
4091,Heather,Roberts,jacobmontgomery@example.net,6828377680,4091
4092,Amanda,Andrade,roybernard@example.com,2024587563,4092
4093,Sarah,Brown,rchavez@example.net,9319164593,4093
4094,Stephanie,Davis,rebecca04@example.net,3985801937,4094
4095,Dylan,Lynch,gbeasley@example.org,4773551243,4095
4096,Justin,Smith,jeffreymcbride@example.com,1561657710,4096
4097,Anthony,Williams,vharris@example.com,9395350786,4097
4098,Ebony,May,proberts@example.org,0018068096,4098
4099,Tony,Wallace,fowens@example.org,9205013231,4099
4100,Charles,Scott,philip15@example.net,7132621744,4100
4101,Theresa,Gutierrez,xsoto@example.net,6248669873,4101
4102,Molly,Kelly,peterbuckley@example.net,7664736575,4102
4103,Aaron,,chapmanrachel@example.org,1513389532,4103
4104,Derrick,Garcia,imccarty@example.net,0015147336,4104
4105,Chad,Gallagher,brookskevin@example.net,5665896004,4105
4106,Kristopher,Stevens,Kristopher.Stevens@exemple.com,3464172312,4106
4107,Jonathan,Miller,vwalker@example.org,9389963354,4107
4108,Gregory,Adams,wowen@example.net,0019477105,4108
4109,Elizabeth,Johnson,Elizabeth.Johnson@exemple.com,1351212355,4109
4110,David,Bailey,bridget42@example.net,,4110
4111,Craig,Harris,jeremy49@example.com,6506688770,4111
4112,Kyle,Cruz,zlawson@example.com,3152735221,4112
4113,Edward,Collins,alvarezjimmy@example.net,4613003131,4113
4114,Brad,Turner,rebecca96@example.com,7885825817,4114
4115,Jose,,nicholasramos@example.com,9978544666,4115
4116,Brett,Gordon,Brett.Gordon@exemple.com,3668733127,4116
4117,Kim,Simpson,mitchellbaker@example.org,1585885996,4117
4118,Charles,,kevin62@example.com,4742388891,4118
4119,Dakota,Solis,youngjeffery@example.net,9333772081,4119
4120,Cindy,Hayes,allison07@example.net,7036640775,4120
4121,Zachary,,zgraham@example.org,1909749602,4121
4122,Natasha,Phillips,watsonmark@example.com,3754866448,4122
4123,Craig,Wang,peter59@example.org,7965872000,4123
4124,Hector,Skinner,nicholas33@example.net,4574084438,4124
4125,Maria,Parker,cynthiawells@example.net,8599381048,4125
4126,William,Khan,fowlerbianca@example.com,1606946773,4126
4127,Tiffany,Pruitt,mwhite@example.org,2789090065,4127
4128,Vincent,Rogers,rmendoza@example.net,9529294905,4128
4129,John,Woods,aprilmunoz@example.org,0012395080,4129
4130,Brandon,Mendez,kimberlynguyen@example.net,6096456288,4130
4131,Jerome,Scott,johnwatson@example.org,0012358218,4131
4132,Sean,Wright,michael33@example.org,0019886248,4132
4133,Jessica,Trujillo,vmathis@example.org,8497858668,4133
4134,Brandy,Martin,karabrown@example.org,7294134644,4134
4135,Kevin,Jones,katie23@example.net,7795433162,4135
4136,Lauren,Thomas,maria15@example.org,8922743162,4136
4137,Tara,Smith,thomascarr@example.com,7682146693,4137
4138,Barbara,Ross,dleon@example.com,8928166208,4138
4139,Rodney,Lynch,marcushart@example.org,4454535760,4139
4140,Matthew,Ramirez,zmejia@example.org,5316775060,4140
4141,Cheyenne,Zavala,deborah05@example.org,,4141
4142,Thomas,Mayo,smorgan@example.com,0016478372,4142
4143,Alison,Bryan,aperry@example.org,9679163859,4143
4144,Gregory,Rivera,tammy97@example.org,2393237135,4144
4145,Sharon,Hoffman,ronaldbrown@example.org,6234589280,4145
4146,Michael,Young,christopher51@example.net,7497859483,4146
4147,Daniel,Davis,Daniel.Davis@exemple.com,1233420828,4147
4148,Benjamin,Bailey,orrpriscilla@example.com,3049142267,4148
4149,Teresa,Cooper,Teresa.Cooper@exemple.com,3217779013,4149
4150,Lynn,Rangel,caroline20@example.com,6039178615,4150
4151,Kristen,Mclaughlin,Kristen.Mclaughlin@exemple.com,5405871108,4151
4152,Michael,Higgins,bonnie83@example.net,0013152508,4152
4153,Bob,Black,allisonscott@example.com,6618588335,4153
4154,Jessica,Hayden,adamsdakota@example.net,3488815293,4154
4155,David,Ellis,kevin97@example.org,7742571973,4155
4156,Kevin,Brock,johnnichols@example.net,8387184252,4156
4157,Eric,Murray,jesse27@example.net,,4157
4158,Carl,Howell,brendafrey@example.com,6805612423,4158
4159,Teresa,Suarez,zacharycurtis@example.org,9912968938,4159
4160,Derrick,Hahn,xlawrence@example.net,7237879781,4160
4161,Barbara,Valenzuela,renee33@example.com,2936322356,4161
4162,Lisa,Foster,palmerjeffrey@example.org,9413749148,4162
4163,Kenneth,Grant,gabriela15@example.net,8438747583,4163
4164,Antonio,Perez,kathryn97@example.com,1339439028,4164
4165,Caroline,Nash,rcarpenter@example.org,9558120962,4165
4166,William,,nicholas29@example.com,3026711527,4166
4167,Mikayla,Gonzales,patricia30@example.net,3252773269,4167
4168,Erin,Rogers,jacobsdaniel@example.org,1427499234,4168
4169,Charles,Petersen,stephenpatel@example.com,7109470226,4169
4170,James,Shaw,rtaylor@example.org,0019196440,4170
4171,Kristi,Cantrell,bergjesus@example.com,3385882025,4171
4172,Edwin,Tanner,vwright@example.org,8019681003,4172
4173,Julia,Barnes,coffeysierra@example.com,8899750235,4173
4174,Caitlin,Estes,bsmith@example.com,6928867697,4174
4175,Mark,Anthony,imills@example.net,0018367929,4175
4176,Crystal,Smith,ninajohnson@example.com,3316502088,4176
4177,Hannah,Good,jaclyn49@example.net,9864826959,4177
4178,Marissa,Quinn,jamesmorris@example.net,1918924034,4178
4179,Jennifer,Holmes,Jennifer.Holmes@exemple.com,7074574655,4179
4180,Courtney,Martinez,nicholematthews@example.net,9066305483,4180
4181,Jasmine,Vasquez,npierce@example.org,2597368408,4181
4182,April,Lopez,amandamorrison@example.org,3814456091,4182
4183,Mackenzie,Bailey,sean79@example.net,7482427405,4183
4184,Yolanda,Ellison,rflores@example.org,6173328075,4184
4185,Lisa,Johnson,luislane@example.com,2286202076,4185
4186,Glenn,James,lquinn@example.com,3066995438,4186
4187,Misty,Valdez,grahamalexandra@example.net,0015704643,4187
4188,Hannah,Deleon,kevinfarley@example.net,0018024847,4188
4189,Ivan,Gonzalez,stewartwilliam@example.com,,4189
4190,Natasha,Harrison,Natasha.Harrison@exemple.com,3248129384,4190
4191,Heidi,Warren,abooth@example.net,2713102783,4191
4192,Megan,Brown,lisa65@example.org,9935687033,4192
4193,Michael,Morris,awalter@example.org,0017209835,4193
4194,Mason,Murray,freemanaaron@example.com,2532041834,4194
4195,Frederick,Macdonald,heather15@example.com,6179101702,4195
4196,Amanda,Wilson,lisajenkins@example.org,5742802278,4196
4197,William,Glover,ryan76@example.net,5545856880,4197
4198,Debra,Osborne,amathis@example.org,1421583683,4198
4199,David,Pierce,cindyjackson@example.org,9784924429,4199
4200,Marissa,Graham,elizabeth66@example.com,5805385944,4200
4201,Daniel,Kennedy,julie54@example.com,9676330971,4201
4202,Renee,Jones,eric02@example.net,,4202
4203,Shawn,Bradley,ogaines@example.com,7074757560,4203
4204,John,Rodriguez,yvettemaxwell@example.org,4985785953,4204
4205,Brent,Aguirre,jon61@example.com,2336242459,4205
4206,Jessica,Gardner,pharris@example.org,1459257307,4206
4207,Alexander,,jamesjennifer@example.org,4504571461,4207
4208,Michelle,Francis,daniel07@example.com,0017742070,4208
4209,Morgan,Gibbs,rogersmichael@example.net,5025655858,4209
4210,Jeremy,Rush,scottjacqueline@example.com,4353560464,4210
4211,Jose,Wood,charles10@example.com,7552931019,4211
4212,Michael,,kristengonzalez@example.com,7869560648,4212
4213,Anthony,Harris,sara34@example.org,1999762639,4213
4214,Joshua,Jones,bwatson@example.com,4659461934,4214
4215,Richard,Jones,timothyward@example.net,,4215
93,Anthony,Shelton,ryan71@example.net,1340563362,93
105,Stephen,Anderson,patricia13@example.com,1831430461,105
4216,Michelle,Smith,paigemercado@example.org,3793903462,4216
4217,Christopher,Frank,Christopher.Frank@exemple.com,1291579770,4217
4218,Danielle,Palmer,christinesmith@example.com,1223936135,4218
4219,Kimberly,Hunter,whitneywilliam@example.com,8706025623,4219
4220,John,Shah,summerssandy@example.com,,4220
4221,Matthew,Friedman,kyle54@example.org,5873076780,4221
4222,Sharon,,williamandrews@example.net,5562804733,4222
4223,Kelli,Bentley,rkhan@example.com,0015682609,4223
4224,Zachary,Chavez,ashley51@example.net,7585200775,4224
4225,Lori,Chen,baileyjeanette@example.net,5864533552,4225
4226,Dominique,Wallace,xjohnson@example.net,6389553619,4226
4227,Michele,King,kellymcintosh@example.com,6163647646,4227
4228,Tracy,Blair,tammy36@example.com,1988299006,4228
4229,Jeffery,Johnson,nicholas13@example.org,5078879909,4229
4230,Jason,,samantha30@example.com,2929801059,4230
4231,Steven,Scott,nicolas59@example.net,5667704779,4231
4232,Allen,,Allen.null@exemple.com,5133961906,4232
4233,Lauren,Richardson,brian41@example.net,6459494961,4233
4234,Oscar,Kelly,jgomez@example.com,1863975178,4234
4235,Nathan,Dawson,stricklandjerry@example.com,9493731319,4235
4236,Alexander,Allen,ortiztiffany@example.com,0015159662,4236
4237,Charles,Harris,linda63@example.org,0017219488,4237
4238,Megan,Dickerson,Megan.Dickerson@exemple.com,1716466088,4238
4239,Nicholas,Kramer,Nicholas.Kramer@exemple.com,,4239
4240,Tristan,Oliver,ricenancy@example.com,0017575847,4240
4241,Tamara,Hernandez,stephenwhitehead@example.net,5634125387,4241
4242,Jim,Jimenez,shawn84@example.com,1521266249,4242
4243,Susan,Hooper,Susan.Hooper@exemple.com,6799236358,4243
4244,Julia,,wendyhunter@example.com,0014365268,4244
4245,Brian,Melendez,nicholaswang@example.net,4207805173,4245
4246,Brittany,Valdez,stoneteresa@example.com,,4246
4247,Kyle,Griffin,gvasquez@example.net,4347976749,4247
4248,Alexander,Woodward,dlopez@example.org,0017284695,4248
4249,Christopher,Johnson,michael33@example.org,5757022001,4249
4250,Leah,Simpson,cstone@example.net,1313700015,4250
4251,John,Miller,johnmaldonado@example.org,0014104763,4251
4252,Andrew,Ramirez,pclark@example.net,,4252
4253,Christopher,,gmorgan@example.net,6469592661,4253
4254,Janet,Roberts,rodriguezdenise@example.org,,4254
4255,Heather,Chen,mary91@example.net,,4255
4256,Theresa,Madden,kjohnson@example.org,2355614558,4256
4258,Ann,Love,Ann.Love@exemple.com,3426401991,4258
4259,Sarah,Peters,adam47@example.com,1333334106,4259
4260,Sarah,Wu,xhardy@example.org,2924347815,4260
4261,Lauren,Beltran,alan25@example.net,5192968273,4261
4262,Lisa,Manning,Lisa.Manning@exemple.com,7084409174,4262
4263,Christian,Hill,patrickthompson@example.org,9247871022,4263
4264,Jacqueline,Ramsey,priscilladay@example.net,1273629168,4264
4265,Mitchell,Padilla,ocruz@example.com,7427434337,4265
4266,Jennifer,Kelley,eshepard@example.net,,4266
4267,Mikayla,Edwards,mary62@example.org,6183003808,4267
4268,Ronald,Hendricks,amber07@example.net,,4268
4269,Glen,Osborne,kimhenry@example.net,5105045088,4269
4270,David,Herrera,kimberly67@example.net,8618060979,4270
4271,John,Scott,hesskelly@example.net,7805063533,4271
4272,Heidi,,nealjennifer@example.org,3482791655,4272
4273,Christopher,Howe,teresa68@example.com,0019696642,4273
4274,Kenneth,Solomon,graycrystal@example.org,5379253120,4274
4275,Jamie,Jones,ricky56@example.com,6944914799,4275
4277,Wendy,Mullen,joshua19@example.net,6155606777,4277
4278,Krystal,Smith,cherylgarrison@example.com,1231890792,4278
4279,Joe,Wyatt,Joe.Wyatt@exemple.com,2932734539,4279
4280,Susan,King,isaiah08@example.com,2024712565,4280
4281,Brooke,Harris,nelsonamanda@example.net,0014692904,4281
4282,Corey,Crawford,blake82@example.org,5226666741,4282
4283,Darlene,Gonzales,amberfranklin@example.net,1590283669,4283
4284,Jerome,,sarah24@example.com,8076155027,4284
4285,Ryan,Mcdonald,dmartin@example.org,0019533874,4285
4286,Ashley,Grant,daniel20@example.net,0014509214,4286
4287,Derek,Hogan,morrisjeremy@example.org,3847731597,4287
4288,Joshua,Baker,lopezloretta@example.net,9523037304,4288
4289,Deborah,Gomez,juliehuffman@example.org,0019395362,4289
4290,Michelle,Blake,miranda74@example.org,6279059376,4290
4291,Jesse,Adkins,christinerichard@example.net,2392530657,4291
4292,April,Chavez,April.Chavez@exemple.com,7317668900,4292
4293,Dan,Barnett,linda00@example.org,2516602507,4293
4294,Andrew,Chen,carolwilliams@example.org,5593998976,4294
4295,Christopher,Andrews,dcrawford@example.com,7646196550,4295
4296,John,White,susanzamora@example.org,0019397924,4296
4297,Donna,Lee,davisashley@example.org,6445693556,4297
4298,Michael,,ttaylor@example.org,2804850485,4298
4299,Brian,Bass,shawntaylor@example.com,2158272064,4299
4300,Philip,Edwards,maureen63@example.com,8462664933,4300
4301,Wendy,Weiss,banderson@example.com,7823698984,4301
4302,Jeffrey,Reeves,barbarabarajas@example.com,9449904807,4302
4303,Jesus,Kelley,kyle36@example.net,4837071658,4303
4304,Julie,Wallace,michael45@example.com,6845937527,4304
4305,Jonathan,Greene,jeffreysteele@example.org,1517704438,4305
4306,Robert,Vargas,Robert.Vargas@exemple.com,5893834224,4306
4307,Erik,Ruiz,Erik.Ruiz@exemple.com,4965414049,4307
4308,Andrew,Brown,Andrew.Brown@exemple.com,6913071429,4308
4309,Ann,Horn,pwillis@example.org,1830276912,4309
4310,Alexis,Mclean,perezlisa@example.com,1540545225,4310
4311,Jeffrey,Weiss,james17@example.org,5429970092,4311
4312,Amber,Gibbs,stephanieford@example.com,3302485645,4312
4313,Alejandro,Barrera,sarahspencer@example.net,7089401890,4313
4314,Andrew,Flores,mpeterson@example.org,4992662485,4314
4315,Robert,Jones,lawrencemargaret@example.com,5037121971,4315
4316,Aaron,Rodriguez,lawrence49@example.org,6046424886,4316
4317,Kimberly,Conley,jaredblankenship@example.net,,4317
4318,Jeffrey,Arnold,michaelwhitehead@example.com,9555247030,4318
4319,Paula,Nichols,Paula.Nichols@exemple.com,7706076467,4319
4320,Nicole,Avila,Nicole.Avila@exemple.com,,4320
4321,Jessica,Davis,molly10@example.net,0014505164,4321
4322,Matthew,Anderson,abigailjohnson@example.com,1877636547,4322
4323,Linda,Morris,williamsjennifer@example.net,4186376637,4323
4324,Jason,Strickland,mathewpacheco@example.org,7215363794,4324
4325,John,Baker,jeremy72@example.net,3317381601,4325
4326,Jeremy,Allen,mbailey@example.org,5444001529,4326
4327,Mary,Shelton,samuel31@example.org,6425251901,4327
4328,Todd,Todd,luisharris@example.org,5549423654,4328
4329,Sandra,,rcooper@example.com,1462287223,4329
4330,Kenneth,,sullivanangela@example.com,3179840730,4330
4331,Lisa,Cortez,qhernandez@example.org,6636074067,4331
4332,Tina,Cisneros,walterlong@example.net,2228040639,4332
4333,Patrick,,robin89@example.com,4695141446,4333
4334,Gwendolyn,Rubio,hernandeztaylor@example.net,9976318327,4334
4335,Samantha,,colleenschultz@example.org,6785186680,4335
4336,Kristen,Valentine,Kristen.Valentine@exemple.com,6912275619,4336
4337,Cheryl,Kim,pearsonjuan@example.com,1450642380,4337
4338,Brendan,Zimmerman,gary26@example.org,9055256605,4338
4339,Kayla,Ryan,hernandezmegan@example.com,1551376580,4339
4340,Vanessa,Evans,jmccann@example.net,1635376351,4340
4341,Jennifer,Nguyen,feliciapatterson@example.net,5488428845,4341
4342,Ruben,Everett,martinrenee@example.com,9139699748,4342
4343,William,Reyes,William.Reyes@exemple.com,6704263224,4343
4344,William,Miller,mvillanueva@example.org,3003746582,4344
4345,Christina,Lewis,Christina.Lewis@exemple.com,5642123126,4345
4346,Edward,Vargas,sbautista@example.net,1794552800,4346
4347,James,Clay,hannah98@example.org,1898313852,4347
4348,Nathan,Lam,taylornelson@example.com,1389340719,4348
4349,Jacob,Martin,Jacob.Martin@exemple.com,3256310814,4349
4350,Sean,Huff,iholmes@example.net,4217015138,4350
4351,Melissa,Perez,jpatrick@example.com,6502628548,4351
4352,Victoria,Ryan,michellebenton@example.com,9908870861,4352
4353,Adam,Nicholson,ngreen@example.com,7818688708,4353
4354,Peggy,Allen,michael47@example.org,7176021443,4354
4355,Jacob,Schaefer,john31@example.com,5888221013,4355
4356,Alexander,Stevenson,kimberly35@example.com,,4356
4357,James,David,James.David@exemple.com,,4357
4358,Andrew,,Andrew.null@exemple.com,9433350460,4358
4359,Jaclyn,,russelllisa@example.net,2052751978,4359
4360,Denise,Anderson,cynthia31@example.org,5827107110,4360
4361,Lindsey,Rodriguez,jennifer88@example.net,2369158558,4361
4362,Austin,Scott,albert44@example.org,2174969395,4362
4363,Cesar,Huffman,Cesar.Huffman@exemple.com,9805677078,4363
4364,Teresa,Green,devin89@example.com,0014325919,4364
4365,Mary,Johnston,teresajackson@example.net,7753165523,4365
4366,Justin,Gregory,isabelholland@example.org,1746582326,4366
4367,Laura,Vasquez,amandaunderwood@example.com,1780998651,4367
4368,Joseph,Perez,bowmaneric@example.org,6045469195,4368
4369,Rachel,Ortiz,qward@example.net,6554611665,4369
4371,James,Ruiz,allenpamela@example.com,3374748086,4371
4372,Allison,Mayo,Allison.Mayo@exemple.com,4485682419,4372
4373,Malik,Gray,amason@example.net,,4373
4374,Ana,Williams,brendahernandez@example.com,5516298523,4374
4375,David,Hicks,hilljennifer@example.org,0013215423,4375
4376,Michael,Carey,adamssandra@example.org,8195884016,4376
4377,Donald,Reed,donald94@example.net,3819996892,4377
4378,Brittany,Khan,lmorris@example.org,,4378
4379,Allison,Decker,jill46@example.net,4384083720,4379
4380,Crystal,Hammond,carsonbrandy@example.org,2287583448,4380
4381,Ashley,Cook,karen25@example.org,1514497592,4381
4382,Amanda,Lynn,damon94@example.org,6222601626,4382
4383,Robert,Cardenas,kellyamanda@example.org,2212583251,4383
4384,Michael,Valdez,pthompson@example.org,1316893127,4384
4385,David,Martin,amanda54@example.net,0014288001,4385
4386,Jon,Doyle,tiffanyramirez@example.com,0012705619,4386
4387,Danielle,Pearson,rgraham@example.com,3926597536,4387
4388,Amy,Martin,christina80@example.org,2703392311,4388
4389,Antonio,Cross,bakerjessica@example.org,0019124012,4389
4390,Steven,Marks,brandyhuffman@example.com,9535212767,4390
4391,Timothy,Carter,bparker@example.net,4454726226,4391
4392,Ashley,Reid,christina09@example.org,5454363403,4392
4393,April,Anderson,hamptoncynthia@example.net,2163755045,4393
4394,Eric,Myers,julieyoung@example.com,0013966626,4394
4395,Chloe,Cooper,mdavis@example.org,1813720438,4395
4396,Thomas,Scott,whitakeralisha@example.com,2117104855,4396
4397,Kristina,Leon,uclark@example.org,2246598706,4397
4398,Cynthia,Roberts,llewis@example.net,9917610088,4398
4399,Pamela,Foster,colestephanie@example.org,8188388913,4399
4400,Thomas,Haley,crosales@example.org,5582763578,4400
4401,Lindsey,Maldonado,walterrussell@example.com,0018507115,4401
4402,Carla,Alvarez,jaime56@example.org,3757815251,4402
94,Joshua,Dean,rodriguezjeffrey@example.com,1411868173,94
4403,Nathan,Henderson,vestrada@example.net,7798314259,4403
4404,Elizabeth,Ware,rbrown@example.org,1907670072,4404
4405,Dale,Moore,ortegaerin@example.com,,4405
4406,Stephanie,Porter,kelly27@example.com,9623650285,4406
4407,Austin,Avila,Austin.Avila@exemple.com,1954762067,4407
4408,Brandi,Jackson,fletchernicholas@example.org,1445464709,4408
4409,Mark,Mcknight,juancarson@example.com,0019759140,4409
4410,Virginia,,Virginia.null@exemple.com,4616903710,4410
4411,Reginald,Cook,paul33@example.org,,4411
4412,Stacy,Klein,april59@example.net,6607132018,4412
4413,Brittany,Holland,zjones@example.org,0018672565,4413
4414,Brooke,Price,carneywilliam@example.com,9753399009,4414
4415,Michael,Chavez,drewjohnson@example.com,9352278710,4415
4416,Jeffrey,Mitchell,Jeffrey.Mitchell@exemple.com,2657758869,4416
4417,Timothy,,michaellawson@example.com,,4417
4418,Logan,Farley,michaelkhan@example.com,7226494769,4418
4419,Amanda,Williams,sparksdavid@example.org,5623131843,4419
4420,Marie,Riley,warneranna@example.com,8174187868,4420
4421,Brett,Miller,Brett.Miller@exemple.com,,4421
4422,Anna,Preston,krystal78@example.org,6166632617,4422
4423,Jeanne,Hart,stephenrice@example.org,0012068029,4423
4424,Valerie,Miranda,julie63@example.net,3905477877,4424
4425,Mitchell,Lopez,hayesveronica@example.com,8138323388,4425
4426,Erica,,cameron12@example.net,7218940142,4426
4427,Melissa,Parker,patricia84@example.net,1321588765,4427
4428,Diana,,matthew55@example.net,1250658624,4428
4429,Robert,Gardner,josegreer@example.net,1635604840,4429
4430,Daniel,Williams,bakerheidi@example.org,3952182220,4430
4431,Kevin,Jenkins,davisjason@example.org,0014317790,4431
4432,Justin,,steven61@example.com,1261534796,4432
4433,Eric,Martin,lshea@example.net,1726452456,4433
4434,Carol,Vaughn,brandonpacheco@example.com,8487080202,4434
4435,Haley,Montgomery,christophermiller@example.net,6654615088,4435
4437,Crystal,Morgan,desireeschneider@example.com,7494735422,4437
4438,Emma,Kent,Emma.Kent@exemple.com,9699917099,4438
4439,Christopher,Jackson,hunter20@example.com,1894757747,4439
4440,Gary,Osborne,dwilson@example.com,1374645334,4440
4441,Jeanne,Ruiz,pgraham@example.org,3085083315,4441
4442,Joseph,Salas,ashleydouglas@example.com,2358268528,4442
4443,Jessica,Hawkins,lawsonanna@example.org,5028507263,4443
4444,Lori,,brooksamanda@example.net,0015592949,4444
4445,Regina,Nelson,joshua37@example.com,7963184272,4445
4446,Jamie,Taylor,sextonomar@example.com,2418281382,4446
4447,Philip,,edward62@example.org,6517496823,4447
4448,Stanley,Rojas,adam35@example.com,4982051684,4448
4449,Stephanie,Juarez,christopher74@example.com,0013195254,4449
4450,Anita,Smith,ericasmith@example.org,0019993779,4450
4451,Patricia,Shaw,oschwartz@example.org,2108834414,4451
4452,Felicia,Pearson,Felicia.Pearson@exemple.com,0017285514,4452
4453,Justin,Barnes,brownmarvin@example.net,0015958444,4453
4454,Jonathan,Williams,jstokes@example.org,9984440194,4454
4455,Rachel,Jackson,Rachel.Jackson@exemple.com,,4455
4456,Pamela,Wyatt,daniel22@example.com,7935363666,4456
4457,Leonard,Mercer,Leonard.Mercer@exemple.com,6838181660,4457
4458,Amber,Henderson,williamskenneth@example.com,4404105229,4458
4459,Samantha,Graham,orose@example.net,2206154012,4459
4460,Corey,Holmes,hollyfigueroa@example.org,9802838636,4460
4462,Tommy,Hansen,benjamin41@example.com,8678746486,4462
4463,Danielle,Reyes,Danielle.Reyes@exemple.com,0016302409,4463
4464,Elizabeth,Torres,johnbranch@example.org,4797466292,4464
4465,April,Lopez,nancythomas@example.org,9142922514,4465
4466,Kristina,Jones,qglover@example.com,,4466
4467,Catherine,Conrad,eric75@example.org,7762866413,4467
4468,Frank,,rebecca71@example.com,9089877046,4468
4469,Jared,Miller,phorton@example.org,0012226132,4469
4470,Deborah,Alvarez,mariajenkins@example.net,0014573203,4470
4471,Amanda,Edwards,badams@example.net,2045436742,4471
4472,Rebecca,Morse,larry53@example.com,8222635328,4472
4473,Deborah,Mann,rsmith@example.org,5272607054,4473
4474,Andrew,,Andrew.null@exemple.com,6049427438,4474
4475,Kayla,Butler,sara17@example.com,1432893584,4475
4476,Brittany,Pearson,valerie51@example.org,8484780693,4476
4477,Angela,Atkinson,howard87@example.com,0014654692,4477
4478,Jane,Fox,michaeljohnson@example.net,1410348791,4478
4479,Michael,Willis,samanthajordan@example.net,2409601452,4479
4480,Bryan,Thomas,daviddavid@example.com,6179207860,4480
4481,Catherine,Mccarty,oatkins@example.com,7409269779,4481
4482,Frances,Peterson,jbryan@example.net,5409174641,4482
4483,Charles,Blair,thompsondavid@example.net,1466268365,4483
4484,Carol,Allen,courtneysmith@example.net,0013819552,4484
4485,Suzanne,Sullivan,imullen@example.net,3532747226,4485
4486,Kathryn,Hunter,karenwilliams@example.net,1393375052,4486
4487,Gregory,Nolan,mitchellelizabeth@example.org,4872637586,4487
4488,Robert,Kelley,bchen@example.com,1835395716,4488
4489,Stephanie,Perry,brittneyhansen@example.org,1771558421,4489
4490,Clayton,Turner,edwardsbenjamin@example.net,1268594828,4490
4491,Zachary,Reeves,padams@example.net,9886435992,4491
4492,Tiffany,Cortez,debbie13@example.net,0015546243,4492
4493,Jeff,Mcguire,brianhartman@example.org,2242713357,4493
4494,Greg,Nelson,christopher67@example.com,0019164746,4494
4495,Diana,Gibbs,brian31@example.com,2898403227,4495
4496,Cindy,Porter,rodriguezbrian@example.net,1200535975,4496
4276,Holly,,ayoung@example.com,,4276
4497,Seth,Sanders,trevorsalinas@example.org,6094271970,4497
4498,Derek,Flores,thomastimothy@example.net,7709254584,4498
4499,Michael,Dickerson,austin73@example.net,3704184936,4499
4500,Melissa,Young,conradwilliam@example.org,,4500
4501,Phyllis,Wood,ghernandez@example.com,8325078609,4501
4502,Robert,Jones,hbrown@example.net,3117303533,4502
4503,John,Byrd,cdavis@example.com,1549644198,4503
4504,David,,nramsey@example.com,8465244456,4504
4505,Lisa,Orozco,danielleflores@example.com,2659274072,4505
4506,Samuel,Jackson,joseph69@example.net,3859013450,4506
4507,Walter,Baker,Walter.Baker@exemple.com,0017223205,4507
4508,Julie,Jones,peggycook@example.net,9742371589,4508
4509,Christian,Mitchell,jasonray@example.com,1488943776,4509
4510,Ronald,Ruiz,taylorjennifer@example.org,8098609100,4510
4511,Deborah,,shawn84@example.org,5055048830,4511
4512,Lisa,Harris,josephthompson@example.org,1482232837,4512
4513,Katherine,Hebert,robin57@example.com,0014277477,4513
4514,Colleen,Oconnell,rubioamanda@example.org,4197982322,4514
4515,Brent,King,christopher60@example.net,0017309369,4515
4516,Tracey,Riley,dleon@example.org,9182061987,4516
4517,Jason,Love,paul77@example.com,0015296274,4517
4518,Craig,Hines,kingrebecca@example.com,8335568343,4518
4519,Kevin,Ross,dfreeman@example.com,7079815306,4519
4520,Danny,Collins,john08@example.net,1546908161,4520
4521,Andrew,Lee,davidmurphy@example.org,2195547270,4521
4522,Jennifer,Marsh,christian86@example.org,5978377898,4522
4523,Cynthia,Strong,peter08@example.net,5839480825,4523
4524,Eric,Jackson,tbutler@example.com,6633198222,4524
4525,Jason,Oconnor,carolcooper@example.org,3706849508,4525
4526,William,Stevenson,debbiefrank@example.net,6314520879,4526
4527,Shane,Davis,danahoffman@example.net,0016712177,4527
4528,Stephanie,Miller,brittany76@example.com,4689761191,4528
4529,Jennifer,Ramos,velezsydney@example.org,2443349312,4529
4530,Debra,Johnson,rachel37@example.net,3155857529,4530
4531,Kayla,Browning,gibsonnancy@example.com,0014593472,4531
4532,Virginia,Williams,katiecortez@example.net,0017977267,4532
4533,Ryan,Banks,roberto19@example.net,2316709568,4533
4534,Michael,Snyder,michael26@example.net,2563350646,4534
4535,Miguel,,annaharris@example.org,7505758092,4535
4536,Kristy,Jones,romerofrancisco@example.net,2774472570,4536
4537,Carmen,Rhodes,keithhoffman@example.net,3023458812,4537
4538,Jenna,Donaldson,moonalfred@example.com,8674964832,4538
4539,Rodney,Smith,melissa91@example.org,5049041237,4539
4540,Angela,Harrington,ccollins@example.com,7165832851,4540
4541,Nicholas,Shah,guy56@example.net,0014692197,4541
4542,Jessica,Ortiz,truiz@example.net,1257393156,4542
4543,Jeff,Turner,smithbrenda@example.com,1461776422,4543
4544,Dean,Spencer,obryant@example.net,8094778829,4544
4545,Glen,Anderson,Glen.Anderson@exemple.com,,4545
4546,Steven,Cook,michaeljensen@example.org,7022736904,4546
4547,Cassidy,Carlson,lopezstacey@example.org,2182183160,4547
4548,Gary,Chavez,luiswilson@example.org,7565589153,4548
4549,Raymond,Weiss,calebjohnson@example.com,,4549
4550,Kenneth,Flores,smithnicole@example.net,7922157957,4550
4551,Marissa,Nelson,richardsondonald@example.com,9706151251,4551
4552,Amy,Carter,fschultz@example.net,0012778044,4552
4553,Justin,Foster,nortonsteven@example.com,4786434525,4553
4554,James,,travis24@example.org,6675802856,4554
4555,Mark,Griffith,melvincabrera@example.com,5334886532,4555
4556,Thomas,Miller,matthewrubio@example.org,0013093869,4556
4557,Todd,Bradley,macdonalddonald@example.net,,4557
4558,Theresa,Ramirez,yangchristina@example.org,4465013304,4558
4559,Amy,,amandadelgado@example.com,,4559
4560,Kevin,Graham,Kevin.Graham@exemple.com,5814635438,4560
4561,Rebecca,Edwards,david07@example.com,2886839547,4561
4562,Joshua,Morales,megan41@example.org,8265205072,4562
4563,Cynthia,Hernandez,denise30@example.org,6253486695,4563
4564,Miranda,Morris,nvalentine@example.com,,4564
4565,Erin,Santana,Erin.Santana@exemple.com,9654531713,4565
4566,Heather,Richardson,deborahmack@example.com,0015175768,4566
4567,Elizabeth,Mcguire,pamela11@example.com,0012729839,4567
4568,Chase,Miller,david74@example.com,2446206464,4568
4569,Andrea,Watkins,colleen49@example.com,6123779213,4569
4570,Sarah,Martinez,stephen15@example.net,5338822537,4570
4571,Wyatt,Robinson,keith59@example.com,1570991640,4571
4572,Erin,Myers,webbmelissa@example.net,7059178017,4572
4573,Jeremy,White,austinvargas@example.com,9374851906,4573
4574,John,Graham,brandycarr@example.com,8334299286,4574
4575,Heather,Montoya,Heather.Montoya@exemple.com,0013542053,4575
4576,Devin,Lopez,marybrown@example.com,5404535996,4576
4577,Sara,Valencia,xguzman@example.com,1215454121,4577
4579,Jose,Lee,tina22@example.org,8679992321,4579
4580,Tonya,Colon,fordsavannah@example.org,6908263227,4580
4581,Cheryl,Shaw,tatetaylor@example.org,,4581
4582,Sarah,Patterson,lbailey@example.net,3409645680,4582
4583,Michael,Johnston,Michael.Johnston@exemple.com,3223733828,4583
4584,Jasmine,Freeman,patriciaguerra@example.com,5716934542,4584
4585,Tara,Nguyen,thomasjeffrey@example.net,1217228796,4585
4586,Jared,Medina,michael63@example.com,0014437811,4586
4587,Bradley,Austin,charlesschneider@example.com,1652984301,4587
4588,Blake,Morris,sandra20@example.org,3285155901,4588
4589,Steve,Lawrence,kelsey18@example.org,5576422365,4589
4590,Tiffany,,justin62@example.com,0019832203,4590
4591,Nathan,,rhodesmelissa@example.org,0019406448,4591
4592,Nicole,Martin,andrewgates@example.com,9008312480,4592
4593,Karina,,odomholly@example.net,1851513361,4593
4594,Christopher,Gilbert,davismark@example.org,8692337774,4594
4595,Anthony,,scott41@example.org,3825536794,4595
4596,Thomas,Luna,Thomas.Luna@exemple.com,8697677741,4596
4597,Trevor,Gibbs,michaelwall@example.org,4189903916,4597
4598,Michelle,Chang,howardlisa@example.com,1981761468,4598
4599,Dennis,Randolph,teresamcintyre@example.org,1219872704,4599
4600,Joel,Lamb,gonzalezsheila@example.com,,4600
4601,Holly,Mendoza,uwilliams@example.com,7824537072,4601
4602,Richard,Henderson,jennifer19@example.net,4164358204,4602
4603,Heather,Morton,kathrynbaker@example.org,6684629688,4603
4604,Mary,Butler,Mary.Butler@exemple.com,,4604
4605,Brittney,Villegas,kmartinez@example.org,5629949402,4605
4606,Joy,,christophergomez@example.net,7116908397,4606
4607,Chad,Horton,jennifer49@example.com,,4607
4608,David,Allison,nleonard@example.com,7854078912,4608
4609,Sarah,Krause,sara42@example.com,0016184035,4609
4610,James,Howard,mcdanielapril@example.org,4566835744,4610
4611,Jeffrey,Mcdaniel,susan80@example.com,1743940208,4611
4612,Sheila,Smith,nancyrodriguez@example.org,5033596942,4612
4613,Joanna,Fisher,baileygabriella@example.org,6259034342,4613
4614,William,Pierce,brownemily@example.net,2904822246,4614
4615,Travis,Cannon,donald28@example.net,7872106361,4615
4616,Alexis,Graves,parker40@example.org,9949163449,4616
4617,Tracy,,william47@example.org,8667531096,4617
4618,Robert,Tran,hurleyalyssa@example.com,1787643830,4618
4619,Mitchell,Pratt,alisongarcia@example.net,0016546247,4619
4620,Joshua,Romero,edward07@example.org,0012857596,4620
4621,Donna,Mckay,dbecker@example.org,9549983709,4621
4622,Sara,Moore,jeffrey56@example.org,0013032173,4622
4623,Caitlin,Bradley,mmiller@example.net,9679787332,4623
4624,Rhonda,,karenlee@example.com,7319143338,4624
4625,Ryan,Stewart,wclements@example.org,6347423538,4625
4626,Calvin,Santos,Calvin.Santos@exemple.com,0013476747,4626
4627,Benjamin,Cunningham,hunter72@example.net,1827532609,4627
4628,Brandon,Garcia,frederickmorris@example.net,0016529857,4628
4629,Gloria,Thompson,vpark@example.net,7425565335,4629
4630,Aaron,Torres,mjackson@example.com,4734325268,4630
4631,Derrick,Bowman,jenniferramos@example.com,0014733373,4631
4632,Patrick,Baker,lyonsashley@example.org,,4632
4633,Carl,Wilson,bennettsteven@example.net,7594527880,4633
4634,Laura,Miles,victorshields@example.com,1240786673,4634
4635,Joshua,Rodriguez,Joshua.Rodriguez@exemple.com,1715743868,4635
4636,Catherine,Kramer,brewermichael@example.org,8705268148,4636
4637,Hector,Dean,sheliamata@example.org,8422808575,4637
4638,George,Dickerson,George.Dickerson@exemple.com,9066746499,4638
4639,Margaret,Norman,Margaret.Norman@exemple.com,0018962094,4639
4640,Stephen,Bruce,vjones@example.net,5799666040,4640
4641,Cory,Cummings,davisphillip@example.org,2409630563,4641
4642,Julia,Smith,greenmelinda@example.com,4769636048,4642
4643,Norman,Larson,courtney42@example.com,1270433226,4643
4644,Heather,Rogers,Heather.Rogers@exemple.com,3957674497,4644
4645,Steve,Hill,kaylaburnett@example.net,1274612624,4645
4646,Tina,Rivera,jasonrowe@example.org,6404007988,4646
4647,James,,jyoung@example.net,7726336342,4647
4648,William,Cooper,victormoses@example.org,5268576828,4648
4649,Stephanie,Riley,wfreeman@example.com,1374208692,4649
4650,Michael,Perez,ariaslinda@example.com,7433369516,4650
4651,David,Taylor,davisamber@example.net,6347341307,4651
4652,Sean,Davidson,djones@example.com,9904619890,4652
4653,Michael,,sandovalterri@example.com,1217575327,4653
4654,Tiffany,Hayes,pjones@example.org,4739582046,4654
4655,Paul,,mcguiresusan@example.org,6475857394,4655
4656,Kara,Ortiz,milleralfred@example.org,9382642026,4656
4657,Christopher,Preston,graytimothy@example.net,0019396315,4657
4658,Thomas,Gray,bcombs@example.org,0018975642,4658
4659,Kimberly,Brown,timothy33@example.com,,4659
4660,Justin,Rodriguez,lynchashley@example.net,,4660
4662,Francisco,Adams,cswanson@example.com,2678831405,4662
4663,Robin,Phillips,cisnerosaaron@example.com,0018325997,4663
4664,Mary,Marshall,andersonrussell@example.org,7347070765,4664
4665,Douglas,Burgess,aaronzimmerman@example.com,7427619002,4665
4666,Thomas,Fuller,joshua93@example.net,,4666
4667,Cindy,Hayes,leedenise@example.net,6718038491,4667
4668,Sierra,Adams,emartinez@example.com,1606348082,4668
4669,Deborah,Moody,paul39@example.com,2703531992,4669
4670,Joseph,West,alfred89@example.net,2549885331,4670
4671,Derrick,Cruz,terri32@example.com,4467560000,4671
4672,Clayton,Richmond,smithkiara@example.com,1584909322,4672
4673,Barbara,,millertimothy@example.com,4459018973,4673
4674,Kevin,Sullivan,shannonsingh@example.org,9476327733,4674
4675,Eugene,Gross,qgarcia@example.org,3382420598,4675
4676,Zachary,Thompson,hernandezbrenda@example.org,4053248405,4676
4677,Carl,Ward,lbrewer@example.org,9304421087,4677
4678,Natasha,Wolf,lbennett@example.net,1706972853,4678
4679,Robert,Fisher,caldwellerin@example.net,1724423779,4679
4680,Alyssa,Norris,Alyssa.Norris@exemple.com,8829644234,4680
4681,George,Camacho,joshuahall@example.com,5147557369,4681
4682,Douglas,Short,christopher54@example.org,0012218262,4682
4683,Joseph,Maynard,vstevenson@example.org,2143189825,4683
4684,Matthew,Myers,drogers@example.com,0019419165,4684
4436,Nichole,Graham,emily29@example.com,,4436
4685,Rachel,Hamilton,bhaley@example.com,,4685
4686,Henry,Baker,alison23@example.org,0016936159,4686
4687,Cynthia,Hogan,omitchell@example.org,,4687
4688,Gail,Rogers,mcarroll@example.org,1387603086,4688
4689,Ryan,Hill,greenjessica@example.org,0019974238,4689
4690,Jo,Campbell,osalas@example.com,8854928868,4690
4691,Kelly,Nolan,hughesaustin@example.com,8322040592,4691
4692,Paul,Romero,brad21@example.net,1761697698,4692
4693,Ralph,Rodriguez,Ralph.Rodriguez@exemple.com,0018776065,4693
4694,Teresa,Aguilar,changsarah@example.net,2699944411,4694
4695,Thomas,Barnes,teresawells@example.org,0018509805,4695
4696,Debbie,Thomas,abigailmartin@example.org,4975078471,4696
4697,Brandon,Walker,youngmary@example.net,,4697
4698,Janet,Lester,carpenternicole@example.org,,4698
4699,Susan,Young,bwatson@example.org,1234993455,4699
4700,Eddie,Weber,mbridges@example.net,0016418279,4700
4702,Destiny,Jackson,rachelholder@example.net,0019557686,4702
4703,Bethany,Watson,msmith@example.org,,4703
4704,Christopher,Cox,kjackson@example.com,8416493624,4704
4705,Justin,,lorifarrell@example.net,2314623512,4705
4706,Phillip,Hunter,hrodriguez@example.net,6813137915,4706
4707,Charles,Ramsey,ashleybutler@example.com,1506685845,4707
4708,Hannah,Torres,bradshawtodd@example.org,0016158538,4708
4709,Katrina,Holmes,johnsonmichael@example.net,0012567810,4709
4710,Steven,Bennett,adamskatherine@example.org,8662615158,4710
4711,Barbara,Caldwell,yboyd@example.com,5049731694,4711
4712,Beth,Lewis,timothymorgan@example.com,0017705475,4712
4713,Meghan,Richards,april80@example.org,2726453955,4713
4714,Laura,Brown,jjones@example.com,0013677661,4714
4715,Thomas,Miller,gscott@example.net,8329244665,4715
4716,Dylan,Hoover,debbierussell@example.org,0012422233,4716
4717,Michael,Yoder,michaelstone@example.com,2632561724,4717
4718,Sylvia,Wright,danielle76@example.net,1531710166,4718
4719,Andrew,Evans,wmills@example.net,9005996437,4719
4720,Tyler,Russell,Tyler.Russell@exemple.com,8245148522,4720
4721,Gregory,Wallace,ryanjohnston@example.net,2802807426,4721
4722,Matthew,Allen,wattssteven@example.net,1294646528,4722
4723,Stacy,Carlson,richard63@example.net,,4723
4724,Gloria,Mitchell,Gloria.Mitchell@exemple.com,3857666274,4724
4725,Danielle,Roy,elizabethskinner@example.com,0012557432,4725
4726,Elizabeth,Howard,mfranklin@example.net,1486974489,4726
4727,Troy,Cooper,psmith@example.net,0016169207,4727
4728,Marc,Smith,tammywilson@example.net,0018625581,4728
4729,James,Marshall,greenwesley@example.net,8898746382,4729
4730,Barbara,Murphy,williamweiss@example.net,9425460768,4730
4731,Nicole,,zcarey@example.org,1797444293,4731
4732,Colleen,Austin,clairenorman@example.net,4562955203,4732
4733,Justin,Snyder,Justin.Snyder@exemple.com,1902783550,4733
4734,James,Taylor,kennethriley@example.org,0017614956,4734
4735,Tracy,Mayer,bernard61@example.net,4675815524,4735
4736,Brian,Walker,Brian.Walker@exemple.com,1930222399,4736
4737,Kristine,,donald83@example.com,1350466053,4737
4738,Dylan,,murillojim@example.net,9279671212,4738
4739,Michael,Johnson,james80@example.net,0018956804,4739
4740,Kimberly,Gibbs,whitejennifer@example.org,8639295214,4740
4741,Sylvia,Morrow,michealsmith@example.org,1558912783,4741
4742,Samantha,Dunn,john24@example.net,1668972612,4742
4743,Troy,Coleman,madisonmiller@example.com,1663661599,4743
4744,Katherine,Meyers,pauladouglas@example.net,4192120048,4744
4745,Jonathan,Jones,jerry12@example.net,3652014605,4745
4746,Christine,Tran,lucasnicholas@example.org,9793834257,4746
4747,Edgar,Adams,lopezcarla@example.org,0012106192,4747
4748,Javier,Miles,Javier.Miles@exemple.com,0013245060,4748
4749,Derrick,Brooks,dburns@example.com,0019808096,4749
4750,Ryan,,Ryan.null@exemple.com,5823420463,4750
4751,David,Hunt,robertsonanna@example.org,4579775137,4751
4752,Rose,Hill,shawn62@example.org,6768514676,4752
4753,Felicia,Hudson,jgriffin@example.org,4333794308,4753
4754,Tricia,Mcbride,williamandrews@example.net,4973031726,4754
4755,Brittany,Wallace,jeremygross@example.net,1554408236,4755
4756,Brandi,Solis,Brandi.Solis@exemple.com,8234439311,4756
4757,Stephanie,Martinez,gentrybill@example.org,0017634737,4757
4758,Crystal,Anderson,cunninghamjames@example.org,0016067479,4758
4759,Ronald,,oyork@example.net,2688278053,4759
4760,Amanda,Macdonald,kathleenjones@example.com,7072592086,4760
4761,Brenda,Barrett,Brenda.Barrett@exemple.com,6913777593,4761
4762,James,Powers,elliottkatherine@example.org,1794954097,4762
4763,Megan,Irwin,hzavala@example.com,7449977247,4763
4764,Cynthia,Armstrong,qhorton@example.org,5899258890,4764
4765,Ronald,Ramos,reevesdarlene@example.org,0014687354,4765
4766,Tiffany,Frazier,ronaldfuller@example.net,1426628706,4766
4767,Kimberly,Schwartz,vpearson@example.org,8603402294,4767
4768,Julie,Foster,stonemolly@example.net,2245578314,4768
4769,Roy,Davis,robinsonraymond@example.org,5918544044,4769
4770,James,,stephanielong@example.org,5069442090,4770
4771,Douglas,Shaw,andrew63@example.net,6244947002,4771
4772,Morgan,Williams,alexandria73@example.net,2548578291,4772
4773,Brittany,Pineda,jessica86@example.org,5025789033,4773
4774,Tara,,hortonerica@example.com,0015249686,4774
4775,Manuel,Wagner,brandonwilliams@example.com,9728953889,4775
4776,Sabrina,Chandler,cherylhudson@example.org,2042500252,4776
95,Miranda,Horton,suzannenichols@example.com,9696748384,95
4777,Natalie,Mitchell,rachaelwatts@example.org,6412733191,4777
4778,Calvin,Yang,morrisonkimberly@example.com,0013073994,4778
4779,Matthew,Chavez,dunnjonathon@example.org,9114455971,4779
4780,Laura,Rogers,mark20@example.net,7434143776,4780
4781,Charles,Rivera,htrevino@example.net,5833801079,4781
4782,Donald,Scott,teresa17@example.net,3057083070,4782
4783,Christopher,Leon,gmorrison@example.net,6846738102,4783
4784,Diane,Burns,mendozanicole@example.net,8263903502,4784
4785,Timothy,Rush,vanessa30@example.com,9592872209,4785
4786,Ruben,White,Ruben.White@exemple.com,2225610168,4786
4787,James,Higgins,jennagibson@example.com,9904529770,4787
4788,Joseph,Gibson,johngoodman@example.net,4822553226,4788
4789,Amanda,Gould,carlwu@example.org,8057911759,4789
4790,Hunter,Zimmerman,jennifer43@example.org,0017956126,4790
4791,Brandi,Williams,estradadillon@example.net,6447227110,4791
4792,Alexander,Johnson,rachael30@example.net,0017343148,4792
4793,Alexander,Hughes,pgamble@example.com,6576118310,4793
4794,Dakota,Zimmerman,jlewis@example.net,9846282446,4794
4795,Jeff,Mathis,Jeff.Mathis@exemple.com,0019336693,4795
4796,Wesley,Flowers,rachel47@example.net,3374224669,4796
4797,Angela,Stevens,mannbrittany@example.net,1735353046,4797
4798,Jessica,Gallagher,gonzalezamy@example.com,2749911194,4798
4799,Margaret,Savage,jonathan76@example.net,8682615864,4799
4800,Kristen,,wilsondebra@example.org,6296089702,4800
4801,Mark,Dixon,frybrent@example.com,1429933672,4801
4802,Adam,,steventhomas@example.net,0013245460,4802
4803,Mary,James,cookjessica@example.org,6518778190,4803
4804,David,Wright,kingmichael@example.com,8849283638,4804
4805,Betty,Burgess,obennett@example.net,1464954699,4805
4806,Christopher,Carney,lwilson@example.com,7955259467,4806
4807,Katherine,Monroe,gordonjohn@example.net,5155077749,4807
4808,Stephanie,Lynch,justin88@example.org,3888872659,4808
4809,Sarah,Atkinson,adam40@example.org,2608208272,4809
4810,Ana,Ball,martinezbrandon@example.org,4456829255,4810
4811,Lisa,Freeman,jenkinsmatthew@example.com,1866641777,4811
4812,Sharon,Mcbride,mcarson@example.com,,4812
4813,Lisa,Mendez,lwatson@example.com,3188132729,4813
4814,Bryan,Hall,christine36@example.net,4483404402,4814
4815,Caroline,Lee,julie18@example.net,3097635127,4815
4816,Gary,Taylor,mark92@example.org,6699380059,4816
4817,Troy,Barnes,esmith@example.com,6737288594,4817
4818,Jennifer,Carey,stephanie82@example.net,9138680506,4818
4819,Alex,Guzman,harteugene@example.com,2197119955,4819
4820,Wendy,Williams,johnsonveronica@example.net,7036816803,4820
4821,Brandon,Rhodes,wfranklin@example.com,1223366975,4821
4822,Courtney,Butler,tinasawyer@example.com,4825878016,4822
4823,Alex,Rodriguez,jenniferyoung@example.com,2577438786,4823
4824,Andrew,Martin,hsosa@example.net,2036619537,4824
4825,Nancy,House,Nancy.House@exemple.com,8936941067,4825
4826,Dana,Schneider,amanda46@example.org,3375103144,4826
4827,Derek,Greene,gwhite@example.com,8435160625,4827
4828,Bobby,Fitzpatrick,mhutchinson@example.com,1728469361,4828
4829,Frank,White,jacqueline14@example.org,,4829
4830,Jessica,Smith,marthajohnson@example.com,0015363477,4830
4831,Kayla,Arnold,Kayla.Arnold@exemple.com,3033435775,4831
4832,Anthony,Stein,Anthony.Stein@exemple.com,4394029230,4832
4833,Matthew,Taylor,geraldjohnson@example.com,7003905454,4833
4834,Tyler,Schmidt,marmstrong@example.net,0014483791,4834
4835,Natalie,Atkinson,carlthompson@example.org,4243172581,4835
4836,Gabriela,Rivers,yestes@example.com,,4836
4837,Mark,Finley,deniselopez@example.net,7165350944,4837
4838,Jamie,Phillips,erinmoran@example.net,,4838
4839,Barbara,Cooper,haysbrittany@example.net,8514764433,4839
4840,Leonard,Moss,dixonian@example.org,0019223783,4840
4841,Mary,Lewis,paul64@example.com,8089770405,4841
4842,Dustin,Brown,lmoore@example.com,8587115493,4842
4843,Susan,Nelson,carlsonallison@example.com,9557544554,4843
4844,Jerry,Jordan,emily31@example.com,9965307525,4844
4845,Vanessa,Nelson,aaron42@example.net,4133038395,4845
4858,Amanda,Davis,zrivera@example.net,4078996529,4858
4859,Michael,,chadarnold@example.org,3092952412,4859
4860,Carmen,Salas,elizabeth79@example.net,4644218010,4860
4861,Amanda,Mclaughlin,schmidtcaroline@example.net,9575913567,4861
4862,Shannon,Miller,tiffanyharrison@example.com,6736551969,4862
4863,Jeremy,May,robersonrobert@example.net,3744276709,4863
4864,Alejandro,Petty,changmark@example.net,,4864
4865,Daniel,,Daniel.null@exemple.com,1752646135,4865
4867,Rebecca,Roberts,christian24@example.com,4906493100,4867
4868,Melissa,Jensen,melody82@example.net,7396811906,4868
4869,Rachel,Dorsey,charlesrios@example.com,6763790871,4869
4870,Angela,Mcintyre,jonathan44@example.com,7925250447,4870
4871,Gregory,Thompson,oyu@example.com,5283571414,4871
4872,John,Moon,parrishshane@example.com,2926942631,4872
4873,Michael,Conner,marygonzalez@example.com,8002630660,4873
4874,David,Powell,mark04@example.org,0012508214,4874
4875,Thomas,Carter,julie02@example.net,9904115496,4875
4905,Jose,Smith,kjohnson@example.org,9796134712,4905
4931,Lisa,Garcia,rrichards@example.org,4045563614,4931
4932,Victoria,Lee,xfrancis@example.net,1879788878,4932
4933,Caitlin,Davis,justinsmith@example.net,8097171287,4933
4934,Kevin,Hoffman,jhall@example.com,4947390504,4934
106,Mary,Smith,bmercado@example.org,0019006817,106
107,Caleb,Walker,emily77@example.com,2328827505,107
108,Patty,Alexander,aaron32@example.com,6589311449,108
109,Jesse,,fordjanice@example.org,2165994436,109
110,Paul,Peterson,bridgetburch@example.org,1869446644,110
111,Samantha,Jensen,mark73@example.org,2442507879,111
112,Amanda,Ellis,ibenitez@example.org,5232501772,112
113,Jennifer,Chan,tammy14@example.org,3516328048,113
114,Dawn,Hubbard,kcruz@example.net,4612200067,114
115,Melanie,,toddpacheco@example.org,1280873231,115
116,Carol,Wise,phillipsalexandra@example.net,8209417406,116
117,Adam,Greer,brittany02@example.org,0017025396,117
118,James,Randall,ujohnson@example.net,5917958795,118
119,Alicia,Lamb,benitezedwin@example.net,8545408156,119
120,Ethan,Duke,lewismadeline@example.org,0018605454,120
121,Michael,Warren,michaelreynolds@example.com,3549875893,121
122,Matthew,Rodriguez,stephen84@example.net,5803619703,122
4935,Mary,Dodson,ricky12@example.com,0016804478,4935
4936,Ryan,Reed,loristewart@example.org,,4936
4937,Veronica,Welch,deniserichardson@example.net,3347377887,4937
4938,Mark,,xhoward@example.org,6815053695,4938
4939,Sarah,White,jamesbrown@example.org,8203277410,4939
4940,Darryl,Russell,josephbean@example.com,7004833396,4940
4941,Scott,Camacho,jamessullivan@example.net,5004272803,4941
4942,Tyler,Stevens,kelleyjeremy@example.com,7155533313,4942
4943,Sheryl,Johnson,kayla05@example.org,,4943
4944,Alyssa,Lewis,bartonemily@example.net,5264812765,4944
4945,Elaine,Young,mcgeericky@example.net,,4945
4946,Samantha,Crosby,Samantha.Crosby@exemple.com,6995799302,4946
4947,Brandon,Lambert,jvaughn@example.net,8733508105,4947
4948,Andrew,Dorsey,wademorgan@example.org,3788290344,4948
4949,Corey,Boyd,edward88@example.net,9369384273,4949
4950,James,Hughes,floresjustin@example.com,5442841356,4950
4951,Kevin,Friedman,nweaver@example.org,6683936289,4951
4952,Brianna,Mcmahon,Brianna.Mcmahon@exemple.com,6418949112,4952
4953,Erika,Mills,kenneth21@example.com,0013048983,4953
4954,Elizabeth,Thomas,pevans@example.com,6762497868,4954
4955,Teresa,Mcintosh,andreaday@example.net,7905993600,4955
4956,Whitney,Lane,dylanrice@example.net,7816790915,4956
4957,Tammy,Williams,khuff@example.net,2106109480,4957
4958,Nicholas,Delgado,yhardy@example.org,4954247427,4958
4959,Charles,,pprice@example.org,9096379620,4959
4960,Margaret,Smith,peggyfranco@example.org,,4960
4961,David,,mariaanderson@example.com,7948402401,4961
4962,Dana,Burns,parkerclinton@example.net,1703403339,4962
4963,Jessica,Ware,christinasullivan@example.com,0012934227,4963
4964,Larry,,katieroberts@example.org,9409465733,4964
4965,Donna,Henry,michaellewis@example.org,6095087866,4965
4966,Jennifer,Floyd,davidsonphilip@example.org,7514701753,4966
4967,Ronald,Roth,fwilliams@example.com,0012724106,4967
4968,Kyle,Cross,brandonsteele@example.net,8314119394,4968
4969,Stephen,Ramirez,lesliebryant@example.net,0014165137,4969
4970,Richard,Walker,derek49@example.org,3483180082,4970
4971,Jessica,White,peter42@example.org,8067454529,4971
4972,Jason,Rodriguez,gjohnson@example.org,0014339683,4972
4973,Brandi,Schaefer,rday@example.com,1232287775,4973
4974,Brandy,Powell,williamsrobert@example.net,2352883948,4974
4975,Dennis,Tucker,patty33@example.org,3984017114,4975
4976,Brenda,Norman,xmcguire@example.com,7814893593,4976
4977,Timothy,Klein,rachelclark@example.org,6029422656,4977
4978,Nathan,Brooks,awhite@example.net,,4978
4979,James,Stafford,floresdeborah@example.net,2252755708,4979
4980,Brandon,Wells,Brandon.Wells@exemple.com,1444797353,4980
4981,Jennifer,Mclean,myersjenny@example.com,1249578923,4981
96,Christy,Riley,knightsusan@example.net,6632946760,96
97,Stephanie,Weaver,cuevasalexander@example.com,,97
98,Ethan,Smith,jerry55@example.net,1307432598,98
99,Jose,Thomas,jenniferlang@example.org,9294910916,99
100,Joseph,,Joseph.null@exemple.com,8508102376,100
54,Michael,Hammond,Michael.Hammond@exemple.com,0015599360,54
55,Matthew,Cox,bryantjennifer@example.com,5295369486,55
56,Courtney,,jefferyhumphrey@example.org,5962542137,56
57,Mary,Vance,elizabeth42@example.com,7016714297,57
58,John,Gates,madeline78@example.net,6512633705,58
59,Michael,Stewart,shaneking@example.com,2407961818,59
60,Katrina,Hoffman,lowealicia@example.net,1956382976,60
61,Elizabeth,Herman,abrandt@example.org,5334609289,61
62,Bobby,Simmons,alisonhobbs@example.org,1620932489,62
63,Sharon,Adams,pgray@example.org,8409821841,63
64,Sharon,Martinez,jessicajohnson@example.com,0017613013,64
65,Joseph,Norris,joshuaaguilar@example.org,6805109040,65
66,David,Thompson,qcarson@example.net,,66
67,Amy,Blackburn,willismelissa@example.com,9022336806,67
68,James,Rivera,jason61@example.net,1319507834,68
69,Jessica,Robinson,fchen@example.net,0017869087,69
70,Steven,,waltersgrace@example.com,4826365498,70
71,Jeffrey,Thomas,morenokristine@example.com,5792501065,71
72,Michael,Pacheco,wendy02@example.net,6508504781,72
73,Aaron,Ruiz,sarah20@example.org,9784636737,73
74,Christine,Miller,alexandra97@example.net,1564626572,74
75,Emma,George,juanball@example.net,,75
76,Anthony,Mills,calebgarcia@example.net,2922398110,76
77,Amy,Roberts,amanda78@example.com,9656863010,77
78,James,Burton,katherinewood@example.com,3193354359,78
79,Sandy,Johnson,justinjohnson@example.org,0017814906,79
80,Kiara,Nichols,audreygriffin@example.net,0017036120,80
81,Julie,Tucker,lopezhannah@example.org,5752031081,81
82,Dale,Hoover,dolson@example.org,4802792810,82
83,Anthony,Hays,garzasusan@example.net,5779090192,83
303,Peter,White,rachaeldavis@example.net,,303
2,Lori,Wu,heatherlopez@example.com,3705598737,2
3,Holly,Haas,xsanders@example.net,7589552220,3
4,Joshua,,tmoran@example.org,0017197292,4
5,Dennis,,faulknernicole@example.org,7824790070,5
6,Jason,Green,uharris@example.org,0012154439,6
7,Karen,Patel,Karen.Patel@exemple.com,4442539218,7
8,Cheyenne,Franklin,thomas22@example.com,7814938145,8
9,Ricardo,Moody,david20@example.net,7033052585,9
10,Jennifer,Kelly,samanthacollins@example.org,0012569710,10
11,Steven,Bryan,maciasmary@example.org,6934375140,11
12,Anita,Brooks,mcgrathjohn@example.com,0017886082,12
13,Shannon,Murphy,ashley22@example.org,3549264822,13
14,Kevin,King,nbaker@example.net,,14
15,Lisa,Coleman,fharris@example.org,,15
16,Daniel,Alexander,pcook@example.net,5053081641,16
17,Susan,Hays,ryannelson@example.com,8725554180,17
18,Michelle,Lopez,ryan24@example.com,1416472684,18
19,Douglas,Shaw,lewisjames@example.net,9989617190,19
20,Daniel,Carroll,josemckay@example.com,8952484483,20
21,Todd,Lloyd,jasonbradley@example.org,2973807166,21
22,Travis,Barnett,davenporthaley@example.com,5768526808,22
23,Sarah,Brown,Sarah.Brown@exemple.com,5969835712,23
24,Alyssa,Avila,leesteve@example.net,2556457935,24
25,Morgan,Stevens,lanewilliam@example.org,8003086770,25
26,Michael,Davidson,jonathan61@example.com,1950669645,26
27,Danielle,Bennett,kimberlymoore@example.com,3968538534,27
28,Patricia,Murray,margaret73@example.com,3293957560,28
29,Matthew,Howell,thomasmarsh@example.net,0013718845,29
30,Andrea,Haley,mdean@example.com,,30
31,Christine,Taylor,ginahenderson@example.com,9499574103,31
32,Angela,Hurley,Angela.Hurley@exemple.com,1968293071,32
33,Mark,Smith,jesus64@example.com,3824863092,33
34,Justin,Martinez,Justin.Martinez@exemple.com,0015518677,34
0,Joseph,Aguilar,taylormorgan@example.org,+1-856-868-9446x98525,5000
35,Debra,Brooks,danielmedina@example.org,2564135634,35
36,Joel,Cole,timothy36@example.org,7743250517,36
37,Makayla,Blankenship,christytrevino@example.org,1365605389,37
84,William,Diaz,tiffanyharris@example.com,2445858433,84
424,James,Vaughn,lmartin@example.org,1996968020,424
637,Luis,,crystal18@example.net,6892557737,638
727,Adam,Schmidt,walkerhenry@example.org,,727
809,Debra,,brittanyvasquez@example.org,,809
1290,William,,alisha91@example.org,,1291
990,Rachel,,osantos@example.org,4432944129,990
1144,Felicia,Carr,Felicia.Carr@exemple.com,6157252342,1145
1481,Lindsey,Maynard,uwatson@example.org,3287270772,1482
1339,Kelsey,Woods,sharon29@example.net,8464473521,1340
1429,Joshua,,alex27@example.net,1394546828,1430
2022,Katie,,gary06@example.org,0017367026,2022
1778,Wendy,Cooper,ymills@example.org,0018629705,1779
2305,William,,ccooper@example.net,,2306
2325,Gilbert,Anderson,arodgers@example.net,,2326
2395,Michelle,Mejia,osanchez@example.com,8406938337,2395
2131,Jessica,Waters,ortegalance@example.com,0019856228,2132
2234,Barbara,Sanchez,lmeyer@example.org,,2235
2583,Danny,Knight,tmata@example.org,,2584
2620,Deanna,,carneynicole@example.com,,2621
2976,Gary,Petty,john91@example.org,,2977
2753,Thomas,Wiley,skinnertina@example.com,1832708781,2754
3107,Amanda,Howell,morganfuentes@example.org,4254701147,3108
3547,Richard,Bell,timothybell@example.net,,3547
3195,Anna,Smith,Anna.Smith@exemple.com,,3196
3628,Paige,Stewart,ngrant@example.net,,3628
3373,Ashley,,johnsondanielle@example.com,3354641201,3374
3806,Jessica,,ywade@example.net,7302494823,3806
3822,Justin,Wright,ashley79@example.com,1230409973,3822
3990,Jeremy,Hobbs,allenjohn@example.com,9559570657,3990
3815,Alicia,Lang,joanhouston@example.net,,3815
4370,Rachel,,april85@example.net,,4370
4461,Bruce,Arias,cynthia32@example.net,9799439582,4461
4578,Vincent,Cole,eugenedrake@example.com,,4578
4661,Sydney,,daniellenunez@example.net,8176638000,4661
4257,Jennifer,Harvey,danielwall@example.org,8365088474,4257
4846,Jason,Vargas,xhoward@example.net,0014899138,4846
4847,Justin,Davidson,jaredthompson@example.net,9252957968,4847
4848,David,Johnson,jacob16@example.com,4164895799,4848
4849,Barbara,Montgomery,ashleymartin@example.com,6728058793,4849
4850,Brenda,Davis,brandi19@example.com,,4850
4851,Monica,Castillo,michaeljames@example.com,7155722184,4851
4852,Dennis,Warren,sean52@example.net,6849691348,4852
4853,Kelli,Sanford,juan19@example.net,,4853
4854,Carl,Thompson,sedwards@example.com,9104686824,4854
4855,Felicia,Salazar,Felicia.Salazar@exemple.com,5965660340,4855
4856,Jeremiah,Rodgers,Jeremiah.Rodgers@exemple.com,0018109993,4856
4857,Raymond,Nguyen,sanchezwilliam@example.com,9956308837,4857
4866,Lydia,,popejeffrey@example.com,,4866
4982,Kara,Kelly,solomonelizabeth@example.org,8956356092,4982
4983,Mary,Dennis,brandon67@example.com,9365027996,4983
4984,Gregory,Raymond,kellyevans@example.com,8869519544,4984
4985,Justin,Castro,alexander19@example.net,8335296127,4985
4986,Juan,Robinson,kiaracarey@example.com,0013349816,4986
4987,Michael,Smith,cooklauren@example.net,0017615862,4987
4988,Olivia,Allen,shannonwilliams@example.com,0015599110,4988
4989,Samantha,Garcia,davismegan@example.net,9079287116,4989
4990,Tyler,Graves,dustin66@example.com,1393358090,4990
4991,Barry,Knight,chelseafranklin@example.org,7185881787,4991
4992,Kellie,Schmitt,masonbrown@example.com,9378809230,4992
4993,Philip,Parker,ljones@example.net,1898331871,4993
4994,Julie,Yu,laura40@example.net,0013709677,4994
4995,Michael,Boyd,johnsonchad@example.net,7224784695,4995
4996,Jacqueline,Ruiz,stoneelizabeth@example.org,1667700051,4996
4997,Katherine,,newtonbrittany@example.net,,4997
4998,Shawn,Watson,paul35@example.org,2668378014,4998
4999,Michael,Roach,josephmelissa@example.org,6303809703,4999
4701,Sarah,Liu,awilliams@example.net,2424941253,4701
4876,William,Taylor,kelli48@example.net,1724932435,4876
4877,Jackson,Wu,olsontracy@example.org,2163927437,4877
4878,Jamie,Rojas,Jamie.Rojas@exemple.com,1384893862,4878
4879,Kelly,,garrett73@example.com,,4879
4880,Andrea,Gonzales,Andrea.Gonzales@exemple.com,7827692441,4880
4881,Jessica,Ford,maureencalhoun@example.org,3512789992,4881
4882,Michael,Escobar,mccoyteresa@example.net,0015072238,4882
4883,Walter,Hunt,qchavez@example.net,1562644512,4883
4884,Erica,Brooks,toddmann@example.org,4236545890,4884
4885,James,Davies,mrichards@example.com,8495528460,4885
4886,Sean,Clayton,kevinhogan@example.com,3639153027,4886
4887,Chelsea,,hudsonsandy@example.org,0016106901,4887
4888,Mark,,ifreeman@example.org,0018913247,4888
4889,Daniel,Chen,mrichardson@example.com,1214382808,4889
4890,Connor,Landry,Connor.Landry@exemple.com,0014104774,4890
4891,Cindy,Smith,dpotter@example.org,0012644645,4891
4892,David,Smith,David.Smith@exemple.com,6532270140,4892
4893,Victoria,,angie37@example.net,5582895180,4893
4894,Daniel,Brown,dsnyder@example.org,9222977592,4894
4895,Donna,Harris,Donna.Harris@exemple.com,2034562141,4895
4896,Timothy,Bell,amy66@example.org,0017087079,4896
4897,Robert,Villegas,michaelsimpson@example.com,0016155318,4897
4898,Annette,Carter,janetkeith@example.org,1374399988,4898
4899,Cynthia,Henry,Cynthia.Henry@exemple.com,1302415115,4899
4900,Raymond,Carter,Raymond.Carter@exemple.com,3164684989,4900
4901,Christine,Wolfe,leah31@example.com,1675607360,4901
4902,Terry,Hines,randolphchris@example.net,1358776805,4902
4903,Traci,Oliver,ufigueroa@example.net,0018597757,4903
4904,Anna,Mathis,wilsonmiranda@example.net,1519748639,4904
4906,Adam,Stevenson,tdean@example.org,9219910177,4906
4907,Melissa,Watkins,cantrelljohn@example.org,2132809672,4907
4908,Dennis,Diaz,christopherschwartz@example.org,9933641204,4908
4909,Monica,Smith,kayla18@example.com,3065581245,4909
4910,Melissa,,gonzalesangela@example.net,9653446890,4910
4911,Cynthia,Lin,bruce48@example.org,0014753220,4911
4912,Jessica,Phillips,lopezcaroline@example.com,9766276410,4912
4913,Jeremy,,toddsanchez@example.com,0019218682,4913
4914,Erika,Hart,ortegadanielle@example.net,0012372724,4914
4915,Michael,Alvarez,annayang@example.net,1673927368,4915
4916,Christopher,Parker,jane39@example.org,0016044137,4916
4917,Joshua,Pruitt,syoung@example.com,9252719773,4917
4918,Daniel,Decker,sarahharris@example.net,9665147809,4918
4919,Preston,Parker,allenray@example.org,3602765647,4919
4920,Vernon,,markjoseph@example.com,,4920
4921,Christopher,Harvey,Christopher.Harvey@exemple.com,2072604511,4921
4922,Alyssa,Mckinney,caitlyn71@example.net,0019345389,4922
4923,Amber,Baker,jeanette49@example.com,5183159197,4923
4924,Thomas,Morrow,fernandezkaren@example.com,3678277109,4924
4925,Kevin,Blackwell,frank52@example.org,2207149236,4925
4926,John,Brown,matthew60@example.com,1764983055,4926
4927,Erica,Hill,monica62@example.net,1246798268,4927
4928,Derrick,Ibarra,susanjones@example.net,2102910407,4928
4929,Natasha,Jones,johncaldwell@example.net,4696646941,4929
4930,William,Page,karenrios@example.net,1942205462,4930
